ISO-10303-21;
HEADER;
FILE_DESCRIPTION(('Open CASCADE Model'),'2;1');
FILE_NAME('Open CASCADE Shape Model','2026-08-02T16:45:44',('Author'),(
    'Open CASCADE'),'Open CASCADE STEP processor 7.9','build123d',
  'Unknown');
FILE_SCHEMA(('AUTOMOTIVE_DESIGN { 1 0 10303 214 1 1 1 1 }'));
ENDSEC;
DATA;
#1 = APPLICATION_PROTOCOL_DEFINITION('international standard',
  'automotive_design',2000,#2);
#2 = APPLICATION_CONTEXT(
  'core data for automotive mechanical design processes');
#3 = SHAPE_DEFINITION_REPRESENTATION(#4,#10);
#4 = PRODUCT_DEFINITION_SHAPE('','',#5);
#5 = PRODUCT_DEFINITION('design','',#6,#9);
#6 = PRODUCT_DEFINITION_FORMATION('','',#7);
#7 = PRODUCT('COMPOUND','COMPOUND','',(#8));
#8 = PRODUCT_CONTEXT('',#2,'mechanical');
#9 = PRODUCT_DEFINITION_CONTEXT('part definition',#2,'design');
#10 = ADVANCED_BREP_SHAPE_REPRESENTATION('',(#11,#15),#14045);
#11 = AXIS2_PLACEMENT_3D('',#12,#13,#14);
#12 = CARTESIAN_POINT('',(0.,0.,0.));
#13 = DIRECTION('',(0.,0.,1.));
#14 = DIRECTION('',(1.,0.,-0.));
#15 = MANIFOLD_SOLID_BREP('',#16);
#16 = CLOSED_SHELL('',(#17,#194,#248,#334,#369,#424,#479,#533,#568,#5709
    ,#5764,#5840,#5889,#5938,#5987,#6036,#6085,#6134,#6161,#6237,#6286,
    #6335,#6384,#6433,#6482,#6531,#6580,#6629,#6678,#6705,#6781,#6830,
    #6879,#6928,#6977,#7026,#7075,#7124,#7173,#7222,#7249,#7325,#7374,
    #7423,#7472,#7521,#7570,#7619,#7668,#7717,#7766,#7815,#7864,#7913,
    #7962,#8011,#8060,#8109,#8158,#8207,#8256,#8305,#8354,#8403,#8452,
    #8501,#8550,#8599,#8648,#8697,#8746,#8795,#8844,#8893,#8942,#8969,
    #9045,#9094,#9143,#9192,#9241,#9290,#9339,#9388,#9437,#9486,#9513,
    #9589,#9638,#9687,#9714,#9790,#9839,#9888,#9937,#9986,#10013,#10089,
    #10138,#10187,#10236,#10285,#10334,#10383,#10432,#10481,#10530,
    #10579,#10628,#10677,#10726,#10775,#10824,#10873,#10922,#10971,
    #11020,#11069,#11096,#11172,#11221,#11270,#11319,#11368,#11417,
    #11466,#11493,#11528,#11539,#11825,#11839,#11877,#12127,#12134,
    #12174,#12199,#12356,#12411,#12544,#12638,#12720,#12811,#12881,
    #12951,#13021,#13115,#13187,#13261,#13308,#13384,#13460,#13530,
    #13600,#13664,#13689,#13739,#13813,#13860,#13907,#13971,#14007,
    #14014,#14026,#14037));
#17 = ADVANCED_FACE('',(#18),#32,.T.);
#18 = FACE_BOUND('',#19,.T.);
#19 = EDGE_LOOP('',(#20,#50,#166,#167));
#20 = ORIENTED_EDGE('',*,*,#21,.T.);
#21 = EDGE_CURVE('',#22,#24,#26,.T.);
#22 = VERTEX_POINT('',#23);
#23 = CARTESIAN_POINT('',(22.734376656245,-1.392079080134E-15,
    1.175002649992));
#24 = VERTEX_POINT('',#25);
#25 = CARTESIAN_POINT('',(30.619995760013,0.,13.79199321602));
#26 = SEAM_CURVE('',#27,(#31,#43),.PCURVE_S1.);
#27 = LINE('',#28,#29);
#28 = CARTESIAN_POINT('',(22.,-5.388445916248E-15,0.));
#29 = VECTOR('',#30,1.);
#30 = DIRECTION('',(0.529998940003,-1.298123010853E-16,0.847998304005));
#31 = PCURVE('',#32,#37);
#32 = CONICAL_SURFACE('',#33,22.,0.558599315344);
#33 = AXIS2_PLACEMENT_3D('',#34,#35,#36);
#34 = CARTESIAN_POINT('',(0.,0.,0.));
#35 = DIRECTION('',(0.,0.,1.));
#36 = DIRECTION('',(1.,0.,-0.));
#37 = DEFINITIONAL_REPRESENTATION('',(#38),#42);
#38 = LINE('',#39,#40);
#39 = CARTESIAN_POINT('',(6.28318530718,-0.));
#40 = VECTOR('',#41,1.);
#41 = DIRECTION('',(0.,1.));
#42 = ( GEOMETRIC_REPRESENTATION_CONTEXT(2) 
PARAMETRIC_REPRESENTATION_CONTEXT() REPRESENTATION_CONTEXT('2D SPACE',''
  ) );
#43 = PCURVE('',#32,#44);
#44 = DEFINITIONAL_REPRESENTATION('',(#45),#49);
#45 = LINE('',#46,#47);
#46 = CARTESIAN_POINT('',(0.,-0.));
#47 = VECTOR('',#48,1.);
#48 = DIRECTION('',(0.,1.));
#49 = ( GEOMETRIC_REPRESENTATION_CONTEXT(2) 
PARAMETRIC_REPRESENTATION_CONTEXT() REPRESENTATION_CONTEXT('2D SPACE',''
  ) );
#50 = ORIENTED_EDGE('',*,*,#51,.F.);
#51 = EDGE_CURVE('',#24,#24,#52,.T.);
#52 = SURFACE_CURVE('',#53,(#74,#98),.PCURVE_S1.);
#53 = ( BOUNDED_CURVE() B_SPLINE_CURVE(10,(#54,#55,#56,#57,#58,#59,#60,
    #61,#62,#63,#64,#65,#66,#67,#68,#69,#70,#71,#72,#73),.UNSPECIFIED.,
.T.,.F.) B_SPLINE_CURVE_WITH_KNOTS((11,9,11),(4.964347978162E-15,
97.389372261284,194.77874452256),.UNSPECIFIED.) CURVE() 
GEOMETRIC_REPRESENTATION_ITEM() RATIONAL_B_SPLINE_CURVE((1.,1.,1.,
    1.000000000001,0.999999999999,1.000000000001,0.999999999999,
    1.000000000001,1.,1.,1.,1.,1.,1.,1.,1.,1.,1.,1.,1.)) 
REPRESENTATION_ITEM('') );
#54 = CARTESIAN_POINT('',(30.619995760013,0.,13.79199321602));
#55 = CARTESIAN_POINT('',(30.61999576001,9.480401736947,13.79199321602)
  );
#56 = CARTESIAN_POINT('',(27.358115590295,19.104546155482,13.79199321602
    ));
#57 = CARTESIAN_POINT('',(20.671667222999,27.522320611721,13.79199321602
    ));
#58 = CARTESIAN_POINT('',(11.085641701151,33.256861752955,13.79199321602
    ));
#59 = CARTESIAN_POINT('',(-7.922577372908E-03,35.210734365088,
    13.79199321602));
#60 = CARTESIAN_POINT('',(-11.0599760726,33.209918694685,13.79199321602)
  );
#61 = CARTESIAN_POINT('',(-20.54811999596,27.538198673416,13.79199321602
    ));
#62 = CARTESIAN_POINT('',(-27.26183408381,19.239400204412,13.79199321602
    ));
#63 = CARTESIAN_POINT('',(-30.61999576001,9.619555373262,13.79199321602)
  );
#64 = CARTESIAN_POINT('',(-30.61999576001,-9.619555373262,13.79199321602
    ));
#65 = CARTESIAN_POINT('',(-27.2618340838,-19.23940020441,13.79199321602)
  );
#66 = CARTESIAN_POINT('',(-20.54811999597,-27.53819867342,13.79199321602
    ));
#67 = CARTESIAN_POINT('',(-11.05997607259,-33.20991869466,13.79199321602
    ));
#68 = CARTESIAN_POINT('',(-7.922577382554E-03,-35.21073436511,
    13.791993216021));
#69 = CARTESIAN_POINT('',(11.085641701148,-33.25686175293,13.79199321602
    ));
#70 = CARTESIAN_POINT('',(20.671667223008,-27.52232061172,13.79199321602
    ));
#71 = CARTESIAN_POINT('',(27.358115590289,-19.10454615548,13.79199321602
    ));
#72 = CARTESIAN_POINT('',(30.619995760012,-9.480401736946,13.79199321602
    ));
#73 = CARTESIAN_POINT('',(30.619995760013,-7.499735959481E-15,
    13.79199321602));
#74 = PCURVE('',#32,#75);
#75 = DEFINITIONAL_REPRESENTATION('',(#76),#97);
#76 = B_SPLINE_CURVE_WITH_KNOTS('',10,(#77,#78,#79,#80,#81,#82,#83,#84,
    #85,#86,#87,#88,#89,#90,#91,#92,#93,#94,#95,#96),.UNSPECIFIED.,.F.,
  .F.,(11,9,11),(4.964347978162E-15,97.389372261284,194.77874452256),
  .UNSPECIFIED.);
#77 = CARTESIAN_POINT('',(2.22044604925E-16,13.79199321602));
#78 = CARTESIAN_POINT('',(0.309614730559,13.791993216021));
#79 = CARTESIAN_POINT('',(0.623927920447,13.791993216016));
#80 = CARTESIAN_POINT('',(0.940039634481,13.791993216029));
#81 = CARTESIAN_POINT('',(1.255847197979,13.791993216007));
#82 = CARTESIAN_POINT('',(1.5706544044,13.791993216035));
#83 = CARTESIAN_POINT('',(1.884959666759,13.791993216008));
#84 = CARTESIAN_POINT('',(2.199113516779,13.791993216027));
#85 = CARTESIAN_POINT('',(2.513274349252,13.791993216018));
#86 = CARTESIAN_POINT('',(2.827433388231,13.791993216021));
#87 = CARTESIAN_POINT('',(3.455751918949,13.79199321602));
#88 = CARTESIAN_POINT('',(3.769910957927,13.791993216019));
#89 = CARTESIAN_POINT('',(4.084071790403,13.791993216024));
#90 = CARTESIAN_POINT('',(4.398225640416,13.791993216014));
#91 = CARTESIAN_POINT('',(4.712530902784,13.791993216028));
#92 = CARTESIAN_POINT('',(5.027338109196,13.791993216014));
#93 = CARTESIAN_POINT('',(5.343145672701,13.791993216024));
#94 = CARTESIAN_POINT('',(5.659257386731,13.791993216019));
#95 = CARTESIAN_POINT('',(5.973570576621,13.791993216021));
#96 = CARTESIAN_POINT('',(6.28318530718,13.79199321602));
#97 = ( GEOMETRIC_REPRESENTATION_CONTEXT(2) 
PARAMETRIC_REPRESENTATION_CONTEXT() REPRESENTATION_CONTEXT('2D SPACE',''
  ) );
#98 = PCURVE('',#99,#160);
#99 = ( BOUNDED_SURFACE() B_SPLINE_SURFACE(2,10,(
    (#100,#101,#102,#103,#104,#105,#106,#107,#108,#109,#110,#111,#112
      ,#113,#114,#115,#116,#117,#118,#119)
    ,(#120,#121,#122,#123,#124,#125,#126,#127,#128,#129,#130,#131,#132
      ,#133,#134,#135,#136,#137,#138,#139)
    ,(#140,#141,#142,#143,#144,#145,#146,#147,#148,#149,#150,#151,#152
      ,#153,#154,#155,#156,#157,#158,#159
)),.UNSPECIFIED.,.F.,.T.,.F.) B_SPLINE_SURFACE_WITH_KNOTS((3,3),(11,9,11
    ),(0.,194.77874452256),(4.964347978162E-15,97.389372261284,
194.77874452256),.UNSPECIFIED.) GEOMETRIC_REPRESENTATION_ITEM() 
RATIONAL_B_SPLINE_SURFACE((
    (1.,1.,1.,1.000000000001,0.999999999999,1.000000000001
      ,0.999999999999,1.000000000001,1.,1.,1.,1.,1.,1.,1.,1.,1.,1.,1.,1.
      )
    ,(0.961248746164,0.961248746164,0.961248746164,0.961248746165
      ,0.961248746163,0.961248746166,0.961248746163,0.961248746165
      ,0.961248746164,0.961248746164,0.961248746164,0.961248746164
      ,0.961248746165,0.961248746164,0.961248746165,0.961248746164
      ,0.961248746165,0.961248746164,0.961248746164,0.961248746164)
    ,(1.,1.,1.,1.000000000001,0.999999999999,1.000000000001
      ,0.999999999999,1.000000000001,1.,1.,1.,1.,1.,1.,1.,1.,1.,1.,1.,1.
))) REPRESENTATION_ITEM('') SURFACE() );
#100 = CARTESIAN_POINT('',(30.619995760013,0.,13.79199321602));
#101 = CARTESIAN_POINT('',(30.61999576001,9.480401736947,13.79199321602)
  );
#102 = CARTESIAN_POINT('',(27.358115590295,19.104546155482,
    13.79199321602));
#103 = CARTESIAN_POINT('',(20.671667222999,27.522320611721,
    13.79199321602));
#104 = CARTESIAN_POINT('',(11.085641701151,33.256861752955,
    13.79199321602));
#105 = CARTESIAN_POINT('',(-7.922577372908E-03,35.210734365088,
    13.79199321602));
#106 = CARTESIAN_POINT('',(-11.0599760726,33.209918694685,13.79199321602
    ));
#107 = CARTESIAN_POINT('',(-20.54811999596,27.538198673416,
    13.79199321602));
#108 = CARTESIAN_POINT('',(-27.26183408381,19.239400204412,
    13.79199321602));
#109 = CARTESIAN_POINT('',(-30.61999576001,9.619555373262,13.79199321602
    ));
#110 = CARTESIAN_POINT('',(-30.61999576001,-9.619555373262,
    13.79199321602));
#111 = CARTESIAN_POINT('',(-27.2618340838,-19.23940020441,13.79199321602
    ));
#112 = CARTESIAN_POINT('',(-20.54811999597,-27.53819867342,
    13.79199321602));
#113 = CARTESIAN_POINT('',(-11.05997607259,-33.20991869466,
    13.79199321602));
#114 = CARTESIAN_POINT('',(-7.922577382554E-03,-35.21073436511,
    13.791993216021));
#115 = CARTESIAN_POINT('',(11.085641701148,-33.25686175293,
    13.79199321602));
#116 = CARTESIAN_POINT('',(20.671667223008,-27.52232061172,
    13.79199321602));
#117 = CARTESIAN_POINT('',(27.358115590289,-19.10454615548,
    13.79199321602));
#118 = CARTESIAN_POINT('',(30.619995760012,-9.480401736946,
    13.79199321602));
#119 = CARTESIAN_POINT('',(30.619995760013,-7.499735959481E-15,
    13.79199321602));
#120 = CARTESIAN_POINT('',(31.,-4.586608870483E-15,14.4));
#121 = CARTESIAN_POINT('',(30.999999999998,9.598056647322,14.4));
#122 = CARTESIAN_POINT('',(27.697638822232,19.341639870288,14.4));
#123 = CARTESIAN_POINT('',(20.928209426792,27.863881682101,14.4));
#124 = CARTESIAN_POINT('',(11.223218168581,33.669590369044,14.4));
#125 = CARTESIAN_POINT('',(-8.02089916858E-03,35.647711184314,14.4));
#126 = CARTESIAN_POINT('',(-11.19723402112,33.622064731949,14.4));
#127 = CARTESIAN_POINT('',(-20.80312893794,27.879956795775,14.4));
#128 = CARTESIAN_POINT('',(-27.60016243052,19.478167502415,14.4));
#129 = CARTESIAN_POINT('',(-30.99999999999,9.73893722613,14.4));
#130 = CARTESIAN_POINT('',(-31.,-9.73893722613,14.4));
#131 = CARTESIAN_POINT('',(-27.60016243051,-19.47816750241,14.4));
#132 = CARTESIAN_POINT('',(-20.80312893795,-27.87995679577,14.4));
#133 = CARTESIAN_POINT('',(-11.19723402111,-33.62206473194,14.4));
#134 = CARTESIAN_POINT('',(-8.020899177066E-03,-35.64771118432,14.4));
#135 = CARTESIAN_POINT('',(11.223218168579,-33.66959036903,14.4));
#136 = CARTESIAN_POINT('',(20.928209426799,-27.8638816821,14.4));
#137 = CARTESIAN_POINT('',(27.697638822227,-19.34163987028,14.4));
#138 = CARTESIAN_POINT('',(30.999999999999,-9.59805664732,14.4));
#139 = CARTESIAN_POINT('',(31.,6.933342788784E-14,14.4));
#140 = CARTESIAN_POINT('',(31.,0.,15.116990566028));
#141 = CARTESIAN_POINT('',(30.999999999997,9.598056647322,
    15.116990566028));
#142 = CARTESIAN_POINT('',(27.697638822233,19.341639870288,
    15.116990566028));
#143 = CARTESIAN_POINT('',(20.92820942679,27.8638816821,15.116990566028)
  );
#144 = CARTESIAN_POINT('',(11.223218168581,33.669590369045,
    15.116990566029));
#145 = CARTESIAN_POINT('',(-8.020899168156E-03,35.647711184313,
    15.116990566028));
#146 = CARTESIAN_POINT('',(-11.19723402112,33.622064731949,
    15.116990566028));
#147 = CARTESIAN_POINT('',(-20.80312893794,27.879956795775,
    15.116990566028));
#148 = CARTESIAN_POINT('',(-27.60016243052,19.478167502415,
    15.116990566028));
#149 = CARTESIAN_POINT('',(-30.99999999999,9.73893722613,15.116990566028
    ));
#150 = CARTESIAN_POINT('',(-31.,-9.73893722613,15.116990566028));
#151 = CARTESIAN_POINT('',(-27.60016243051,-19.47816750241,
    15.116990566028));
#152 = CARTESIAN_POINT('',(-20.80312893795,-27.87995679577,
    15.116990566028));
#153 = CARTESIAN_POINT('',(-11.1972340211,-33.62206473193,
    15.116990566028));
#154 = CARTESIAN_POINT('',(-8.020899183063E-03,-35.64771118433,
    15.116990566029));
#155 = CARTESIAN_POINT('',(11.223218168583,-33.66959036903,
    15.116990566028));
#156 = CARTESIAN_POINT('',(20.928209426797,-27.8638816821,
    15.116990566028));
#157 = CARTESIAN_POINT('',(27.697638822228,-19.34163987028,
    15.116990566028));
#158 = CARTESIAN_POINT('',(30.999999999999,-9.598056647321,
    15.116990566028));
#159 = CARTESIAN_POINT('',(31.,-7.592810154714E-15,15.116990566028));
#160 = DEFINITIONAL_REPRESENTATION('',(#161),#165);
#161 = LINE('',#162,#163);
#162 = CARTESIAN_POINT('',(0.,0.));
#163 = VECTOR('',#164,1.);
#164 = DIRECTION('',(0.,1.));
#165 = ( GEOMETRIC_REPRESENTATION_CONTEXT(2) 
PARAMETRIC_REPRESENTATION_CONTEXT() REPRESENTATION_CONTEXT('2D SPACE',''
  ) );
#166 = ORIENTED_EDGE('',*,*,#21,.F.);
#167 = ORIENTED_EDGE('',*,*,#168,.T.);
#168 = EDGE_CURVE('',#22,#22,#169,.T.);
#169 = SURFACE_CURVE('',#170,(#175,#182),.PCURVE_S1.);
#170 = CIRCLE('',#171,22.734376656245);
#171 = AXIS2_PLACEMENT_3D('',#172,#173,#174);
#172 = CARTESIAN_POINT('',(0.,0.,1.175002649992));
#173 = DIRECTION('',(0.,0.,1.));
#174 = DIRECTION('',(1.,-6.123233995737E-17,0.));
#175 = PCURVE('',#32,#176);
#176 = DEFINITIONAL_REPRESENTATION('',(#177),#181);
#177 = LINE('',#178,#179);
#178 = CARTESIAN_POINT('',(0.,1.175002649992));
#179 = VECTOR('',#180,1.);
#180 = DIRECTION('',(1.,0.));
#181 = ( GEOMETRIC_REPRESENTATION_CONTEXT(2) 
PARAMETRIC_REPRESENTATION_CONTEXT() REPRESENTATION_CONTEXT('2D SPACE',''
  ) );
#182 = PCURVE('',#183,#188);
#183 = TOROIDAL_SURFACE('',#184,20.614380896232,2.5);
#184 = AXIS2_PLACEMENT_3D('',#185,#186,#187);
#185 = CARTESIAN_POINT('',(0.,0.,2.5));
#186 = DIRECTION('',(-0.,-0.,-1.));
#187 = DIRECTION('',(1.,-6.123233995737E-17,0.));
#188 = DEFINITIONAL_REPRESENTATION('',(#189),#193);
#189 = LINE('',#190,#191);
#190 = CARTESIAN_POINT('',(-0.,0.558599315344));
#191 = VECTOR('',#192,1.);
#192 = DIRECTION('',(-1.,0.));
#193 = ( GEOMETRIC_REPRESENTATION_CONTEXT(2) 
PARAMETRIC_REPRESENTATION_CONTEXT() REPRESENTATION_CONTEXT('2D SPACE',''
  ) );
#194 = ADVANCED_FACE('',(#195),#183,.T.);
#195 = FACE_BOUND('',#196,.F.);
#196 = EDGE_LOOP('',(#197,#219,#220,#221));
#197 = ORIENTED_EDGE('',*,*,#198,.F.);
#198 = EDGE_CURVE('',#22,#199,#201,.T.);
#199 = VERTEX_POINT('',#200);
#200 = CARTESIAN_POINT('',(20.614380896232,-1.262266779049E-15,0.));
#201 = SEAM_CURVE('',#202,(#207,#213),.PCURVE_S1.);
#202 = CIRCLE('',#203,2.5);
#203 = AXIS2_PLACEMENT_3D('',#204,#205,#206);
#204 = CARTESIAN_POINT('',(20.614380896232,-1.262266779049E-15,2.5));
#205 = DIRECTION('',(6.123233995737E-17,1.,0.));
#206 = DIRECTION('',(1.,-6.123233995737E-17,0.));
#207 = PCURVE('',#183,#208);
#208 = DEFINITIONAL_REPRESENTATION('',(#209),#212);
#209 = B_SPLINE_CURVE_WITH_KNOTS('',1,(#210,#211),.UNSPECIFIED.,.F.,.F.,
  (2,2),(0.558599315344,1.570796326795),.PIECEWISE_BEZIER_KNOTS.);
#210 = CARTESIAN_POINT('',(0.,0.558599315344));
#211 = CARTESIAN_POINT('',(0.,1.570796326795));
#212 = ( GEOMETRIC_REPRESENTATION_CONTEXT(2) 
PARAMETRIC_REPRESENTATION_CONTEXT() REPRESENTATION_CONTEXT('2D SPACE',''
  ) );
#213 = PCURVE('',#183,#214);
#214 = DEFINITIONAL_REPRESENTATION('',(#215),#218);
#215 = B_SPLINE_CURVE_WITH_KNOTS('',1,(#216,#217),.UNSPECIFIED.,.F.,.F.,
  (2,2),(0.558599315344,1.570796326795),.PIECEWISE_BEZIER_KNOTS.);
#216 = CARTESIAN_POINT('',(-6.28318530718,0.558599315344));
#217 = CARTESIAN_POINT('',(-6.28318530718,1.570796326795));
#218 = ( GEOMETRIC_REPRESENTATION_CONTEXT(2) 
PARAMETRIC_REPRESENTATION_CONTEXT() REPRESENTATION_CONTEXT('2D SPACE',''
  ) );
#219 = ORIENTED_EDGE('',*,*,#168,.F.);
#220 = ORIENTED_EDGE('',*,*,#198,.T.);
#221 = ORIENTED_EDGE('',*,*,#222,.T.);
#222 = EDGE_CURVE('',#199,#199,#223,.T.);
#223 = SURFACE_CURVE('',#224,(#229,#236),.PCURVE_S1.);
#224 = CIRCLE('',#225,20.614380896232);
#225 = AXIS2_PLACEMENT_3D('',#226,#227,#228);
#226 = CARTESIAN_POINT('',(0.,0.,0.));
#227 = DIRECTION('',(0.,0.,1.));
#228 = DIRECTION('',(1.,-6.123233995737E-17,0.));
#229 = PCURVE('',#183,#230);
#230 = DEFINITIONAL_REPRESENTATION('',(#231),#235);
#231 = LINE('',#232,#233);
#232 = CARTESIAN_POINT('',(-0.,1.570796326795));
#233 = VECTOR('',#234,1.);
#234 = DIRECTION('',(-1.,0.));
#235 = ( GEOMETRIC_REPRESENTATION_CONTEXT(2) 
PARAMETRIC_REPRESENTATION_CONTEXT() REPRESENTATION_CONTEXT('2D SPACE',''
  ) );
#236 = PCURVE('',#237,#242);
#237 = PLANE('',#238);
#238 = AXIS2_PLACEMENT_3D('',#239,#240,#241);
#239 = CARTESIAN_POINT('',(0.,0.,0.));
#240 = DIRECTION('',(0.,0.,1.));
#241 = DIRECTION('',(1.,0.,-0.));
#242 = DEFINITIONAL_REPRESENTATION('',(#243),#247);
#243 = CIRCLE('',#244,20.614380896232);
#244 = AXIS2_PLACEMENT_2D('',#245,#246);
#245 = CARTESIAN_POINT('',(0.,0.));
#246 = DIRECTION('',(1.,-6.123233995737E-17));
#247 = ( GEOMETRIC_REPRESENTATION_CONTEXT(2) 
PARAMETRIC_REPRESENTATION_CONTEXT() REPRESENTATION_CONTEXT('2D SPACE',''
  ) );
#248 = ADVANCED_FACE('',(#249),#99,.F.);
#249 = FACE_BOUND('',#250,.F.);
#250 = EDGE_LOOP('',(#251,#272,#332,#333));
#251 = ORIENTED_EDGE('',*,*,#252,.T.);
#252 = EDGE_CURVE('',#24,#253,#255,.T.);
#253 = VERTEX_POINT('',#254);
#254 = CARTESIAN_POINT('',(31.,0.,15.116990566028));
#255 = SEAM_CURVE('',#256,(#260,#266),.PCURVE_S1.);
#256 = ( BOUNDED_CURVE() B_SPLINE_CURVE(2,(#257,#258,#259),
.UNSPECIFIED.,.F.,.F.) B_SPLINE_CURVE_WITH_KNOTS((3,3),(0.,
194.77874452256),.PIECEWISE_BEZIER_KNOTS.) CURVE() 
GEOMETRIC_REPRESENTATION_ITEM() RATIONAL_B_SPLINE_CURVE((1.,
0.961248746164,1.)) REPRESENTATION_ITEM('') );
#257 = CARTESIAN_POINT('',(30.619995760013,0.,13.79199321602));
#258 = CARTESIAN_POINT('',(31.,-4.586608870483E-15,14.4));
#259 = CARTESIAN_POINT('',(31.,0.,15.116990566028));
#260 = PCURVE('',#99,#261);
#261 = DEFINITIONAL_REPRESENTATION('',(#262),#265);
#262 = B_SPLINE_CURVE_WITH_KNOTS('',1,(#263,#264),.UNSPECIFIED.,.F.,.F.,
  (2,2),(0.,194.77874452256),.PIECEWISE_BEZIER_KNOTS.);
#263 = CARTESIAN_POINT('',(0.,4.964347978162E-15));
#264 = CARTESIAN_POINT('',(194.77874452256,4.964347978162E-15));
#265 = ( GEOMETRIC_REPRESENTATION_CONTEXT(2) 
PARAMETRIC_REPRESENTATION_CONTEXT() REPRESENTATION_CONTEXT('2D SPACE',''
  ) );
#266 = PCURVE('',#99,#267);
#267 = DEFINITIONAL_REPRESENTATION('',(#268),#271);
#268 = B_SPLINE_CURVE_WITH_KNOTS('',1,(#269,#270),.UNSPECIFIED.,.F.,.F.,
  (2,2),(0.,194.77874452256),.PIECEWISE_BEZIER_KNOTS.);
#269 = CARTESIAN_POINT('',(0.,194.77874452256));
#270 = CARTESIAN_POINT('',(194.77874452256,194.77874452256));
#271 = ( GEOMETRIC_REPRESENTATION_CONTEXT(2) 
PARAMETRIC_REPRESENTATION_CONTEXT() REPRESENTATION_CONTEXT('2D SPACE',''
  ) );
#272 = ORIENTED_EDGE('',*,*,#273,.T.);
#273 = EDGE_CURVE('',#253,#253,#274,.T.);
#274 = SURFACE_CURVE('',#275,(#296,#303),.PCURVE_S1.);
#275 = ( BOUNDED_CURVE() B_SPLINE_CURVE(10,(#276,#277,#278,#279,#280,
    #281,#282,#283,#284,#285,#286,#287,#288,#289,#290,#291,#292,#293,
#294,#295),.UNSPECIFIED.,.T.,.F.) B_SPLINE_CURVE_WITH_KNOTS((11,9,11),(
    4.964347978162E-15,97.389372261284,194.77874452256),.UNSPECIFIED.) 
CURVE() GEOMETRIC_REPRESENTATION_ITEM() RATIONAL_B_SPLINE_CURVE((1.,1.,
    1.,1.000000000001,0.999999999999,1.000000000001,0.999999999999,
    1.000000000001,1.,1.,1.,1.,1.,1.,1.,1.,1.,1.,1.,1.)) 
REPRESENTATION_ITEM('') );
#276 = CARTESIAN_POINT('',(31.,0.,15.116990566028));
#277 = CARTESIAN_POINT('',(30.999999999997,9.598056647322,
    15.116990566028));
#278 = CARTESIAN_POINT('',(27.697638822233,19.341639870288,
    15.116990566028));
#279 = CARTESIAN_POINT('',(20.92820942679,27.8638816821,15.116990566028)
  );
#280 = CARTESIAN_POINT('',(11.223218168581,33.669590369045,
    15.116990566029));
#281 = CARTESIAN_POINT('',(-8.020899168156E-03,35.647711184313,
    15.116990566028));
#282 = CARTESIAN_POINT('',(-11.19723402112,33.622064731949,
    15.116990566028));
#283 = CARTESIAN_POINT('',(-20.80312893794,27.879956795775,
    15.116990566028));
#284 = CARTESIAN_POINT('',(-27.60016243052,19.478167502415,
    15.116990566028));
#285 = CARTESIAN_POINT('',(-30.99999999999,9.73893722613,15.116990566028
    ));
#286 = CARTESIAN_POINT('',(-31.,-9.73893722613,15.116990566028));
#287 = CARTESIAN_POINT('',(-27.60016243051,-19.47816750241,
    15.116990566028));
#288 = CARTESIAN_POINT('',(-20.80312893795,-27.87995679577,
    15.116990566028));
#289 = CARTESIAN_POINT('',(-11.1972340211,-33.62206473193,
    15.116990566028));
#290 = CARTESIAN_POINT('',(-8.020899183063E-03,-35.64771118433,
    15.116990566029));
#291 = CARTESIAN_POINT('',(11.223218168583,-33.66959036903,
    15.116990566028));
#292 = CARTESIAN_POINT('',(20.928209426797,-27.8638816821,
    15.116990566028));
#293 = CARTESIAN_POINT('',(27.697638822228,-19.34163987028,
    15.116990566028));
#294 = CARTESIAN_POINT('',(30.999999999999,-9.598056647321,
    15.116990566028));
#295 = CARTESIAN_POINT('',(31.,-7.592810154714E-15,15.116990566028));
#296 = PCURVE('',#99,#297);
#297 = DEFINITIONAL_REPRESENTATION('',(#298),#302);
#298 = LINE('',#299,#300);
#299 = CARTESIAN_POINT('',(194.77874452256,0.));
#300 = VECTOR('',#301,1.);
#301 = DIRECTION('',(0.,1.));
#302 = ( GEOMETRIC_REPRESENTATION_CONTEXT(2) 
PARAMETRIC_REPRESENTATION_CONTEXT() REPRESENTATION_CONTEXT('2D SPACE',''
  ) );
#303 = PCURVE('',#304,#309);
#304 = CYLINDRICAL_SURFACE('',#305,31.);
#305 = AXIS2_PLACEMENT_3D('',#306,#307,#308);
#306 = CARTESIAN_POINT('',(0.,0.,14.4));
#307 = DIRECTION('',(0.,0.,1.));
#308 = DIRECTION('',(1.,0.,-0.));
#309 = DEFINITIONAL_REPRESENTATION('',(#310),#331);
#310 = B_SPLINE_CURVE_WITH_KNOTS('',10,(#311,#312,#313,#314,#315,#316,
    #317,#318,#319,#320,#321,#322,#323,#324,#325,#326,#327,#328,#329,
    #330),.UNSPECIFIED.,.F.,.F.,(11,9,11),(4.964347978162E-15,
    97.389372261284,194.77874452256),.UNSPECIFIED.);
#311 = CARTESIAN_POINT('',(4.440892098501E-16,0.716990566028));
#312 = CARTESIAN_POINT('',(0.309614730559,0.716990566028));
#313 = CARTESIAN_POINT('',(0.623927920447,0.716990566028));
#314 = CARTESIAN_POINT('',(0.940039634481,0.716990566029));
#315 = CARTESIAN_POINT('',(1.25584719798,0.716990566028));
#316 = CARTESIAN_POINT('',(1.570654404399,0.716990566029));
#317 = CARTESIAN_POINT('',(1.88495966676,0.716990566028));
#318 = CARTESIAN_POINT('',(2.199113516779,0.716990566029));
#319 = CARTESIAN_POINT('',(2.513274349252,0.716990566028));
#320 = CARTESIAN_POINT('',(2.827433388231,0.716990566028));
#321 = CARTESIAN_POINT('',(3.455751918949,0.716990566028));
#322 = CARTESIAN_POINT('',(3.769910957927,0.716990566028));
#323 = CARTESIAN_POINT('',(4.084071790403,0.716990566029));
#324 = CARTESIAN_POINT('',(4.398225640416,0.716990566028));
#325 = CARTESIAN_POINT('',(4.712530902784,0.716990566029));
#326 = CARTESIAN_POINT('',(5.027338109197,0.716990566028));
#327 = CARTESIAN_POINT('',(5.3431456727,0.716990566029));
#328 = CARTESIAN_POINT('',(5.659257386731,0.716990566028));
#329 = CARTESIAN_POINT('',(5.973570576621,0.716990566028));
#330 = CARTESIAN_POINT('',(6.28318530718,0.716990566028));
#331 = ( GEOMETRIC_REPRESENTATION_CONTEXT(2) 
PARAMETRIC_REPRESENTATION_CONTEXT() REPRESENTATION_CONTEXT('2D SPACE',''
  ) );
#332 = ORIENTED_EDGE('',*,*,#252,.F.);
#333 = ORIENTED_EDGE('',*,*,#51,.F.);
#334 = ADVANCED_FACE('',(#335,#338),#237,.F.);
#335 = FACE_BOUND('',#336,.F.);
#336 = EDGE_LOOP('',(#337));
#337 = ORIENTED_EDGE('',*,*,#222,.T.);
#338 = FACE_BOUND('',#339,.F.);
#339 = EDGE_LOOP('',(#340));
#340 = ORIENTED_EDGE('',*,*,#341,.F.);
#341 = EDGE_CURVE('',#342,#342,#344,.T.);
#342 = VERTEX_POINT('',#343);
#343 = CARTESIAN_POINT('',(13.,-3.184081677783E-15,0.));
#344 = SURFACE_CURVE('',#345,(#350,#357),.PCURVE_S1.);
#345 = CIRCLE('',#346,13.);
#346 = AXIS2_PLACEMENT_3D('',#347,#348,#349);
#347 = CARTESIAN_POINT('',(0.,0.,0.));
#348 = DIRECTION('',(0.,0.,1.));
#349 = DIRECTION('',(1.,0.,-0.));
#350 = PCURVE('',#237,#351);
#351 = DEFINITIONAL_REPRESENTATION('',(#352),#356);
#352 = CIRCLE('',#353,13.);
#353 = AXIS2_PLACEMENT_2D('',#354,#355);
#354 = CARTESIAN_POINT('',(0.,0.));
#355 = DIRECTION('',(1.,0.));
#356 = ( GEOMETRIC_REPRESENTATION_CONTEXT(2) 
PARAMETRIC_REPRESENTATION_CONTEXT() REPRESENTATION_CONTEXT('2D SPACE',''
  ) );
#357 = PCURVE('',#358,#363);
#358 = CYLINDRICAL_SURFACE('',#359,13.);
#359 = AXIS2_PLACEMENT_3D('',#360,#361,#362);
#360 = CARTESIAN_POINT('',(0.,0.,-1.E-02));
#361 = DIRECTION('',(0.,0.,1.));
#362 = DIRECTION('',(1.,0.,-0.));
#363 = DEFINITIONAL_REPRESENTATION('',(#364),#368);
#364 = LINE('',#365,#366);
#365 = CARTESIAN_POINT('',(0.,1.E-02));
#366 = VECTOR('',#367,1.);
#367 = DIRECTION('',(1.,0.));
#368 = ( GEOMETRIC_REPRESENTATION_CONTEXT(2) 
PARAMETRIC_REPRESENTATION_CONTEXT() REPRESENTATION_CONTEXT('2D SPACE',''
  ) );
#369 = ADVANCED_FACE('',(#370),#304,.T.);
#370 = FACE_BOUND('',#371,.T.);
#371 = EDGE_LOOP('',(#372,#395,#422,#423));
#372 = ORIENTED_EDGE('',*,*,#373,.T.);
#373 = EDGE_CURVE('',#253,#374,#376,.T.);
#374 = VERTEX_POINT('',#375);
#375 = CARTESIAN_POINT('',(31.,0.,15.9));
#376 = SEAM_CURVE('',#377,(#381,#388),.PCURVE_S1.);
#377 = LINE('',#378,#379);
#378 = CARTESIAN_POINT('',(31.,-7.592810154714E-15,14.4));
#379 = VECTOR('',#380,1.);
#380 = DIRECTION('',(0.,0.,1.));
#381 = PCURVE('',#304,#382);
#382 = DEFINITIONAL_REPRESENTATION('',(#383),#387);
#383 = LINE('',#384,#385);
#384 = CARTESIAN_POINT('',(6.28318530718,-0.));
#385 = VECTOR('',#386,1.);
#386 = DIRECTION('',(0.,1.));
#387 = ( GEOMETRIC_REPRESENTATION_CONTEXT(2) 
PARAMETRIC_REPRESENTATION_CONTEXT() REPRESENTATION_CONTEXT('2D SPACE',''
  ) );
#388 = PCURVE('',#304,#389);
#389 = DEFINITIONAL_REPRESENTATION('',(#390),#394);
#390 = LINE('',#391,#392);
#391 = CARTESIAN_POINT('',(0.,-0.));
#392 = VECTOR('',#393,1.);
#393 = DIRECTION('',(0.,1.));
#394 = ( GEOMETRIC_REPRESENTATION_CONTEXT(2) 
PARAMETRIC_REPRESENTATION_CONTEXT() REPRESENTATION_CONTEXT('2D SPACE',''
  ) );
#395 = ORIENTED_EDGE('',*,*,#396,.F.);
#396 = EDGE_CURVE('',#374,#374,#397,.T.);
#397 = SURFACE_CURVE('',#398,(#403,#410),.PCURVE_S1.);
#398 = CIRCLE('',#399,31.);
#399 = AXIS2_PLACEMENT_3D('',#400,#401,#402);
#400 = CARTESIAN_POINT('',(0.,0.,15.9));
#401 = DIRECTION('',(0.,0.,1.));
#402 = DIRECTION('',(1.,0.,-0.));
#403 = PCURVE('',#304,#404);
#404 = DEFINITIONAL_REPRESENTATION('',(#405),#409);
#405 = LINE('',#406,#407);
#406 = CARTESIAN_POINT('',(0.,1.5));
#407 = VECTOR('',#408,1.);
#408 = DIRECTION('',(1.,0.));
#409 = ( GEOMETRIC_REPRESENTATION_CONTEXT(2) 
PARAMETRIC_REPRESENTATION_CONTEXT() REPRESENTATION_CONTEXT('2D SPACE',''
  ) );
#410 = PCURVE('',#411,#416);
#411 = TOROIDAL_SURFACE('',#412,28.5,2.5);
#412 = AXIS2_PLACEMENT_3D('',#413,#414,#415);
#413 = CARTESIAN_POINT('',(0.,0.,15.9));
#414 = DIRECTION('',(0.,0.,1.));
#415 = DIRECTION('',(1.,0.,-0.));
#416 = DEFINITIONAL_REPRESENTATION('',(#417),#421);
#417 = LINE('',#418,#419);
#418 = CARTESIAN_POINT('',(0.,0.));
#419 = VECTOR('',#420,1.);
#420 = DIRECTION('',(1.,0.));
#421 = ( GEOMETRIC_REPRESENTATION_CONTEXT(2) 
PARAMETRIC_REPRESENTATION_CONTEXT() REPRESENTATION_CONTEXT('2D SPACE',''
  ) );
#422 = ORIENTED_EDGE('',*,*,#373,.F.);
#423 = ORIENTED_EDGE('',*,*,#273,.T.);
#424 = ADVANCED_FACE('',(#425),#358,.F.);
#425 = FACE_BOUND('',#426,.F.);
#426 = EDGE_LOOP('',(#427,#450,#477,#478));
#427 = ORIENTED_EDGE('',*,*,#428,.T.);
#428 = EDGE_CURVE('',#342,#429,#431,.T.);
#429 = VERTEX_POINT('',#430);
#430 = CARTESIAN_POINT('',(13.,-3.184081677783E-15,0.6));
#431 = SEAM_CURVE('',#432,(#436,#443),.PCURVE_S1.);
#432 = LINE('',#433,#434);
#433 = CARTESIAN_POINT('',(13.,-3.184081677783E-15,-1.E-02));
#434 = VECTOR('',#435,1.);
#435 = DIRECTION('',(0.,0.,1.));
#436 = PCURVE('',#358,#437);
#437 = DEFINITIONAL_REPRESENTATION('',(#438),#442);
#438 = LINE('',#439,#440);
#439 = CARTESIAN_POINT('',(6.28318530718,-0.));
#440 = VECTOR('',#441,1.);
#441 = DIRECTION('',(0.,1.));
#442 = ( GEOMETRIC_REPRESENTATION_CONTEXT(2) 
PARAMETRIC_REPRESENTATION_CONTEXT() REPRESENTATION_CONTEXT('2D SPACE',''
  ) );
#443 = PCURVE('',#358,#444);
#444 = DEFINITIONAL_REPRESENTATION('',(#445),#449);
#445 = LINE('',#446,#447);
#446 = CARTESIAN_POINT('',(0.,-0.));
#447 = VECTOR('',#448,1.);
#448 = DIRECTION('',(0.,1.));
#449 = ( GEOMETRIC_REPRESENTATION_CONTEXT(2) 
PARAMETRIC_REPRESENTATION_CONTEXT() REPRESENTATION_CONTEXT('2D SPACE',''
  ) );
#450 = ORIENTED_EDGE('',*,*,#451,.F.);
#451 = EDGE_CURVE('',#429,#429,#452,.T.);
#452 = SURFACE_CURVE('',#453,(#458,#465),.PCURVE_S1.);
#453 = CIRCLE('',#454,13.);
#454 = AXIS2_PLACEMENT_3D('',#455,#456,#457);
#455 = CARTESIAN_POINT('',(0.,0.,0.6));
#456 = DIRECTION('',(0.,0.,1.));
#457 = DIRECTION('',(1.,0.,-0.));
#458 = PCURVE('',#358,#459);
#459 = DEFINITIONAL_REPRESENTATION('',(#460),#464);
#460 = LINE('',#461,#462);
#461 = CARTESIAN_POINT('',(0.,0.61));
#462 = VECTOR('',#463,1.);
#463 = DIRECTION('',(1.,0.));
#464 = ( GEOMETRIC_REPRESENTATION_CONTEXT(2) 
PARAMETRIC_REPRESENTATION_CONTEXT() REPRESENTATION_CONTEXT('2D SPACE',''
  ) );
#465 = PCURVE('',#466,#471);
#466 = PLANE('',#467);
#467 = AXIS2_PLACEMENT_3D('',#468,#469,#470);
#468 = CARTESIAN_POINT('',(0.,0.,0.6));
#469 = DIRECTION('',(0.,0.,1.));
#470 = DIRECTION('',(1.,0.,-0.));
#471 = DEFINITIONAL_REPRESENTATION('',(#472),#476);
#472 = CIRCLE('',#473,13.);
#473 = AXIS2_PLACEMENT_2D('',#474,#475);
#474 = CARTESIAN_POINT('',(0.,0.));
#475 = DIRECTION('',(1.,0.));
#476 = ( GEOMETRIC_REPRESENTATION_CONTEXT(2) 
PARAMETRIC_REPRESENTATION_CONTEXT() REPRESENTATION_CONTEXT('2D SPACE',''
  ) );
#477 = ORIENTED_EDGE('',*,*,#428,.F.);
#478 = ORIENTED_EDGE('',*,*,#341,.T.);
#479 = ADVANCED_FACE('',(#480),#411,.T.);
#480 = FACE_BOUND('',#481,.T.);
#481 = EDGE_LOOP('',(#482,#504,#505,#506));
#482 = ORIENTED_EDGE('',*,*,#483,.F.);
#483 = EDGE_CURVE('',#374,#484,#486,.T.);
#484 = VERTEX_POINT('',#485);
#485 = CARTESIAN_POINT('',(28.5,0.,18.4));
#486 = SEAM_CURVE('',#487,(#492,#498),.PCURVE_S1.);
#487 = CIRCLE('',#488,2.5);
#488 = AXIS2_PLACEMENT_3D('',#489,#490,#491);
#489 = CARTESIAN_POINT('',(28.5,0.,15.9));
#490 = DIRECTION('',(0.,-1.,0.));
#491 = DIRECTION('',(1.,0.,0.));
#492 = PCURVE('',#411,#493);
#493 = DEFINITIONAL_REPRESENTATION('',(#494),#497);
#494 = B_SPLINE_CURVE_WITH_KNOTS('',1,(#495,#496),.UNSPECIFIED.,.F.,.F.,
  (2,2),(0.,1.570796326795),.PIECEWISE_BEZIER_KNOTS.);
#495 = CARTESIAN_POINT('',(0.,0.));
#496 = CARTESIAN_POINT('',(0.,1.570796326795));
#497 = ( GEOMETRIC_REPRESENTATION_CONTEXT(2) 
PARAMETRIC_REPRESENTATION_CONTEXT() REPRESENTATION_CONTEXT('2D SPACE',''
  ) );
#498 = PCURVE('',#411,#499);
#499 = DEFINITIONAL_REPRESENTATION('',(#500),#503);
#500 = B_SPLINE_CURVE_WITH_KNOTS('',1,(#501,#502),.UNSPECIFIED.,.F.,.F.,
  (2,2),(0.,1.570796326795),.PIECEWISE_BEZIER_KNOTS.);
#501 = CARTESIAN_POINT('',(6.28318530718,0.));
#502 = CARTESIAN_POINT('',(6.28318530718,1.570796326795));
#503 = ( GEOMETRIC_REPRESENTATION_CONTEXT(2) 
PARAMETRIC_REPRESENTATION_CONTEXT() REPRESENTATION_CONTEXT('2D SPACE',''
  ) );
#504 = ORIENTED_EDGE('',*,*,#396,.T.);
#505 = ORIENTED_EDGE('',*,*,#483,.T.);
#506 = ORIENTED_EDGE('',*,*,#507,.F.);
#507 = EDGE_CURVE('',#484,#484,#508,.T.);
#508 = SURFACE_CURVE('',#509,(#514,#521),.PCURVE_S1.);
#509 = CIRCLE('',#510,28.5);
#510 = AXIS2_PLACEMENT_3D('',#511,#512,#513);
#511 = CARTESIAN_POINT('',(0.,0.,18.4));
#512 = DIRECTION('',(0.,0.,1.));
#513 = DIRECTION('',(1.,0.,-0.));
#514 = PCURVE('',#411,#515);
#515 = DEFINITIONAL_REPRESENTATION('',(#516),#520);
#516 = LINE('',#517,#518);
#517 = CARTESIAN_POINT('',(0.,1.570796326795));
#518 = VECTOR('',#519,1.);
#519 = DIRECTION('',(1.,0.));
#520 = ( GEOMETRIC_REPRESENTATION_CONTEXT(2) 
PARAMETRIC_REPRESENTATION_CONTEXT() REPRESENTATION_CONTEXT('2D SPACE',''
  ) );
#521 = PCURVE('',#522,#527);
#522 = PLANE('',#523);
#523 = AXIS2_PLACEMENT_3D('',#524,#525,#526);
#524 = CARTESIAN_POINT('',(0.,0.,18.4));
#525 = DIRECTION('',(0.,0.,1.));
#526 = DIRECTION('',(1.,0.,-0.));
#527 = DEFINITIONAL_REPRESENTATION('',(#528),#532);
#528 = CIRCLE('',#529,28.5);
#529 = AXIS2_PLACEMENT_2D('',#530,#531);
#530 = CARTESIAN_POINT('',(0.,0.));
#531 = DIRECTION('',(1.,0.));
#532 = ( GEOMETRIC_REPRESENTATION_CONTEXT(2) 
PARAMETRIC_REPRESENTATION_CONTEXT() REPRESENTATION_CONTEXT('2D SPACE',''
  ) );
#533 = ADVANCED_FACE('',(#534,#537),#466,.F.);
#534 = FACE_BOUND('',#535,.F.);
#535 = EDGE_LOOP('',(#536));
#536 = ORIENTED_EDGE('',*,*,#451,.T.);
#537 = FACE_BOUND('',#538,.F.);
#538 = EDGE_LOOP('',(#539));
#539 = ORIENTED_EDGE('',*,*,#540,.F.);
#540 = EDGE_CURVE('',#541,#541,#543,.T.);
#541 = VERTEX_POINT('',#542);
#542 = CARTESIAN_POINT('',(12.,-2.939152317954E-15,0.6));
#543 = SURFACE_CURVE('',#544,(#549,#556),.PCURVE_S1.);
#544 = CIRCLE('',#545,12.);
#545 = AXIS2_PLACEMENT_3D('',#546,#547,#548);
#546 = CARTESIAN_POINT('',(0.,0.,0.6));
#547 = DIRECTION('',(0.,0.,1.));
#548 = DIRECTION('',(1.,0.,-0.));
#549 = PCURVE('',#466,#550);
#550 = DEFINITIONAL_REPRESENTATION('',(#551),#555);
#551 = CIRCLE('',#552,12.);
#552 = AXIS2_PLACEMENT_2D('',#553,#554);
#553 = CARTESIAN_POINT('',(0.,0.));
#554 = DIRECTION('',(1.,0.));
#555 = ( GEOMETRIC_REPRESENTATION_CONTEXT(2) 
PARAMETRIC_REPRESENTATION_CONTEXT() REPRESENTATION_CONTEXT('2D SPACE',''
  ) );
#556 = PCURVE('',#557,#562);
#557 = CYLINDRICAL_SURFACE('',#558,12.);
#558 = AXIS2_PLACEMENT_3D('',#559,#560,#561);
#559 = CARTESIAN_POINT('',(0.,0.,-1.E-02));
#560 = DIRECTION('',(0.,0.,1.));
#561 = DIRECTION('',(1.,0.,-0.));
#562 = DEFINITIONAL_REPRESENTATION('',(#563),#567);
#563 = LINE('',#564,#565);
#564 = CARTESIAN_POINT('',(0.,0.61));
#565 = VECTOR('',#566,1.);
#566 = DIRECTION('',(1.,0.));
#567 = ( GEOMETRIC_REPRESENTATION_CONTEXT(2) 
PARAMETRIC_REPRESENTATION_CONTEXT() REPRESENTATION_CONTEXT('2D SPACE',''
  ) );
#568 = ADVANCED_FACE('',(#569,#572,#782,#1420,#1734,#3564,#4026,#4132,
    #4290,#5499),#522,.T.);
#569 = FACE_BOUND('',#570,.T.);
#570 = EDGE_LOOP('',(#571));
#571 = ORIENTED_EDGE('',*,*,#507,.T.);
#572 = FACE_BOUND('',#573,.T.);
#573 = EDGE_LOOP('',(#574,#602,#628,#654,#680,#706,#732,#758));
#574 = ORIENTED_EDGE('',*,*,#575,.F.);
#575 = EDGE_CURVE('',#576,#578,#580,.T.);
#576 = VERTEX_POINT('',#577);
#577 = CARTESIAN_POINT('',(-9.70751958125,-17.22338867187,18.4));
#578 = VERTEX_POINT('',#579);
#579 = CARTESIAN_POINT('',(-8.85498051875,-17.22338867187,18.4));
#580 = SURFACE_CURVE('',#581,(#585,#591),.PCURVE_S1.);
#581 = LINE('',#582,#583);
#582 = CARTESIAN_POINT('',(-4.427490259375,-17.22338867187,18.4));
#583 = VECTOR('',#584,1.);
#584 = DIRECTION('',(1.,0.,-0.));
#585 = PCURVE('',#522,#586);
#586 = DEFINITIONAL_REPRESENTATION('',(#587),#590);
#587 = B_SPLINE_CURVE_WITH_KNOTS('',1,(#588,#589),.UNSPECIFIED.,.F.,.F.,
  (2,2),(-5.280029321875,-4.427490259375),.PIECEWISE_BEZIER_KNOTS.);
#588 = CARTESIAN_POINT('',(-9.70751958125,-17.22338867187));
#589 = CARTESIAN_POINT('',(-8.85498051875,-17.22338867187));
#590 = ( GEOMETRIC_REPRESENTATION_CONTEXT(2) 
PARAMETRIC_REPRESENTATION_CONTEXT() REPRESENTATION_CONTEXT('2D SPACE',''
  ) );
#591 = PCURVE('',#592,#597);
#592 = PLANE('',#593);
#593 = AXIS2_PLACEMENT_3D('',#594,#595,#596);
#594 = CARTESIAN_POINT('',(-8.85498051875,-17.22338867187,17.8));
#595 = DIRECTION('',(0.,-1.,0.));
#596 = DIRECTION('',(-1.,0.,0.));
#597 = DEFINITIONAL_REPRESENTATION('',(#598),#601);
#598 = B_SPLINE_CURVE_WITH_KNOTS('',1,(#599,#600),.UNSPECIFIED.,.F.,.F.,
  (2,2),(-5.280029321875,-4.427490259375),.PIECEWISE_BEZIER_KNOTS.);
#599 = CARTESIAN_POINT('',(0.8525390625,-0.6));
#600 = CARTESIAN_POINT('',(0.,-0.6));
#601 = ( GEOMETRIC_REPRESENTATION_CONTEXT(2) 
PARAMETRIC_REPRESENTATION_CONTEXT() REPRESENTATION_CONTEXT('2D SPACE',''
  ) );
#602 = ORIENTED_EDGE('',*,*,#603,.F.);
#603 = EDGE_CURVE('',#604,#576,#606,.T.);
#604 = VERTEX_POINT('',#605);
#605 = CARTESIAN_POINT('',(-9.70751958125,-11.54125976562,18.4));
#606 = SURFACE_CURVE('',#607,(#611,#617),.PCURVE_S1.);
#607 = LINE('',#608,#609);
#608 = CARTESIAN_POINT('',(-9.70751958125,-8.611694335938,18.4));
#609 = VECTOR('',#610,1.);
#610 = DIRECTION('',(0.,-1.,0.));
#611 = PCURVE('',#522,#612);
#612 = DEFINITIONAL_REPRESENTATION('',(#613),#616);
#613 = B_SPLINE_CURVE_WITH_KNOTS('',1,(#614,#615),.UNSPECIFIED.,.F.,.F.,
  (2,2),(2.929565429688,8.611694335938),.PIECEWISE_BEZIER_KNOTS.);
#614 = CARTESIAN_POINT('',(-9.70751958125,-11.54125976562));
#615 = CARTESIAN_POINT('',(-9.70751958125,-17.22338867187));
#616 = ( GEOMETRIC_REPRESENTATION_CONTEXT(2) 
PARAMETRIC_REPRESENTATION_CONTEXT() REPRESENTATION_CONTEXT('2D SPACE',''
  ) );
#617 = PCURVE('',#618,#623);
#618 = PLANE('',#619);
#619 = AXIS2_PLACEMENT_3D('',#620,#621,#622);
#620 = CARTESIAN_POINT('',(-9.70751958125,-17.22338867187,17.8));
#621 = DIRECTION('',(-1.,0.,0.));
#622 = DIRECTION('',(0.,1.,0.));
#623 = DEFINITIONAL_REPRESENTATION('',(#624),#627);
#624 = B_SPLINE_CURVE_WITH_KNOTS('',1,(#625,#626),.UNSPECIFIED.,.F.,.F.,
  (2,2),(2.929565429688,8.611694335938),.PIECEWISE_BEZIER_KNOTS.);
#625 = CARTESIAN_POINT('',(5.68212890625,-0.6));
#626 = CARTESIAN_POINT('',(0.,-0.6));
#627 = ( GEOMETRIC_REPRESENTATION_CONTEXT(2) 
PARAMETRIC_REPRESENTATION_CONTEXT() REPRESENTATION_CONTEXT('2D SPACE',''
  ) );
#628 = ORIENTED_EDGE('',*,*,#629,.F.);
#629 = EDGE_CURVE('',#630,#604,#632,.T.);
#630 = VERTEX_POINT('',#631);
#631 = CARTESIAN_POINT('',(-11.830078175,-11.54125976562,18.4));
#632 = SURFACE_CURVE('',#633,(#637,#643),.PCURVE_S1.);
#633 = LINE('',#634,#635);
#634 = CARTESIAN_POINT('',(-4.853759790625,-11.54125976562,18.4));
#635 = VECTOR('',#636,1.);
#636 = DIRECTION('',(1.,0.,-0.));
#637 = PCURVE('',#522,#638);
#638 = DEFINITIONAL_REPRESENTATION('',(#639),#642);
#639 = B_SPLINE_CURVE_WITH_KNOTS('',1,(#640,#641),.UNSPECIFIED.,.F.,.F.,
  (2,2),(-6.976318384375,-4.853759790625),.PIECEWISE_BEZIER_KNOTS.);
#640 = CARTESIAN_POINT('',(-11.830078175,-11.54125976562));
#641 = CARTESIAN_POINT('',(-9.70751958125,-11.54125976562));
#642 = ( GEOMETRIC_REPRESENTATION_CONTEXT(2) 
PARAMETRIC_REPRESENTATION_CONTEXT() REPRESENTATION_CONTEXT('2D SPACE',''
  ) );
#643 = PCURVE('',#644,#649);
#644 = PLANE('',#645);
#645 = AXIS2_PLACEMENT_3D('',#646,#647,#648);
#646 = CARTESIAN_POINT('',(-9.70751958125,-11.54125976562,17.8));
#647 = DIRECTION('',(0.,-1.,0.));
#648 = DIRECTION('',(-1.,0.,0.));
#649 = DEFINITIONAL_REPRESENTATION('',(#650),#653);
#650 = B_SPLINE_CURVE_WITH_KNOTS('',1,(#651,#652),.UNSPECIFIED.,.F.,.F.,
  (2,2),(-6.976318384375,-4.853759790625),.PIECEWISE_BEZIER_KNOTS.);
#651 = CARTESIAN_POINT('',(2.12255859375,-0.6));
#652 = CARTESIAN_POINT('',(0.,-0.6));
#653 = ( GEOMETRIC_REPRESENTATION_CONTEXT(2) 
PARAMETRIC_REPRESENTATION_CONTEXT() REPRESENTATION_CONTEXT('2D SPACE',''
  ) );
#654 = ORIENTED_EDGE('',*,*,#655,.F.);
#655 = EDGE_CURVE('',#656,#630,#658,.T.);
#656 = VERTEX_POINT('',#657);
#657 = CARTESIAN_POINT('',(-11.830078175,-10.78100585937,18.4));
#658 = SURFACE_CURVE('',#659,(#663,#669),.PCURVE_S1.);
#659 = LINE('',#660,#661);
#660 = CARTESIAN_POINT('',(-11.830078175,-5.770629882812,18.4));
#661 = VECTOR('',#662,1.);
#662 = DIRECTION('',(0.,-1.,0.));
#663 = PCURVE('',#522,#664);
#664 = DEFINITIONAL_REPRESENTATION('',(#665),#668);
#665 = B_SPLINE_CURVE_WITH_KNOTS('',1,(#666,#667),.UNSPECIFIED.,.F.,.F.,
  (2,2),(5.010375976562,5.770629882812),.PIECEWISE_BEZIER_KNOTS.);
#666 = CARTESIAN_POINT('',(-11.830078175,-10.78100585937));
#667 = CARTESIAN_POINT('',(-11.830078175,-11.54125976562));
#668 = ( GEOMETRIC_REPRESENTATION_CONTEXT(2) 
PARAMETRIC_REPRESENTATION_CONTEXT() REPRESENTATION_CONTEXT('2D SPACE',''
  ) );
#669 = PCURVE('',#670,#675);
#670 = PLANE('',#671);
#671 = AXIS2_PLACEMENT_3D('',#672,#673,#674);
#672 = CARTESIAN_POINT('',(-11.830078175,-11.54125976562,17.8));
#673 = DIRECTION('',(-1.,0.,0.));
#674 = DIRECTION('',(0.,1.,0.));
#675 = DEFINITIONAL_REPRESENTATION('',(#676),#679);
#676 = B_SPLINE_CURVE_WITH_KNOTS('',1,(#677,#678),.UNSPECIFIED.,.F.,.F.,
  (2,2),(5.010375976562,5.770629882812),.PIECEWISE_BEZIER_KNOTS.);
#677 = CARTESIAN_POINT('',(0.76025390625,-0.6));
#678 = CARTESIAN_POINT('',(0.,-0.6));
#679 = ( GEOMETRIC_REPRESENTATION_CONTEXT(2) 
PARAMETRIC_REPRESENTATION_CONTEXT() REPRESENTATION_CONTEXT('2D SPACE',''
  ) );
#680 = ORIENTED_EDGE('',*,*,#681,.F.);
#681 = EDGE_CURVE('',#682,#656,#684,.T.);
#682 = VERTEX_POINT('',#683);
#683 = CARTESIAN_POINT('',(-6.7236328625,-10.78100585937,18.4));
#684 = SURFACE_CURVE('',#685,(#689,#695),.PCURVE_S1.);
#685 = LINE('',#686,#687);
#686 = CARTESIAN_POINT('',(-5.9150390875,-10.78100585937,18.4));
#687 = VECTOR('',#688,1.);
#688 = DIRECTION('',(-1.,0.,0.));
#689 = PCURVE('',#522,#690);
#690 = DEFINITIONAL_REPRESENTATION('',(#691),#694);
#691 = B_SPLINE_CURVE_WITH_KNOTS('',1,(#692,#693),.UNSPECIFIED.,.F.,.F.,
  (2,2),(0.808593775,5.9150390875),.PIECEWISE_BEZIER_KNOTS.);
#692 = CARTESIAN_POINT('',(-6.7236328625,-10.78100585937));
#693 = CARTESIAN_POINT('',(-11.830078175,-10.78100585937));
#694 = ( GEOMETRIC_REPRESENTATION_CONTEXT(2) 
PARAMETRIC_REPRESENTATION_CONTEXT() REPRESENTATION_CONTEXT('2D SPACE',''
  ) );
#695 = PCURVE('',#696,#701);
#696 = PLANE('',#697);
#697 = AXIS2_PLACEMENT_3D('',#698,#699,#700);
#698 = CARTESIAN_POINT('',(-11.830078175,-10.78100585937,17.8));
#699 = DIRECTION('',(0.,1.,0.));
#700 = DIRECTION('',(1.,0.,0.));
#701 = DEFINITIONAL_REPRESENTATION('',(#702),#705);
#702 = B_SPLINE_CURVE_WITH_KNOTS('',1,(#703,#704),.UNSPECIFIED.,.F.,.F.,
  (2,2),(0.808593775,5.9150390875),.PIECEWISE_BEZIER_KNOTS.);
#703 = CARTESIAN_POINT('',(5.1064453125,-0.6));
#704 = CARTESIAN_POINT('',(0.,-0.6));
#705 = ( GEOMETRIC_REPRESENTATION_CONTEXT(2) 
PARAMETRIC_REPRESENTATION_CONTEXT() REPRESENTATION_CONTEXT('2D SPACE',''
  ) );
#706 = ORIENTED_EDGE('',*,*,#707,.F.);
#707 = EDGE_CURVE('',#708,#682,#710,.T.);
#708 = VERTEX_POINT('',#709);
#709 = CARTESIAN_POINT('',(-6.7236328625,-11.54125976562,18.4));
#710 = SURFACE_CURVE('',#711,(#715,#721),.PCURVE_S1.);
#711 = LINE('',#712,#713);
#712 = CARTESIAN_POINT('',(-6.7236328625,-5.390502929688,18.4));
#713 = VECTOR('',#714,1.);
#714 = DIRECTION('',(-0.,1.,0.));
#715 = PCURVE('',#522,#716);
#716 = DEFINITIONAL_REPRESENTATION('',(#717),#720);
#717 = B_SPLINE_CURVE_WITH_KNOTS('',1,(#718,#719),.UNSPECIFIED.,.F.,.F.,
  (2,2),(-6.150756835938,-5.390502929688),.PIECEWISE_BEZIER_KNOTS.);
#718 = CARTESIAN_POINT('',(-6.7236328625,-11.54125976562));
#719 = CARTESIAN_POINT('',(-6.7236328625,-10.78100585937));
#720 = ( GEOMETRIC_REPRESENTATION_CONTEXT(2) 
PARAMETRIC_REPRESENTATION_CONTEXT() REPRESENTATION_CONTEXT('2D SPACE',''
  ) );
#721 = PCURVE('',#722,#727);
#722 = PLANE('',#723);
#723 = AXIS2_PLACEMENT_3D('',#724,#725,#726);
#724 = CARTESIAN_POINT('',(-6.7236328625,-10.78100585937,17.8));
#725 = DIRECTION('',(1.,0.,-0.));
#726 = DIRECTION('',(0.,-1.,0.));
#727 = DEFINITIONAL_REPRESENTATION('',(#728),#731);
#728 = B_SPLINE_CURVE_WITH_KNOTS('',1,(#729,#730),.UNSPECIFIED.,.F.,.F.,
  (2,2),(-6.150756835938,-5.390502929688),.PIECEWISE_BEZIER_KNOTS.);
#729 = CARTESIAN_POINT('',(0.76025390625,-0.6));
#730 = CARTESIAN_POINT('',(0.,-0.6));
#731 = ( GEOMETRIC_REPRESENTATION_CONTEXT(2) 
PARAMETRIC_REPRESENTATION_CONTEXT() REPRESENTATION_CONTEXT('2D SPACE',''
  ) );
#732 = ORIENTED_EDGE('',*,*,#733,.F.);
#733 = EDGE_CURVE('',#734,#708,#736,.T.);
#734 = VERTEX_POINT('',#735);
#735 = CARTESIAN_POINT('',(-8.85498051875,-11.54125976562,18.4));
#736 = SURFACE_CURVE('',#737,(#741,#747),.PCURVE_S1.);
#737 = LINE('',#738,#739);
#738 = CARTESIAN_POINT('',(-3.36181643125,-11.54125976562,18.4));
#739 = VECTOR('',#740,1.);
#740 = DIRECTION('',(1.,0.,-0.));
#741 = PCURVE('',#522,#742);
#742 = DEFINITIONAL_REPRESENTATION('',(#743),#746);
#743 = B_SPLINE_CURVE_WITH_KNOTS('',1,(#744,#745),.UNSPECIFIED.,.F.,.F.,
  (2,2),(-5.4931640875,-3.36181643125),.PIECEWISE_BEZIER_KNOTS.);
#744 = CARTESIAN_POINT('',(-8.85498051875,-11.54125976562));
#745 = CARTESIAN_POINT('',(-6.7236328625,-11.54125976562));
#746 = ( GEOMETRIC_REPRESENTATION_CONTEXT(2) 
PARAMETRIC_REPRESENTATION_CONTEXT() REPRESENTATION_CONTEXT('2D SPACE',''
  ) );
#747 = PCURVE('',#748,#753);
#748 = PLANE('',#749);
#749 = AXIS2_PLACEMENT_3D('',#750,#751,#752);
#750 = CARTESIAN_POINT('',(-6.7236328625,-11.54125976562,17.8));
#751 = DIRECTION('',(0.,-1.,0.));
#752 = DIRECTION('',(-1.,0.,0.));
#753 = DEFINITIONAL_REPRESENTATION('',(#754),#757);
#754 = B_SPLINE_CURVE_WITH_KNOTS('',1,(#755,#756),.UNSPECIFIED.,.F.,.F.,
  (2,2),(-5.4931640875,-3.36181643125),.PIECEWISE_BEZIER_KNOTS.);
#755 = CARTESIAN_POINT('',(2.13134765625,-0.6));
#756 = CARTESIAN_POINT('',(0.,-0.6));
#757 = ( GEOMETRIC_REPRESENTATION_CONTEXT(2) 
PARAMETRIC_REPRESENTATION_CONTEXT() REPRESENTATION_CONTEXT('2D SPACE',''
  ) );
#758 = ORIENTED_EDGE('',*,*,#759,.F.);
#759 = EDGE_CURVE('',#578,#734,#760,.T.);
#760 = SURFACE_CURVE('',#761,(#765,#771),.PCURVE_S1.);
#761 = LINE('',#762,#763);
#762 = CARTESIAN_POINT('',(-8.85498051875,-5.770629882812,18.4));
#763 = VECTOR('',#764,1.);
#764 = DIRECTION('',(-0.,1.,0.));
#765 = PCURVE('',#522,#766);
#766 = DEFINITIONAL_REPRESENTATION('',(#767),#770);
#767 = B_SPLINE_CURVE_WITH_KNOTS('',1,(#768,#769),.UNSPECIFIED.,.F.,.F.,
  (2,2),(-11.45275878906,-5.770629882812),.PIECEWISE_BEZIER_KNOTS.);
#768 = CARTESIAN_POINT('',(-8.85498051875,-17.22338867187));
#769 = CARTESIAN_POINT('',(-8.85498051875,-11.54125976562));
#770 = ( GEOMETRIC_REPRESENTATION_CONTEXT(2) 
PARAMETRIC_REPRESENTATION_CONTEXT() REPRESENTATION_CONTEXT('2D SPACE',''
  ) );
#771 = PCURVE('',#772,#777);
#772 = PLANE('',#773);
#773 = AXIS2_PLACEMENT_3D('',#774,#775,#776);
#774 = CARTESIAN_POINT('',(-8.85498051875,-11.54125976562,17.8));
#775 = DIRECTION('',(1.,0.,-0.));
#776 = DIRECTION('',(0.,-1.,0.));
#777 = DEFINITIONAL_REPRESENTATION('',(#778),#781);
#778 = B_SPLINE_CURVE_WITH_KNOTS('',1,(#779,#780),.UNSPECIFIED.,.F.,.F.,
  (2,2),(-11.45275878906,-5.770629882812),.PIECEWISE_BEZIER_KNOTS.);
#779 = CARTESIAN_POINT('',(5.68212890625,-0.6));
#780 = CARTESIAN_POINT('',(0.,-0.6));
#781 = ( GEOMETRIC_REPRESENTATION_CONTEXT(2) 
PARAMETRIC_REPRESENTATION_CONTEXT() REPRESENTATION_CONTEXT('2D SPACE',''
  ) );
#782 = FACE_BOUND('',#783,.T.);
#783 = EDGE_LOOP('',(#784,#873,#945,#1002,#1053,#1104,#1155,#1212,#1263,
    #1320,#1371));
#784 = ORIENTED_EDGE('',*,*,#785,.F.);
#785 = EDGE_CURVE('',#786,#788,#790,.T.);
#786 = VERTEX_POINT('',#787);
#787 = CARTESIAN_POINT('',(-5.40966801875,-11.57421875,18.4));
#788 = VERTEX_POINT('',#789);
#789 = CARTESIAN_POINT('',(-6.27099614375,-14.08569335937,18.4));
#790 = SURFACE_CURVE('',#791,(#814,#840),.PCURVE_S1.);
#791 = B_SPLINE_CURVE_WITH_KNOTS('',6,(#792,#793,#794,#795,#796,#797,
    #798,#799,#800,#801,#802,#803,#804,#805,#806,#807,#808,#809,#810,
    #811,#812,#813),.UNSPECIFIED.,.F.,.F.,(7,5,5,5,7),(0.,
    8.251844119402E-02,0.339408977091,0.608908506701,1.),.UNSPECIFIED.);
#792 = CARTESIAN_POINT('',(-5.40966801875,-11.57421875,18.4));
#793 = CARTESIAN_POINT('',(-5.435174721008,-11.60109188273,18.4));
#794 = CARTESIAN_POINT('',(-5.46025566182,-11.62836040959,18.4));
#795 = CARTESIAN_POINT('',(-5.484902293152,-11.65601875248,18.4));
#796 = CARTESIAN_POINT('',(-5.50910679997,-11.68406059188,18.4));
#797 = CARTESIAN_POINT('',(-5.532862100238,-11.71247886676,18.4));
#798 = CARTESIAN_POINT('',(-5.628696951155,-11.83088312671,18.4));
#799 = CARTESIAN_POINT('',(-5.696822170443,-11.92407938274,18.4));
#800 = CARTESIAN_POINT('',(-5.760334654564,-12.02060698319,18.4));
#801 = CARTESIAN_POINT('',(-5.819133519381,-12.12017674336,18.4));
#802 = CARTESIAN_POINT('',(-5.873202459429,-12.22246908784,18.4));
#803 = CARTESIAN_POINT('',(-5.974406477017,-12.43695931874,18.4));
#804 = CARTESIAN_POINT('',(-6.021075080233,-12.54940645372,18.4));
#805 = CARTESIAN_POINT('',(-6.06266409699,-12.66411159436,18.4));
#806 = CARTESIAN_POINT('',(-6.099329156382,-12.78071732739,18.4));
#807 = CARTESIAN_POINT('',(-6.131280351832,-12.89889827413,18.4));
#808 = CARTESIAN_POINT('',(-6.198605968353,-13.19175795022,18.4));
#809 = CARTESIAN_POINT('',(-6.229017684267,-13.3678539731,18.4));
#810 = CARTESIAN_POINT('',(-6.250702856259,-13.54585939983,18.4));
#811 = CARTESIAN_POINT('',(-6.26444997504,-13.72512256013,18.4));
#812 = CARTESIAN_POINT('',(-6.27099614375,-13.90516634981,18.4));
#813 = CARTESIAN_POINT('',(-6.27099614375,-14.08569335937,18.4));
#814 = PCURVE('',#522,#815);
#815 = DEFINITIONAL_REPRESENTATION('',(#816),#839);
#816 = B_SPLINE_CURVE_WITH_KNOTS('',6,(#817,#818,#819,#820,#821,#822,
    #823,#824,#825,#826,#827,#828,#829,#830,#831,#832,#833,#834,#835,
    #836,#837,#838),.UNSPECIFIED.,.F.,.F.,(7,5,5,5,7),(0.,
    8.251844119402E-02,0.339408977091,0.608908506701,1.),.UNSPECIFIED.);
#817 = CARTESIAN_POINT('',(-5.40966801875,-11.57421875));
#818 = CARTESIAN_POINT('',(-5.435174721008,-11.60109188273));
#819 = CARTESIAN_POINT('',(-5.46025566182,-11.62836040959));
#820 = CARTESIAN_POINT('',(-5.484902293152,-11.65601875248));
#821 = CARTESIAN_POINT('',(-5.50910679997,-11.68406059188));
#822 = CARTESIAN_POINT('',(-5.532862100238,-11.71247886676));
#823 = CARTESIAN_POINT('',(-5.628696951155,-11.83088312671));
#824 = CARTESIAN_POINT('',(-5.696822170443,-11.92407938274));
#825 = CARTESIAN_POINT('',(-5.760334654564,-12.02060698319));
#826 = CARTESIAN_POINT('',(-5.819133519381,-12.12017674336));
#827 = CARTESIAN_POINT('',(-5.873202459429,-12.22246908784));
#828 = CARTESIAN_POINT('',(-5.974406477017,-12.43695931874));
#829 = CARTESIAN_POINT('',(-6.021075080233,-12.54940645372));
#830 = CARTESIAN_POINT('',(-6.06266409699,-12.66411159436));
#831 = CARTESIAN_POINT('',(-6.099329156382,-12.78071732739));
#832 = CARTESIAN_POINT('',(-6.131280351832,-12.89889827413));
#833 = CARTESIAN_POINT('',(-6.198605968353,-13.19175795022));
#834 = CARTESIAN_POINT('',(-6.229017684267,-13.3678539731));
#835 = CARTESIAN_POINT('',(-6.250702856259,-13.54585939983));
#836 = CARTESIAN_POINT('',(-6.26444997504,-13.72512256013));
#837 = CARTESIAN_POINT('',(-6.27099614375,-13.90516634981));
#838 = CARTESIAN_POINT('',(-6.27099614375,-14.08569335937));
#839 = ( GEOMETRIC_REPRESENTATION_CONTEXT(2) 
PARAMETRIC_REPRESENTATION_CONTEXT() REPRESENTATION_CONTEXT('2D SPACE',''
  ) );
#840 = PCURVE('',#841,#848);
#841 = SURFACE_OF_LINEAR_EXTRUSION('',#842,#846);
#842 = B_SPLINE_CURVE_WITH_KNOTS('',2,(#843,#844,#845),.UNSPECIFIED.,.F.
  ,.F.,(3,3),(0.,1.),.PIECEWISE_BEZIER_KNOTS.);
#843 = CARTESIAN_POINT('',(-6.27099614375,-14.08569335937,17.8));
#844 = CARTESIAN_POINT('',(-6.27099614375,-12.48168945312,17.8));
#845 = CARTESIAN_POINT('',(-5.40966801875,-11.57421875,17.8));
#846 = VECTOR('',#847,1.);
#847 = DIRECTION('',(-0.,-0.,-1.));
#848 = DEFINITIONAL_REPRESENTATION('',(#849),#872);
#849 = B_SPLINE_CURVE_WITH_KNOTS('',6,(#850,#851,#852,#853,#854,#855,
    #856,#857,#858,#859,#860,#861,#862,#863,#864,#865,#866,#867,#868,
    #869,#870,#871),.UNSPECIFIED.,.F.,.F.,(7,5,5,5,7),(0.,
    8.251844119402E-02,0.339408977091,0.608908506701,1.),.UNSPECIFIED.);
#850 = CARTESIAN_POINT('',(1.,-0.6));
#851 = CARTESIAN_POINT('',(0.985193388258,-0.6));
#852 = CARTESIAN_POINT('',(0.97037085008,-0.6));
#853 = CARTESIAN_POINT('',(0.955536279049,-0.6));
#854 = CARTESIAN_POINT('',(0.940693615103,-0.6));
#855 = CARTESIAN_POINT('',(0.925846844536,-0.6));
#856 = CARTESIAN_POINT('',(0.864779860671,-0.6));
#857 = CARTESIAN_POINT('',(0.818555748346,-0.6));
#858 = CARTESIAN_POINT('',(0.77245596618,-0.6));
#859 = CARTESIAN_POINT('',(0.726596089657,-0.6));
#860 = CARTESIAN_POINT('',(0.681079847068,-0.6));
#861 = CARTESIAN_POINT('',(0.588707492562,-0.6));
#862 = CARTESIAN_POINT('',(0.541891273576,-0.6));
#863 = CARTESIAN_POINT('',(0.495651649554,-0.6));
#864 = CARTESIAN_POINT('',(0.450060802411,-0.6));
#865 = CARTESIAN_POINT('',(0.405167198893,-0.6));
#866 = CARTESIAN_POINT('',(0.296905581005,-0.6));
#867 = CARTESIAN_POINT('',(0.234346764933,-0.6));
#868 = CARTESIAN_POINT('',(0.173392533701,-0.6));
#869 = CARTESIAN_POINT('',(0.114047263468,-0.6));
#870 = CARTESIAN_POINT('',(5.627386842814E-02,-0.6));
#871 = CARTESIAN_POINT('',(0.,-0.6));
#872 = ( GEOMETRIC_REPRESENTATION_CONTEXT(2) 
PARAMETRIC_REPRESENTATION_CONTEXT() REPRESENTATION_CONTEXT('2D SPACE',''
  ) );
#873 = ORIENTED_EDGE('',*,*,#874,.F.);
#874 = EDGE_CURVE('',#875,#786,#877,.T.);
#875 = VERTEX_POINT('',#876);
#876 = CARTESIAN_POINT('',(-3.18603520625,-10.66674804687,18.4));
#877 = SURFACE_CURVE('',#878,(#896,#917),.PCURVE_S1.);
#878 = B_SPLINE_CURVE_WITH_KNOTS('',6,(#879,#880,#881,#882,#883,#884,
    #885,#886,#887,#888,#889,#890,#891,#892,#893,#894,#895),
  .UNSPECIFIED.,.F.,.F.,(7,5,5,7),(0.,0.23162299129,0.641209149905,1.),
  .UNSPECIFIED.);
#879 = CARTESIAN_POINT('',(-3.18603520625,-10.66674804687,18.4));
#880 = CARTESIAN_POINT('',(-3.2827199333,-10.66674804687,18.4));
#881 = CARTESIAN_POINT('',(-3.379224889747,-10.66949065241,18.4));
#882 = CARTESIAN_POINT('',(-3.475452615756,-10.67511742641,18.4));
#883 = CARTESIAN_POINT('',(-3.57128536223,-10.68377063101,18.4));
#884 = CARTESIAN_POINT('',(-3.666586512352,-10.69558335294,18.4));
#885 = CARTESIAN_POINT('',(-3.928513526024,-10.73734716114,18.4));
#886 = CARTESIAN_POINT('',(-4.093735940523,-10.77426964522,18.4));
#887 = CARTESIAN_POINT('',(-4.25591264286,-10.82206134497,18.4));
#888 = CARTESIAN_POINT('',(-4.414033516381,-10.88112807623,18.4));
#889 = CARTESIAN_POINT('',(-4.567092313336,-10.9515043904,18.4));
#890 = CARTESIAN_POINT('',(-4.842981195025,-11.10375648136,18.4));
#891 = CARTESIAN_POINT('',(-4.967252589159,-11.18314960254,18.4));
#892 = CARTESIAN_POINT('',(-5.086347601442,-11.27050501376,18.4));
#893 = CARTESIAN_POINT('',(-5.199886076952,-11.36527332366,18.4));
#894 = CARTESIAN_POINT('',(-5.307677449397,-11.46676440014,18.4));
#895 = CARTESIAN_POINT('',(-5.40966801875,-11.57421875,18.4));
#896 = PCURVE('',#522,#897);
#897 = DEFINITIONAL_REPRESENTATION('',(#898),#916);
#898 = B_SPLINE_CURVE_WITH_KNOTS('',6,(#899,#900,#901,#902,#903,#904,
    #905,#906,#907,#908,#909,#910,#911,#912,#913,#914,#915),
  .UNSPECIFIED.,.F.,.F.,(7,5,5,7),(0.,0.23162299129,0.641209149905,1.),
  .UNSPECIFIED.);
#899 = CARTESIAN_POINT('',(-3.18603520625,-10.66674804687));
#900 = CARTESIAN_POINT('',(-3.2827199333,-10.66674804687));
#901 = CARTESIAN_POINT('',(-3.379224889747,-10.66949065241));
#902 = CARTESIAN_POINT('',(-3.475452615756,-10.67511742641));
#903 = CARTESIAN_POINT('',(-3.57128536223,-10.68377063101));
#904 = CARTESIAN_POINT('',(-3.666586512352,-10.69558335294));
#905 = CARTESIAN_POINT('',(-3.928513526024,-10.73734716114));
#906 = CARTESIAN_POINT('',(-4.093735940523,-10.77426964522));
#907 = CARTESIAN_POINT('',(-4.25591264286,-10.82206134497));
#908 = CARTESIAN_POINT('',(-4.414033516381,-10.88112807623));
#909 = CARTESIAN_POINT('',(-4.567092313336,-10.9515043904));
#910 = CARTESIAN_POINT('',(-4.842981195025,-11.10375648136));
#911 = CARTESIAN_POINT('',(-4.967252589159,-11.18314960254));
#912 = CARTESIAN_POINT('',(-5.086347601442,-11.27050501376));
#913 = CARTESIAN_POINT('',(-5.199886076952,-11.36527332366));
#914 = CARTESIAN_POINT('',(-5.307677449397,-11.46676440014));
#915 = CARTESIAN_POINT('',(-5.40966801875,-11.57421875));
#916 = ( GEOMETRIC_REPRESENTATION_CONTEXT(2) 
PARAMETRIC_REPRESENTATION_CONTEXT() REPRESENTATION_CONTEXT('2D SPACE',''
  ) );
#917 = PCURVE('',#918,#925);
#918 = SURFACE_OF_LINEAR_EXTRUSION('',#919,#923);
#919 = B_SPLINE_CURVE_WITH_KNOTS('',2,(#920,#921,#922),.UNSPECIFIED.,.F.
  ,.F.,(3,3),(0.,1.),.PIECEWISE_BEZIER_KNOTS.);
#920 = CARTESIAN_POINT('',(-5.40966801875,-11.57421875,17.8));
#921 = CARTESIAN_POINT('',(-4.54833989375,-10.66674804687,17.8));
#922 = CARTESIAN_POINT('',(-3.18603520625,-10.66674804687,17.8));
#923 = VECTOR('',#924,1.);
#924 = DIRECTION('',(-0.,-0.,-1.));
#925 = DEFINITIONAL_REPRESENTATION('',(#926),#944);
#926 = B_SPLINE_CURVE_WITH_KNOTS('',6,(#927,#928,#929,#930,#931,#932,
    #933,#934,#935,#936,#937,#938,#939,#940,#941,#942,#943),
  .UNSPECIFIED.,.F.,.F.,(7,5,5,7),(0.,0.23162299129,0.641209149905,1.),
  .UNSPECIFIED.);
#927 = CARTESIAN_POINT('',(1.,-0.6));
#928 = CARTESIAN_POINT('',(0.964514279391,-0.6));
#929 = CARTESIAN_POINT('',(0.928538834624,-0.6));
#930 = CARTESIAN_POINT('',(0.892080752542,-0.6));
#931 = CARTESIAN_POINT('',(0.855154424978,-0.6));
#932 = CARTESIAN_POINT('',(0.81778302781,-0.6));
#933 = CARTESIAN_POINT('',(0.713187093668,-0.6));
#934 = CARTESIAN_POINT('',(0.645065118815,-0.6));
#935 = CARTESIAN_POINT('',(0.575858685198,-0.6));
#936 = CARTESIAN_POINT('',(0.505856304904,-0.6));
#937 = CARTESIAN_POINT('',(0.435420295323,-0.6));
#938 = CARTESIAN_POINT('',(0.30331296031,-0.6));
#939 = CARTESIAN_POINT('',(0.241615671807,-0.6));
#940 = CARTESIAN_POINT('',(0.180204932656,-0.6));
#941 = CARTESIAN_POINT('',(0.119331586475,-0.6));
#942 = CARTESIAN_POINT('',(5.920540987394E-02,-0.6));
#943 = CARTESIAN_POINT('',(0.,-0.6));
#944 = ( GEOMETRIC_REPRESENTATION_CONTEXT(2) 
PARAMETRIC_REPRESENTATION_CONTEXT() REPRESENTATION_CONTEXT('2D SPACE',''
  ) );
#945 = ORIENTED_EDGE('',*,*,#946,.F.);
#946 = EDGE_CURVE('',#947,#875,#949,.T.);
#947 = VERTEX_POINT('',#948);
#948 = CARTESIAN_POINT('',(-1.57763676875,-11.09301757812,18.4));
#949 = SURFACE_CURVE('',#950,(#963,#979),.PCURVE_S1.);
#950 = B_SPLINE_CURVE_WITH_KNOTS('',6,(#951,#952,#953,#954,#955,#956,
    #957,#958,#959,#960,#961,#962),.UNSPECIFIED.,.F.,.F.,(7,5,7),(0.,
    0.258635475777,1.),.UNSPECIFIED.);
#951 = CARTESIAN_POINT('',(-1.57763676875,-11.09301757812,18.4));
#952 = CARTESIAN_POINT('',(-1.639870347878,-11.05598287152,18.4));
#953 = CARTESIAN_POINT('',(-1.703092054644,-11.02076428005,18.4));
#954 = CARTESIAN_POINT('',(-1.767265640754,-10.98741175767,18.4));
#955 = CARTESIAN_POINT('',(-1.832349098434,-10.95596612799,18.4));
#956 = CARTESIAN_POINT('',(-1.898294660429,-10.92645908428,18.4));
#957 = CARTESIAN_POINT('',(-2.156395910346,-10.81995438013,18.4));
#958 = CARTESIAN_POINT('',(-2.35444241218,-10.75708487821,18.4));
#959 = CARTESIAN_POINT('',(-2.557804869137,-10.71089700091,18.4));
#960 = CARTESIAN_POINT('',(-2.765072486771,-10.68107572426,18.4));
#961 = CARTESIAN_POINT('',(-2.974891991332,-10.66674804687,18.4));
#962 = CARTESIAN_POINT('',(-3.18603520625,-10.66674804687,18.4));
#963 = PCURVE('',#522,#964);
#964 = DEFINITIONAL_REPRESENTATION('',(#965),#978);
#965 = B_SPLINE_CURVE_WITH_KNOTS('',6,(#966,#967,#968,#969,#970,#971,
    #972,#973,#974,#975,#976,#977),.UNSPECIFIED.,.F.,.F.,(7,5,7),(0.,
    0.258635475777,1.),.UNSPECIFIED.);
#966 = CARTESIAN_POINT('',(-1.57763676875,-11.09301757812));
#967 = CARTESIAN_POINT('',(-1.639870347878,-11.05598287152));
#968 = CARTESIAN_POINT('',(-1.703092054644,-11.02076428005));
#969 = CARTESIAN_POINT('',(-1.767265640754,-10.98741175767));
#970 = CARTESIAN_POINT('',(-1.832349098434,-10.95596612799));
#971 = CARTESIAN_POINT('',(-1.898294660429,-10.92645908428));
#972 = CARTESIAN_POINT('',(-2.156395910346,-10.81995438013));
#973 = CARTESIAN_POINT('',(-2.35444241218,-10.75708487821));
#974 = CARTESIAN_POINT('',(-2.557804869137,-10.71089700091));
#975 = CARTESIAN_POINT('',(-2.765072486771,-10.68107572426));
#976 = CARTESIAN_POINT('',(-2.974891991332,-10.66674804687));
#977 = CARTESIAN_POINT('',(-3.18603520625,-10.66674804687));
#978 = ( GEOMETRIC_REPRESENTATION_CONTEXT(2) 
PARAMETRIC_REPRESENTATION_CONTEXT() REPRESENTATION_CONTEXT('2D SPACE',''
  ) );
#979 = PCURVE('',#980,#987);
#980 = SURFACE_OF_LINEAR_EXTRUSION('',#981,#985);
#981 = B_SPLINE_CURVE_WITH_KNOTS('',2,(#982,#983,#984),.UNSPECIFIED.,.F.
  ,.F.,(3,3),(0.,1.),.PIECEWISE_BEZIER_KNOTS.);
#982 = CARTESIAN_POINT('',(-3.18603520625,-10.66674804687,17.8));
#983 = CARTESIAN_POINT('',(-2.2939453625,-10.66674804687,17.8));
#984 = CARTESIAN_POINT('',(-1.57763676875,-11.09301757812,17.8));
#985 = VECTOR('',#986,1.);
#986 = DIRECTION('',(-0.,-0.,-1.));
#987 = DEFINITIONAL_REPRESENTATION('',(#988),#1001);
#988 = B_SPLINE_CURVE_WITH_KNOTS('',6,(#989,#990,#991,#992,#993,#994,
    #995,#996,#997,#998,#999,#1000),.UNSPECIFIED.,.F.,.F.,(7,5,7),(0.,
    0.258635475777,1.),.UNSPECIFIED.);
#989 = CARTESIAN_POINT('',(1.,-0.6));
#990 = CARTESIAN_POINT('',(0.956559519409,-0.6));
#991 = CARTESIAN_POINT('',(0.912984963654,-0.6));
#992 = CARTESIAN_POINT('',(0.869308194922,-0.6));
#993 = CARTESIAN_POINT('',(0.825562193217,-0.6));
#994 = CARTESIAN_POINT('',(0.781781056363,-0.6));
#995 = CARTESIAN_POINT('',(0.612503983171,-0.6));
#996 = CARTESIAN_POINT('',(0.486971744909,-0.6));
#997 = CARTESIAN_POINT('',(0.362315576107,-0.6));
#998 = CARTESIAN_POINT('',(0.239253390812,-0.6));
#999 = CARTESIAN_POINT('',(0.118341900425,-0.6));
#1000 = CARTESIAN_POINT('',(0.,-0.6));
#1001 = ( GEOMETRIC_REPRESENTATION_CONTEXT(2) 
PARAMETRIC_REPRESENTATION_CONTEXT() REPRESENTATION_CONTEXT('2D SPACE',''
  ) );
#1002 = ORIENTED_EDGE('',*,*,#1003,.F.);
#1003 = EDGE_CURVE('',#1004,#947,#1006,.T.);
#1004 = VERTEX_POINT('',#1005);
#1005 = CARTESIAN_POINT('',(-0.485595753125,-12.28173828125,18.4));
#1006 = SURFACE_CURVE('',#1007,(#1018,#1032),.PCURVE_S1.);
#1007 = B_SPLINE_CURVE_WITH_KNOTS('',5,(#1008,#1009,#1010,#1011,#1012,
    #1013,#1014,#1015,#1016,#1017),.UNSPECIFIED.,.F.,.F.,(6,4,6),(0.,
    0.561227316375,1.),.UNSPECIFIED.);
#1008 = CARTESIAN_POINT('',(-0.485595753125,-12.28173828125,18.4));
#1009 = CARTESIAN_POINT('',(-0.567648777186,-12.11523302189,18.4));
#1010 = CARTESIAN_POINT('',(-0.661350437375,-11.95571038893,18.4));
#1011 = CARTESIAN_POINT('',(-0.767057241997,-11.80467849241,18.4));
#1012 = CARTESIAN_POINT('',(-0.88466767611,-11.66352787138,18.4));
#1013 = CARTESIAN_POINT('',(-1.113724732429,-11.43134327108,18.4));
#1014 = CARTESIAN_POINT('',(-1.220938788992,-11.33607200049,18.4));
#1015 = CARTESIAN_POINT('',(-1.334421363652,-11.24785855109,18.4));
#1016 = CARTESIAN_POINT('',(-1.453556844064,-11.16685655171,18.4));
#1017 = CARTESIAN_POINT('',(-1.57763676875,-11.09301757812,18.4));
#1018 = PCURVE('',#522,#1019);
#1019 = DEFINITIONAL_REPRESENTATION('',(#1020),#1031);
#1020 = B_SPLINE_CURVE_WITH_KNOTS('',5,(#1021,#1022,#1023,#1024,#1025,
    #1026,#1027,#1028,#1029,#1030),.UNSPECIFIED.,.F.,.F.,(6,4,6),(0.,
    0.561227316375,1.),.UNSPECIFIED.);
#1021 = CARTESIAN_POINT('',(-0.485595753125,-12.28173828125));
#1022 = CARTESIAN_POINT('',(-0.567648777186,-12.11523302189));
#1023 = CARTESIAN_POINT('',(-0.661350437375,-11.95571038893));
#1024 = CARTESIAN_POINT('',(-0.767057241997,-11.80467849241));
#1025 = CARTESIAN_POINT('',(-0.88466767611,-11.66352787138));
#1026 = CARTESIAN_POINT('',(-1.113724732429,-11.43134327108));
#1027 = CARTESIAN_POINT('',(-1.220938788992,-11.33607200049));
#1028 = CARTESIAN_POINT('',(-1.334421363652,-11.24785855109));
#1029 = CARTESIAN_POINT('',(-1.453556844064,-11.16685655171));
#1030 = CARTESIAN_POINT('',(-1.57763676875,-11.09301757812));
#1031 = ( GEOMETRIC_REPRESENTATION_CONTEXT(2) 
PARAMETRIC_REPRESENTATION_CONTEXT() REPRESENTATION_CONTEXT('2D SPACE',''
  ) );
#1032 = PCURVE('',#1033,#1040);
#1033 = SURFACE_OF_LINEAR_EXTRUSION('',#1034,#1038);
#1034 = B_SPLINE_CURVE_WITH_KNOTS('',2,(#1035,#1036,#1037),
  .UNSPECIFIED.,.F.,.F.,(3,3),(0.,1.),.PIECEWISE_BEZIER_KNOTS.);
#1035 = CARTESIAN_POINT('',(-1.57763676875,-11.09301757812,17.8));
#1036 = CARTESIAN_POINT('',(-0.861328175,-11.51928710937,17.8));
#1037 = CARTESIAN_POINT('',(-0.485595753125,-12.28173828125,17.8));
#1038 = VECTOR('',#1039,1.);
#1039 = DIRECTION('',(-0.,-0.,-1.));
#1040 = DEFINITIONAL_REPRESENTATION('',(#1041),#1052);
#1041 = B_SPLINE_CURVE_WITH_KNOTS('',5,(#1042,#1043,#1044,#1045,#1046,
    #1047,#1048,#1049,#1050,#1051),.UNSPECIFIED.,.F.,.F.,(6,4,6),(0.,
    0.561227316375,1.),.UNSPECIFIED.);
#1042 = CARTESIAN_POINT('',(1.,-0.6));
#1043 = CARTESIAN_POINT('',(0.890809231139,-0.6));
#1044 = CARTESIAN_POINT('',(0.779626243284,-0.6));
#1045 = CARTESIAN_POINT('',(0.666961124539,-0.6));
#1046 = CARTESIAN_POINT('',(0.55347155492,-0.6));
#1047 = CARTESIAN_POINT('',(0.351286893537,-0.6));
#1048 = CARTESIAN_POINT('',(0.262565622663,-0.6));
#1049 = CARTESIAN_POINT('',(0.174228257191,-0.6));
#1050 = CARTESIAN_POINT('',(8.661066317538E-02,-0.6));
#1051 = CARTESIAN_POINT('',(0.,-0.6));
#1052 = ( GEOMETRIC_REPRESENTATION_CONTEXT(2) 
PARAMETRIC_REPRESENTATION_CONTEXT() REPRESENTATION_CONTEXT('2D SPACE',''
  ) );
#1053 = ORIENTED_EDGE('',*,*,#1054,.F.);
#1054 = EDGE_CURVE('',#1055,#1004,#1057,.T.);
#1055 = VERTEX_POINT('',#1056);
#1056 = CARTESIAN_POINT('',(-0.10986333125,-14.01098632812,18.4));
#1057 = SURFACE_CURVE('',#1058,(#1069,#1083),.PCURVE_S1.);
#1058 = B_SPLINE_CURVE_WITH_KNOTS('',5,(#1059,#1060,#1061,#1062,#1063,
    #1064,#1065,#1066,#1067,#1068),.UNSPECIFIED.,.F.,.F.,(6,4,6),(0.,
    0.512627354915,1.),.UNSPECIFIED.);
#1059 = CARTESIAN_POINT('',(-0.10986333125,-14.01098632812,18.4));
#1060 = CARTESIAN_POINT('',(-0.10986333125,-13.82460696914,18.4));
#1061 = CARTESIAN_POINT('',(-0.118591216952,-13.63922601229,18.4));
#1062 = CARTESIAN_POINT('',(-0.136745833793,-13.45538395141,18.4));
#1063 = CARTESIAN_POINT('',(-0.165008487755,-13.27379117618,18.4));
#1064 = CARTESIAN_POINT('',(-0.240673488055,-12.92555518064,18.4));
#1065 = CARTESIAN_POINT('',(-0.287066654562,-12.7586034277,18.4));
#1066 = CARTESIAN_POINT('',(-0.343327463408,-12.59516287572,18.4));
#1067 = CARTESIAN_POINT('',(-0.409586607758,-12.43597906161,18.4));
#1068 = CARTESIAN_POINT('',(-0.485595753125,-12.28173828125,18.4));
#1069 = PCURVE('',#522,#1070);
#1070 = DEFINITIONAL_REPRESENTATION('',(#1071),#1082);
#1071 = B_SPLINE_CURVE_WITH_KNOTS('',5,(#1072,#1073,#1074,#1075,#1076,
    #1077,#1078,#1079,#1080,#1081),.UNSPECIFIED.,.F.,.F.,(6,4,6),(0.,
    0.512627354915,1.),.UNSPECIFIED.);
#1072 = CARTESIAN_POINT('',(-0.10986333125,-14.01098632812));
#1073 = CARTESIAN_POINT('',(-0.10986333125,-13.82460696914));
#1074 = CARTESIAN_POINT('',(-0.118591216952,-13.63922601229));
#1075 = CARTESIAN_POINT('',(-0.136745833793,-13.45538395141));
#1076 = CARTESIAN_POINT('',(-0.165008487755,-13.27379117618));
#1077 = CARTESIAN_POINT('',(-0.240673488055,-12.92555518064));
#1078 = CARTESIAN_POINT('',(-0.287066654562,-12.7586034277));
#1079 = CARTESIAN_POINT('',(-0.343327463408,-12.59516287572));
#1080 = CARTESIAN_POINT('',(-0.409586607758,-12.43597906161));
#1081 = CARTESIAN_POINT('',(-0.485595753125,-12.28173828125));
#1082 = ( GEOMETRIC_REPRESENTATION_CONTEXT(2) 
PARAMETRIC_REPRESENTATION_CONTEXT() REPRESENTATION_CONTEXT('2D SPACE',''
  ) );
#1083 = PCURVE('',#1084,#1091);
#1084 = SURFACE_OF_LINEAR_EXTRUSION('',#1085,#1089);
#1085 = B_SPLINE_CURVE_WITH_KNOTS('',2,(#1086,#1087,#1088),
  .UNSPECIFIED.,.F.,.F.,(3,3),(0.,1.),.PIECEWISE_BEZIER_KNOTS.);
#1086 = CARTESIAN_POINT('',(-0.485595753125,-12.28173828125,17.8));
#1087 = CARTESIAN_POINT('',(-0.10986333125,-13.04418945312,17.8));
#1088 = CARTESIAN_POINT('',(-0.10986333125,-14.01098632812,17.8));
#1089 = VECTOR('',#1090,1.);
#1090 = DIRECTION('',(-0.,-0.,-1.));
#1091 = DEFINITIONAL_REPRESENTATION('',(#1092),#1103);
#1092 = B_SPLINE_CURVE_WITH_KNOTS('',5,(#1093,#1094,#1095,#1096,#1097,
    #1098,#1099,#1100,#1101,#1102),.UNSPECIFIED.,.F.,.F.,(6,4,6),(0.,
    0.512627354915,1.),.UNSPECIFIED.);
#1093 = CARTESIAN_POINT('',(1.,-0.6));
#1094 = CARTESIAN_POINT('',(0.903609866873,-0.6));
#1095 = CARTESIAN_POINT('',(0.805281196897,-0.6));
#1096 = CARTESIAN_POINT('',(0.705096954768,-0.6));
#1097 = CARTESIAN_POINT('',(0.603232903804,-0.6));
#1098 = CARTESIAN_POINT('',(0.40185289001,-0.6));
#1099 = CARTESIAN_POINT('',(0.302461213652,-0.6));
#1100 = CARTESIAN_POINT('',(0.202109970931,-0.6));
#1101 = CARTESIAN_POINT('',(0.101147972523,-0.6));
#1102 = CARTESIAN_POINT('',(0.,-0.6));
#1103 = ( GEOMETRIC_REPRESENTATION_CONTEXT(2) 
PARAMETRIC_REPRESENTATION_CONTEXT() REPRESENTATION_CONTEXT('2D SPACE',''
  ) );
#1104 = ORIENTED_EDGE('',*,*,#1105,.F.);
#1105 = EDGE_CURVE('',#1106,#1055,#1108,.T.);
#1106 = VERTEX_POINT('',#1107);
#1107 = CARTESIAN_POINT('',(-0.50537114375,-15.76440429687,18.4));
#1108 = SURFACE_CURVE('',#1109,(#1120,#1134),.PCURVE_S1.);
#1109 = B_SPLINE_CURVE_WITH_KNOTS('',5,(#1110,#1111,#1112,#1113,#1114,
    #1115,#1116,#1117,#1118,#1119),.UNSPECIFIED.,.F.,.F.,(6,4,6),(0.,
    0.49004405862,1.),.UNSPECIFIED.);
#1110 = CARTESIAN_POINT('',(-0.50537114375,-15.76440429687,18.4));
#1111 = CARTESIAN_POINT('',(-0.425233169803,-15.60769003671,18.4));
#1112 = CARTESIAN_POINT('',(-0.355270962841,-15.44572937593,18.4));
#1113 = CARTESIAN_POINT('',(-0.295830544642,-15.27923291322,18.4));
#1114 = CARTESIAN_POINT('',(-0.246837157758,-15.10899326216,18.4));
#1115 = CARTESIAN_POINT('',(-0.167484482641,-14.75561713906,18.4));
#1116 = CARTESIAN_POINT('',(-0.137959823014,-14.5722198781,18.4));
#1117 = CARTESIAN_POINT('',(-0.118985482731,-14.38650759781,18.4));
#1118 = CARTESIAN_POINT('',(-0.10986333125,-14.19923655799,18.4));
#1119 = CARTESIAN_POINT('',(-0.10986333125,-14.01098632812,18.4));
#1120 = PCURVE('',#522,#1121);
#1121 = DEFINITIONAL_REPRESENTATION('',(#1122),#1133);
#1122 = B_SPLINE_CURVE_WITH_KNOTS('',5,(#1123,#1124,#1125,#1126,#1127,
    #1128,#1129,#1130,#1131,#1132),.UNSPECIFIED.,.F.,.F.,(6,4,6),(0.,
    0.49004405862,1.),.UNSPECIFIED.);
#1123 = CARTESIAN_POINT('',(-0.50537114375,-15.76440429687));
#1124 = CARTESIAN_POINT('',(-0.425233169803,-15.60769003671));
#1125 = CARTESIAN_POINT('',(-0.355270962841,-15.44572937593));
#1126 = CARTESIAN_POINT('',(-0.295830544642,-15.27923291322));
#1127 = CARTESIAN_POINT('',(-0.246837157758,-15.10899326216));
#1128 = CARTESIAN_POINT('',(-0.167484482641,-14.75561713906));
#1129 = CARTESIAN_POINT('',(-0.137959823014,-14.5722198781));
#1130 = CARTESIAN_POINT('',(-0.118985482731,-14.38650759781));
#1131 = CARTESIAN_POINT('',(-0.10986333125,-14.19923655799));
#1132 = CARTESIAN_POINT('',(-0.10986333125,-14.01098632812));
#1133 = ( GEOMETRIC_REPRESENTATION_CONTEXT(2) 
PARAMETRIC_REPRESENTATION_CONTEXT() REPRESENTATION_CONTEXT('2D SPACE',''
  ) );
#1134 = PCURVE('',#1135,#1142);
#1135 = SURFACE_OF_LINEAR_EXTRUSION('',#1136,#1140);
#1136 = B_SPLINE_CURVE_WITH_KNOTS('',2,(#1137,#1138,#1139),
  .UNSPECIFIED.,.F.,.F.,(3,3),(0.,1.),.PIECEWISE_BEZIER_KNOTS.);
#1137 = CARTESIAN_POINT('',(-0.10986333125,-14.01098632812,17.8));
#1138 = CARTESIAN_POINT('',(-0.10986333125,-14.99096679687,17.8));
#1139 = CARTESIAN_POINT('',(-0.50537114375,-15.76440429687,17.8));
#1140 = VECTOR('',#1141,1.);
#1141 = DIRECTION('',(-0.,-0.,-1.));
#1142 = DEFINITIONAL_REPRESENTATION('',(#1143),#1154);
#1143 = B_SPLINE_CURVE_WITH_KNOTS('',5,(#1144,#1145,#1146,#1147,#1148,
    #1149,#1150,#1151,#1152,#1153),.UNSPECIFIED.,.F.,.F.,(6,4,6),(0.,
    0.49004405862,1.),.UNSPECIFIED.);
#1144 = CARTESIAN_POINT('',(1.,-0.6));
#1145 = CARTESIAN_POINT('',(0.898689771208,-0.6));
#1146 = CARTESIAN_POINT('',(0.797414038529,-0.6));
#1147 = CARTESIAN_POINT('',(0.696627555382,-0.6));
#1148 = CARTESIAN_POINT('',(0.596714805752,-0.6));
#1149 = CARTESIAN_POINT('',(0.395274131152,-0.6));
#1150 = CARTESIAN_POINT('',(0.293835530764,-0.6));
#1151 = CARTESIAN_POINT('',(0.194026856673,-0.6));
#1152 = CARTESIAN_POINT('',(9.604794986616E-02,-0.6));
#1153 = CARTESIAN_POINT('',(0.,-0.6));
#1154 = ( GEOMETRIC_REPRESENTATION_CONTEXT(2) 
PARAMETRIC_REPRESENTATION_CONTEXT() REPRESENTATION_CONTEXT('2D SPACE',''
  ) );
#1155 = ORIENTED_EDGE('',*,*,#1156,.F.);
#1156 = EDGE_CURVE('',#1157,#1106,#1159,.T.);
#1157 = VERTEX_POINT('',#1158);
#1158 = CARTESIAN_POINT('',(-1.6259766125,-16.935546875,18.4));
#1159 = SURFACE_CURVE('',#1160,(#1173,#1189),.PCURVE_S1.);
#1160 = B_SPLINE_CURVE_WITH_KNOTS('',6,(#1161,#1162,#1163,#1164,#1165,
    #1166,#1167,#1168,#1169,#1170,#1171,#1172),.UNSPECIFIED.,.F.,.F.,(7,
    5,7),(0.,0.355116184264,1.),.UNSPECIFIED.);
#1161 = CARTESIAN_POINT('',(-1.6259766125,-16.935546875,18.4));
#1162 = CARTESIAN_POINT('',(-1.540447010099,-16.88863518398,18.4));
#1163 = CARTESIAN_POINT('',(-1.457085089657,-16.83826662845,18.4));
#1164 = CARTESIAN_POINT('',(-1.376091498532,-16.78443229242,18.4));
#1165 = CARTESIAN_POINT('',(-1.297650153284,-16.72716002289,18.4));
#1166 = CARTESIAN_POINT('',(-1.221923578125,-16.66652072698,18.4));
#1167 = CARTESIAN_POINT('',(-1.016708107823,-16.48661887832,18.4));
#1168 = CARTESIAN_POINT('',(-0.89373010907,-16.35986041233,18.4));
#1169 = CARTESIAN_POINT('',(-0.780998058562,-16.22311459268,18.4));
#1170 = CARTESIAN_POINT('',(-0.678806561409,-16.07745879962,18.4));
#1171 = CARTESIAN_POINT('',(-0.587049960954,-15.92413176163,18.4));
#1172 = CARTESIAN_POINT('',(-0.50537114375,-15.76440429687,18.4));
#1173 = PCURVE('',#522,#1174);
#1174 = DEFINITIONAL_REPRESENTATION('',(#1175),#1188);
#1175 = B_SPLINE_CURVE_WITH_KNOTS('',6,(#1176,#1177,#1178,#1179,#1180,
    #1181,#1182,#1183,#1184,#1185,#1186,#1187),.UNSPECIFIED.,.F.,.F.,(7,
    5,7),(0.,0.355116184264,1.),.UNSPECIFIED.);
#1176 = CARTESIAN_POINT('',(-1.6259766125,-16.935546875));
#1177 = CARTESIAN_POINT('',(-1.540447010099,-16.88863518398));
#1178 = CARTESIAN_POINT('',(-1.457085089657,-16.83826662845));
#1179 = CARTESIAN_POINT('',(-1.376091498532,-16.78443229242));
#1180 = CARTESIAN_POINT('',(-1.297650153284,-16.72716002289));
#1181 = CARTESIAN_POINT('',(-1.221923578125,-16.66652072698));
#1182 = CARTESIAN_POINT('',(-1.016708107823,-16.48661887832));
#1183 = CARTESIAN_POINT('',(-0.89373010907,-16.35986041233));
#1184 = CARTESIAN_POINT('',(-0.780998058562,-16.22311459268));
#1185 = CARTESIAN_POINT('',(-0.678806561409,-16.07745879962));
#1186 = CARTESIAN_POINT('',(-0.587049960954,-15.92413176163));
#1187 = CARTESIAN_POINT('',(-0.50537114375,-15.76440429687));
#1188 = ( GEOMETRIC_REPRESENTATION_CONTEXT(2) 
PARAMETRIC_REPRESENTATION_CONTEXT() REPRESENTATION_CONTEXT('2D SPACE',''
  ) );
#1189 = PCURVE('',#1190,#1197);
#1190 = SURFACE_OF_LINEAR_EXTRUSION('',#1191,#1195);
#1191 = B_SPLINE_CURVE_WITH_KNOTS('',2,(#1192,#1193,#1194),
  .UNSPECIFIED.,.F.,.F.,(3,3),(0.,1.),.PIECEWISE_BEZIER_KNOTS.);
#1192 = CARTESIAN_POINT('',(-0.50537114375,-15.76440429687,17.8));
#1193 = CARTESIAN_POINT('',(-0.90087895625,-16.53784179687,17.8));
#1194 = CARTESIAN_POINT('',(-1.6259766125,-16.935546875,17.8));
#1195 = VECTOR('',#1196,1.);
#1196 = DIRECTION('',(-0.,-0.,-1.));
#1197 = DEFINITIONAL_REPRESENTATION('',(#1198),#1211);
#1198 = B_SPLINE_CURVE_WITH_KNOTS('',6,(#1199,#1200,#1201,#1202,#1203,
    #1204,#1205,#1206,#1207,#1208,#1209,#1210),.UNSPECIFIED.,.F.,.F.,(7,
    5,7),(0.,0.355116184264,1.),.UNSPECIFIED.);
#1199 = CARTESIAN_POINT('',(1.,-0.6));
#1200 = CARTESIAN_POINT('',(0.941022011543,-0.6));
#1201 = CARTESIAN_POINT('',(0.881641469026,-0.6));
#1202 = CARTESIAN_POINT('',(0.821948145808,-0.6));
#1203 = CARTESIAN_POINT('',(0.762039039648,-0.6));
#1204 = CARTESIAN_POINT('',(0.702018774118,-0.6));
#1205 = CARTESIAN_POINT('',(0.533007118841,-0.6));
#1206 = CARTESIAN_POINT('',(0.423985715874,-0.6));
#1207 = CARTESIAN_POINT('',(0.315655730311,-0.6));
#1208 = CARTESIAN_POINT('',(0.208594312823,-0.6));
#1209 = CARTESIAN_POINT('',(0.103258159033,-0.6));
#1210 = CARTESIAN_POINT('',(0.,-0.6));
#1211 = ( GEOMETRIC_REPRESENTATION_CONTEXT(2) 
PARAMETRIC_REPRESENTATION_CONTEXT() REPRESENTATION_CONTEXT('2D SPACE',''
  ) );
#1212 = ORIENTED_EDGE('',*,*,#1213,.F.);
#1213 = EDGE_CURVE('',#1214,#1157,#1216,.T.);
#1214 = VERTEX_POINT('',#1215);
#1215 = CARTESIAN_POINT('',(-3.1904297375,-17.33325195312,18.4));
#1216 = SURFACE_CURVE('',#1217,(#1228,#1242),.PCURVE_S1.);
#1217 = B_SPLINE_CURVE_WITH_KNOTS('',5,(#1218,#1219,#1220,#1221,#1222,
    #1223,#1224,#1225,#1226,#1227),.UNSPECIFIED.,.F.,.F.,(6,4,6),(0.,
    0.560915555054,1.),.UNSPECIFIED.);
#1218 = CARTESIAN_POINT('',(-3.1904297375,-17.33325195312,18.4));
#1219 = CARTESIAN_POINT('',(-3.005987440691,-17.33325195312,18.4));
#1220 = CARTESIAN_POINT('',(-2.822423734274,-17.32124947405,18.4));
#1221 = CARTESIAN_POINT('',(-2.640637088601,-17.29657580058,18.4));
#1222 = CARTESIAN_POINT('',(-2.461573683648,-17.25891027821,18.4));
#1223 = CARTESIAN_POINT('',(-2.148887006361,-17.16909526571,18.4));
#1224 = CARTESIAN_POINT('',(-2.013823510868,-17.121863424,18.4));
#1225 = CARTESIAN_POINT('',(-1.881438860399,-17.06696253543,18.4));
#1226 = CARTESIAN_POINT('',(-1.752071986087,-17.00470827687,18.4));
#1227 = CARTESIAN_POINT('',(-1.6259766125,-16.935546875,18.4));
#1228 = PCURVE('',#522,#1229);
#1229 = DEFINITIONAL_REPRESENTATION('',(#1230),#1241);
#1230 = B_SPLINE_CURVE_WITH_KNOTS('',5,(#1231,#1232,#1233,#1234,#1235,
    #1236,#1237,#1238,#1239,#1240),.UNSPECIFIED.,.F.,.F.,(6,4,6),(0.,
    0.560915555054,1.),.UNSPECIFIED.);
#1231 = CARTESIAN_POINT('',(-3.1904297375,-17.33325195312));
#1232 = CARTESIAN_POINT('',(-3.005987440691,-17.33325195312));
#1233 = CARTESIAN_POINT('',(-2.822423734274,-17.32124947405));
#1234 = CARTESIAN_POINT('',(-2.640637088601,-17.29657580058));
#1235 = CARTESIAN_POINT('',(-2.461573683648,-17.25891027821));
#1236 = CARTESIAN_POINT('',(-2.148887006361,-17.16909526571));
#1237 = CARTESIAN_POINT('',(-2.013823510868,-17.121863424));
#1238 = CARTESIAN_POINT('',(-1.881438860399,-17.06696253543));
#1239 = CARTESIAN_POINT('',(-1.752071986087,-17.00470827687));
#1240 = CARTESIAN_POINT('',(-1.6259766125,-16.935546875));
#1241 = ( GEOMETRIC_REPRESENTATION_CONTEXT(2) 
PARAMETRIC_REPRESENTATION_CONTEXT() REPRESENTATION_CONTEXT('2D SPACE',''
  ) );
#1242 = PCURVE('',#1243,#1250);
#1243 = SURFACE_OF_LINEAR_EXTRUSION('',#1244,#1248);
#1244 = B_SPLINE_CURVE_WITH_KNOTS('',2,(#1245,#1246,#1247),
  .UNSPECIFIED.,.F.,.F.,(3,3),(0.,1.),.PIECEWISE_BEZIER_KNOTS.);
#1245 = CARTESIAN_POINT('',(-1.6259766125,-16.935546875,17.8));
#1246 = CARTESIAN_POINT('',(-2.35107426875,-17.33325195312,17.8));
#1247 = CARTESIAN_POINT('',(-3.1904297375,-17.33325195312,17.8));
#1248 = VECTOR('',#1249,1.);
#1249 = DIRECTION('',(-0.,-0.,-1.));
#1250 = DEFINITIONAL_REPRESENTATION('',(#1251),#1262);
#1251 = B_SPLINE_CURVE_WITH_KNOTS('',5,(#1252,#1253,#1254,#1255,#1256,
    #1257,#1258,#1259,#1260,#1261),.UNSPECIFIED.,.F.,.F.,(6,4,6),(0.,
    0.560915555054,1.),.UNSPECIFIED.);
#1252 = CARTESIAN_POINT('',(1.,-0.6));
#1253 = CARTESIAN_POINT('',(0.89012861435,-0.6));
#1254 = CARTESIAN_POINT('',(0.778726509156,-0.6));
#1255 = CARTESIAN_POINT('',(0.666214455635,-0.6));
#1256 = CARTESIAN_POINT('',(0.553101212156,-0.6));
#1257 = CARTESIAN_POINT('',(0.351464421846,-0.6));
#1258 = CARTESIAN_POINT('',(0.26292454219,-0.6));
#1259 = CARTESIAN_POINT('',(0.174667964997,-0.6));
#1260 = CARTESIAN_POINT('',(8.695061451361E-02,-0.6));
#1261 = CARTESIAN_POINT('',(0.,-0.6));
#1262 = ( GEOMETRIC_REPRESENTATION_CONTEXT(2) 
PARAMETRIC_REPRESENTATION_CONTEXT() REPRESENTATION_CONTEXT('2D SPACE',''
  ) );
#1263 = ORIENTED_EDGE('',*,*,#1264,.F.);
#1264 = EDGE_CURVE('',#1265,#1214,#1267,.T.);
#1265 = VERTEX_POINT('',#1266);
#1266 = CARTESIAN_POINT('',(-4.8164063,-16.89379882812,18.4));
#1267 = SURFACE_CURVE('',#1268,(#1281,#1297),.PCURVE_S1.);
#1268 = B_SPLINE_CURVE_WITH_KNOTS('',6,(#1269,#1270,#1271,#1272,#1273,
    #1274,#1275,#1276,#1277,#1278,#1279,#1280),.UNSPECIFIED.,.F.,.F.,(7,
    5,7),(0.,0.232305583621,1.),.UNSPECIFIED.);
#1269 = CARTESIAN_POINT('',(-4.8164063,-16.89379882812,18.4));
#1270 = CARTESIAN_POINT('',(-4.760311159407,-16.9282130248,18.4));
#1271 = CARTESIAN_POINT('',(-4.703353691472,-16.96110286598,18.4));
#1272 = CARTESIAN_POINT('',(-4.645562593375,-16.99242967319,18.4));
#1273 = CARTESIAN_POINT('',(-4.586970882966,-17.02216142232,18.4));
#1274 = CARTESIAN_POINT('',(-4.527615898773,-17.05027274366,18.4));
#1275 = CARTESIAN_POINT('',(-4.269005675822,-17.16422686304,18.4));
#1276 = CARTESIAN_POINT('',(-4.062523642832,-17.2338391628,18.4));
#1277 = CARTESIAN_POINT('',(-3.849760883576,-17.28481644039,18.4));
#1278 = CARTESIAN_POINT('',(-3.632432779836,-17.31758453319,18.4));
#1279 = CARTESIAN_POINT('',(-3.412171631496,-17.33325195312,18.4));
#1280 = CARTESIAN_POINT('',(-3.1904297375,-17.33325195312,18.4));
#1281 = PCURVE('',#522,#1282);
#1282 = DEFINITIONAL_REPRESENTATION('',(#1283),#1296);
#1283 = B_SPLINE_CURVE_WITH_KNOTS('',6,(#1284,#1285,#1286,#1287,#1288,
    #1289,#1290,#1291,#1292,#1293,#1294,#1295),.UNSPECIFIED.,.F.,.F.,(7,
    5,7),(0.,0.232305583621,1.),.UNSPECIFIED.);
#1284 = CARTESIAN_POINT('',(-4.8164063,-16.89379882812));
#1285 = CARTESIAN_POINT('',(-4.760311159407,-16.9282130248));
#1286 = CARTESIAN_POINT('',(-4.703353691472,-16.96110286598));
#1287 = CARTESIAN_POINT('',(-4.645562593375,-16.99242967319));
#1288 = CARTESIAN_POINT('',(-4.586970882966,-17.02216142232));
#1289 = CARTESIAN_POINT('',(-4.527615898773,-17.05027274366));
#1290 = CARTESIAN_POINT('',(-4.269005675822,-17.16422686304));
#1291 = CARTESIAN_POINT('',(-4.062523642832,-17.2338391628));
#1292 = CARTESIAN_POINT('',(-3.849760883576,-17.28481644039));
#1293 = CARTESIAN_POINT('',(-3.632432779836,-17.31758453319));
#1294 = CARTESIAN_POINT('',(-3.412171631496,-17.33325195312));
#1295 = CARTESIAN_POINT('',(-3.1904297375,-17.33325195312));
#1296 = ( GEOMETRIC_REPRESENTATION_CONTEXT(2) 
PARAMETRIC_REPRESENTATION_CONTEXT() REPRESENTATION_CONTEXT('2D SPACE',''
  ) );
#1297 = PCURVE('',#1298,#1305);
#1298 = SURFACE_OF_LINEAR_EXTRUSION('',#1299,#1303);
#1299 = B_SPLINE_CURVE_WITH_KNOTS('',2,(#1300,#1301,#1302),
  .UNSPECIFIED.,.F.,.F.,(3,3),(0.,1.),.PIECEWISE_BEZIER_KNOTS.);
#1300 = CARTESIAN_POINT('',(-3.1904297375,-17.33325195312,17.8));
#1301 = CARTESIAN_POINT('',(-4.10009770625,-17.33325195312,17.8));
#1302 = CARTESIAN_POINT('',(-4.8164063,-16.89379882812,17.8));
#1303 = VECTOR('',#1304,1.);
#1304 = DIRECTION('',(-0.,-0.,-1.));
#1305 = DEFINITIONAL_REPRESENTATION('',(#1306),#1319);
#1306 = B_SPLINE_CURVE_WITH_KNOTS('',6,(#1307,#1308,#1309,#1310,#1311,
    #1312,#1313,#1314,#1315,#1316,#1317,#1318),.UNSPECIFIED.,.F.,.F.,(7,
    5,7),(0.,0.232305583621,1.),.UNSPECIFIED.);
#1307 = CARTESIAN_POINT('',(1.,-0.6));
#1308 = CARTESIAN_POINT('',(0.960844291774,-0.6));
#1309 = CARTESIAN_POINT('',(0.921583264395,-0.6));
#1310 = CARTESIAN_POINT('',(0.882242045551,-0.6));
#1311 = CARTESIAN_POINT('',(0.842846528456,-0.6));
#1312 = CARTESIAN_POINT('',(0.80342337185,-0.6));
#1313 = CARTESIAN_POINT('',(0.63371857511,-0.6));
#1314 = CARTESIAN_POINT('',(0.503390008517,-0.6));
#1315 = CARTESIAN_POINT('',(0.374116048416,-0.6));
#1316 = CARTESIAN_POINT('',(0.246736569015,-0.6));
#1317 = CARTESIAN_POINT('',(0.121880676034,-0.6));
#1318 = CARTESIAN_POINT('',(0.,-0.6));
#1319 = ( GEOMETRIC_REPRESENTATION_CONTEXT(2) 
PARAMETRIC_REPRESENTATION_CONTEXT() REPRESENTATION_CONTEXT('2D SPACE',''
  ) );
#1320 = ORIENTED_EDGE('',*,*,#1321,.F.);
#1321 = EDGE_CURVE('',#1322,#1265,#1324,.T.);
#1322 = VERTEX_POINT('',#1323);
#1323 = CARTESIAN_POINT('',(-5.90185551875,-15.69409179687,18.4));
#1324 = SURFACE_CURVE('',#1325,(#1336,#1350),.PCURVE_S1.);
#1325 = B_SPLINE_CURVE_WITH_KNOTS('',5,(#1326,#1327,#1328,#1329,#1330,
    #1331,#1332,#1333,#1334,#1335),.UNSPECIFIED.,.F.,.F.,(6,4,6),(0.,
    0.518357969383,1.),.UNSPECIFIED.);
#1326 = CARTESIAN_POINT('',(-5.90185551875,-15.69409179687,18.4));
#1327 = CARTESIAN_POINT('',(-5.826978023156,-15.84830378184,18.4));
#1328 = CARTESIAN_POINT('',(-5.742021218324,-15.99663782563,18.4));
#1329 = CARTESIAN_POINT('',(-5.646745702256,-16.13794926434,18.4));
#1330 = CARTESIAN_POINT('',(-5.541261391973,-16.27119935908,18.4));
#1331 = CARTESIAN_POINT('',(-5.31942809228,-16.51125920804,18.4));
#1332 = CARTESIAN_POINT('',(-5.204354010542,-16.61929911527,18.4));
#1333 = CARTESIAN_POINT('',(-5.081602957698,-16.71915074566,18.4));
#1334 = CARTESIAN_POINT('',(-4.951979373212,-16.81062516357,18.4));
#1335 = CARTESIAN_POINT('',(-4.8164063,-16.89379882812,18.4));
#1336 = PCURVE('',#522,#1337);
#1337 = DEFINITIONAL_REPRESENTATION('',(#1338),#1349);
#1338 = B_SPLINE_CURVE_WITH_KNOTS('',5,(#1339,#1340,#1341,#1342,#1343,
    #1344,#1345,#1346,#1347,#1348),.UNSPECIFIED.,.F.,.F.,(6,4,6),(0.,
    0.518357969383,1.),.UNSPECIFIED.);
#1339 = CARTESIAN_POINT('',(-5.90185551875,-15.69409179687));
#1340 = CARTESIAN_POINT('',(-5.826978023156,-15.84830378184));
#1341 = CARTESIAN_POINT('',(-5.742021218324,-15.99663782563));
#1342 = CARTESIAN_POINT('',(-5.646745702256,-16.13794926434));
#1343 = CARTESIAN_POINT('',(-5.541261391973,-16.27119935908));
#1344 = CARTESIAN_POINT('',(-5.31942809228,-16.51125920804));
#1345 = CARTESIAN_POINT('',(-5.204354010542,-16.61929911527));
#1346 = CARTESIAN_POINT('',(-5.081602957698,-16.71915074566));
#1347 = CARTESIAN_POINT('',(-4.951979373212,-16.81062516357));
#1348 = CARTESIAN_POINT('',(-4.8164063,-16.89379882812));
#1349 = ( GEOMETRIC_REPRESENTATION_CONTEXT(2) 
PARAMETRIC_REPRESENTATION_CONTEXT() REPRESENTATION_CONTEXT('2D SPACE',''
  ) );
#1350 = PCURVE('',#1351,#1358);
#1351 = SURFACE_OF_LINEAR_EXTRUSION('',#1352,#1356);
#1352 = B_SPLINE_CURVE_WITH_KNOTS('',2,(#1353,#1354,#1355),
  .UNSPECIFIED.,.F.,.F.,(3,3),(0.,1.),.PIECEWISE_BEZIER_KNOTS.);
#1353 = CARTESIAN_POINT('',(-4.8164063,-16.89379882812,17.8));
#1354 = CARTESIAN_POINT('',(-5.53271489375,-16.45434570312,17.8));
#1355 = CARTESIAN_POINT('',(-5.90185551875,-15.69409179687,17.8));
#1356 = VECTOR('',#1357,1.);
#1357 = DIRECTION('',(-0.,-0.,-1.));
#1358 = DEFINITIONAL_REPRESENTATION('',(#1359),#1370);
#1359 = B_SPLINE_CURVE_WITH_KNOTS('',5,(#1360,#1361,#1362,#1363,#1364,
    #1365,#1366,#1367,#1368,#1369),.UNSPECIFIED.,.F.,.F.,(6,4,6),(0.,
    0.518357969383,1.),.UNSPECIFIED.);
#1360 = CARTESIAN_POINT('',(1.,-0.6));
#1361 = CARTESIAN_POINT('',(0.898578630306,-0.6));
#1362 = CARTESIAN_POINT('',(0.795597436638,-0.6));
#1363 = CARTESIAN_POINT('',(0.691475648655,-0.6));
#1364 = CARTESIAN_POINT('',(0.586730948717,-0.6));
#1365 = CARTESIAN_POINT('',(0.384687274455,-0.6));
#1366 = CARTESIAN_POINT('',(0.287364659432,-0.6));
#1367 = CARTESIAN_POINT('',(0.190538870285,-0.6));
#1368 = CARTESIAN_POINT('',(9.463314721825E-02,-0.6));
#1369 = CARTESIAN_POINT('',(0.,-0.6));
#1370 = ( GEOMETRIC_REPRESENTATION_CONTEXT(2) 
PARAMETRIC_REPRESENTATION_CONTEXT() REPRESENTATION_CONTEXT('2D SPACE',''
  ) );
#1371 = ORIENTED_EDGE('',*,*,#1372,.F.);
#1372 = EDGE_CURVE('',#788,#1322,#1373,.T.);
#1373 = SURFACE_CURVE('',#1374,(#1385,#1399),.PCURVE_S1.);
#1374 = B_SPLINE_CURVE_WITH_KNOTS('',5,(#1375,#1376,#1377,#1378,#1379,
    #1380,#1381,#1382,#1383,#1384),.UNSPECIFIED.,.F.,.F.,(6,4,6),(0.,
    0.518221386826,1.),.UNSPECIFIED.);
#1375 = CARTESIAN_POINT('',(-6.27099614375,-14.08569335937,18.4));
#1376 = CARTESIAN_POINT('',(-6.27099614375,-14.25907443474,18.4));
#1377 = CARTESIAN_POINT('',(-6.261354870087,-14.43187497479,18.4));
#1378 = CARTESIAN_POINT('',(-6.241690710879,-14.60350278145,18.4));
#1379 = CARTESIAN_POINT('',(-6.211838063715,-14.77334606498,18.4));
#1380 = CARTESIAN_POINT('',(-6.134860906767,-15.09645481533,18.4));
#1381 = CARTESIAN_POINT('',(-6.089094988663,-15.25006144269,18.4));
#1382 = CARTESIAN_POINT('',(-6.034765082436,-15.40111415408,18.4));
#1383 = CARTESIAN_POINT('',(-5.972195397731,-15.54922514135,18.4));
#1384 = CARTESIAN_POINT('',(-5.90185551875,-15.69409179687,18.4));
#1385 = PCURVE('',#522,#1386);
#1386 = DEFINITIONAL_REPRESENTATION('',(#1387),#1398);
#1387 = B_SPLINE_CURVE_WITH_KNOTS('',5,(#1388,#1389,#1390,#1391,#1392,
    #1393,#1394,#1395,#1396,#1397),.UNSPECIFIED.,.F.,.F.,(6,4,6),(0.,
    0.518221386826,1.),.UNSPECIFIED.);
#1388 = CARTESIAN_POINT('',(-6.27099614375,-14.08569335937));
#1389 = CARTESIAN_POINT('',(-6.27099614375,-14.25907443474));
#1390 = CARTESIAN_POINT('',(-6.261354870087,-14.43187497479));
#1391 = CARTESIAN_POINT('',(-6.241690710879,-14.60350278145));
#1392 = CARTESIAN_POINT('',(-6.211838063715,-14.77334606498));
#1393 = CARTESIAN_POINT('',(-6.134860906767,-15.09645481533));
#1394 = CARTESIAN_POINT('',(-6.089094988663,-15.25006144269));
#1395 = CARTESIAN_POINT('',(-6.034765082436,-15.40111415408));
#1396 = CARTESIAN_POINT('',(-5.972195397731,-15.54922514135));
#1397 = CARTESIAN_POINT('',(-5.90185551875,-15.69409179687));
#1398 = ( GEOMETRIC_REPRESENTATION_CONTEXT(2) 
PARAMETRIC_REPRESENTATION_CONTEXT() REPRESENTATION_CONTEXT('2D SPACE',''
  ) );
#1399 = PCURVE('',#1400,#1407);
#1400 = SURFACE_OF_LINEAR_EXTRUSION('',#1401,#1405);
#1401 = B_SPLINE_CURVE_WITH_KNOTS('',2,(#1402,#1403,#1404),
  .UNSPECIFIED.,.F.,.F.,(3,3),(0.,1.),.PIECEWISE_BEZIER_KNOTS.);
#1402 = CARTESIAN_POINT('',(-5.90185551875,-15.69409179687,17.8));
#1403 = CARTESIAN_POINT('',(-6.27099614375,-14.93383789062,17.8));
#1404 = CARTESIAN_POINT('',(-6.27099614375,-14.08569335937,17.8));
#1405 = VECTOR('',#1406,1.);
#1406 = DIRECTION('',(-0.,-0.,-1.));
#1407 = DEFINITIONAL_REPRESENTATION('',(#1408),#1419);
#1408 = B_SPLINE_CURVE_WITH_KNOTS('',5,(#1409,#1410,#1411,#1412,#1413,
    #1414,#1415,#1416,#1417,#1418),.UNSPECIFIED.,.F.,.F.,(6,4,6),(0.,
    0.518221386826,1.),.UNSPECIFIED.);
#1409 = CARTESIAN_POINT('',(1.,-0.6));
#1410 = CARTESIAN_POINT('',(0.89778801314,-0.6));
#1411 = CARTESIAN_POINT('',(0.794564992209,-0.6));
#1412 = CARTESIAN_POINT('',(0.690626487138,-0.6));
#1413 = CARTESIAN_POINT('',(0.586309917172,-0.6));
#1414 = CARTESIAN_POINT('',(0.385025447206,-0.6));
#1415 = CARTESIAN_POINT('',(0.288047120714,-0.6));
#1416 = CARTESIAN_POINT('',(0.191372322192,-0.6));
#1417 = CARTESIAN_POINT('',(9.527517999586E-02,-0.6));
#1418 = CARTESIAN_POINT('',(0.,-0.6));
#1419 = ( GEOMETRIC_REPRESENTATION_CONTEXT(2) 
PARAMETRIC_REPRESENTATION_CONTEXT() REPRESENTATION_CONTEXT('2D SPACE',''
  ) );
#1420 = FACE_BOUND('',#1421,.T.);
#1421 = EDGE_LOOP('',(#1422,#1450,#1476,#1502,#1528,#1554,#1590,#1632,
    #1658,#1684,#1710));
#1422 = ORIENTED_EDGE('',*,*,#1423,.F.);
#1423 = EDGE_CURVE('',#1424,#1426,#1428,.T.);
#1424 = VERTEX_POINT('',#1425);
#1425 = CARTESIAN_POINT('',(2.8037108875,-17.22338867187,18.4));
#1426 = VERTEX_POINT('',#1427);
#1427 = CARTESIAN_POINT('',(3.65624995,-17.22338867187,18.4));
#1428 = SURFACE_CURVE('',#1429,(#1433,#1439),.PCURVE_S1.);
#1429 = LINE('',#1430,#1431);
#1430 = CARTESIAN_POINT('',(1.828124975,-17.22338867187,18.4));
#1431 = VECTOR('',#1432,1.);
#1432 = DIRECTION('',(1.,0.,-0.));
#1433 = PCURVE('',#522,#1434);
#1434 = DEFINITIONAL_REPRESENTATION('',(#1435),#1438);
#1435 = B_SPLINE_CURVE_WITH_KNOTS('',1,(#1436,#1437),.UNSPECIFIED.,.F.,
  .F.,(2,2),(0.9755859125,1.828124975),.PIECEWISE_BEZIER_KNOTS.);
#1436 = CARTESIAN_POINT('',(2.8037108875,-17.22338867187));
#1437 = CARTESIAN_POINT('',(3.65624995,-17.22338867187));
#1438 = ( GEOMETRIC_REPRESENTATION_CONTEXT(2) 
PARAMETRIC_REPRESENTATION_CONTEXT() REPRESENTATION_CONTEXT('2D SPACE',''
  ) );
#1439 = PCURVE('',#1440,#1445);
#1440 = PLANE('',#1441);
#1441 = AXIS2_PLACEMENT_3D('',#1442,#1443,#1444);
#1442 = CARTESIAN_POINT('',(3.65624995,-17.22338867187,17.8));
#1443 = DIRECTION('',(0.,-1.,0.));
#1444 = DIRECTION('',(-1.,0.,0.));
#1445 = DEFINITIONAL_REPRESENTATION('',(#1446),#1449);
#1446 = B_SPLINE_CURVE_WITH_KNOTS('',1,(#1447,#1448),.UNSPECIFIED.,.F.,
  .F.,(2,2),(0.9755859125,1.828124975),.PIECEWISE_BEZIER_KNOTS.);
#1447 = CARTESIAN_POINT('',(0.8525390625,-0.6));
#1448 = CARTESIAN_POINT('',(0.,-0.6));
#1449 = ( GEOMETRIC_REPRESENTATION_CONTEXT(2) 
PARAMETRIC_REPRESENTATION_CONTEXT() REPRESENTATION_CONTEXT('2D SPACE',''
  ) );
#1450 = ORIENTED_EDGE('',*,*,#1451,.F.);
#1451 = EDGE_CURVE('',#1452,#1424,#1454,.T.);
#1452 = VERTEX_POINT('',#1453);
#1453 = CARTESIAN_POINT('',(2.8037108875,-14.49438476562,18.4));
#1454 = SURFACE_CURVE('',#1455,(#1459,#1465),.PCURVE_S1.);
#1455 = LINE('',#1456,#1457);
#1456 = CARTESIAN_POINT('',(2.8037108875,-8.611694335938,18.4));
#1457 = VECTOR('',#1458,1.);
#1458 = DIRECTION('',(0.,-1.,0.));
#1459 = PCURVE('',#522,#1460);
#1460 = DEFINITIONAL_REPRESENTATION('',(#1461),#1464);
#1461 = B_SPLINE_CURVE_WITH_KNOTS('',1,(#1462,#1463),.UNSPECIFIED.,.F.,
  .F.,(2,2),(5.882690429688,8.611694335938),.PIECEWISE_BEZIER_KNOTS.);
#1462 = CARTESIAN_POINT('',(2.8037108875,-14.49438476562));
#1463 = CARTESIAN_POINT('',(2.8037108875,-17.22338867187));
#1464 = ( GEOMETRIC_REPRESENTATION_CONTEXT(2) 
PARAMETRIC_REPRESENTATION_CONTEXT() REPRESENTATION_CONTEXT('2D SPACE',''
  ) );
#1465 = PCURVE('',#1466,#1471);
#1466 = PLANE('',#1467);
#1467 = AXIS2_PLACEMENT_3D('',#1468,#1469,#1470);
#1468 = CARTESIAN_POINT('',(2.8037108875,-17.22338867187,17.8));
#1469 = DIRECTION('',(-1.,0.,0.));
#1470 = DIRECTION('',(0.,1.,0.));
#1471 = DEFINITIONAL_REPRESENTATION('',(#1472),#1475);
#1472 = B_SPLINE_CURVE_WITH_KNOTS('',1,(#1473,#1474),.UNSPECIFIED.,.F.,
  .F.,(2,2),(5.882690429688,8.611694335938),.PIECEWISE_BEZIER_KNOTS.);
#1473 = CARTESIAN_POINT('',(2.72900390625,-0.6));
#1474 = CARTESIAN_POINT('',(0.,-0.6));
#1475 = ( GEOMETRIC_REPRESENTATION_CONTEXT(2) 
PARAMETRIC_REPRESENTATION_CONTEXT() REPRESENTATION_CONTEXT('2D SPACE',''
  ) );
#1476 = ORIENTED_EDGE('',*,*,#1477,.F.);
#1477 = EDGE_CURVE('',#1478,#1452,#1480,.T.);
#1478 = VERTEX_POINT('',#1479);
#1479 = CARTESIAN_POINT('',(0.32080073125,-10.78100585937,18.4));
#1480 = SURFACE_CURVE('',#1481,(#1485,#1491),.PCURVE_S1.);
#1481 = LINE('',#1482,#1483);
#1482 = CARTESIAN_POINT('',(-0.978043893429,-8.838486022465,18.4));
#1483 = VECTOR('',#1484,1.);
#1484 = DIRECTION('',(0.555834808973,-0.831292767402,0.));
#1485 = PCURVE('',#522,#1486);
#1486 = DEFINITIONAL_REPRESENTATION('',(#1487),#1490);
#1487 = B_SPLINE_CURVE_WITH_KNOTS('',1,(#1488,#1489),.UNSPECIFIED.,.F.,
  .F.,(2,2),(2.336745744801,6.803738664584),.PIECEWISE_BEZIER_KNOTS.);
#1488 = CARTESIAN_POINT('',(0.32080073125,-10.78100585937));
#1489 = CARTESIAN_POINT('',(2.8037108875,-14.49438476562));
#1490 = ( GEOMETRIC_REPRESENTATION_CONTEXT(2) 
PARAMETRIC_REPRESENTATION_CONTEXT() REPRESENTATION_CONTEXT('2D SPACE',''
  ) );
#1491 = PCURVE('',#1492,#1497);
#1492 = PLANE('',#1493);
#1493 = AXIS2_PLACEMENT_3D('',#1494,#1495,#1496);
#1494 = CARTESIAN_POINT('',(2.8037108875,-14.49438476562,17.8));
#1495 = DIRECTION('',(-0.831292767402,-0.555834808973,0.));
#1496 = DIRECTION('',(-0.555834808973,0.831292767402,0.));
#1497 = DEFINITIONAL_REPRESENTATION('',(#1498),#1501);
#1498 = B_SPLINE_CURVE_WITH_KNOTS('',1,(#1499,#1500),.UNSPECIFIED.,.F.,
  .F.,(2,2),(2.336745744801,6.803738664584),.PIECEWISE_BEZIER_KNOTS.);
#1499 = CARTESIAN_POINT('',(4.466992919783,-0.6));
#1500 = CARTESIAN_POINT('',(0.,-0.6));
#1501 = ( GEOMETRIC_REPRESENTATION_CONTEXT(2) 
PARAMETRIC_REPRESENTATION_CONTEXT() REPRESENTATION_CONTEXT('2D SPACE',''
  ) );
#1502 = ORIENTED_EDGE('',*,*,#1503,.F.);
#1503 = EDGE_CURVE('',#1504,#1478,#1506,.T.);
#1504 = VERTEX_POINT('',#1505);
#1505 = CARTESIAN_POINT('',(1.35791010625,-10.78100585937,18.4));
#1506 = SURFACE_CURVE('',#1507,(#1511,#1517),.PCURVE_S1.);
#1507 = LINE('',#1508,#1509);
#1508 = CARTESIAN_POINT('',(0.160400365625,-10.78100585937,18.4));
#1509 = VECTOR('',#1510,1.);
#1510 = DIRECTION('',(-1.,0.,0.));
#1511 = PCURVE('',#522,#1512);
#1512 = DEFINITIONAL_REPRESENTATION('',(#1513),#1516);
#1513 = B_SPLINE_CURVE_WITH_KNOTS('',1,(#1514,#1515),.UNSPECIFIED.,.F.,
  .F.,(2,2),(-1.197509740625,-0.160400365625),.PIECEWISE_BEZIER_KNOTS.);
#1514 = CARTESIAN_POINT('',(1.35791010625,-10.78100585937));
#1515 = CARTESIAN_POINT('',(0.32080073125,-10.78100585937));
#1516 = ( GEOMETRIC_REPRESENTATION_CONTEXT(2) 
PARAMETRIC_REPRESENTATION_CONTEXT() REPRESENTATION_CONTEXT('2D SPACE',''
  ) );
#1517 = PCURVE('',#1518,#1523);
#1518 = PLANE('',#1519);
#1519 = AXIS2_PLACEMENT_3D('',#1520,#1521,#1522);
#1520 = CARTESIAN_POINT('',(0.32080073125,-10.78100585937,17.8));
#1521 = DIRECTION('',(0.,1.,0.));
#1522 = DIRECTION('',(1.,0.,0.));
#1523 = DEFINITIONAL_REPRESENTATION('',(#1524),#1527);
#1524 = B_SPLINE_CURVE_WITH_KNOTS('',1,(#1525,#1526),.UNSPECIFIED.,.F.,
  .F.,(2,2),(-1.197509740625,-0.160400365625),.PIECEWISE_BEZIER_KNOTS.);
#1525 = CARTESIAN_POINT('',(1.037109375,-0.6));
#1526 = CARTESIAN_POINT('',(-5.551115123126E-17,-0.6));
#1527 = ( GEOMETRIC_REPRESENTATION_CONTEXT(2) 
PARAMETRIC_REPRESENTATION_CONTEXT() REPRESENTATION_CONTEXT('2D SPACE',''
  ) );
#1528 = ORIENTED_EDGE('',*,*,#1529,.F.);
#1529 = EDGE_CURVE('',#1530,#1504,#1532,.T.);
#1530 = VERTEX_POINT('',#1531);
#1531 = CARTESIAN_POINT('',(2.6279296375,-12.72338867187,18.4));
#1532 = SURFACE_CURVE('',#1533,(#1537,#1543),.PCURVE_S1.);
#1533 = LINE('',#1534,#1535);
#1534 = CARTESIAN_POINT('',(-1.314442541703,-6.693878280152,18.4));
#1535 = VECTOR('',#1536,1.);
#1536 = DIRECTION('',(-0.547249362983,0.836969613974,0.));
#1537 = PCURVE('',#522,#1538);
#1538 = DEFINITIONAL_REPRESENTATION('',(#1539),#1542);
#1539 = B_SPLINE_CURVE_WITH_KNOTS('',1,(#1540,#1541),.UNSPECIFIED.,.F.,
  .F.,(2,2),(-7.203977648719,-4.8832448765),.PIECEWISE_BEZIER_KNOTS.);
#1540 = CARTESIAN_POINT('',(2.6279296375,-12.72338867187));
#1541 = CARTESIAN_POINT('',(1.35791010625,-10.78100585937));
#1542 = ( GEOMETRIC_REPRESENTATION_CONTEXT(2) 
PARAMETRIC_REPRESENTATION_CONTEXT() REPRESENTATION_CONTEXT('2D SPACE',''
  ) );
#1543 = PCURVE('',#1544,#1549);
#1544 = PLANE('',#1545);
#1545 = AXIS2_PLACEMENT_3D('',#1546,#1547,#1548);
#1546 = CARTESIAN_POINT('',(1.35791010625,-10.78100585937,17.8));
#1547 = DIRECTION('',(0.836969613974,0.547249362983,-0.));
#1548 = DIRECTION('',(0.547249362983,-0.836969613974,0.));
#1549 = DEFINITIONAL_REPRESENTATION('',(#1550),#1553);
#1550 = B_SPLINE_CURVE_WITH_KNOTS('',1,(#1551,#1552),.UNSPECIFIED.,.F.,
  .F.,(2,2),(-7.203977648719,-4.8832448765),.PIECEWISE_BEZIER_KNOTS.);
#1551 = CARTESIAN_POINT('',(2.320732772219,-0.6));
#1552 = CARTESIAN_POINT('',(0.,-0.6));
#1553 = ( GEOMETRIC_REPRESENTATION_CONTEXT(2) 
PARAMETRIC_REPRESENTATION_CONTEXT() REPRESENTATION_CONTEXT('2D SPACE',''
  ) );
#1554 = ORIENTED_EDGE('',*,*,#1555,.F.);
#1555 = EDGE_CURVE('',#1556,#1530,#1558,.T.);
#1556 = VERTEX_POINT('',#1557);
#1557 = CARTESIAN_POINT('',(3.28271479375,-13.81323242187,18.4));
#1558 = SURFACE_CURVE('',#1559,(#1565,#1574),.PCURVE_S1.);
#1559 = B_SPLINE_CURVE_WITH_KNOTS('',4,(#1560,#1561,#1562,#1563,#1564),
  .UNSPECIFIED.,.F.,.F.,(5,5),(0.,1.),.PIECEWISE_BEZIER_KNOTS.);
#1560 = CARTESIAN_POINT('',(3.28271479375,-13.81323242187,18.4));
#1561 = CARTESIAN_POINT('',(3.129286520964,-13.53750625049,18.4));
#1562 = CARTESIAN_POINT('',(2.968794575279,-13.26391412565,18.4));
#1563 = CARTESIAN_POINT('',(2.801568188513,-12.99252842594,18.4));
#1564 = CARTESIAN_POINT('',(2.6279296375,-12.72338867187,18.4));
#1565 = PCURVE('',#522,#1566);
#1566 = DEFINITIONAL_REPRESENTATION('',(#1567),#1573);
#1567 = B_SPLINE_CURVE_WITH_KNOTS('',4,(#1568,#1569,#1570,#1571,#1572),
  .UNSPECIFIED.,.F.,.F.,(5,5),(0.,1.),.PIECEWISE_BEZIER_KNOTS.);
#1568 = CARTESIAN_POINT('',(3.28271479375,-13.81323242187));
#1569 = CARTESIAN_POINT('',(3.129286520964,-13.53750625049));
#1570 = CARTESIAN_POINT('',(2.968794575279,-13.26391412565));
#1571 = CARTESIAN_POINT('',(2.801568188513,-12.99252842594));
#1572 = CARTESIAN_POINT('',(2.6279296375,-12.72338867187));
#1573 = ( GEOMETRIC_REPRESENTATION_CONTEXT(2) 
PARAMETRIC_REPRESENTATION_CONTEXT() REPRESENTATION_CONTEXT('2D SPACE',''
  ) );
#1574 = PCURVE('',#1575,#1582);
#1575 = SURFACE_OF_LINEAR_EXTRUSION('',#1576,#1580);
#1576 = B_SPLINE_CURVE_WITH_KNOTS('',2,(#1577,#1578,#1579),
  .UNSPECIFIED.,.F.,.F.,(3,3),(0.,1.),.PIECEWISE_BEZIER_KNOTS.);
#1577 = CARTESIAN_POINT('',(2.6279296375,-12.72338867187,17.8));
#1578 = CARTESIAN_POINT('',(2.9794921375,-13.26831054687,17.8));
#1579 = CARTESIAN_POINT('',(3.28271479375,-13.81323242187,17.8));
#1580 = VECTOR('',#1581,1.);
#1581 = DIRECTION('',(-0.,-0.,-1.));
#1582 = DEFINITIONAL_REPRESENTATION('',(#1583),#1589);
#1583 = B_SPLINE_CURVE_WITH_KNOTS('',4,(#1584,#1585,#1586,#1587,#1588),
  .UNSPECIFIED.,.F.,.F.,(5,5),(0.,1.),.PIECEWISE_BEZIER_KNOTS.);
#1584 = CARTESIAN_POINT('',(1.,-0.6));
#1585 = CARTESIAN_POINT('',(0.747003943103,-0.6));
#1586 = CARTESIAN_POINT('',(0.49596600777,-0.6));
#1587 = CARTESIAN_POINT('',(0.246952605886,-0.6));
#1588 = CARTESIAN_POINT('',(0.,-0.6));
#1589 = ( GEOMETRIC_REPRESENTATION_CONTEXT(2) 
PARAMETRIC_REPRESENTATION_CONTEXT() REPRESENTATION_CONTEXT('2D SPACE',''
  ) );
#1590 = ORIENTED_EDGE('',*,*,#1591,.F.);
#1591 = EDGE_CURVE('',#1592,#1556,#1594,.T.);
#1592 = VERTEX_POINT('',#1593);
#1593 = CARTESIAN_POINT('',(3.98583979375,-12.67504882812,18.4));
#1594 = SURFACE_CURVE('',#1595,(#1603,#1614),.PCURVE_S1.);
#1595 = B_SPLINE_CURVE_WITH_KNOTS('',6,(#1596,#1597,#1598,#1599,#1600,
    #1601,#1602),.UNSPECIFIED.,.F.,.F.,(7,7),(0.,1.),
  .PIECEWISE_BEZIER_KNOTS.);
#1596 = CARTESIAN_POINT('',(3.98583979375,-12.67504882812,18.4));
#1597 = CARTESIAN_POINT('',(3.858837125829,-12.86960610664,18.4));
#1598 = CARTESIAN_POINT('',(3.735073930949,-13.06266366103,18.4));
#1599 = CARTESIAN_POINT('',(3.614950352394,-13.25399015564,18.4));
#1600 = CARTESIAN_POINT('',(3.499009976346,-13.44322330387,18.4));
#1601 = CARTESIAN_POINT('',(3.387952548754,-13.62986360633,18.4));
#1602 = CARTESIAN_POINT('',(3.28271479375,-13.81323242187,18.4));
#1603 = PCURVE('',#522,#1604);
#1604 = DEFINITIONAL_REPRESENTATION('',(#1605),#1613);
#1605 = B_SPLINE_CURVE_WITH_KNOTS('',6,(#1606,#1607,#1608,#1609,#1610,
    #1611,#1612),.UNSPECIFIED.,.F.,.F.,(7,7),(0.,1.),
  .PIECEWISE_BEZIER_KNOTS.);
#1606 = CARTESIAN_POINT('',(3.98583979375,-12.67504882812));
#1607 = CARTESIAN_POINT('',(3.858837125829,-12.86960610664));
#1608 = CARTESIAN_POINT('',(3.735073930949,-13.06266366103));
#1609 = CARTESIAN_POINT('',(3.614950352394,-13.25399015564));
#1610 = CARTESIAN_POINT('',(3.499009976346,-13.44322330387));
#1611 = CARTESIAN_POINT('',(3.387952548754,-13.62986360633));
#1612 = CARTESIAN_POINT('',(3.28271479375,-13.81323242187));
#1613 = ( GEOMETRIC_REPRESENTATION_CONTEXT(2) 
PARAMETRIC_REPRESENTATION_CONTEXT() REPRESENTATION_CONTEXT('2D SPACE',''
  ) );
#1614 = PCURVE('',#1615,#1622);
#1615 = SURFACE_OF_LINEAR_EXTRUSION('',#1616,#1620);
#1616 = B_SPLINE_CURVE_WITH_KNOTS('',2,(#1617,#1618,#1619),
  .UNSPECIFIED.,.F.,.F.,(3,3),(0.,1.),.PIECEWISE_BEZIER_KNOTS.);
#1617 = CARTESIAN_POINT('',(3.28271479375,-13.81323242187,17.8));
#1618 = CARTESIAN_POINT('',(3.57275385625,-13.30786132812,17.8));
#1619 = CARTESIAN_POINT('',(3.98583979375,-12.67504882812,17.8));
#1620 = VECTOR('',#1621,1.);
#1621 = DIRECTION('',(-0.,-0.,-1.));
#1622 = DEFINITIONAL_REPRESENTATION('',(#1623),#1631);
#1623 = B_SPLINE_CURVE_WITH_KNOTS('',6,(#1624,#1625,#1626,#1627,#1628,
    #1629,#1630),.UNSPECIFIED.,.F.,.F.,(7,7),(0.,1.),
  .PIECEWISE_BEZIER_KNOTS.);
#1624 = CARTESIAN_POINT('',(1.,-0.6));
#1625 = CARTESIAN_POINT('',(0.846275730554,-0.6));
#1626 = CARTESIAN_POINT('',(0.688025401776,-0.6));
#1627 = CARTESIAN_POINT('',(0.524802374318,-0.6));
#1628 = CARTESIAN_POINT('',(0.356117040063,-0.6));
#1629 = CARTESIAN_POINT('',(0.181419968222,-0.6));
#1630 = CARTESIAN_POINT('',(0.,-0.6));
#1631 = ( GEOMETRIC_REPRESENTATION_CONTEXT(2) 
PARAMETRIC_REPRESENTATION_CONTEXT() REPRESENTATION_CONTEXT('2D SPACE',''
  ) );
#1632 = ORIENTED_EDGE('',*,*,#1633,.F.);
#1633 = EDGE_CURVE('',#1634,#1592,#1636,.T.);
#1634 = VERTEX_POINT('',#1635);
#1635 = CARTESIAN_POINT('',(5.23388666875,-10.78100585937,18.4));
#1636 = SURFACE_CURVE('',#1637,(#1641,#1647),.PCURVE_S1.);
#1637 = LINE('',#1638,#1639);
#1638 = CARTESIAN_POINT('',(6.294241251527,-9.171805770724,18.4));
#1639 = VECTOR('',#1640,1.);
#1640 = DIRECTION('',(-0.550221267809,-0.835018895865,0.));
#1641 = PCURVE('',#522,#1642);
#1642 = DEFINITIONAL_REPRESENTATION('',(#1643),#1646);
#1643 = B_SPLINE_CURVE_WITH_KNOTS('',1,(#1644,#1645),.UNSPECIFIED.,.F.,
  .F.,(2,2),(1.927142124113,4.195405726446),.PIECEWISE_BEZIER_KNOTS.);
#1644 = CARTESIAN_POINT('',(5.23388666875,-10.78100585937));
#1645 = CARTESIAN_POINT('',(3.98583979375,-12.67504882812));
#1646 = ( GEOMETRIC_REPRESENTATION_CONTEXT(2) 
PARAMETRIC_REPRESENTATION_CONTEXT() REPRESENTATION_CONTEXT('2D SPACE',''
  ) );
#1647 = PCURVE('',#1648,#1653);
#1648 = PLANE('',#1649);
#1649 = AXIS2_PLACEMENT_3D('',#1650,#1651,#1652);
#1650 = CARTESIAN_POINT('',(3.98583979375,-12.67504882812,17.8));
#1651 = DIRECTION('',(-0.835018895865,0.550221267809,0.));
#1652 = DIRECTION('',(0.550221267809,0.835018895865,0.));
#1653 = DEFINITIONAL_REPRESENTATION('',(#1654),#1657);
#1654 = B_SPLINE_CURVE_WITH_KNOTS('',1,(#1655,#1656),.UNSPECIFIED.,.F.,
  .F.,(2,2),(1.927142124113,4.195405726446),.PIECEWISE_BEZIER_KNOTS.);
#1655 = CARTESIAN_POINT('',(2.268263602333,-0.6));
#1656 = CARTESIAN_POINT('',(0.,-0.6));
#1657 = ( GEOMETRIC_REPRESENTATION_CONTEXT(2) 
PARAMETRIC_REPRESENTATION_CONTEXT() REPRESENTATION_CONTEXT('2D SPACE',''
  ) );
#1658 = ORIENTED_EDGE('',*,*,#1659,.F.);
#1659 = EDGE_CURVE('',#1660,#1634,#1662,.T.);
#1660 = VERTEX_POINT('',#1661);
#1661 = CARTESIAN_POINT('',(6.22705073125,-10.78100585937,18.4));
#1662 = SURFACE_CURVE('',#1663,(#1667,#1673),.PCURVE_S1.);
#1663 = LINE('',#1664,#1665);
#1664 = CARTESIAN_POINT('',(2.616943334375,-10.78100585937,18.4));
#1665 = VECTOR('',#1666,1.);
#1666 = DIRECTION('',(-1.,0.,0.));
#1667 = PCURVE('',#522,#1668);
#1668 = DEFINITIONAL_REPRESENTATION('',(#1669),#1672);
#1669 = B_SPLINE_CURVE_WITH_KNOTS('',1,(#1670,#1671),.UNSPECIFIED.,.F.,
  .F.,(2,2),(-3.610107396875,-2.616943334375),.PIECEWISE_BEZIER_KNOTS.);
#1670 = CARTESIAN_POINT('',(6.22705073125,-10.78100585937));
#1671 = CARTESIAN_POINT('',(5.23388666875,-10.78100585937));
#1672 = ( GEOMETRIC_REPRESENTATION_CONTEXT(2) 
PARAMETRIC_REPRESENTATION_CONTEXT() REPRESENTATION_CONTEXT('2D SPACE',''
  ) );
#1673 = PCURVE('',#1674,#1679);
#1674 = PLANE('',#1675);
#1675 = AXIS2_PLACEMENT_3D('',#1676,#1677,#1678);
#1676 = CARTESIAN_POINT('',(5.23388666875,-10.78100585937,17.8));
#1677 = DIRECTION('',(0.,1.,0.));
#1678 = DIRECTION('',(1.,0.,0.));
#1679 = DEFINITIONAL_REPRESENTATION('',(#1680),#1683);
#1680 = B_SPLINE_CURVE_WITH_KNOTS('',1,(#1681,#1682),.UNSPECIFIED.,.F.,
  .F.,(2,2),(-3.610107396875,-2.616943334375),.PIECEWISE_BEZIER_KNOTS.);
#1681 = CARTESIAN_POINT('',(0.9931640625,-0.6));
#1682 = CARTESIAN_POINT('',(0.,-0.6));
#1683 = ( GEOMETRIC_REPRESENTATION_CONTEXT(2) 
PARAMETRIC_REPRESENTATION_CONTEXT() REPRESENTATION_CONTEXT('2D SPACE',''
  ) );
#1684 = ORIENTED_EDGE('',*,*,#1685,.F.);
#1685 = EDGE_CURVE('',#1686,#1660,#1688,.T.);
#1686 = VERTEX_POINT('',#1687);
#1687 = CARTESIAN_POINT('',(3.65624995,-14.49438476562,18.4));
#1688 = SURFACE_CURVE('',#1689,(#1693,#1699),.PCURVE_S1.);
#1689 = LINE('',#1690,#1691);
#1690 = CARTESIAN_POINT('',(7.741023883881,-8.594155750019,18.4));
#1691 = VECTOR('',#1692,1.);
#1692 = DIRECTION('',(0.56920997883,0.822192191644,-0.));
#1693 = PCURVE('',#522,#1694);
#1694 = DEFINITIONAL_REPRESENTATION('',(#1695),#1698);
#1695 = B_SPLINE_CURVE_WITH_KNOTS('',1,(#1696,#1697),.UNSPECIFIED.,.F.,
  .F.,(2,2),(-7.176216309973,-2.659779710367),.PIECEWISE_BEZIER_KNOTS.);
#1696 = CARTESIAN_POINT('',(3.65624995,-14.49438476562));
#1697 = CARTESIAN_POINT('',(6.22705073125,-10.78100585937));
#1698 = ( GEOMETRIC_REPRESENTATION_CONTEXT(2) 
PARAMETRIC_REPRESENTATION_CONTEXT() REPRESENTATION_CONTEXT('2D SPACE',''
  ) );
#1699 = PCURVE('',#1700,#1705);
#1700 = PLANE('',#1701);
#1701 = AXIS2_PLACEMENT_3D('',#1702,#1703,#1704);
#1702 = CARTESIAN_POINT('',(6.22705073125,-10.78100585937,17.8));
#1703 = DIRECTION('',(0.822192191644,-0.56920997883,0.));
#1704 = DIRECTION('',(-0.56920997883,-0.822192191644,0.));
#1705 = DEFINITIONAL_REPRESENTATION('',(#1706),#1709);
#1706 = B_SPLINE_CURVE_WITH_KNOTS('',1,(#1707,#1708),.UNSPECIFIED.,.F.,
  .F.,(2,2),(-7.176216309973,-2.659779710367),.PIECEWISE_BEZIER_KNOTS.);
#1707 = CARTESIAN_POINT('',(4.516436599606,-0.6));
#1708 = CARTESIAN_POINT('',(0.,-0.6));
#1709 = ( GEOMETRIC_REPRESENTATION_CONTEXT(2) 
PARAMETRIC_REPRESENTATION_CONTEXT() REPRESENTATION_CONTEXT('2D SPACE',''
  ) );
#1710 = ORIENTED_EDGE('',*,*,#1711,.F.);
#1711 = EDGE_CURVE('',#1426,#1686,#1712,.T.);
#1712 = SURFACE_CURVE('',#1713,(#1717,#1723),.PCURVE_S1.);
#1713 = LINE('',#1714,#1715);
#1714 = CARTESIAN_POINT('',(3.65624995,-7.247192382812,18.4));
#1715 = VECTOR('',#1716,1.);
#1716 = DIRECTION('',(-0.,1.,0.));
#1717 = PCURVE('',#522,#1718);
#1718 = DEFINITIONAL_REPRESENTATION('',(#1719),#1722);
#1719 = B_SPLINE_CURVE_WITH_KNOTS('',1,(#1720,#1721),.UNSPECIFIED.,.F.,
  .F.,(2,2),(-9.976196289062,-7.247192382812),.PIECEWISE_BEZIER_KNOTS.);
#1720 = CARTESIAN_POINT('',(3.65624995,-17.22338867187));
#1721 = CARTESIAN_POINT('',(3.65624995,-14.49438476562));
#1722 = ( GEOMETRIC_REPRESENTATION_CONTEXT(2) 
PARAMETRIC_REPRESENTATION_CONTEXT() REPRESENTATION_CONTEXT('2D SPACE',''
  ) );
#1723 = PCURVE('',#1724,#1729);
#1724 = PLANE('',#1725);
#1725 = AXIS2_PLACEMENT_3D('',#1726,#1727,#1728);
#1726 = CARTESIAN_POINT('',(3.65624995,-14.49438476562,17.8));
#1727 = DIRECTION('',(1.,0.,-0.));
#1728 = DIRECTION('',(0.,-1.,0.));
#1729 = DEFINITIONAL_REPRESENTATION('',(#1730),#1733);
#1730 = B_SPLINE_CURVE_WITH_KNOTS('',1,(#1731,#1732),.UNSPECIFIED.,.F.,
  .F.,(2,2),(-9.976196289062,-7.247192382812),.PIECEWISE_BEZIER_KNOTS.);
#1731 = CARTESIAN_POINT('',(2.72900390625,-0.6));
#1732 = CARTESIAN_POINT('',(0.,-0.6));
#1733 = ( GEOMETRIC_REPRESENTATION_CONTEXT(2) 
PARAMETRIC_REPRESENTATION_CONTEXT() REPRESENTATION_CONTEXT('2D SPACE',''
  ) );
#1734 = FACE_BOUND('',#1735,.T.);
#1735 = EDGE_LOOP('',(#1736,#1764,#1815,#1866,#1917,#1959,#2010,#2061,
    #2112,#2163,#2232,#2295,#2346,#2397,#2448,#2505,#2556,#2607,#2664,
    #2715,#2741,#2798,#2855,#2912,#2969,#3020,#3089,#3152,#3203,#3254,
    #3305,#3362,#3413,#3464,#3515));
#1736 = ORIENTED_EDGE('',*,*,#1737,.F.);
#1737 = EDGE_CURVE('',#1738,#1740,#1742,.T.);
#1738 = VERTEX_POINT('',#1739);
#1739 = CARTESIAN_POINT('',(7.505859325,-15.08325195312,18.4));
#1740 = VERTEX_POINT('',#1741);
#1741 = CARTESIAN_POINT('',(6.70166010625,-15.15356445312,18.4));
#1742 = SURFACE_CURVE('',#1743,(#1747,#1753),.PCURVE_S1.);
#1743 = LINE('',#1744,#1745);
#1744 = CARTESIAN_POINT('',(4.033675833329,-15.38683083764,18.4));
#1745 = VECTOR('',#1746,1.);
#1746 = DIRECTION('',(-0.99619962403,-8.70994206802E-02,0.));
#1747 = PCURVE('',#522,#1748);
#1748 = DEFINITIONAL_REPRESENTATION('',(#1749),#1752);
#1749 = B_SPLINE_CURVE_WITH_KNOTS('',1,(#1750,#1751),.UNSPECIFIED.,.F.,
  .F.,(2,2),(-3.485429433938,-2.678162296557),.PIECEWISE_BEZIER_KNOTS.);
#1750 = CARTESIAN_POINT('',(7.505859325,-15.08325195312));
#1751 = CARTESIAN_POINT('',(6.70166010625,-15.15356445312));
#1752 = ( GEOMETRIC_REPRESENTATION_CONTEXT(2) 
PARAMETRIC_REPRESENTATION_CONTEXT() REPRESENTATION_CONTEXT('2D SPACE',''
  ) );
#1753 = PCURVE('',#1754,#1759);
#1754 = PLANE('',#1755);
#1755 = AXIS2_PLACEMENT_3D('',#1756,#1757,#1758);
#1756 = CARTESIAN_POINT('',(6.70166010625,-15.15356445312,17.8));
#1757 = DIRECTION('',(-8.70994206802E-02,0.99619962403,0.));
#1758 = DIRECTION('',(0.99619962403,8.70994206802E-02,0.));
#1759 = DEFINITIONAL_REPRESENTATION('',(#1760),#1763);
#1760 = B_SPLINE_CURVE_WITH_KNOTS('',1,(#1761,#1762),.UNSPECIFIED.,.F.,
  .F.,(2,2),(-3.485429433938,-2.678162296557),.PIECEWISE_BEZIER_KNOTS.);
#1761 = CARTESIAN_POINT('',(0.80726713738,-0.6));
#1762 = CARTESIAN_POINT('',(0.,-0.6));
#1763 = ( GEOMETRIC_REPRESENTATION_CONTEXT(2) 
PARAMETRIC_REPRESENTATION_CONTEXT() REPRESENTATION_CONTEXT('2D SPACE',''
  ) );
#1764 = ORIENTED_EDGE('',*,*,#1765,.F.);
#1765 = EDGE_CURVE('',#1766,#1738,#1768,.T.);
#1766 = VERTEX_POINT('',#1767);
#1767 = CARTESIAN_POINT('',(7.771728465625,-15.87646484375,18.4));
#1768 = SURFACE_CURVE('',#1769,(#1780,#1794),.PCURVE_S1.);
#1769 = B_SPLINE_CURVE_WITH_KNOTS('',5,(#1770,#1771,#1772,#1773,#1774,
    #1775,#1776,#1777,#1778,#1779),.UNSPECIFIED.,.F.,.F.,(6,4,6),(0.,
    0.487831239931,1.),.UNSPECIFIED.);
#1770 = CARTESIAN_POINT('',(7.771728465625,-15.87646484375,18.4));
#1771 = CARTESIAN_POINT('',(7.728987457316,-15.81302818931,18.4));
#1772 = CARTESIAN_POINT('',(7.690529243075,-15.74550308047,18.4));
#1773 = CARTESIAN_POINT('',(7.656356259815,-15.67419724607,18.4));
#1774 = CARTESIAN_POINT('',(7.626354966067,-15.59946805909,18.4));
#1775 = CARTESIAN_POINT('',(7.573068024818,-15.43998506926,18.4));
#1776 = CARTESIAN_POINT('',(7.550191647427,-15.35491563753,18.4));
#1777 = CARTESIAN_POINT('',(7.531535762649,-15.2668594998,18.4));
#1778 = CARTESIAN_POINT('',(7.51684389108,-15.17619828149,18.4));
#1779 = CARTESIAN_POINT('',(7.505859325,-15.08325195312,18.4));
#1780 = PCURVE('',#522,#1781);
#1781 = DEFINITIONAL_REPRESENTATION('',(#1782),#1793);
#1782 = B_SPLINE_CURVE_WITH_KNOTS('',5,(#1783,#1784,#1785,#1786,#1787,
    #1788,#1789,#1790,#1791,#1792),.UNSPECIFIED.,.F.,.F.,(6,4,6),(0.,
    0.487831239931,1.),.UNSPECIFIED.);
#1783 = CARTESIAN_POINT('',(7.771728465625,-15.87646484375));
#1784 = CARTESIAN_POINT('',(7.728987457316,-15.81302818931));
#1785 = CARTESIAN_POINT('',(7.690529243075,-15.74550308047));
#1786 = CARTESIAN_POINT('',(7.656356259815,-15.67419724607));
#1787 = CARTESIAN_POINT('',(7.626354966067,-15.59946805909));
#1788 = CARTESIAN_POINT('',(7.573068024818,-15.43998506926));
#1789 = CARTESIAN_POINT('',(7.550191647427,-15.35491563753));
#1790 = CARTESIAN_POINT('',(7.531535762649,-15.2668594998));
#1791 = CARTESIAN_POINT('',(7.51684389108,-15.17619828149));
#1792 = CARTESIAN_POINT('',(7.505859325,-15.08325195312));
#1793 = ( GEOMETRIC_REPRESENTATION_CONTEXT(2) 
PARAMETRIC_REPRESENTATION_CONTEXT() REPRESENTATION_CONTEXT('2D SPACE',''
  ) );
#1794 = PCURVE('',#1795,#1802);
#1795 = SURFACE_OF_LINEAR_EXTRUSION('',#1796,#1800);
#1796 = B_SPLINE_CURVE_WITH_KNOTS('',2,(#1797,#1798,#1799),
  .UNSPECIFIED.,.F.,.F.,(3,3),(0.,1.),.PIECEWISE_BEZIER_KNOTS.);
#1797 = CARTESIAN_POINT('',(7.505859325,-15.08325195312,17.8));
#1798 = CARTESIAN_POINT('',(7.56298823125,-15.56665039062,17.8));
#1799 = CARTESIAN_POINT('',(7.771728465625,-15.87646484375,17.8));
#1800 = VECTOR('',#1801,1.);
#1801 = DIRECTION('',(-0.,-0.,-1.));
#1802 = DEFINITIONAL_REPRESENTATION('',(#1803),#1814);
#1803 = B_SPLINE_CURVE_WITH_KNOTS('',5,(#1804,#1805,#1806,#1807,#1808,
    #1809,#1810,#1811,#1812,#1813),.UNSPECIFIED.,.F.,.F.,(6,4,6),(0.,
    0.487831239931,1.),.UNSPECIFIED.);
#1804 = CARTESIAN_POINT('',(1.,-0.6));
#1805 = CARTESIAN_POINT('',(0.897621537992,-0.6));
#1806 = CARTESIAN_POINT('',(0.795985627202,-0.6));
#1807 = CARTESIAN_POINT('',(0.695375171268,-0.6));
#1808 = CARTESIAN_POINT('',(0.595997325222,-0.6));
#1809 = CARTESIAN_POINT('',(0.395113664643,-0.6));
#1810 = CARTESIAN_POINT('',(0.293747203085,-0.6));
#1811 = CARTESIAN_POINT('',(0.194062072625,-0.6));
#1812 = CARTESIAN_POINT('',(9.613842449764E-02,-0.6));
#1813 = CARTESIAN_POINT('',(0.,-0.6));
#1814 = ( GEOMETRIC_REPRESENTATION_CONTEXT(2) 
PARAMETRIC_REPRESENTATION_CONTEXT() REPRESENTATION_CONTEXT('2D SPACE',''
  ) );
#1815 = ORIENTED_EDGE('',*,*,#1816,.F.);
#1816 = EDGE_CURVE('',#1817,#1766,#1819,.T.);
#1817 = VERTEX_POINT('',#1818);
#1818 = CARTESIAN_POINT('',(8.419921825,-16.37744140625,18.4));
#1819 = SURFACE_CURVE('',#1820,(#1831,#1845),.PCURVE_S1.);
#1820 = B_SPLINE_CURVE_WITH_KNOTS('',5,(#1821,#1822,#1823,#1824,#1825,
    #1826,#1827,#1828,#1829,#1830),.UNSPECIFIED.,.F.,.F.,(6,4,6),(0.,
    0.513278282637,1.),.UNSPECIFIED.);
#1821 = CARTESIAN_POINT('',(8.419921825,-16.37744140625,18.4));
#1822 = CARTESIAN_POINT('',(8.33519648773,-16.34058588453,18.4));
#1823 = CARTESIAN_POINT('',(8.254155241225,-16.30024463983,18.4));
#1824 = CARTESIAN_POINT('',(8.177274557877,-16.25622401627,18.4));
#1825 = CARTESIAN_POINT('',(8.105100099701,-16.20836307319,18.4));
#1826 = CARTESIAN_POINT('',(7.974657843892,-16.10754668565,18.4));
#1827 = CARTESIAN_POINT('',(7.915860232148,-16.05498047232,18.4));
#1828 = CARTESIAN_POINT('',(7.862202057886,-15.99888645126,18.4));
#1829 = CARTESIAN_POINT('',(7.814075547817,-15.93931682889,18.4));
#1830 = CARTESIAN_POINT('',(7.771728465625,-15.87646484375,18.4));
#1831 = PCURVE('',#522,#1832);
#1832 = DEFINITIONAL_REPRESENTATION('',(#1833),#1844);
#1833 = B_SPLINE_CURVE_WITH_KNOTS('',5,(#1834,#1835,#1836,#1837,#1838,
    #1839,#1840,#1841,#1842,#1843),.UNSPECIFIED.,.F.,.F.,(6,4,6),(0.,
    0.513278282637,1.),.UNSPECIFIED.);
#1834 = CARTESIAN_POINT('',(8.419921825,-16.37744140625));
#1835 = CARTESIAN_POINT('',(8.33519648773,-16.34058588453));
#1836 = CARTESIAN_POINT('',(8.254155241225,-16.30024463983));
#1837 = CARTESIAN_POINT('',(8.177274557877,-16.25622401627));
#1838 = CARTESIAN_POINT('',(8.105100099701,-16.20836307319));
#1839 = CARTESIAN_POINT('',(7.974657843892,-16.10754668565));
#1840 = CARTESIAN_POINT('',(7.915860232148,-16.05498047232));
#1841 = CARTESIAN_POINT('',(7.862202057886,-15.99888645126));
#1842 = CARTESIAN_POINT('',(7.814075547817,-15.93931682889));
#1843 = CARTESIAN_POINT('',(7.771728465625,-15.87646484375));
#1844 = ( GEOMETRIC_REPRESENTATION_CONTEXT(2) 
PARAMETRIC_REPRESENTATION_CONTEXT() REPRESENTATION_CONTEXT('2D SPACE',''
  ) );
#1845 = PCURVE('',#1846,#1853);
#1846 = SURFACE_OF_LINEAR_EXTRUSION('',#1847,#1851);
#1847 = B_SPLINE_CURVE_WITH_KNOTS('',2,(#1848,#1849,#1850),
  .UNSPECIFIED.,.F.,.F.,(3,3),(0.,1.),.PIECEWISE_BEZIER_KNOTS.);
#1848 = CARTESIAN_POINT('',(7.771728465625,-15.87646484375,17.8));
#1849 = CARTESIAN_POINT('',(7.9804687,-16.18627929687,17.8));
#1850 = CARTESIAN_POINT('',(8.419921825,-16.37744140625,17.8));
#1851 = VECTOR('',#1852,1.);
#1852 = DIRECTION('',(-0.,-0.,-1.));
#1853 = DEFINITIONAL_REPRESENTATION('',(#1854),#1865);
#1854 = B_SPLINE_CURVE_WITH_KNOTS('',5,(#1855,#1856,#1857,#1858,#1859,
    #1860,#1861,#1862,#1863,#1864),.UNSPECIFIED.,.F.,.F.,(6,4,6),(0.,
    0.513278282637,1.),.UNSPECIFIED.);
#1855 = CARTESIAN_POINT('',(1.,-0.6));
#1856 = CARTESIAN_POINT('',(0.90360139404,-0.6));
#1857 = CARTESIAN_POINT('',(0.805295818733,-0.6));
#1858 = CARTESIAN_POINT('',(0.705144864668,-0.6));
#1859 = CARTESIAN_POINT('',(0.603291982364,-0.6));
#1860 = CARTESIAN_POINT('',(0.402052253628,-0.6));
#1861 = CARTESIAN_POINT('',(0.302805345658,-0.6));
#1862 = CARTESIAN_POINT('',(0.202498107715,-0.6));
#1863 = CARTESIAN_POINT('',(0.101434882257,-0.6));
#1864 = CARTESIAN_POINT('',(0.,-0.6));
#1865 = ( GEOMETRIC_REPRESENTATION_CONTEXT(2) 
PARAMETRIC_REPRESENTATION_CONTEXT() REPRESENTATION_CONTEXT('2D SPACE',''
  ) );
#1866 = ORIENTED_EDGE('',*,*,#1867,.F.);
#1867 = EDGE_CURVE('',#1868,#1817,#1870,.T.);
#1868 = VERTEX_POINT('',#1869);
#1869 = CARTESIAN_POINT('',(9.40869135625,-16.56860351562,18.4));
#1870 = SURFACE_CURVE('',#1871,(#1882,#1896),.PCURVE_S1.);
#1871 = B_SPLINE_CURVE_WITH_KNOTS('',5,(#1872,#1873,#1874,#1875,#1876,
    #1877,#1878,#1879,#1880,#1881),.UNSPECIFIED.,.F.,.F.,(6,4,6),(0.,
    0.508864315597,1.),.UNSPECIFIED.);
#1872 = CARTESIAN_POINT('',(9.40869135625,-16.56860351562,18.4));
#1873 = CARTESIAN_POINT('',(9.301470155289,-16.56860351562,18.4));
#1874 = CARTESIAN_POINT('',(9.195433435967,-16.56405149283,18.4));
#1875 = CARTESIAN_POINT('',(9.090808156506,-16.55470476489,18.4));
#1876 = CARTESIAN_POINT('',(8.987852692297,-16.54034195986,18.4));
#1877 = CARTESIAN_POINT('',(8.789348063679,-16.50196439833,18.4));
#1878 = CARTESIAN_POINT('',(8.693663382228,-16.47830292519,18.4));
#1879 = CARTESIAN_POINT('',(8.60003673881,-16.4496943749,18.4));
#1880 = CARTESIAN_POINT('',(8.508714050748,-16.41606602445,18.4));
#1881 = CARTESIAN_POINT('',(8.419921825,-16.37744140625,18.4));
#1882 = PCURVE('',#522,#1883);
#1883 = DEFINITIONAL_REPRESENTATION('',(#1884),#1895);
#1884 = B_SPLINE_CURVE_WITH_KNOTS('',5,(#1885,#1886,#1887,#1888,#1889,
    #1890,#1891,#1892,#1893,#1894),.UNSPECIFIED.,.F.,.F.,(6,4,6),(0.,
    0.508864315597,1.),.UNSPECIFIED.);
#1885 = CARTESIAN_POINT('',(9.40869135625,-16.56860351562));
#1886 = CARTESIAN_POINT('',(9.301470155289,-16.56860351562));
#1887 = CARTESIAN_POINT('',(9.195433435967,-16.56405149283));
#1888 = CARTESIAN_POINT('',(9.090808156506,-16.55470476489));
#1889 = CARTESIAN_POINT('',(8.987852692297,-16.54034195986));
#1890 = CARTESIAN_POINT('',(8.789348063679,-16.50196439833));
#1891 = CARTESIAN_POINT('',(8.693663382228,-16.47830292519));
#1892 = CARTESIAN_POINT('',(8.60003673881,-16.4496943749));
#1893 = CARTESIAN_POINT('',(8.508714050748,-16.41606602445));
#1894 = CARTESIAN_POINT('',(8.419921825,-16.37744140625));
#1895 = ( GEOMETRIC_REPRESENTATION_CONTEXT(2) 
PARAMETRIC_REPRESENTATION_CONTEXT() REPRESENTATION_CONTEXT('2D SPACE',''
  ) );
#1896 = PCURVE('',#1897,#1904);
#1897 = SURFACE_OF_LINEAR_EXTRUSION('',#1898,#1902);
#1898 = B_SPLINE_CURVE_WITH_KNOTS('',2,(#1899,#1900,#1901),
  .UNSPECIFIED.,.F.,.F.,(3,3),(0.,1.),.PIECEWISE_BEZIER_KNOTS.);
#1899 = CARTESIAN_POINT('',(8.419921825,-16.37744140625,17.8));
#1900 = CARTESIAN_POINT('',(8.85937495,-16.56860351562,17.8));
#1901 = CARTESIAN_POINT('',(9.40869135625,-16.56860351562,17.8));
#1902 = VECTOR('',#1903,1.);
#1903 = DIRECTION('',(-0.,-0.,-1.));
#1904 = DEFINITIONAL_REPRESENTATION('',(#1905),#1916);
#1905 = B_SPLINE_CURVE_WITH_KNOTS('',5,(#1906,#1907,#1908,#1909,#1910,
    #1911,#1912,#1913,#1914,#1915),.UNSPECIFIED.,.F.,.F.,(6,4,6),(0.,
    0.508864315597,1.),.UNSPECIFIED.);
#1906 = CARTESIAN_POINT('',(1.,-0.6));
#1907 = CARTESIAN_POINT('',(0.902404880192,-0.6));
#1908 = CARTESIAN_POINT('',(0.803506664938,-0.6));
#1909 = CARTESIAN_POINT('',(0.703384985582,-0.6));
#1910 = CARTESIAN_POINT('',(0.602159217888,-0.6));
#1911 = CARTESIAN_POINT('',(0.401399968798,-0.6));
#1912 = CARTESIAN_POINT('',(0.301927945034,-0.6));
#1913 = CARTESIAN_POINT('',(0.201741296925,-0.6));
#1914 = CARTESIAN_POINT('',(0.101025821295,-0.6));
#1915 = CARTESIAN_POINT('',(0.,-0.6));
#1916 = ( GEOMETRIC_REPRESENTATION_CONTEXT(2) 
PARAMETRIC_REPRESENTATION_CONTEXT() REPRESENTATION_CONTEXT('2D SPACE',''
  ) );
#1917 = ORIENTED_EDGE('',*,*,#1918,.F.);
#1918 = EDGE_CURVE('',#1919,#1868,#1921,.T.);
#1919 = VERTEX_POINT('',#1920);
#1920 = CARTESIAN_POINT('',(10.27001948125,-16.42358398437,18.4));
#1921 = SURFACE_CURVE('',#1922,(#1930,#1941),.PCURVE_S1.);
#1922 = B_SPLINE_CURVE_WITH_KNOTS('',6,(#1923,#1924,#1925,#1926,#1927,
    #1928,#1929),.UNSPECIFIED.,.F.,.F.,(7,7),(0.,1.),
  .PIECEWISE_BEZIER_KNOTS.);
#1923 = CARTESIAN_POINT('',(10.27001948125,-16.42358398437,18.4));
#1924 = CARTESIAN_POINT('',(10.140638734338,-16.4738141567,18.4));
#1925 = CARTESIAN_POINT('',(10.004450899804,-16.51305508485,18.4));
#1926 = CARTESIAN_POINT('',(9.862309157112,-16.54153588824,18.4));
#1927 = CARTESIAN_POINT('',(9.715105433107,-16.55982104399,18.4));
#1928 = CARTESIAN_POINT('',(9.563664378671,-16.56860351562,18.4));
#1929 = CARTESIAN_POINT('',(9.40869135625,-16.56860351562,18.4));
#1930 = PCURVE('',#522,#1931);
#1931 = DEFINITIONAL_REPRESENTATION('',(#1932),#1940);
#1932 = B_SPLINE_CURVE_WITH_KNOTS('',6,(#1933,#1934,#1935,#1936,#1937,
    #1938,#1939),.UNSPECIFIED.,.F.,.F.,(7,7),(0.,1.),
  .PIECEWISE_BEZIER_KNOTS.);
#1933 = CARTESIAN_POINT('',(10.27001948125,-16.42358398437));
#1934 = CARTESIAN_POINT('',(10.140638734338,-16.4738141567));
#1935 = CARTESIAN_POINT('',(10.004450899804,-16.51305508485));
#1936 = CARTESIAN_POINT('',(9.862309157112,-16.54153588824));
#1937 = CARTESIAN_POINT('',(9.715105433107,-16.55982104399));
#1938 = CARTESIAN_POINT('',(9.563664378671,-16.56860351562));
#1939 = CARTESIAN_POINT('',(9.40869135625,-16.56860351562));
#1940 = ( GEOMETRIC_REPRESENTATION_CONTEXT(2) 
PARAMETRIC_REPRESENTATION_CONTEXT() REPRESENTATION_CONTEXT('2D SPACE',''
  ) );
#1941 = PCURVE('',#1942,#1949);
#1942 = SURFACE_OF_LINEAR_EXTRUSION('',#1943,#1947);
#1943 = B_SPLINE_CURVE_WITH_KNOTS('',2,(#1944,#1945,#1946),
  .UNSPECIFIED.,.F.,.F.,(3,3),(0.,1.),.PIECEWISE_BEZIER_KNOTS.);
#1944 = CARTESIAN_POINT('',(9.40869135625,-16.56860351562,17.8));
#1945 = CARTESIAN_POINT('',(9.896484325,-16.56860351562,17.8));
#1946 = CARTESIAN_POINT('',(10.27001948125,-16.42358398437,17.8));
#1947 = VECTOR('',#1948,1.);
#1948 = DIRECTION('',(-0.,-0.,-1.));
#1949 = DEFINITIONAL_REPRESENTATION('',(#1950),#1958);
#1950 = B_SPLINE_CURVE_WITH_KNOTS('',6,(#1951,#1952,#1953,#1954,#1955,
    #1956,#1957),.UNSPECIFIED.,.F.,.F.,(7,7),(0.,1.),
  .PIECEWISE_BEZIER_KNOTS.);
#1951 = CARTESIAN_POINT('',(1.,-0.6));
#1952 = CARTESIAN_POINT('',(0.826815836814,-0.6));
#1953 = CARTESIAN_POINT('',(0.655529102334,-0.6));
#1954 = CARTESIAN_POINT('',(0.486829291053,-0.6));
#1955 = CARTESIAN_POINT('',(0.321174781141,-0.6));
#1956 = CARTESIAN_POINT('',(0.158851226186,-0.6));
#1957 = CARTESIAN_POINT('',(0.,-0.6));
#1958 = ( GEOMETRIC_REPRESENTATION_CONTEXT(2) 
PARAMETRIC_REPRESENTATION_CONTEXT() REPRESENTATION_CONTEXT('2D SPACE',''
  ) );
#1959 = ORIENTED_EDGE('',*,*,#1960,.F.);
#1960 = EDGE_CURVE('',#1961,#1919,#1963,.T.);
#1961 = VERTEX_POINT('',#1962);
#1962 = CARTESIAN_POINT('',(10.825927684375,-16.02587890625,18.4));
#1963 = SURFACE_CURVE('',#1964,(#1975,#1989),.PCURVE_S1.);
#1964 = B_SPLINE_CURVE_WITH_KNOTS('',5,(#1965,#1966,#1967,#1968,#1969,
    #1970,#1971,#1972,#1973,#1974),.UNSPECIFIED.,.F.,.F.,(6,4,6),(0.,
    0.491313107275,1.),.UNSPECIFIED.);
#1965 = CARTESIAN_POINT('',(10.825927684375,-16.02587890625,18.4));
#1966 = CARTESIAN_POINT('',(10.788894921078,-16.07718936142,18.4));
#1967 = CARTESIAN_POINT('',(10.747038120186,-16.12558324958,18.4));
#1968 = CARTESIAN_POINT('',(10.70052478615,-16.17093488019,18.4));
#1969 = CARTESIAN_POINT('',(10.649622940413,-16.21321210371,18.4));
#1970 = CARTESIAN_POINT('',(10.537736221949,-16.29306103185,18.4));
#1971 = CARTESIAN_POINT('',(10.476455776865,-16.33041524391,18.4));
#1972 = CARTESIAN_POINT('',(10.411158874344,-16.36454052973,18.4));
#1973 = CARTESIAN_POINT('',(10.342228398216,-16.39554993425,18.4));
#1974 = CARTESIAN_POINT('',(10.27001948125,-16.42358398437,18.4));
#1975 = PCURVE('',#522,#1976);
#1976 = DEFINITIONAL_REPRESENTATION('',(#1977),#1988);
#1977 = B_SPLINE_CURVE_WITH_KNOTS('',5,(#1978,#1979,#1980,#1981,#1982,
    #1983,#1984,#1985,#1986,#1987),.UNSPECIFIED.,.F.,.F.,(6,4,6),(0.,
    0.491313107275,1.),.UNSPECIFIED.);
#1978 = CARTESIAN_POINT('',(10.825927684375,-16.02587890625));
#1979 = CARTESIAN_POINT('',(10.788894921078,-16.07718936142));
#1980 = CARTESIAN_POINT('',(10.747038120186,-16.12558324958));
#1981 = CARTESIAN_POINT('',(10.70052478615,-16.17093488019));
#1982 = CARTESIAN_POINT('',(10.649622940413,-16.21321210371));
#1983 = CARTESIAN_POINT('',(10.537736221949,-16.29306103185));
#1984 = CARTESIAN_POINT('',(10.476455776865,-16.33041524391));
#1985 = CARTESIAN_POINT('',(10.411158874344,-16.36454052973));
#1986 = CARTESIAN_POINT('',(10.342228398216,-16.39554993425));
#1987 = CARTESIAN_POINT('',(10.27001948125,-16.42358398437));
#1988 = ( GEOMETRIC_REPRESENTATION_CONTEXT(2) 
PARAMETRIC_REPRESENTATION_CONTEXT() REPRESENTATION_CONTEXT('2D SPACE',''
  ) );
#1989 = PCURVE('',#1990,#1997);
#1990 = SURFACE_OF_LINEAR_EXTRUSION('',#1991,#1995);
#1991 = B_SPLINE_CURVE_WITH_KNOTS('',2,(#1992,#1993,#1994),
  .UNSPECIFIED.,.F.,.F.,(3,3),(0.,1.),.PIECEWISE_BEZIER_KNOTS.);
#1992 = CARTESIAN_POINT('',(10.27001948125,-16.42358398437,17.8));
#1993 = CARTESIAN_POINT('',(10.6435546375,-16.27856445312,17.8));
#1994 = CARTESIAN_POINT('',(10.825927684375,-16.02587890625,17.8));
#1995 = VECTOR('',#1996,1.);
#1996 = DIRECTION('',(-0.,-0.,-1.));
#1997 = DEFINITIONAL_REPRESENTATION('',(#1998),#2009);
#1998 = B_SPLINE_CURVE_WITH_KNOTS('',5,(#1999,#2000,#2001,#2002,#2003,
    #2004,#2005,#2006,#2007,#2008),.UNSPECIFIED.,.F.,.F.,(6,4,6),(0.,
    0.491313107275,1.),.UNSPECIFIED.);
#1999 = CARTESIAN_POINT('',(1.,-0.6));
#2000 = CARTESIAN_POINT('',(0.898469746677,-0.6));
#2001 = CARTESIAN_POINT('',(0.797220274911,-0.6));
#2002 = CARTESIAN_POINT('',(0.696561139095,-0.6));
#2003 = CARTESIAN_POINT('',(0.596749941113,-0.6));
#2004 = CARTESIAN_POINT('',(0.395758069228,-0.6));
#2005 = CARTESIAN_POINT('',(0.294649174391,-0.6));
#2006 = CARTESIAN_POINT('',(0.194900408607,-0.6));
#2007 = CARTESIAN_POINT('',(9.665611891932E-02,-0.6));
#2008 = CARTESIAN_POINT('',(0.,-0.6));
#2009 = ( GEOMETRIC_REPRESENTATION_CONTEXT(2) 
PARAMETRIC_REPRESENTATION_CONTEXT() REPRESENTATION_CONTEXT('2D SPACE',''
  ) );
#2010 = ORIENTED_EDGE('',*,*,#2011,.F.);
#2011 = EDGE_CURVE('',#2012,#1961,#2014,.T.);
#2012 = VERTEX_POINT('',#2013);
#2013 = CARTESIAN_POINT('',(11.00830073125,-15.47436523437,18.4));
#2014 = SURFACE_CURVE('',#2015,(#2026,#2040),.PCURVE_S1.);
#2015 = B_SPLINE_CURVE_WITH_KNOTS('',5,(#2016,#2017,#2018,#2019,#2020,
    #2021,#2022,#2023,#2024,#2025),.UNSPECIFIED.,.F.,.F.,(6,4,6),(0.,
    0.389085213302,1.),.UNSPECIFIED.);
#2016 = CARTESIAN_POINT('',(11.00830073125,-15.47436523437,18.4));
#2017 = CARTESIAN_POINT('',(11.00830073125,-15.52073535215,18.4));
#2018 = CARTESIAN_POINT('',(11.005556381877,-15.56659437282,18.4));
#2019 = CARTESIAN_POINT('',(11.000023409851,-15.61187293809,18.4));
#2020 = CARTESIAN_POINT('',(10.991686999112,-15.65650601296,18.4));
#2021 = CARTESIAN_POINT('',(10.963093755494,-15.76940383399,18.4));
#2022 = CARTESIAN_POINT('',(10.938749840193,-15.8366385261,18.4));
#2023 = CARTESIAN_POINT('',(10.907589635944,-15.90189561799,18.4));
#2024 = CARTESIAN_POINT('',(10.869858496927,-15.96501091295,18.4));
#2025 = CARTESIAN_POINT('',(10.825927684375,-16.02587890625,18.4));
#2026 = PCURVE('',#522,#2027);
#2027 = DEFINITIONAL_REPRESENTATION('',(#2028),#2039);
#2028 = B_SPLINE_CURVE_WITH_KNOTS('',5,(#2029,#2030,#2031,#2032,#2033,
    #2034,#2035,#2036,#2037,#2038),.UNSPECIFIED.,.F.,.F.,(6,4,6),(0.,
    0.389085213302,1.),.UNSPECIFIED.);
#2029 = CARTESIAN_POINT('',(11.00830073125,-15.47436523437));
#2030 = CARTESIAN_POINT('',(11.00830073125,-15.52073535215));
#2031 = CARTESIAN_POINT('',(11.005556381877,-15.56659437282));
#2032 = CARTESIAN_POINT('',(11.000023409851,-15.61187293809));
#2033 = CARTESIAN_POINT('',(10.991686999112,-15.65650601296));
#2034 = CARTESIAN_POINT('',(10.963093755494,-15.76940383399));
#2035 = CARTESIAN_POINT('',(10.938749840193,-15.8366385261));
#2036 = CARTESIAN_POINT('',(10.907589635944,-15.90189561799));
#2037 = CARTESIAN_POINT('',(10.869858496927,-15.96501091295));
#2038 = CARTESIAN_POINT('',(10.825927684375,-16.02587890625));
#2039 = ( GEOMETRIC_REPRESENTATION_CONTEXT(2) 
PARAMETRIC_REPRESENTATION_CONTEXT() REPRESENTATION_CONTEXT('2D SPACE',''
  ) );
#2040 = PCURVE('',#2041,#2048);
#2041 = SURFACE_OF_LINEAR_EXTRUSION('',#2042,#2046);
#2042 = B_SPLINE_CURVE_WITH_KNOTS('',2,(#2043,#2044,#2045),
  .UNSPECIFIED.,.F.,.F.,(3,3),(0.,1.),.PIECEWISE_BEZIER_KNOTS.);
#2043 = CARTESIAN_POINT('',(10.825927684375,-16.02587890625,17.8));
#2044 = CARTESIAN_POINT('',(11.00830073125,-15.77319335937,17.8));
#2045 = CARTESIAN_POINT('',(11.00830073125,-15.47436523437,17.8));
#2046 = VECTOR('',#2047,1.);
#2047 = DIRECTION('',(-0.,-0.,-1.));
#2048 = DEFINITIONAL_REPRESENTATION('',(#2049),#2060);
#2049 = B_SPLINE_CURVE_WITH_KNOTS('',5,(#2050,#2051,#2052,#2053,#2054,
    #2055,#2056,#2057,#2058,#2059),.UNSPECIFIED.,.F.,.F.,(6,4,6),(0.,
    0.389085213302,1.),.UNSPECIFIED.);
#2050 = CARTESIAN_POINT('',(1.,-0.6));
#2051 = CARTESIAN_POINT('',(0.922413397697,-0.6));
#2052 = CARTESIAN_POINT('',(0.844520170403,-0.6));
#2053 = CARTESIAN_POINT('',(0.76641762592,-0.6));
#2054 = CARTESIAN_POINT('',(0.68820830873,-0.6));
#2055 = CARTESIAN_POINT('',(0.487202703644,-0.6));
#2056 = CARTESIAN_POINT('',(0.364399677685,-0.6));
#2057 = CARTESIAN_POINT('',(0.242019966961,-0.6));
#2058 = CARTESIAN_POINT('',(0.120442174173,-0.6));
#2059 = CARTESIAN_POINT('',(0.,-0.6));
#2060 = ( GEOMETRIC_REPRESENTATION_CONTEXT(2) 
PARAMETRIC_REPRESENTATION_CONTEXT() REPRESENTATION_CONTEXT('2D SPACE',''
  ) );
#2061 = ORIENTED_EDGE('',*,*,#2062,.F.);
#2062 = EDGE_CURVE('',#2063,#2012,#2065,.T.);
#2063 = VERTEX_POINT('',#2064);
#2064 = CARTESIAN_POINT('',(10.83251948125,-14.94482421875,18.4));
#2065 = SURFACE_CURVE('',#2066,(#2077,#2091),.PCURVE_S1.);
#2066 = B_SPLINE_CURVE_WITH_KNOTS('',5,(#2067,#2068,#2069,#2070,#2071,
    #2072,#2073,#2074,#2075,#2076),.UNSPECIFIED.,.F.,.F.,(6,4,6),(0.,
    0.364860532911,1.),.UNSPECIFIED.);
#2067 = CARTESIAN_POINT('',(10.83251948125,-14.94482421875,18.4));
#2068 = CARTESIAN_POINT('',(10.858125755679,-14.97779229707,18.4));
#2069 = CARTESIAN_POINT('',(10.881495845812,-15.01190251692,18.4));
#2070 = CARTESIAN_POINT('',(10.902564353712,-15.04713147871,18.4));
#2071 = CARTESIAN_POINT('',(10.921287755853,-15.08344358685,18.4));
#2072 = CARTESIAN_POINT('',(10.966117617668,-15.18580451542,18.4));
#2073 = CARTESIAN_POINT('',(10.987421694652,-15.25396047822,18.4));
#2074 = CARTESIAN_POINT('',(11.001439246118,-15.32499741291,18.4));
#2075 = CARTESIAN_POINT('',(11.00830073125,-15.39858692512,18.4));
#2076 = CARTESIAN_POINT('',(11.00830073125,-15.47436523437,18.4));
#2077 = PCURVE('',#522,#2078);
#2078 = DEFINITIONAL_REPRESENTATION('',(#2079),#2090);
#2079 = B_SPLINE_CURVE_WITH_KNOTS('',5,(#2080,#2081,#2082,#2083,#2084,
    #2085,#2086,#2087,#2088,#2089),.UNSPECIFIED.,.F.,.F.,(6,4,6),(0.,
    0.364860532911,1.),.UNSPECIFIED.);
#2080 = CARTESIAN_POINT('',(10.83251948125,-14.94482421875));
#2081 = CARTESIAN_POINT('',(10.858125755679,-14.97779229707));
#2082 = CARTESIAN_POINT('',(10.881495845812,-15.01190251692));
#2083 = CARTESIAN_POINT('',(10.902564353712,-15.04713147871));
#2084 = CARTESIAN_POINT('',(10.921287755853,-15.08344358685));
#2085 = CARTESIAN_POINT('',(10.966117617668,-15.18580451542));
#2086 = CARTESIAN_POINT('',(10.987421694652,-15.25396047822));
#2087 = CARTESIAN_POINT('',(11.001439246118,-15.32499741291));
#2088 = CARTESIAN_POINT('',(11.00830073125,-15.39858692512));
#2089 = CARTESIAN_POINT('',(11.00830073125,-15.47436523437));
#2090 = ( GEOMETRIC_REPRESENTATION_CONTEXT(2) 
PARAMETRIC_REPRESENTATION_CONTEXT() REPRESENTATION_CONTEXT('2D SPACE',''
  ) );
#2091 = PCURVE('',#2092,#2099);
#2092 = SURFACE_OF_LINEAR_EXTRUSION('',#2093,#2097);
#2093 = B_SPLINE_CURVE_WITH_KNOTS('',2,(#2094,#2095,#2096),
  .UNSPECIFIED.,.F.,.F.,(3,3),(0.,1.),.PIECEWISE_BEZIER_KNOTS.);
#2094 = CARTESIAN_POINT('',(11.00830073125,-15.47436523437,17.8));
#2095 = CARTESIAN_POINT('',(11.00830073125,-15.17114257812,17.8));
#2096 = CARTESIAN_POINT('',(10.83251948125,-14.94482421875,17.8));
#2097 = VECTOR('',#2098,1.);
#2098 = DIRECTION('',(-0.,-0.,-1.));
#2099 = DEFINITIONAL_REPRESENTATION('',(#2100),#2111);
#2100 = B_SPLINE_CURVE_WITH_KNOTS('',5,(#2101,#2102,#2103,#2104,#2105,
    #2106,#2107,#2108,#2109,#2110),.UNSPECIFIED.,.F.,.F.,(6,4,6),(0.,
    0.364860532911,1.),.UNSPECIFIED.);
#2101 = CARTESIAN_POINT('',(1.,-0.6));
#2102 = CARTESIAN_POINT('',(0.927164374958,-0.6));
#2103 = CARTESIAN_POINT('',(0.854058633406,-0.6));
#2104 = CARTESIAN_POINT('',(0.780768539352,-0.6));
#2105 = CARTESIAN_POINT('',(0.70738418685,-0.6));
#2106 = CARTESIAN_POINT('',(0.506254768262,-0.6));
#2107 = CARTESIAN_POINT('',(0.378499643629,-0.6));
#2108 = CARTESIAN_POINT('',(0.251250554773,-0.6));
#2109 = CARTESIAN_POINT('',(0.124954893185,-0.6));
#2110 = CARTESIAN_POINT('',(0.,-0.6));
#2111 = ( GEOMETRIC_REPRESENTATION_CONTEXT(2) 
PARAMETRIC_REPRESENTATION_CONTEXT() REPRESENTATION_CONTEXT('2D SPACE',''
  ) );
#2112 = ORIENTED_EDGE('',*,*,#2113,.F.);
#2113 = EDGE_CURVE('',#2114,#2063,#2116,.T.);
#2114 = VERTEX_POINT('',#2115);
#2115 = CARTESIAN_POINT('',(10.25244135625,-14.56469726562,18.4));
#2116 = SURFACE_CURVE('',#2117,(#2128,#2142),.PCURVE_S1.);
#2117 = B_SPLINE_CURVE_WITH_KNOTS('',5,(#2118,#2119,#2120,#2121,#2122,
    #2123,#2124,#2125,#2126,#2127),.UNSPECIFIED.,.F.,.F.,(6,4,6),(0.,
    0.560113422113,1.),.UNSPECIFIED.);
#2118 = CARTESIAN_POINT('',(10.25244135625,-14.56469726562,18.4));
#2119 = CARTESIAN_POINT('',(10.336274477811,-14.596590301,18.4));
#2120 = CARTESIAN_POINT('',(10.415984085665,-14.63119968877,18.4));
#2121 = CARTESIAN_POINT('',(10.490999965034,-14.66871873286,18.4));
#2122 = CARTESIAN_POINT('',(10.56061760023,-14.70932667627,18.4));
#2123 = CARTESIAN_POINT('',(10.674009917298,-14.7875004038,18.4));
#2124 = CARTESIAN_POINT('',(10.720124257208,-14.8238480925,18.4));
#2125 = CARTESIAN_POINT('',(10.762127247053,-14.86219442789,18.4));
#2126 = CARTESIAN_POINT('',(10.799679026315,-14.90254213302,18.4));
#2127 = CARTESIAN_POINT('',(10.83251948125,-14.94482421875,18.4));
#2128 = PCURVE('',#522,#2129);
#2129 = DEFINITIONAL_REPRESENTATION('',(#2130),#2141);
#2130 = B_SPLINE_CURVE_WITH_KNOTS('',5,(#2131,#2132,#2133,#2134,#2135,
    #2136,#2137,#2138,#2139,#2140),.UNSPECIFIED.,.F.,.F.,(6,4,6),(0.,
    0.560113422113,1.),.UNSPECIFIED.);
#2131 = CARTESIAN_POINT('',(10.25244135625,-14.56469726562));
#2132 = CARTESIAN_POINT('',(10.336274477811,-14.596590301));
#2133 = CARTESIAN_POINT('',(10.415984085665,-14.63119968877));
#2134 = CARTESIAN_POINT('',(10.490999965034,-14.66871873286));
#2135 = CARTESIAN_POINT('',(10.56061760023,-14.70932667627));
#2136 = CARTESIAN_POINT('',(10.674009917298,-14.7875004038));
#2137 = CARTESIAN_POINT('',(10.720124257208,-14.8238480925));
#2138 = CARTESIAN_POINT('',(10.762127247053,-14.86219442789));
#2139 = CARTESIAN_POINT('',(10.799679026315,-14.90254213302));
#2140 = CARTESIAN_POINT('',(10.83251948125,-14.94482421875));
#2141 = ( GEOMETRIC_REPRESENTATION_CONTEXT(2) 
PARAMETRIC_REPRESENTATION_CONTEXT() REPRESENTATION_CONTEXT('2D SPACE',''
  ) );
#2142 = PCURVE('',#2143,#2150);
#2143 = SURFACE_OF_LINEAR_EXTRUSION('',#2144,#2148);
#2144 = B_SPLINE_CURVE_WITH_KNOTS('',2,(#2145,#2146,#2147),
  .UNSPECIFIED.,.F.,.F.,(3,3),(0.,1.),.PIECEWISE_BEZIER_KNOTS.);
#2145 = CARTESIAN_POINT('',(10.83251948125,-14.94482421875,17.8));
#2146 = CARTESIAN_POINT('',(10.65673823125,-14.71850585937,17.8));
#2147 = CARTESIAN_POINT('',(10.25244135625,-14.56469726562,17.8));
#2148 = VECTOR('',#2149,1.);
#2149 = DIRECTION('',(-0.,-0.,-1.));
#2150 = DEFINITIONAL_REPRESENTATION('',(#2151),#2162);
#2151 = B_SPLINE_CURVE_WITH_KNOTS('',5,(#2152,#2153,#2154,#2155,#2156,
    #2157,#2158,#2159,#2160,#2161),.UNSPECIFIED.,.F.,.F.,(6,4,6),(0.,
    0.560113422113,1.),.UNSPECIFIED.);
#2152 = CARTESIAN_POINT('',(1.,-0.6));
#2153 = CARTESIAN_POINT('',(0.896322323094,-0.6));
#2154 = CARTESIAN_POINT('',(0.790149158371,-0.6));
#2155 = CARTESIAN_POINT('',(0.681458579936,-0.6));
#2156 = CARTESIAN_POINT('',(0.570329116681,-0.6));
#2157 = CARTESIAN_POINT('',(0.367996674346,-0.6));
#2158 = CARTESIAN_POINT('',(0.277636857596,-0.6));
#2159 = CARTESIAN_POINT('',(0.186046810887,-0.6));
#2160 = CARTESIAN_POINT('',(9.341284959326E-02,-0.6));
#2161 = CARTESIAN_POINT('',(0.,-0.6));
#2162 = ( GEOMETRIC_REPRESENTATION_CONTEXT(2) 
PARAMETRIC_REPRESENTATION_CONTEXT() REPRESENTATION_CONTEXT('2D SPACE',''
  ) );
#2163 = ORIENTED_EDGE('',*,*,#2164,.F.);
#2164 = EDGE_CURVE('',#2165,#2114,#2167,.T.);
#2165 = VERTEX_POINT('',#2166);
#2166 = CARTESIAN_POINT('',(9.1054687,-14.25048828125,18.4));
#2167 = SURFACE_CURVE('',#2168,(#2185,#2205),.PCURVE_S1.);
#2168 = B_SPLINE_CURVE_WITH_KNOTS('',8,(#2169,#2170,#2171,#2172,#2173,
    #2174,#2175,#2176,#2177,#2178,#2179,#2180,#2181,#2182,#2183,#2184),
  .UNSPECIFIED.,.F.,.F.,(9,7,9),(0.,0.692864786758,1.),.UNSPECIFIED.);
#2169 = CARTESIAN_POINT('',(9.1054687,-14.25048828125,18.4));
#2170 = CARTESIAN_POINT('',(9.221734456968,-14.27840357438,18.4));
#2171 = CARTESIAN_POINT('',(9.336334596404,-14.30629955231,18.4));
#2172 = CARTESIAN_POINT('',(9.449200906804,-14.3342109927,18.4));
#2173 = CARTESIAN_POINT('',(9.560032536157,-14.36213514492,18.4));
#2174 = CARTESIAN_POINT('',(9.668308790112,-14.39003292385,18.4));
#2175 = CARTESIAN_POINT('',(9.773191436515,-14.41782434887,18.4));
#2176 = CARTESIAN_POINT('',(9.873566822658,-14.44539085572,18.4));
#2177 = CARTESIAN_POINT('',(10.009326354275,-14.48460398362,18.4));
#2178 = CARTESIAN_POINT('',(10.049737350622,-14.49655663755,18.4));
#2179 = CARTESIAN_POINT('',(10.088714269189,-14.508404797,18.4));
#2180 = CARTESIAN_POINT('',(10.126044344366,-14.5201219707,18.4));
#2181 = CARTESIAN_POINT('',(10.161449856863,-14.53166849934,18.4));
#2182 = CARTESIAN_POINT('',(10.194590588335,-14.54299178821,18.4));
#2183 = CARTESIAN_POINT('',(10.225069460144,-14.55402686544,18.4));
#2184 = CARTESIAN_POINT('',(10.25244135625,-14.56469726562,18.4));
#2185 = PCURVE('',#522,#2186);
#2186 = DEFINITIONAL_REPRESENTATION('',(#2187),#2204);
#2187 = B_SPLINE_CURVE_WITH_KNOTS('',8,(#2188,#2189,#2190,#2191,#2192,
    #2193,#2194,#2195,#2196,#2197,#2198,#2199,#2200,#2201,#2202,#2203),
  .UNSPECIFIED.,.F.,.F.,(9,7,9),(0.,0.692864786758,1.),.UNSPECIFIED.);
#2188 = CARTESIAN_POINT('',(9.1054687,-14.25048828125));
#2189 = CARTESIAN_POINT('',(9.221734456968,-14.27840357438));
#2190 = CARTESIAN_POINT('',(9.336334596404,-14.30629955231));
#2191 = CARTESIAN_POINT('',(9.449200906804,-14.3342109927));
#2192 = CARTESIAN_POINT('',(9.560032536157,-14.36213514492));
#2193 = CARTESIAN_POINT('',(9.668308790112,-14.39003292385));
#2194 = CARTESIAN_POINT('',(9.773191436515,-14.41782434887));
#2195 = CARTESIAN_POINT('',(9.873566822658,-14.44539085572));
#2196 = CARTESIAN_POINT('',(10.009326354275,-14.48460398362));
#2197 = CARTESIAN_POINT('',(10.049737350622,-14.49655663755));
#2198 = CARTESIAN_POINT('',(10.088714269189,-14.508404797));
#2199 = CARTESIAN_POINT('',(10.126044344366,-14.5201219707));
#2200 = CARTESIAN_POINT('',(10.161449856863,-14.53166849934));
#2201 = CARTESIAN_POINT('',(10.194590588335,-14.54299178821));
#2202 = CARTESIAN_POINT('',(10.225069460144,-14.55402686544));
#2203 = CARTESIAN_POINT('',(10.25244135625,-14.56469726562));
#2204 = ( GEOMETRIC_REPRESENTATION_CONTEXT(2) 
PARAMETRIC_REPRESENTATION_CONTEXT() REPRESENTATION_CONTEXT('2D SPACE',''
  ) );
#2205 = PCURVE('',#2206,#2213);
#2206 = SURFACE_OF_LINEAR_EXTRUSION('',#2207,#2211);
#2207 = B_SPLINE_CURVE_WITH_KNOTS('',2,(#2208,#2209,#2210),
  .UNSPECIFIED.,.F.,.F.,(3,3),(0.,1.),.PIECEWISE_BEZIER_KNOTS.);
#2208 = CARTESIAN_POINT('',(10.25244135625,-14.56469726562,17.8));
#2209 = CARTESIAN_POINT('',(9.9931640125,-14.46362304687,17.8));
#2210 = CARTESIAN_POINT('',(9.1054687,-14.25048828125,17.8));
#2211 = VECTOR('',#2212,1.);
#2212 = DIRECTION('',(-0.,-0.,-1.));
#2213 = DEFINITIONAL_REPRESENTATION('',(#2214),#2231);
#2214 = B_SPLINE_CURVE_WITH_KNOTS('',8,(#2215,#2216,#2217,#2218,#2219,
    #2220,#2221,#2222,#2223,#2224,#2225,#2226,#2227,#2228,#2229,#2230),
  .UNSPECIFIED.,.F.,.F.,(9,7,9),(0.,0.692864786758,1.),.UNSPECIFIED.);
#2215 = CARTESIAN_POINT('',(1.,-0.6));
#2216 = CARTESIAN_POINT('',(0.934512576933,-0.6));
#2217 = CARTESIAN_POINT('',(0.866493212668,-0.6));
#2218 = CARTESIAN_POINT('',(0.795513919265,-0.6));
#2219 = CARTESIAN_POINT('',(0.721110634647,-0.6));
#2220 = CARTESIAN_POINT('',(0.642793146331,-0.6));
#2221 = CARTESIAN_POINT('',(0.559927837971,-0.6));
#2222 = CARTESIAN_POINT('',(0.47178508727,-0.6));
#2223 = CARTESIAN_POINT('',(0.334983377786,-0.6));
#2224 = CARTESIAN_POINT('',(0.29170707356,-0.6));
#2225 = CARTESIAN_POINT('',(0.24705190176,-0.6));
#2226 = CARTESIAN_POINT('',(0.200913471663,-0.6));
#2227 = CARTESIAN_POINT('',(0.153201847551,-0.6));
#2228 = CARTESIAN_POINT('',(0.103843418067,-0.6));
#2229 = CARTESIAN_POINT('',(5.278497478893E-02,-0.6));
#2230 = CARTESIAN_POINT('',(0.,-0.6));
#2231 = ( GEOMETRIC_REPRESENTATION_CONTEXT(2) 
PARAMETRIC_REPRESENTATION_CONTEXT() REPRESENTATION_CONTEXT('2D SPACE',''
  ) );
#2232 = ORIENTED_EDGE('',*,*,#2233,.F.);
#2233 = EDGE_CURVE('',#2234,#2165,#2236,.T.);
#2234 = VERTEX_POINT('',#2235);
#2235 = CARTESIAN_POINT('',(7.86181635625,-13.84838867187,18.4));
#2236 = SURFACE_CURVE('',#2237,(#2252,#2270),.PCURVE_S1.);
#2237 = B_SPLINE_CURVE_WITH_KNOTS('',7,(#2238,#2239,#2240,#2241,#2242,
    #2243,#2244,#2245,#2246,#2247,#2248,#2249,#2250,#2251),
  .UNSPECIFIED.,.F.,.F.,(8,6,8),(0.,0.700003735074,1.),.UNSPECIFIED.);
#2238 = CARTESIAN_POINT('',(7.86181635625,-13.84838867187,18.4));
#2239 = CARTESIAN_POINT('',(7.953747078631,-13.89719140104,18.4));
#2240 = CARTESIAN_POINT('',(8.05960059136,-13.94334357979,18.4));
#2241 = CARTESIAN_POINT('',(8.17504425082,-13.98719727573,18.4));
#2242 = CARTESIAN_POINT('',(8.297327439656,-14.02894993185,18.4));
#2243 = CARTESIAN_POINT('',(8.424507839026,-14.06884633953,18.4));
#2244 = CARTESIAN_POINT('',(8.555584965319,-14.1071520721,18.4));
#2245 = CARTESIAN_POINT('',(8.748078141354,-14.16006194731,18.4));
#2246 = CARTESIAN_POINT('',(8.806430479961,-14.17568273963,18.4));
#2247 = CARTESIAN_POINT('',(8.865328551288,-14.19106690203,18.4));
#2248 = CARTESIAN_POINT('',(8.92472148096,-14.20622793453,18.4));
#2249 = CARTESIAN_POINT('',(8.984565966496,-14.22117790729,18.4));
#2250 = CARTESIAN_POINT('',(9.044825351525,-14.23592787332,18.4));
#2251 = CARTESIAN_POINT('',(9.1054687,-14.25048828125,18.4));
#2252 = PCURVE('',#522,#2253);
#2253 = DEFINITIONAL_REPRESENTATION('',(#2254),#2269);
#2254 = B_SPLINE_CURVE_WITH_KNOTS('',7,(#2255,#2256,#2257,#2258,#2259,
    #2260,#2261,#2262,#2263,#2264,#2265,#2266,#2267,#2268),
  .UNSPECIFIED.,.F.,.F.,(8,6,8),(0.,0.700003735074,1.),.UNSPECIFIED.);
#2255 = CARTESIAN_POINT('',(7.86181635625,-13.84838867187));
#2256 = CARTESIAN_POINT('',(7.953747078631,-13.89719140104));
#2257 = CARTESIAN_POINT('',(8.05960059136,-13.94334357979));
#2258 = CARTESIAN_POINT('',(8.17504425082,-13.98719727573));
#2259 = CARTESIAN_POINT('',(8.297327439656,-14.02894993185));
#2260 = CARTESIAN_POINT('',(8.424507839026,-14.06884633953));
#2261 = CARTESIAN_POINT('',(8.555584965319,-14.1071520721));
#2262 = CARTESIAN_POINT('',(8.748078141354,-14.16006194731));
#2263 = CARTESIAN_POINT('',(8.806430479961,-14.17568273963));
#2264 = CARTESIAN_POINT('',(8.865328551288,-14.19106690203));
#2265 = CARTESIAN_POINT('',(8.92472148096,-14.20622793453));
#2266 = CARTESIAN_POINT('',(8.984565966496,-14.22117790729));
#2267 = CARTESIAN_POINT('',(9.044825351525,-14.23592787332));
#2268 = CARTESIAN_POINT('',(9.1054687,-14.25048828125));
#2269 = ( GEOMETRIC_REPRESENTATION_CONTEXT(2) 
PARAMETRIC_REPRESENTATION_CONTEXT() REPRESENTATION_CONTEXT('2D SPACE',''
  ) );
#2270 = PCURVE('',#2271,#2278);
#2271 = SURFACE_OF_LINEAR_EXTRUSION('',#2272,#2276);
#2272 = B_SPLINE_CURVE_WITH_KNOTS('',2,(#2273,#2274,#2275),
  .UNSPECIFIED.,.F.,.F.,(3,3),(0.,1.),.PIECEWISE_BEZIER_KNOTS.);
#2273 = CARTESIAN_POINT('',(9.1054687,-14.25048828125,17.8));
#2274 = CARTESIAN_POINT('',(8.2177733875,-14.03735351562,17.8));
#2275 = CARTESIAN_POINT('',(7.86181635625,-13.84838867187,17.8));
#2276 = VECTOR('',#2277,1.);
#2277 = DIRECTION('',(-0.,-0.,-1.));
#2278 = DEFINITIONAL_REPRESENTATION('',(#2279),#2294);
#2279 = B_SPLINE_CURVE_WITH_KNOTS('',7,(#2280,#2281,#2282,#2283,#2284,
    #2285,#2286,#2287,#2288,#2289,#2290,#2291,#2292,#2293),
  .UNSPECIFIED.,.F.,.F.,(8,6,8),(0.,0.700003735074,1.),.UNSPECIFIED.);
#2280 = CARTESIAN_POINT('',(1.,-0.6));
#2281 = CARTESIAN_POINT('',(0.87086823084,-0.6));
#2282 = CARTESIAN_POINT('',(0.751237879387,-0.6));
#2283 = CARTESIAN_POINT('',(0.639520248732,-0.6));
#2284 = CARTESIAN_POINT('',(0.534782181699,-0.6));
#2285 = CARTESIAN_POINT('',(0.436059825479,-0.6));
#2286 = CARTESIAN_POINT('',(0.342453073268,-0.6));
#2287 = CARTESIAN_POINT('',(0.214663650461,-0.6));
#2288 = CARTESIAN_POINT('',(0.177136044201,-0.6));
#2289 = CARTESIAN_POINT('',(0.140364973511,-0.6));
#2290 = CARTESIAN_POINT('',(0.104304680613,-0.6));
#2291 = CARTESIAN_POINT('',(6.891454147662E-02,-0.6));
#2292 = CARTESIAN_POINT('',(3.415774963589E-02,-0.6));
#2293 = CARTESIAN_POINT('',(0.,-0.6));
#2294 = ( GEOMETRIC_REPRESENTATION_CONTEXT(2) 
PARAMETRIC_REPRESENTATION_CONTEXT() REPRESENTATION_CONTEXT('2D SPACE',''
  ) );
#2295 = ORIENTED_EDGE('',*,*,#2296,.F.);
#2296 = EDGE_CURVE('',#2297,#2234,#2299,.T.);
#2297 = VERTEX_POINT('',#2298);
#2298 = CARTESIAN_POINT('',(7.174072215625,-13.24853515625,18.4));
#2299 = SURFACE_CURVE('',#2300,(#2311,#2325),.PCURVE_S1.);
#2300 = B_SPLINE_CURVE_WITH_KNOTS('',5,(#2301,#2302,#2303,#2304,#2305,
    #2306,#2307,#2308,#2309,#2310),.UNSPECIFIED.,.F.,.F.,(6,4,6),(0.,
    0.489637526327,1.),.UNSPECIFIED.);
#2301 = CARTESIAN_POINT('',(7.174072215625,-13.24853515625,18.4));
#2302 = CARTESIAN_POINT('',(7.220121778681,-13.32140970749,18.4));
#2303 = CARTESIAN_POINT('',(7.27210007655,-13.3910258044,18.4));
#2304 = CARTESIAN_POINT('',(7.329762144295,-13.45716636452,18.4));
#2305 = CARTESIAN_POINT('',(7.392724204014,-13.51974896639,18.4));
#2306 = CARTESIAN_POINT('',(7.531234125168,-13.64029928216,18.4));
#2307 = CARTESIAN_POINT('',(7.607205755046,-13.69796265484,18.4));
#2308 = CARTESIAN_POINT('',(7.687966986126,-13.75177528517,18.4));
#2309 = CARTESIAN_POINT('',(7.772992948157,-13.80186212477,18.4));
#2310 = CARTESIAN_POINT('',(7.86181635625,-13.84838867187,18.4));
#2311 = PCURVE('',#522,#2312);
#2312 = DEFINITIONAL_REPRESENTATION('',(#2313),#2324);
#2313 = B_SPLINE_CURVE_WITH_KNOTS('',5,(#2314,#2315,#2316,#2317,#2318,
    #2319,#2320,#2321,#2322,#2323),.UNSPECIFIED.,.F.,.F.,(6,4,6),(0.,
    0.489637526327,1.),.UNSPECIFIED.);
#2314 = CARTESIAN_POINT('',(7.174072215625,-13.24853515625));
#2315 = CARTESIAN_POINT('',(7.220121778681,-13.32140970749));
#2316 = CARTESIAN_POINT('',(7.27210007655,-13.3910258044));
#2317 = CARTESIAN_POINT('',(7.329762144295,-13.45716636452));
#2318 = CARTESIAN_POINT('',(7.392724204014,-13.51974896639));
#2319 = CARTESIAN_POINT('',(7.531234125168,-13.64029928216));
#2320 = CARTESIAN_POINT('',(7.607205755046,-13.69796265484));
#2321 = CARTESIAN_POINT('',(7.687966986126,-13.75177528517));
#2322 = CARTESIAN_POINT('',(7.772992948157,-13.80186212477));
#2323 = CARTESIAN_POINT('',(7.86181635625,-13.84838867187));
#2324 = ( GEOMETRIC_REPRESENTATION_CONTEXT(2) 
PARAMETRIC_REPRESENTATION_CONTEXT() REPRESENTATION_CONTEXT('2D SPACE',''
  ) );
#2325 = PCURVE('',#2326,#2333);
#2326 = SURFACE_OF_LINEAR_EXTRUSION('',#2327,#2331);
#2327 = B_SPLINE_CURVE_WITH_KNOTS('',2,(#2328,#2329,#2330),
  .UNSPECIFIED.,.F.,.F.,(3,3),(0.,1.),.PIECEWISE_BEZIER_KNOTS.);
#2328 = CARTESIAN_POINT('',(7.86181635625,-13.84838867187,17.8));
#2329 = CARTESIAN_POINT('',(7.400390575,-13.60668945312,17.8));
#2330 = CARTESIAN_POINT('',(7.174072215625,-13.24853515625,17.8));
#2331 = VECTOR('',#2332,1.);
#2332 = DIRECTION('',(-0.,-0.,-1.));
#2333 = DEFINITIONAL_REPRESENTATION('',(#2334),#2345);
#2334 = B_SPLINE_CURVE_WITH_KNOTS('',5,(#2335,#2336,#2337,#2338,#2339,
    #2340,#2341,#2342,#2343,#2344),.UNSPECIFIED.,.F.,.F.,(6,4,6),(0.,
    0.489637526327,1.),.UNSPECIFIED.);
#2335 = CARTESIAN_POINT('',(1.,-0.6));
#2336 = CARTESIAN_POINT('',(0.898263748502,-0.6));
#2337 = CARTESIAN_POINT('',(0.796869641867,-0.6));
#2338 = CARTESIAN_POINT('',(0.696177505703,-0.6));
#2339 = CARTESIAN_POINT('',(0.596477093998,-0.6));
#2340 = CARTESIAN_POINT('',(0.395354654024,-0.6));
#2341 = CARTESIAN_POINT('',(0.294033036226,-0.6));
#2342 = CARTESIAN_POINT('',(0.194283246675,-0.6));
#2343 = CARTESIAN_POINT('',(9.624885702373E-02,-0.6));
#2344 = CARTESIAN_POINT('',(0.,-0.6));
#2345 = ( GEOMETRIC_REPRESENTATION_CONTEXT(2) 
PARAMETRIC_REPRESENTATION_CONTEXT() REPRESENTATION_CONTEXT('2D SPACE',''
  ) );
#2346 = ORIENTED_EDGE('',*,*,#2347,.F.);
#2347 = EDGE_CURVE('',#2348,#2297,#2350,.T.);
#2348 = VERTEX_POINT('',#2349);
#2349 = CARTESIAN_POINT('',(6.94775385625,-12.44653320312,18.4));
#2350 = SURFACE_CURVE('',#2351,(#2362,#2376),.PCURVE_S1.);
#2351 = B_SPLINE_CURVE_WITH_KNOTS('',5,(#2352,#2353,#2354,#2355,#2356,
    #2357,#2358,#2359,#2360,#2361),.UNSPECIFIED.,.F.,.F.,(6,4,6),(0.,
    0.651536284828,1.),.UNSPECIFIED.);
#2352 = CARTESIAN_POINT('',(6.94775385625,-12.44653320312,18.4));
#2353 = CARTESIAN_POINT('',(6.94775385625,-12.55977924202,18.4));
#2354 = CARTESIAN_POINT('',(6.956962133485,-12.67108985624,18.4));
#2355 = CARTESIAN_POINT('',(6.975883125714,-12.77984549893,18.4));
#2356 = CARTESIAN_POINT('',(7.004756968793,-12.88543895684,18.4));
#2357 = CARTESIAN_POINT('',(7.064026721211,-13.04182434541,18.4));
#2358 = CARTESIAN_POINT('',(7.087468527776,-13.09526337462,18.4));
#2359 = CARTESIAN_POINT('',(7.113667857386,-13.1475678883,18.4));
#2360 = CARTESIAN_POINT('',(7.142565150939,-13.19867446164,18.4));
#2361 = CARTESIAN_POINT('',(7.174072215625,-13.24853515625,18.4));
#2362 = PCURVE('',#522,#2363);
#2363 = DEFINITIONAL_REPRESENTATION('',(#2364),#2375);
#2364 = B_SPLINE_CURVE_WITH_KNOTS('',5,(#2365,#2366,#2367,#2368,#2369,
    #2370,#2371,#2372,#2373,#2374),.UNSPECIFIED.,.F.,.F.,(6,4,6),(0.,
    0.651536284828,1.),.UNSPECIFIED.);
#2365 = CARTESIAN_POINT('',(6.94775385625,-12.44653320312));
#2366 = CARTESIAN_POINT('',(6.94775385625,-12.55977924202));
#2367 = CARTESIAN_POINT('',(6.956962133485,-12.67108985624));
#2368 = CARTESIAN_POINT('',(6.975883125714,-12.77984549893));
#2369 = CARTESIAN_POINT('',(7.004756968793,-12.88543895684));
#2370 = CARTESIAN_POINT('',(7.064026721211,-13.04182434541));
#2371 = CARTESIAN_POINT('',(7.087468527776,-13.09526337462));
#2372 = CARTESIAN_POINT('',(7.113667857386,-13.1475678883));
#2373 = CARTESIAN_POINT('',(7.142565150939,-13.19867446164));
#2374 = CARTESIAN_POINT('',(7.174072215625,-13.24853515625));
#2375 = ( GEOMETRIC_REPRESENTATION_CONTEXT(2) 
PARAMETRIC_REPRESENTATION_CONTEXT() REPRESENTATION_CONTEXT('2D SPACE',''
  ) );
#2376 = PCURVE('',#2377,#2384);
#2377 = SURFACE_OF_LINEAR_EXTRUSION('',#2378,#2382);
#2378 = B_SPLINE_CURVE_WITH_KNOTS('',2,(#2379,#2380,#2381),
  .UNSPECIFIED.,.F.,.F.,(3,3),(0.,1.),.PIECEWISE_BEZIER_KNOTS.);
#2379 = CARTESIAN_POINT('',(7.174072215625,-13.24853515625,17.8));
#2380 = CARTESIAN_POINT('',(6.94775385625,-12.89038085937,17.8));
#2381 = CARTESIAN_POINT('',(6.94775385625,-12.44653320312,17.8));
#2382 = VECTOR('',#2383,1.);
#2383 = DIRECTION('',(-0.,-0.,-1.));
#2384 = DEFINITIONAL_REPRESENTATION('',(#2385),#2396);
#2385 = B_SPLINE_CURVE_WITH_KNOTS('',5,(#2386,#2387,#2388,#2389,#2390,
    #2391,#2392,#2393,#2394,#2395),.UNSPECIFIED.,.F.,.F.,(6,4,6),(0.,
    0.651536284828,1.),.UNSPECIFIED.);
#2386 = CARTESIAN_POINT('',(1.,-0.6));
#2387 = CARTESIAN_POINT('',(0.872426904473,-0.6));
#2388 = CARTESIAN_POINT('',(0.743106357376,-0.6));
#2389 = CARTESIAN_POINT('',(0.612521121381,-0.6));
#2390 = CARTESIAN_POINT('',(0.481252801448,-0.6));
#2391 = CARTESIAN_POINT('',(0.279801547689,-0.6));
#2392 = CARTESIAN_POINT('',(0.209602852057,-0.6));
#2393 = CARTESIAN_POINT('',(0.139505998643,-0.6));
#2394 = CARTESIAN_POINT('',(6.960784086024E-02,-0.6));
#2395 = CARTESIAN_POINT('',(0.,-0.6));
#2396 = ( GEOMETRIC_REPRESENTATION_CONTEXT(2) 
PARAMETRIC_REPRESENTATION_CONTEXT() REPRESENTATION_CONTEXT('2D SPACE',''
  ) );
#2397 = ORIENTED_EDGE('',*,*,#2398,.F.);
#2398 = EDGE_CURVE('',#2399,#2348,#2401,.T.);
#2399 = VERTEX_POINT('',#2400);
#2400 = CARTESIAN_POINT('',(7.224609325,-11.53466796875,18.4));
#2401 = SURFACE_CURVE('',#2402,(#2413,#2427),.PCURVE_S1.);
#2402 = B_SPLINE_CURVE_WITH_KNOTS('',5,(#2403,#2404,#2405,#2406,#2407,
    #2408,#2409,#2410,#2411,#2412),.UNSPECIFIED.,.F.,.F.,(6,4,6),(0.,
    0.615508197898,1.),.UNSPECIFIED.);
#2403 = CARTESIAN_POINT('',(7.224609325,-11.53466796875,18.4));
#2404 = CARTESIAN_POINT('',(7.157997583547,-11.63670023938,18.4));
#2405 = CARTESIAN_POINT('',(7.100411072247,-11.7425568373,18.4));
#2406 = CARTESIAN_POINT('',(7.052714013764,-11.85196440023,18.4));
#2407 = CARTESIAN_POINT('',(7.0155281509,-11.964486832,18.4));
#2408 = CARTESIAN_POINT('',(6.972435406857,-12.15126635747,18.4));
#2409 = CARTESIAN_POINT('',(6.960025406007,-12.22404158591,18.4));
#2410 = CARTESIAN_POINT('',(6.951811237811,-12.29761950235,18.4));
#2411 = CARTESIAN_POINT('',(6.94775385625,-12.3718380616,18.4));
#2412 = CARTESIAN_POINT('',(6.94775385625,-12.44653320312,18.4));
#2413 = PCURVE('',#522,#2414);
#2414 = DEFINITIONAL_REPRESENTATION('',(#2415),#2426);
#2415 = B_SPLINE_CURVE_WITH_KNOTS('',5,(#2416,#2417,#2418,#2419,#2420,
    #2421,#2422,#2423,#2424,#2425),.UNSPECIFIED.,.F.,.F.,(6,4,6),(0.,
    0.615508197898,1.),.UNSPECIFIED.);
#2416 = CARTESIAN_POINT('',(7.224609325,-11.53466796875));
#2417 = CARTESIAN_POINT('',(7.157997583547,-11.63670023938));
#2418 = CARTESIAN_POINT('',(7.100411072247,-11.7425568373));
#2419 = CARTESIAN_POINT('',(7.052714013764,-11.85196440023));
#2420 = CARTESIAN_POINT('',(7.0155281509,-11.964486832));
#2421 = CARTESIAN_POINT('',(6.972435406857,-12.15126635747));
#2422 = CARTESIAN_POINT('',(6.960025406007,-12.22404158591));
#2423 = CARTESIAN_POINT('',(6.951811237811,-12.29761950235));
#2424 = CARTESIAN_POINT('',(6.94775385625,-12.3718380616));
#2425 = CARTESIAN_POINT('',(6.94775385625,-12.44653320312));
#2426 = ( GEOMETRIC_REPRESENTATION_CONTEXT(2) 
PARAMETRIC_REPRESENTATION_CONTEXT() REPRESENTATION_CONTEXT('2D SPACE',''
  ) );
#2427 = PCURVE('',#2428,#2435);
#2428 = SURFACE_OF_LINEAR_EXTRUSION('',#2429,#2433);
#2429 = B_SPLINE_CURVE_WITH_KNOTS('',2,(#2430,#2431,#2432),
  .UNSPECIFIED.,.F.,.F.,(3,3),(0.,1.),.PIECEWISE_BEZIER_KNOTS.);
#2430 = CARTESIAN_POINT('',(6.94775385625,-12.44653320312,17.8));
#2431 = CARTESIAN_POINT('',(6.94775385625,-11.95874023437,17.8));
#2432 = CARTESIAN_POINT('',(7.224609325,-11.53466796875,17.8));
#2433 = VECTOR('',#2434,1.);
#2434 = DIRECTION('',(-0.,-0.,-1.));
#2435 = DEFINITIONAL_REPRESENTATION('',(#2436),#2447);
#2436 = B_SPLINE_CURVE_WITH_KNOTS('',5,(#2437,#2438,#2439,#2440,#2441,
    #2442,#2443,#2444,#2445,#2446),.UNSPECIFIED.,.F.,.F.,(6,4,6),(0.,
    0.615508197898,1.),.UNSPECIFIED.);
#2437 = CARTESIAN_POINT('',(1.,-0.6));
#2438 = CARTESIAN_POINT('',(0.879699429897,-0.6));
#2439 = CARTESIAN_POINT('',(0.757608047016,-0.6));
#2440 = CARTESIAN_POINT('',(0.634209940587,-0.6));
#2441 = CARTESIAN_POINT('',(0.510098800714,-0.6));
#2442 = CARTESIAN_POINT('',(0.308478739214,-0.6));
#2443 = CARTESIAN_POINT('',(0.230954560593,-0.6));
#2444 = CARTESIAN_POINT('',(0.153597481062,-0.6));
#2445 = CARTESIAN_POINT('',(7.656438930879E-02,-0.6));
#2446 = CARTESIAN_POINT('',(0.,-0.6));
#2447 = ( GEOMETRIC_REPRESENTATION_CONTEXT(2) 
PARAMETRIC_REPRESENTATION_CONTEXT() REPRESENTATION_CONTEXT('2D SPACE',''
  ) );
#2448 = ORIENTED_EDGE('',*,*,#2449,.F.);
#2449 = EDGE_CURVE('',#2450,#2399,#2452,.T.);
#2450 = VERTEX_POINT('',#2451);
#2451 = CARTESIAN_POINT('',(8.033203075,-10.89086914062,18.4));
#2452 = SURFACE_CURVE('',#2453,(#2466,#2482),.PCURVE_S1.);
#2453 = B_SPLINE_CURVE_WITH_KNOTS('',6,(#2454,#2455,#2456,#2457,#2458,
    #2459,#2460,#2461,#2462,#2463,#2464,#2465),.UNSPECIFIED.,.F.,.F.,(7,
    5,7),(0.,0.852998341642,1.),.UNSPECIFIED.);
#2454 = CARTESIAN_POINT('',(8.033203075,-10.89086914062,18.4));
#2455 = CARTESIAN_POINT('',(7.889417437588,-10.95028469327,18.4));
#2456 = CARTESIAN_POINT('',(7.753088213415,-11.02020499398,18.4));
#2457 = CARTESIAN_POINT('',(7.625842454595,-11.10127698863,18.4));
#2458 = CARTESIAN_POINT('',(7.509311128503,-11.19386580732,18.4));
#2459 = CARTESIAN_POINT('',(7.404891621889,-11.29780817837,18.4));
#2460 = CARTESIAN_POINT('',(7.29763374281,-11.43173093464,18.4));
#2461 = CARTESIAN_POINT('',(7.282249666913,-11.45172473287,18.4));
#2462 = CARTESIAN_POINT('',(7.267252373357,-11.47202072351,18.4));
#2463 = CARTESIAN_POINT('',(7.252644995406,-11.49261373497,18.4));
#2464 = CARTESIAN_POINT('',(7.238430027449,-11.51349816261,18.4));
#2465 = CARTESIAN_POINT('',(7.224609325,-11.53466796875,18.4));
#2466 = PCURVE('',#522,#2467);
#2467 = DEFINITIONAL_REPRESENTATION('',(#2468),#2481);
#2468 = B_SPLINE_CURVE_WITH_KNOTS('',6,(#2469,#2470,#2471,#2472,#2473,
    #2474,#2475,#2476,#2477,#2478,#2479,#2480),.UNSPECIFIED.,.F.,.F.,(7,
    5,7),(0.,0.852998341642,1.),.UNSPECIFIED.);
#2469 = CARTESIAN_POINT('',(8.033203075,-10.89086914062));
#2470 = CARTESIAN_POINT('',(7.889417437588,-10.95028469327));
#2471 = CARTESIAN_POINT('',(7.753088213415,-11.02020499398));
#2472 = CARTESIAN_POINT('',(7.625842454595,-11.10127698863));
#2473 = CARTESIAN_POINT('',(7.509311128503,-11.19386580732));
#2474 = CARTESIAN_POINT('',(7.404891621889,-11.29780817837));
#2475 = CARTESIAN_POINT('',(7.29763374281,-11.43173093464));
#2476 = CARTESIAN_POINT('',(7.282249666913,-11.45172473287));
#2477 = CARTESIAN_POINT('',(7.267252373357,-11.47202072351));
#2478 = CARTESIAN_POINT('',(7.252644995406,-11.49261373497));
#2479 = CARTESIAN_POINT('',(7.238430027449,-11.51349816261));
#2480 = CARTESIAN_POINT('',(7.224609325,-11.53466796875));
#2481 = ( GEOMETRIC_REPRESENTATION_CONTEXT(2) 
PARAMETRIC_REPRESENTATION_CONTEXT() REPRESENTATION_CONTEXT('2D SPACE',''
  ) );
#2482 = PCURVE('',#2483,#2490);
#2483 = SURFACE_OF_LINEAR_EXTRUSION('',#2484,#2488);
#2484 = B_SPLINE_CURVE_WITH_KNOTS('',2,(#2485,#2486,#2487),
  .UNSPECIFIED.,.F.,.F.,(3,3),(0.,1.),.PIECEWISE_BEZIER_KNOTS.);
#2485 = CARTESIAN_POINT('',(7.224609325,-11.53466796875,17.8));
#2486 = CARTESIAN_POINT('',(7.50146479375,-11.11059570312,17.8));
#2487 = CARTESIAN_POINT('',(8.033203075,-10.89086914062,17.8));
#2488 = VECTOR('',#2489,1.);
#2489 = DIRECTION('',(-0.,-0.,-1.));
#2490 = DEFINITIONAL_REPRESENTATION('',(#2491),#2504);
#2491 = B_SPLINE_CURVE_WITH_KNOTS('',6,(#2492,#2493,#2494,#2495,#2496,
    #2497,#2498,#2499,#2500,#2501,#2502,#2503),.UNSPECIFIED.,.F.,.F.,(7,
    5,7),(0.,0.852998341642,1.),.UNSPECIFIED.);
#2492 = CARTESIAN_POINT('',(1.,-0.6));
#2493 = CARTESIAN_POINT('',(0.864796609082,-0.6));
#2494 = CARTESIAN_POINT('',(0.726089717003,-0.6));
#2495 = CARTESIAN_POINT('',(0.584388198753,-0.6));
#2496 = CARTESIAN_POINT('',(0.440421470928,-0.6));
#2497 = CARTESIAN_POINT('',(0.295182972284,-0.6));
#2498 = CARTESIAN_POINT('',(0.124979860277,-0.6));
#2499 = CARTESIAN_POINT('',(9.995982701708E-02,-0.6));
#2500 = CARTESIAN_POINT('',(7.494590823797E-02,-0.6));
#2501 = CARTESIAN_POINT('',(4.994405069377E-02,-0.6));
#2502 = CARTESIAN_POINT('',(2.496013987323E-02,-0.6));
#2503 = CARTESIAN_POINT('',(0.,-0.6));
#2504 = ( GEOMETRIC_REPRESENTATION_CONTEXT(2) 
PARAMETRIC_REPRESENTATION_CONTEXT() REPRESENTATION_CONTEXT('2D SPACE',''
  ) );
#2505 = ORIENTED_EDGE('',*,*,#2506,.F.);
#2506 = EDGE_CURVE('',#2507,#2450,#2509,.T.);
#2507 = VERTEX_POINT('',#2508);
#2508 = CARTESIAN_POINT('',(9.21533198125,-10.67114257812,18.4));
#2509 = SURFACE_CURVE('',#2510,(#2521,#2535),.PCURVE_S1.);
#2510 = B_SPLINE_CURVE_WITH_KNOTS('',5,(#2511,#2512,#2513,#2514,#2515,
    #2516,#2517,#2518,#2519,#2520),.UNSPECIFIED.,.F.,.F.,(6,4,6),(0.,
    0.50931072727,1.),.UNSPECIFIED.);
#2511 = CARTESIAN_POINT('',(9.21533198125,-10.67114257812,18.4));
#2512 = CARTESIAN_POINT('',(9.088534169048,-10.67114257812,18.4));
#2513 = CARTESIAN_POINT('',(8.962782299522,-10.67636227119,18.4));
#2514 = CARTESIAN_POINT('',(8.838336424873,-10.68709297722,18.4));
#2515 = CARTESIAN_POINT('',(8.715500261364,-10.70360287689,18.4));
#2516 = CARTESIAN_POINT('',(8.478128824433,-10.74772396182,18.4));
#2517 = CARTESIAN_POINT('',(8.363451099188,-10.77490770901,18.4));
#2518 = CARTESIAN_POINT('',(8.250872329111,-10.80778739978,18.4));
#2519 = CARTESIAN_POINT('',(8.140694512553,-10.84645119122,18.4));
#2520 = CARTESIAN_POINT('',(8.033203075,-10.89086914062,18.4));
#2521 = PCURVE('',#522,#2522);
#2522 = DEFINITIONAL_REPRESENTATION('',(#2523),#2534);
#2523 = B_SPLINE_CURVE_WITH_KNOTS('',5,(#2524,#2525,#2526,#2527,#2528,
    #2529,#2530,#2531,#2532,#2533),.UNSPECIFIED.,.F.,.F.,(6,4,6),(0.,
    0.50931072727,1.),.UNSPECIFIED.);
#2524 = CARTESIAN_POINT('',(9.21533198125,-10.67114257812));
#2525 = CARTESIAN_POINT('',(9.088534169048,-10.67114257812));
#2526 = CARTESIAN_POINT('',(8.962782299522,-10.67636227119));
#2527 = CARTESIAN_POINT('',(8.838336424873,-10.68709297722));
#2528 = CARTESIAN_POINT('',(8.715500261364,-10.70360287689));
#2529 = CARTESIAN_POINT('',(8.478128824433,-10.74772396182));
#2530 = CARTESIAN_POINT('',(8.363451099188,-10.77490770901));
#2531 = CARTESIAN_POINT('',(8.250872329111,-10.80778739978));
#2532 = CARTESIAN_POINT('',(8.140694512553,-10.84645119122));
#2533 = CARTESIAN_POINT('',(8.033203075,-10.89086914062));
#2534 = ( GEOMETRIC_REPRESENTATION_CONTEXT(2) 
PARAMETRIC_REPRESENTATION_CONTEXT() REPRESENTATION_CONTEXT('2D SPACE',''
  ) );
#2535 = PCURVE('',#2536,#2543);
#2536 = SURFACE_OF_LINEAR_EXTRUSION('',#2537,#2541);
#2537 = B_SPLINE_CURVE_WITH_KNOTS('',2,(#2538,#2539,#2540),
  .UNSPECIFIED.,.F.,.F.,(3,3),(0.,1.),.PIECEWISE_BEZIER_KNOTS.);
#2538 = CARTESIAN_POINT('',(8.033203075,-10.89086914062,17.8));
#2539 = CARTESIAN_POINT('',(8.56494135625,-10.67114257812,17.8));
#2540 = CARTESIAN_POINT('',(9.21533198125,-10.67114257812,17.8));
#2541 = VECTOR('',#2542,1.);
#2542 = DIRECTION('',(-0.,-0.,-1.));
#2543 = DEFINITIONAL_REPRESENTATION('',(#2544),#2555);
#2544 = B_SPLINE_CURVE_WITH_KNOTS('',5,(#2545,#2546,#2547,#2548,#2549,
    #2550,#2551,#2552,#2553,#2554),.UNSPECIFIED.,.F.,.F.,(6,4,6),(0.,
    0.50931072727,1.),.UNSPECIFIED.);
#2545 = CARTESIAN_POINT('',(1.,-0.6));
#2546 = CARTESIAN_POINT('',(0.902521802031,-0.6));
#2547 = CARTESIAN_POINT('',(0.803680814136,-0.6));
#2548 = CARTESIAN_POINT('',(0.703556019207,-0.6));
#2549 = CARTESIAN_POINT('',(0.602269573595,-0.6));
#2550 = CARTESIAN_POINT('',(0.40146961373,-0.6));
#2551 = CARTESIAN_POINT('',(0.302024031526,-0.6));
#2552 = CARTESIAN_POINT('',(0.201827474193,-0.6));
#2553 = CARTESIAN_POINT('',(0.101075511528,-0.6));
#2554 = CARTESIAN_POINT('',(0.,-0.6));
#2555 = ( GEOMETRIC_REPRESENTATION_CONTEXT(2) 
PARAMETRIC_REPRESENTATION_CONTEXT() REPRESENTATION_CONTEXT('2D SPACE',''
  ) );
#2556 = ORIENTED_EDGE('',*,*,#2557,.F.);
#2557 = EDGE_CURVE('',#2558,#2507,#2560,.T.);
#2558 = VERTEX_POINT('',#2559);
#2559 = CARTESIAN_POINT('',(10.478759715625,-10.90185546875,18.4));
#2560 = SURFACE_CURVE('',#2561,(#2572,#2586),.PCURVE_S1.);
#2561 = B_SPLINE_CURVE_WITH_KNOTS('',5,(#2562,#2563,#2564,#2565,#2566,
    #2567,#2568,#2569,#2570,#2571),.UNSPECIFIED.,.F.,.F.,(6,4,6),(0.,
    0.487010908358,1.),.UNSPECIFIED.);
#2562 = CARTESIAN_POINT('',(10.478759715625,-10.90185546875,18.4));
#2563 = CARTESIAN_POINT('',(10.366508271176,-10.85452052229,18.4));
#2564 = CARTESIAN_POINT('',(10.250743826757,-10.81365110841,18.4));
#2565 = CARTESIAN_POINT('',(10.131914313206,-10.77916942829,18.4));
#2566 = CARTESIAN_POINT('',(10.010469659321,-10.7508382283,18.4));
#2567 = CARTESIAN_POINT('',(9.756565737034,-10.70468334744,18.4));
#2568 = CARTESIAN_POINT('',(9.623863014129,-10.68750056151,18.4));
#2569 = CARTESIAN_POINT('',(9.489171191113,-10.67646052306,18.4));
#2570 = CARTESIAN_POINT('',(9.352890773446,-10.67114257812,18.4));
#2571 = CARTESIAN_POINT('',(9.21533198125,-10.67114257812,18.4));
#2572 = PCURVE('',#522,#2573);
#2573 = DEFINITIONAL_REPRESENTATION('',(#2574),#2585);
#2574 = B_SPLINE_CURVE_WITH_KNOTS('',5,(#2575,#2576,#2577,#2578,#2579,
    #2580,#2581,#2582,#2583,#2584),.UNSPECIFIED.,.F.,.F.,(6,4,6),(0.,
    0.487010908358,1.),.UNSPECIFIED.);
#2575 = CARTESIAN_POINT('',(10.478759715625,-10.90185546875));
#2576 = CARTESIAN_POINT('',(10.366508271176,-10.85452052229));
#2577 = CARTESIAN_POINT('',(10.250743826757,-10.81365110841));
#2578 = CARTESIAN_POINT('',(10.131914313206,-10.77916942829));
#2579 = CARTESIAN_POINT('',(10.010469659321,-10.7508382283));
#2580 = CARTESIAN_POINT('',(9.756565737034,-10.70468334744));
#2581 = CARTESIAN_POINT('',(9.623863014129,-10.68750056151));
#2582 = CARTESIAN_POINT('',(9.489171191113,-10.67646052306));
#2583 = CARTESIAN_POINT('',(9.352890773446,-10.67114257812));
#2584 = CARTESIAN_POINT('',(9.21533198125,-10.67114257812));
#2585 = ( GEOMETRIC_REPRESENTATION_CONTEXT(2) 
PARAMETRIC_REPRESENTATION_CONTEXT() REPRESENTATION_CONTEXT('2D SPACE',''
  ) );
#2586 = PCURVE('',#2587,#2594);
#2587 = SURFACE_OF_LINEAR_EXTRUSION('',#2588,#2592);
#2588 = B_SPLINE_CURVE_WITH_KNOTS('',2,(#2589,#2590,#2591),
  .UNSPECIFIED.,.F.,.F.,(3,3),(0.,1.),.PIECEWISE_BEZIER_KNOTS.);
#2589 = CARTESIAN_POINT('',(9.21533198125,-10.67114257812,17.8));
#2590 = CARTESIAN_POINT('',(9.931640575,-10.67114257812,17.8));
#2591 = CARTESIAN_POINT('',(10.478759715625,-10.90185546875,17.8));
#2592 = VECTOR('',#2593,1.);
#2593 = DIRECTION('',(-0.,-0.,-1.));
#2594 = DEFINITIONAL_REPRESENTATION('',(#2595),#2606);
#2595 = B_SPLINE_CURVE_WITH_KNOTS('',5,(#2596,#2597,#2598,#2599,#2600,
    #2601,#2602,#2603,#2604,#2605),.UNSPECIFIED.,.F.,.F.,(6,4,6),(0.,
    0.487010908358,1.),.UNSPECIFIED.);
#2596 = CARTESIAN_POINT('',(1.,-0.6));
#2597 = CARTESIAN_POINT('',(0.897415904403,-0.6));
#2598 = CARTESIAN_POINT('',(0.795689253904,-0.6));
#2599 = CARTESIAN_POINT('',(0.695092890667,-0.6));
#2600 = CARTESIAN_POINT('',(0.595819429164,-0.6));
#2601 = CARTESIAN_POINT('',(0.394962677323,-0.6));
#2602 = CARTESIAN_POINT('',(0.293537513743,-0.6));
#2603 = CARTESIAN_POINT('',(0.193868284264,-0.6));
#2604 = CARTESIAN_POINT('',(9.601922509104E-02,-0.6));
#2605 = CARTESIAN_POINT('',(0.,-0.6));
#2606 = ( GEOMETRIC_REPRESENTATION_CONTEXT(2) 
PARAMETRIC_REPRESENTATION_CONTEXT() REPRESENTATION_CONTEXT('2D SPACE',''
  ) );
#2607 = ORIENTED_EDGE('',*,*,#2608,.F.);
#2608 = EDGE_CURVE('',#2609,#2558,#2611,.T.);
#2609 = VERTEX_POINT('',#2610);
#2610 = CARTESIAN_POINT('',(11.32031245,-11.58081054687,18.4));
#2611 = SURFACE_CURVE('',#2612,(#2625,#2641),.PCURVE_S1.);
#2612 = B_SPLINE_CURVE_WITH_KNOTS('',6,(#2613,#2614,#2615,#2616,#2617,
    #2618,#2619,#2620,#2621,#2622,#2623,#2624),.UNSPECIFIED.,.F.,.F.,(7,
    5,7),(0.,0.204782767839,1.),.UNSPECIFIED.);
#2613 = CARTESIAN_POINT('',(11.32031245,-11.58081054687,18.4));
#2614 = CARTESIAN_POINT('',(11.299959323935,-11.54982519077,18.4));
#2615 = CARTESIAN_POINT('',(11.278845411586,-11.51940817253,18.4));
#2616 = CARTESIAN_POINT('',(11.256974646833,-11.48957717377,18.4));
#2617 = CARTESIAN_POINT('',(11.23435331759,-11.46034826771,18.4));
#2618 = CARTESIAN_POINT('',(11.210990065815,-11.43173591912,18.4));
#2619 = CARTESIAN_POINT('',(11.093332810916,-11.29508899786,18.4));
#2620 = CARTESIAN_POINT('',(10.988719926285,-11.19588312664,18.4));
#2621 = CARTESIAN_POINT('',(10.873763671978,-11.10698118476,18.4));
#2622 = CARTESIAN_POINT('',(10.749578570922,-11.02855452553,18.4));
#2623 = CARTESIAN_POINT('',(10.617467937709,-10.9603468877,18.4));
#2624 = CARTESIAN_POINT('',(10.478759715625,-10.90185546875,18.4));
#2625 = PCURVE('',#522,#2626);
#2626 = DEFINITIONAL_REPRESENTATION('',(#2627),#2640);
#2627 = B_SPLINE_CURVE_WITH_KNOTS('',6,(#2628,#2629,#2630,#2631,#2632,
    #2633,#2634,#2635,#2636,#2637,#2638,#2639),.UNSPECIFIED.,.F.,.F.,(7,
    5,7),(0.,0.204782767839,1.),.UNSPECIFIED.);
#2628 = CARTESIAN_POINT('',(11.32031245,-11.58081054687));
#2629 = CARTESIAN_POINT('',(11.299959323935,-11.54982519077));
#2630 = CARTESIAN_POINT('',(11.278845411586,-11.51940817253));
#2631 = CARTESIAN_POINT('',(11.256974646833,-11.48957717377));
#2632 = CARTESIAN_POINT('',(11.23435331759,-11.46034826771));
#2633 = CARTESIAN_POINT('',(11.210990065815,-11.43173591912));
#2634 = CARTESIAN_POINT('',(11.093332810916,-11.29508899786));
#2635 = CARTESIAN_POINT('',(10.988719926285,-11.19588312664));
#2636 = CARTESIAN_POINT('',(10.873763671978,-11.10698118476));
#2637 = CARTESIAN_POINT('',(10.749578570922,-11.02855452553));
#2638 = CARTESIAN_POINT('',(10.617467937709,-10.9603468877));
#2639 = CARTESIAN_POINT('',(10.478759715625,-10.90185546875));
#2640 = ( GEOMETRIC_REPRESENTATION_CONTEXT(2) 
PARAMETRIC_REPRESENTATION_CONTEXT() REPRESENTATION_CONTEXT('2D SPACE',''
  ) );
#2641 = PCURVE('',#2642,#2649);
#2642 = SURFACE_OF_LINEAR_EXTRUSION('',#2643,#2647);
#2643 = B_SPLINE_CURVE_WITH_KNOTS('',2,(#2644,#2645,#2646),
  .UNSPECIFIED.,.F.,.F.,(3,3),(0.,1.),.PIECEWISE_BEZIER_KNOTS.);
#2644 = CARTESIAN_POINT('',(10.478759715625,-10.90185546875,17.8));
#2645 = CARTESIAN_POINT('',(11.02587885625,-11.13256835937,17.8));
#2646 = CARTESIAN_POINT('',(11.32031245,-11.58081054687,17.8));
#2647 = VECTOR('',#2648,1.);
#2648 = DIRECTION('',(-0.,-0.,-1.));
#2649 = DEFINITIONAL_REPRESENTATION('',(#2650),#2663);
#2650 = B_SPLINE_CURVE_WITH_KNOTS('',6,(#2651,#2652,#2653,#2654,#2655,
    #2656,#2657,#2658,#2659,#2660,#2661,#2662),.UNSPECIFIED.,.F.,.F.,(7,
    5,7),(0.,0.204782767839,1.),.UNSPECIFIED.);
#2651 = CARTESIAN_POINT('',(1.,-0.6));
#2652 = CARTESIAN_POINT('',(0.965436814111,-0.6));
#2653 = CARTESIAN_POINT('',(0.930811921989,-0.6));
#2654 = CARTESIAN_POINT('',(0.89614033564,-0.6));
#2655 = CARTESIAN_POINT('',(0.861437364986,-0.6));
#2656 = CARTESIAN_POINT('',(0.826718617857,-0.6));
#2657 = CARTESIAN_POINT('',(0.65717985137,-0.6));
#2658 = CARTESIAN_POINT('',(0.522320991542,-0.6));
#2659 = CARTESIAN_POINT('',(0.388459434714,-0.6));
#2660 = CARTESIAN_POINT('',(0.256400934258,-0.6));
#2661 = CARTESIAN_POINT('',(0.126762355568,-0.6));
#2662 = CARTESIAN_POINT('',(0.,-0.6));
#2663 = ( GEOMETRIC_REPRESENTATION_CONTEXT(2) 
PARAMETRIC_REPRESENTATION_CONTEXT() REPRESENTATION_CONTEXT('2D SPACE',''
  ) );
#2664 = ORIENTED_EDGE('',*,*,#2665,.F.);
#2665 = EDGE_CURVE('',#2666,#2609,#2668,.T.);
#2666 = VERTEX_POINT('',#2667);
#2667 = CARTESIAN_POINT('',(11.6367187,-12.59594726562,18.4));
#2668 = SURFACE_CURVE('',#2669,(#2680,#2694),.PCURVE_S1.);
#2669 = B_SPLINE_CURVE_WITH_KNOTS('',5,(#2670,#2671,#2672,#2673,#2674,
    #2675,#2676,#2677,#2678,#2679),.UNSPECIFIED.,.F.,.F.,(6,4,6),(0.,
    0.696228030449,1.),.UNSPECIFIED.);
#2670 = CARTESIAN_POINT('',(11.6367187,-12.59594726562,18.4));
#2671 = CARTESIAN_POINT('',(11.630772956613,-12.44254708624,18.4));
#2672 = CARTESIAN_POINT('',(11.612248885475,-12.29176111815,18.4));
#2673 = CARTESIAN_POINT('',(11.580260178111,-12.14470832581,18.4));
#2674 = CARTESIAN_POINT('',(11.534357193673,-12.00253086044,18.4));
#2675 = CARTESIAN_POINT('',(11.449092691174,-11.80678182708,18.4));
#2676 = CARTESIAN_POINT('',(11.420626872161,-11.74843523515,18.4));
#2677 = CARTESIAN_POINT('',(11.389631424291,-11.69128419874,18.4));
#2678 = CARTESIAN_POINT('',(11.356165554028,-11.63539288435,18.4));
#2679 = CARTESIAN_POINT('',(11.32031245,-11.58081054687,18.4));
#2680 = PCURVE('',#522,#2681);
#2681 = DEFINITIONAL_REPRESENTATION('',(#2682),#2693);
#2682 = B_SPLINE_CURVE_WITH_KNOTS('',5,(#2683,#2684,#2685,#2686,#2687,
    #2688,#2689,#2690,#2691,#2692),.UNSPECIFIED.,.F.,.F.,(6,4,6),(0.,
    0.696228030449,1.),.UNSPECIFIED.);
#2683 = CARTESIAN_POINT('',(11.6367187,-12.59594726562));
#2684 = CARTESIAN_POINT('',(11.630772956613,-12.44254708624));
#2685 = CARTESIAN_POINT('',(11.612248885475,-12.29176111815));
#2686 = CARTESIAN_POINT('',(11.580260178111,-12.14470832581));
#2687 = CARTESIAN_POINT('',(11.534357193673,-12.00253086044));
#2688 = CARTESIAN_POINT('',(11.449092691174,-11.80678182708));
#2689 = CARTESIAN_POINT('',(11.420626872161,-11.74843523515));
#2690 = CARTESIAN_POINT('',(11.389631424291,-11.69128419874));
#2691 = CARTESIAN_POINT('',(11.356165554028,-11.63539288435));
#2692 = CARTESIAN_POINT('',(11.32031245,-11.58081054687));
#2693 = ( GEOMETRIC_REPRESENTATION_CONTEXT(2) 
PARAMETRIC_REPRESENTATION_CONTEXT() REPRESENTATION_CONTEXT('2D SPACE',''
  ) );
#2694 = PCURVE('',#2695,#2702);
#2695 = SURFACE_OF_LINEAR_EXTRUSION('',#2696,#2700);
#2696 = B_SPLINE_CURVE_WITH_KNOTS('',2,(#2697,#2698,#2699),
  .UNSPECIFIED.,.F.,.F.,(3,3),(0.,1.),.PIECEWISE_BEZIER_KNOTS.);
#2697 = CARTESIAN_POINT('',(11.32031245,-11.58081054687,17.8));
#2698 = CARTESIAN_POINT('',(11.61474604375,-12.02905273437,17.8));
#2699 = CARTESIAN_POINT('',(11.6367187,-12.59594726562,17.8));
#2700 = VECTOR('',#2701,1.);
#2701 = DIRECTION('',(-0.,-0.,-1.));
#2702 = DEFINITIONAL_REPRESENTATION('',(#2703),#2714);
#2703 = B_SPLINE_CURVE_WITH_KNOTS('',5,(#2704,#2705,#2706,#2707,#2708,
    #2709,#2710,#2711,#2712,#2713),.UNSPECIFIED.,.F.,.F.,(6,4,6),(0.,
    0.696228030449,1.),.UNSPECIFIED.);
#2704 = CARTESIAN_POINT('',(1.,-0.6));
#2705 = CARTESIAN_POINT('',(0.864701306044,-0.6));
#2706 = CARTESIAN_POINT('',(0.726918978062,-0.6));
#2707 = CARTESIAN_POINT('',(0.587288782001,-0.6));
#2708 = CARTESIAN_POINT('',(0.446631533276,-0.6));
#2709 = CARTESIAN_POINT('',(0.244640910771,-0.6));
#2710 = CARTESIAN_POINT('',(0.183281409801,-0.6));
#2711 = CARTESIAN_POINT('',(0.122003391004,-0.6));
#2712 = CARTESIAN_POINT('',(6.088487317607E-02,-0.6));
#2713 = CARTESIAN_POINT('',(0.,-0.6));
#2714 = ( GEOMETRIC_REPRESENTATION_CONTEXT(2) 
PARAMETRIC_REPRESENTATION_CONTEXT() REPRESENTATION_CONTEXT('2D SPACE',''
  ) );
#2715 = ORIENTED_EDGE('',*,*,#2716,.F.);
#2716 = EDGE_CURVE('',#2717,#2666,#2719,.T.);
#2717 = VERTEX_POINT('',#2718);
#2718 = CARTESIAN_POINT('',(10.8193358875,-12.65747070312,18.4));
#2719 = SURFACE_CURVE('',#2720,(#2724,#2730),.PCURVE_S1.);
#2720 = LINE('',#2721,#2722);
#2721 = CARTESIAN_POINT('',(6.322507480962,-12.99594165845,18.4));
#2722 = VECTOR('',#2723,1.);
#2723 = DIRECTION('',(0.997179282295,7.505650511901E-02,-0.));
#2724 = PCURVE('',#522,#2725);
#2725 = DEFINITIONAL_REPRESENTATION('',(#2726),#2729);
#2726 = B_SPLINE_CURVE_WITH_KNOTS('',1,(#2727,#2728),.UNSPECIFIED.,.F.,
  .F.,(2,2),(4.509548570028,5.32924351056),.PIECEWISE_BEZIER_KNOTS.);
#2727 = CARTESIAN_POINT('',(10.8193358875,-12.65747070312));
#2728 = CARTESIAN_POINT('',(11.6367187,-12.59594726562));
#2729 = ( GEOMETRIC_REPRESENTATION_CONTEXT(2) 
PARAMETRIC_REPRESENTATION_CONTEXT() REPRESENTATION_CONTEXT('2D SPACE',''
  ) );
#2730 = PCURVE('',#2731,#2736);
#2731 = PLANE('',#2732);
#2732 = AXIS2_PLACEMENT_3D('',#2733,#2734,#2735);
#2733 = CARTESIAN_POINT('',(11.6367187,-12.59594726562,17.8));
#2734 = DIRECTION('',(7.505650511901E-02,-0.997179282295,0.));
#2735 = DIRECTION('',(-0.997179282295,-7.505650511901E-02,0.));
#2736 = DEFINITIONAL_REPRESENTATION('',(#2737),#2740);
#2737 = B_SPLINE_CURVE_WITH_KNOTS('',1,(#2738,#2739),.UNSPECIFIED.,.F.,
  .F.,(2,2),(4.509548570028,5.32924351056),.PIECEWISE_BEZIER_KNOTS.);
#2738 = CARTESIAN_POINT('',(0.819694940531,-0.6));
#2739 = CARTESIAN_POINT('',(0.,-0.6));
#2740 = ( GEOMETRIC_REPRESENTATION_CONTEXT(2) 
PARAMETRIC_REPRESENTATION_CONTEXT() REPRESENTATION_CONTEXT('2D SPACE',''
  ) );
#2741 = ORIENTED_EDGE('',*,*,#2742,.F.);
#2742 = EDGE_CURVE('',#2743,#2717,#2745,.T.);
#2743 = VERTEX_POINT('',#2744);
#2744 = CARTESIAN_POINT('',(10.373290965625,-11.73461914062,18.4));
#2745 = SURFACE_CURVE('',#2746,(#2759,#2775),.PCURVE_S1.);
#2746 = B_SPLINE_CURVE_WITH_KNOTS('',6,(#2747,#2748,#2749,#2750,#2751,
    #2752,#2753,#2754,#2755,#2756,#2757,#2758),.UNSPECIFIED.,.F.,.F.,(7,
    5,7),(0.,0.134834279868,1.),.UNSPECIFIED.);
#2747 = CARTESIAN_POINT('',(10.373290965625,-11.73461914062,18.4));
#2748 = CARTESIAN_POINT('',(10.390986151247,-11.74914351263,18.4));
#2749 = CARTESIAN_POINT('',(10.408299176857,-11.7640780466,18.4));
#2750 = CARTESIAN_POINT('',(10.425221268302,-11.77941962341,18.4));
#2751 = CARTESIAN_POINT('',(10.441744572781,-11.79516405953,18.4));
#2752 = CARTESIAN_POINT('',(10.457862158847,-11.81130610692,18.4));
#2753 = CARTESIAN_POINT('',(10.574344833539,-11.9339258607,18.4));
#2754 = CARTESIAN_POINT('',(10.658217524844,-12.05617169537,18.4));
#2755 = CARTESIAN_POINT('',(10.723316292852,-12.19266390498,18.4));
#2756 = CARTESIAN_POINT('',(10.770594640719,-12.34030289506,18.4));
#2757 = CARTESIAN_POINT('',(10.801917511863,-12.49606042221,18.4));
#2758 = CARTESIAN_POINT('',(10.8193358875,-12.65747070312,18.4));
#2759 = PCURVE('',#522,#2760);
#2760 = DEFINITIONAL_REPRESENTATION('',(#2761),#2774);
#2761 = B_SPLINE_CURVE_WITH_KNOTS('',6,(#2762,#2763,#2764,#2765,#2766,
    #2767,#2768,#2769,#2770,#2771,#2772,#2773),.UNSPECIFIED.,.F.,.F.,(7,
    5,7),(0.,0.134834279868,1.),.UNSPECIFIED.);
#2762 = CARTESIAN_POINT('',(10.373290965625,-11.73461914062));
#2763 = CARTESIAN_POINT('',(10.390986151247,-11.74914351263));
#2764 = CARTESIAN_POINT('',(10.408299176857,-11.7640780466));
#2765 = CARTESIAN_POINT('',(10.425221268302,-11.77941962341));
#2766 = CARTESIAN_POINT('',(10.441744572781,-11.79516405953));
#2767 = CARTESIAN_POINT('',(10.457862158847,-11.81130610692));
#2768 = CARTESIAN_POINT('',(10.574344833539,-11.9339258607));
#2769 = CARTESIAN_POINT('',(10.658217524844,-12.05617169537));
#2770 = CARTESIAN_POINT('',(10.723316292852,-12.19266390498));
#2771 = CARTESIAN_POINT('',(10.770594640719,-12.34030289506));
#2772 = CARTESIAN_POINT('',(10.801917511863,-12.49606042221));
#2773 = CARTESIAN_POINT('',(10.8193358875,-12.65747070312));
#2774 = ( GEOMETRIC_REPRESENTATION_CONTEXT(2) 
PARAMETRIC_REPRESENTATION_CONTEXT() REPRESENTATION_CONTEXT('2D SPACE',''
  ) );
#2775 = PCURVE('',#2776,#2783);
#2776 = SURFACE_OF_LINEAR_EXTRUSION('',#2777,#2781);
#2777 = B_SPLINE_CURVE_WITH_KNOTS('',2,(#2778,#2779,#2780),
  .UNSPECIFIED.,.F.,.F.,(3,3),(0.,1.),.PIECEWISE_BEZIER_KNOTS.);
#2778 = CARTESIAN_POINT('',(10.8193358875,-12.65747070312,17.8));
#2779 = CARTESIAN_POINT('',(10.75341791875,-12.04663085937,17.8));
#2780 = CARTESIAN_POINT('',(10.373290965625,-11.73461914062,17.8));
#2781 = VECTOR('',#2782,1.);
#2782 = DIRECTION('',(-0.,-0.,-1.));
#2783 = DEFINITIONAL_REPRESENTATION('',(#2784),#2797);
#2784 = B_SPLINE_CURVE_WITH_KNOTS('',6,(#2785,#2786,#2787,#2788,#2789,
    #2790,#2791,#2792,#2793,#2794,#2795,#2796),.UNSPECIFIED.,.F.,.F.,(7,
    5,7),(0.,0.134834279868,1.),.UNSPECIFIED.);
#2785 = CARTESIAN_POINT('',(1.,-0.6));
#2786 = CARTESIAN_POINT('',(0.976724637024,-0.6));
#2787 = CARTESIAN_POINT('',(0.953414599277,-0.6));
#2788 = CARTESIAN_POINT('',(0.930078396941,-0.6));
#2789 = CARTESIAN_POINT('',(0.906724679917,-0.6));
#2790 = CARTESIAN_POINT('',(0.883362237824,-0.6));
#2791 = CARTESIAN_POINT('',(0.710095930123,-0.6));
#2792 = CARTESIAN_POINT('',(0.560130410998,-0.6));
#2793 = CARTESIAN_POINT('',(0.412843717938,-0.6));
#2794 = CARTESIAN_POINT('',(0.269863664746,-0.6));
#2795 = CARTESIAN_POINT('',(0.132121604835,-0.6));
#2796 = CARTESIAN_POINT('',(0.,-0.6));
#2797 = ( GEOMETRIC_REPRESENTATION_CONTEXT(2) 
PARAMETRIC_REPRESENTATION_CONTEXT() REPRESENTATION_CONTEXT('2D SPACE',''
  ) );
#2798 = ORIENTED_EDGE('',*,*,#2799,.F.);
#2799 = EDGE_CURVE('',#2800,#2743,#2802,.T.);
#2800 = VERTEX_POINT('',#2801);
#2801 = CARTESIAN_POINT('',(9.25048823125,-11.42260742187,18.4));
#2802 = SURFACE_CURVE('',#2803,(#2816,#2832),.PCURVE_S1.);
#2803 = B_SPLINE_CURVE_WITH_KNOTS('',6,(#2804,#2805,#2806,#2807,#2808,
    #2809,#2810,#2811,#2812,#2813,#2814,#2815),.UNSPECIFIED.,.F.,.F.,(7,
    5,7),(0.,0.49612119487,1.),.UNSPECIFIED.);
#2804 = CARTESIAN_POINT('',(9.25048823125,-11.42260742187,18.4));
#2805 = CARTESIAN_POINT('',(9.357207286334,-11.42260742187,18.4));
#2806 = CARTESIAN_POINT('',(9.462512738943,-11.42647286893,18.4));
#2807 = CARTESIAN_POINT('',(9.566111518037,-11.43462231571,18.4));
#2808 = CARTESIAN_POINT('',(9.66756588605,-11.44753897966,18.4));
#2809 = CARTESIAN_POINT('',(9.766300180575,-11.46575579231,18.4));
#2810 = CARTESIAN_POINT('',(9.958462628301,-11.51418449241,18.4));
#2811 = CARTESIAN_POINT('',(10.051793364483,-11.54458177615,18.4));
#2812 = CARTESIAN_POINT('',(10.140849023836,-11.58149305334,18.4));
#2813 = CARTESIAN_POINT('',(10.22471957452,-11.62537056831,18.4));
#2814 = CARTESIAN_POINT('',(10.302457823631,-11.67647864257,18.4));
#2815 = CARTESIAN_POINT('',(10.373290965625,-11.73461914062,18.4));
#2816 = PCURVE('',#522,#2817);
#2817 = DEFINITIONAL_REPRESENTATION('',(#2818),#2831);
#2818 = B_SPLINE_CURVE_WITH_KNOTS('',6,(#2819,#2820,#2821,#2822,#2823,
    #2824,#2825,#2826,#2827,#2828,#2829,#2830),.UNSPECIFIED.,.F.,.F.,(7,
    5,7),(0.,0.49612119487,1.),.UNSPECIFIED.);
#2819 = CARTESIAN_POINT('',(9.25048823125,-11.42260742187));
#2820 = CARTESIAN_POINT('',(9.357207286334,-11.42260742187));
#2821 = CARTESIAN_POINT('',(9.462512738943,-11.42647286893));
#2822 = CARTESIAN_POINT('',(9.566111518037,-11.43462231571));
#2823 = CARTESIAN_POINT('',(9.66756588605,-11.44753897966));
#2824 = CARTESIAN_POINT('',(9.766300180575,-11.46575579231));
#2825 = CARTESIAN_POINT('',(9.958462628301,-11.51418449241));
#2826 = CARTESIAN_POINT('',(10.051793364483,-11.54458177615));
#2827 = CARTESIAN_POINT('',(10.140849023836,-11.58149305334));
#2828 = CARTESIAN_POINT('',(10.22471957452,-11.62537056831));
#2829 = CARTESIAN_POINT('',(10.302457823631,-11.67647864257));
#2830 = CARTESIAN_POINT('',(10.373290965625,-11.73461914062));
#2831 = ( GEOMETRIC_REPRESENTATION_CONTEXT(2) 
PARAMETRIC_REPRESENTATION_CONTEXT() REPRESENTATION_CONTEXT('2D SPACE',''
  ) );
#2832 = PCURVE('',#2833,#2840);
#2833 = SURFACE_OF_LINEAR_EXTRUSION('',#2834,#2838);
#2834 = B_SPLINE_CURVE_WITH_KNOTS('',2,(#2835,#2836,#2837),
  .UNSPECIFIED.,.F.,.F.,(3,3),(0.,1.),.PIECEWISE_BEZIER_KNOTS.);
#2835 = CARTESIAN_POINT('',(10.373290965625,-11.73461914062,17.8));
#2836 = CARTESIAN_POINT('',(9.9931640125,-11.42260742187,17.8));
#2837 = CARTESIAN_POINT('',(9.25048823125,-11.42260742187,17.8));
#2838 = VECTOR('',#2839,1.);
#2839 = DIRECTION('',(-0.,-0.,-1.));
#2840 = DEFINITIONAL_REPRESENTATION('',(#2841),#2854);
#2841 = B_SPLINE_CURVE_WITH_KNOTS('',6,(#2842,#2843,#2844,#2845,#2846,
    #2847,#2848,#2849,#2850,#2851,#2852,#2853),.UNSPECIFIED.,.F.,.F.,(7,
    5,7),(0.,0.49612119487,1.),.UNSPECIFIED.);
#2842 = CARTESIAN_POINT('',(1.,-0.6));
#2843 = CARTESIAN_POINT('',(0.928152325834,-0.6));
#2844 = CARTESIAN_POINT('',(0.854232456644,-0.6));
#2845 = CARTESIAN_POINT('',(0.778110271468,-0.6));
#2846 = CARTESIAN_POINT('',(0.699702458388,-0.6));
#2847 = CARTESIAN_POINT('',(0.61897967147,-0.6));
#2848 = CARTESIAN_POINT('',(0.451722815024,-0.6));
#2849 = CARTESIAN_POINT('',(0.365109297475,-0.6));
#2850 = CARTESIAN_POINT('',(0.276278123081,-0.6));
#2851 = CARTESIAN_POINT('',(0.185488177791,-0.6));
#2852 = CARTESIAN_POINT('',(9.317037559703E-02,-0.6));
#2853 = CARTESIAN_POINT('',(0.,-0.6));
#2854 = ( GEOMETRIC_REPRESENTATION_CONTEXT(2) 
PARAMETRIC_REPRESENTATION_CONTEXT() REPRESENTATION_CONTEXT('2D SPACE',''
  ) );
#2855 = ORIENTED_EDGE('',*,*,#2856,.F.);
#2856 = EDGE_CURVE('',#2857,#2800,#2859,.T.);
#2857 = VERTEX_POINT('',#2858);
#2858 = CARTESIAN_POINT('',(8.123290965625,-11.7060546875,18.4));
#2859 = SURFACE_CURVE('',#2860,(#2873,#2889),.PCURVE_S1.);
#2860 = B_SPLINE_CURVE_WITH_KNOTS('',6,(#2861,#2862,#2863,#2864,#2865,
    #2866,#2867,#2868,#2869,#2870,#2871,#2872),.UNSPECIFIED.,.F.,.F.,(7,
    5,7),(0.,0.437944014728,1.),.UNSPECIFIED.);
#2861 = CARTESIAN_POINT('',(8.123290965625,-11.7060546875,18.4));
#2862 = CARTESIAN_POINT('',(8.182759523921,-11.65840596687,18.4));
#2863 = CARTESIAN_POINT('',(8.248441084343,-11.61628677533,18.4));
#2864 = CARTESIAN_POINT('',(8.319569005337,-11.57971190565,18.4));
#2865 = CARTESIAN_POINT('',(8.395265918896,-11.54838036071,18.4));
#2866 = CARTESIAN_POINT('',(8.474744720374,-11.52189616451,18.4));
#2867 = CARTESIAN_POINT('',(8.663422327261,-11.47153836266,18.4));
#2868 = CARTESIAN_POINT('',(8.774631726249,-11.45053967667,18.4));
#2869 = CARTESIAN_POINT('',(8.889770685421,-11.43592969336,18.4));
#2870 = CARTESIAN_POINT('',(9.007862246733,-11.42685686245,18.4));
#2871 = CARTESIAN_POINT('',(9.128227955848,-11.42260742187,18.4));
#2872 = CARTESIAN_POINT('',(9.25048823125,-11.42260742187,18.4));
#2873 = PCURVE('',#522,#2874);
#2874 = DEFINITIONAL_REPRESENTATION('',(#2875),#2888);
#2875 = B_SPLINE_CURVE_WITH_KNOTS('',6,(#2876,#2877,#2878,#2879,#2880,
    #2881,#2882,#2883,#2884,#2885,#2886,#2887),.UNSPECIFIED.,.F.,.F.,(7,
    5,7),(0.,0.437944014728,1.),.UNSPECIFIED.);
#2876 = CARTESIAN_POINT('',(8.123290965625,-11.7060546875));
#2877 = CARTESIAN_POINT('',(8.182759523921,-11.65840596687));
#2878 = CARTESIAN_POINT('',(8.248441084343,-11.61628677533));
#2879 = CARTESIAN_POINT('',(8.319569005337,-11.57971190565));
#2880 = CARTESIAN_POINT('',(8.395265918896,-11.54838036071));
#2881 = CARTESIAN_POINT('',(8.474744720374,-11.52189616451));
#2882 = CARTESIAN_POINT('',(8.663422327261,-11.47153836266));
#2883 = CARTESIAN_POINT('',(8.774631726249,-11.45053967667));
#2884 = CARTESIAN_POINT('',(8.889770685421,-11.43592969336));
#2885 = CARTESIAN_POINT('',(9.007862246733,-11.42685686245));
#2886 = CARTESIAN_POINT('',(9.128227955848,-11.42260742187));
#2887 = CARTESIAN_POINT('',(9.25048823125,-11.42260742187));
#2888 = ( GEOMETRIC_REPRESENTATION_CONTEXT(2) 
PARAMETRIC_REPRESENTATION_CONTEXT() REPRESENTATION_CONTEXT('2D SPACE',''
  ) );
#2889 = PCURVE('',#2890,#2897);
#2890 = SURFACE_OF_LINEAR_EXTRUSION('',#2891,#2895);
#2891 = B_SPLINE_CURVE_WITH_KNOTS('',2,(#2892,#2893,#2894),
  .UNSPECIFIED.,.F.,.F.,(3,3),(0.,1.),.PIECEWISE_BEZIER_KNOTS.);
#2892 = CARTESIAN_POINT('',(9.25048823125,-11.42260742187,17.8));
#2893 = CARTESIAN_POINT('',(8.47705073125,-11.42260742187,17.8));
#2894 = CARTESIAN_POINT('',(8.123290965625,-11.7060546875,17.8));
#2895 = VECTOR('',#2896,1.);
#2896 = DIRECTION('',(-0.,-0.,-1.));
#2897 = DEFINITIONAL_REPRESENTATION('',(#2898),#2911);
#2898 = B_SPLINE_CURVE_WITH_KNOTS('',6,(#2899,#2900,#2901,#2902,#2903,
    #2904,#2905,#2906,#2907,#2908,#2909,#2910),.UNSPECIFIED.,.F.,.F.,(7,
    5,7),(0.,0.437944014728,1.),.UNSPECIFIED.);
#2899 = CARTESIAN_POINT('',(1.,-0.6));
#2900 = CARTESIAN_POINT('',(0.915947820987,-0.6));
#2901 = CARTESIAN_POINT('',(0.833171847274,-0.6));
#2902 = CARTESIAN_POINT('',(0.752181844718,-0.6));
#2903 = CARTESIAN_POINT('',(0.673256895711,-0.6));
#2904 = CARTESIAN_POINT('',(0.596526819816,-0.6));
#2905 = CARTESIAN_POINT('',(0.426352511435,-0.6));
#2906 = CARTESIAN_POINT('',(0.334360284073,-0.6));
#2907 = CARTESIAN_POINT('',(0.245942800489,-0.6));
#2908 = CARTESIAN_POINT('',(0.160916552333,-0.6));
#2909 = CARTESIAN_POINT('',(7.903694571442E-02,-0.6));
#2910 = CARTESIAN_POINT('',(0.,-0.6));
#2911 = ( GEOMETRIC_REPRESENTATION_CONTEXT(2) 
PARAMETRIC_REPRESENTATION_CONTEXT() REPRESENTATION_CONTEXT('2D SPACE',''
  ) );
#2912 = ORIENTED_EDGE('',*,*,#2913,.F.);
#2913 = EDGE_CURVE('',#2914,#2857,#2916,.T.);
#2914 = VERTEX_POINT('',#2915);
#2915 = CARTESIAN_POINT('',(7.7695312,-12.38940429687,18.4));
#2916 = SURFACE_CURVE('',#2917,(#2930,#2946),.PCURVE_S1.);
#2917 = B_SPLINE_CURVE_WITH_KNOTS('',6,(#2918,#2919,#2920,#2921,#2922,
    #2923,#2924,#2925,#2926,#2927,#2928,#2929),.UNSPECIFIED.,.F.,.F.,(7,
    5,7),(0.,0.331904877217,1.),.UNSPECIFIED.);
#2918 = CARTESIAN_POINT('',(7.7695312,-12.38940429687,18.4));
#2919 = CARTESIAN_POINT('',(7.7695312,-12.34518999037,18.4));
#2920 = CARTESIAN_POINT('',(7.772125835056,-12.30149444415,18.4));
#2921 = CARTESIAN_POINT('',(7.777388938706,-12.25841594391,18.4));
#2922 = CARTESIAN_POINT('',(7.785366257457,-12.21605019554,18.4));
#2923 = CARTESIAN_POINT('',(7.796069312679,-12.17448871768,18.4));
#2924 = CARTESIAN_POINT('',(7.836442174727,-12.05194914053,18.4));
#2925 = CARTESIAN_POINT('',(7.874354279112,-11.97365078432,18.4));
#2926 = CARTESIAN_POINT('',(7.922970234838,-11.89968716437,18.4));
#2927 = CARTESIAN_POINT('',(7.981437709957,-11.83040541112,18.4));
#2928 = CARTESIAN_POINT('',(8.048614946407,-11.76588826811,18.4));
#2929 = CARTESIAN_POINT('',(8.123290965625,-11.7060546875,18.4));
#2930 = PCURVE('',#522,#2931);
#2931 = DEFINITIONAL_REPRESENTATION('',(#2932),#2945);
#2932 = B_SPLINE_CURVE_WITH_KNOTS('',6,(#2933,#2934,#2935,#2936,#2937,
    #2938,#2939,#2940,#2941,#2942,#2943,#2944),.UNSPECIFIED.,.F.,.F.,(7,
    5,7),(0.,0.331904877217,1.),.UNSPECIFIED.);
#2933 = CARTESIAN_POINT('',(7.7695312,-12.38940429687));
#2934 = CARTESIAN_POINT('',(7.7695312,-12.34518999037));
#2935 = CARTESIAN_POINT('',(7.772125835056,-12.30149444415));
#2936 = CARTESIAN_POINT('',(7.777388938706,-12.25841594391));
#2937 = CARTESIAN_POINT('',(7.785366257457,-12.21605019554));
#2938 = CARTESIAN_POINT('',(7.796069312679,-12.17448871768));
#2939 = CARTESIAN_POINT('',(7.836442174727,-12.05194914053));
#2940 = CARTESIAN_POINT('',(7.874354279112,-11.97365078432));
#2941 = CARTESIAN_POINT('',(7.922970234838,-11.89968716437));
#2942 = CARTESIAN_POINT('',(7.981437709957,-11.83040541112));
#2943 = CARTESIAN_POINT('',(8.048614946407,-11.76588826811));
#2944 = CARTESIAN_POINT('',(8.123290965625,-11.7060546875));
#2945 = ( GEOMETRIC_REPRESENTATION_CONTEXT(2) 
PARAMETRIC_REPRESENTATION_CONTEXT() REPRESENTATION_CONTEXT('2D SPACE',''
  ) );
#2946 = PCURVE('',#2947,#2954);
#2947 = SURFACE_OF_LINEAR_EXTRUSION('',#2948,#2952);
#2948 = B_SPLINE_CURVE_WITH_KNOTS('',2,(#2949,#2950,#2951),
  .UNSPECIFIED.,.F.,.F.,(3,3),(0.,1.),.PIECEWISE_BEZIER_KNOTS.);
#2949 = CARTESIAN_POINT('',(8.123290965625,-11.7060546875,17.8));
#2950 = CARTESIAN_POINT('',(7.7695312,-11.98950195312,17.8));
#2951 = CARTESIAN_POINT('',(7.7695312,-12.38940429687,17.8));
#2952 = VECTOR('',#2953,1.);
#2953 = DIRECTION('',(-0.,-0.,-1.));
#2954 = DEFINITIONAL_REPRESENTATION('',(#2955),#2968);
#2955 = B_SPLINE_CURVE_WITH_KNOTS('',6,(#2956,#2957,#2958,#2959,#2960,
    #2961,#2962,#2963,#2964,#2965,#2966,#2967),.UNSPECIFIED.,.F.,.F.,(7,
    5,7),(0.,0.331904877217,1.),.UNSPECIFIED.);
#2956 = CARTESIAN_POINT('',(1.,-0.6));
#2957 = CARTESIAN_POINT('',(0.944718620442,-0.6));
#2958 = CARTESIAN_POINT('',(0.889017920713,-0.6));
#2959 = CARTESIAN_POINT('',(0.832990398705,-0.6));
#2960 = CARTESIAN_POINT('',(0.776736887123,-0.6));
#2961 = CARTESIAN_POINT('',(0.720367070134,-0.6));
#2962 = CARTESIAN_POINT('',(0.550538079953,-0.6));
#2963 = CARTESIAN_POINT('',(0.437036946722,-0.6));
#2964 = CARTESIAN_POINT('',(0.324549946302,-0.6));
#2965 = CARTESIAN_POINT('',(0.213861909999,-0.6));
#2966 = CARTESIAN_POINT('',(0.10554623006,-0.6));
#2967 = CARTESIAN_POINT('',(0.,-0.6));
#2968 = ( GEOMETRIC_REPRESENTATION_CONTEXT(2) 
PARAMETRIC_REPRESENTATION_CONTEXT() REPRESENTATION_CONTEXT('2D SPACE',''
  ) );
#2969 = ORIENTED_EDGE('',*,*,#2970,.F.);
#2970 = EDGE_CURVE('',#2971,#2914,#2973,.T.);
#2971 = VERTEX_POINT('',#2972);
#2972 = CARTESIAN_POINT('',(8.02001948125,-12.96069335937,18.4));
#2973 = SURFACE_CURVE('',#2974,(#2985,#2999),.PCURVE_S1.);
#2974 = B_SPLINE_CURVE_WITH_KNOTS('',5,(#2975,#2976,#2977,#2978,#2979,
    #2980,#2981,#2982,#2983,#2984),.UNSPECIFIED.,.F.,.F.,(6,4,6),(0.,
    0.451123471787,1.),.UNSPECIFIED.);
#2975 = CARTESIAN_POINT('',(8.02001948125,-12.96069335937,18.4));
#2976 = CARTESIAN_POINT('',(7.975398711425,-12.92076951268,18.4));
#2977 = CARTESIAN_POINT('',(7.935260864439,-12.87797147906,18.4));
#2978 = CARTESIAN_POINT('',(7.899961775912,-12.83231826673,18.4));
#2979 = CARTESIAN_POINT('',(7.869759219493,-12.78390752395,18.4));
#2980 = CARTESIAN_POINT('',(7.814330078151,-12.67094820069,18.4));
#2981 = CARTESIAN_POINT('',(7.791593247838,-12.60516227035,18.4));
#2982 = CARTESIAN_POINT('',(7.776735226959,-12.5359729056,18.4));
#2983 = CARTESIAN_POINT('',(7.7695312,-12.46387619932,18.4));
#2984 = CARTESIAN_POINT('',(7.7695312,-12.38940429687,18.4));
#2985 = PCURVE('',#522,#2986);
#2986 = DEFINITIONAL_REPRESENTATION('',(#2987),#2998);
#2987 = B_SPLINE_CURVE_WITH_KNOTS('',5,(#2988,#2989,#2990,#2991,#2992,
    #2993,#2994,#2995,#2996,#2997),.UNSPECIFIED.,.F.,.F.,(6,4,6),(0.,
    0.451123471787,1.),.UNSPECIFIED.);
#2988 = CARTESIAN_POINT('',(8.02001948125,-12.96069335937));
#2989 = CARTESIAN_POINT('',(7.975398711425,-12.92076951268));
#2990 = CARTESIAN_POINT('',(7.935260864439,-12.87797147906));
#2991 = CARTESIAN_POINT('',(7.899961775912,-12.83231826673));
#2992 = CARTESIAN_POINT('',(7.869759219493,-12.78390752395));
#2993 = CARTESIAN_POINT('',(7.814330078151,-12.67094820069));
#2994 = CARTESIAN_POINT('',(7.791593247838,-12.60516227035));
#2995 = CARTESIAN_POINT('',(7.776735226959,-12.5359729056));
#2996 = CARTESIAN_POINT('',(7.7695312,-12.46387619932));
#2997 = CARTESIAN_POINT('',(7.7695312,-12.38940429687));
#2998 = ( GEOMETRIC_REPRESENTATION_CONTEXT(2) 
PARAMETRIC_REPRESENTATION_CONTEXT() REPRESENTATION_CONTEXT('2D SPACE',''
  ) );
#2999 = PCURVE('',#3000,#3007);
#3000 = SURFACE_OF_LINEAR_EXTRUSION('',#3001,#3005);
#3001 = B_SPLINE_CURVE_WITH_KNOTS('',2,(#3002,#3003,#3004),
  .UNSPECIFIED.,.F.,.F.,(3,3),(0.,1.),.PIECEWISE_BEZIER_KNOTS.);
#3002 = CARTESIAN_POINT('',(7.7695312,-12.38940429687,17.8));
#3003 = CARTESIAN_POINT('',(7.7695312,-12.73657226562,17.8));
#3004 = CARTESIAN_POINT('',(8.02001948125,-12.96069335937,17.8));
#3005 = VECTOR('',#3006,1.);
#3006 = DIRECTION('',(-0.,-0.,-1.));
#3007 = DEFINITIONAL_REPRESENTATION('',(#3008),#3019);
#3008 = B_SPLINE_CURVE_WITH_KNOTS('',5,(#3009,#3010,#3011,#3012,#3013,
    #3014,#3015,#3016,#3017,#3018),.UNSPECIFIED.,.F.,.F.,(6,4,6),(0.,
    0.451123471787,1.),.UNSPECIFIED.);
#3009 = CARTESIAN_POINT('',(1.,-0.6));
#3010 = CARTESIAN_POINT('',(0.910932420466,-0.6));
#3011 = CARTESIAN_POINT('',(0.820896938556,-0.6));
#3012 = CARTESIAN_POINT('',(0.730172676625,-0.6));
#3013 = CARTESIAN_POINT('',(0.639082639549,-0.6));
#3014 = CARTESIAN_POINT('',(0.437180842713,-0.6));
#3015 = CARTESIAN_POINT('',(0.326348469708,-0.6));
#3016 = CARTESIAN_POINT('',(0.216188477199,-0.6));
#3017 = CARTESIAN_POINT('',(0.107256298324,-0.6));
#3018 = CARTESIAN_POINT('',(0.,-0.6));
#3019 = ( GEOMETRIC_REPRESENTATION_CONTEXT(2) 
PARAMETRIC_REPRESENTATION_CONTEXT() REPRESENTATION_CONTEXT('2D SPACE',''
  ) );
#3020 = ORIENTED_EDGE('',*,*,#3021,.F.);
#3021 = EDGE_CURVE('',#3022,#2971,#3024,.T.);
#3022 = VERTEX_POINT('',#3023);
#3023 = CARTESIAN_POINT('',(9.305419871875,-13.419921875,18.4));
#3024 = SURFACE_CURVE('',#3025,(#3042,#3062),.PCURVE_S1.);
#3025 = B_SPLINE_CURVE_WITH_KNOTS('',8,(#3026,#3027,#3028,#3029,#3030,
    #3031,#3032,#3033,#3034,#3035,#3036,#3037,#3038,#3039,#3040,#3041),
  .UNSPECIFIED.,.F.,.F.,(9,7,9),(0.,0.637053647603,1.),.UNSPECIFIED.);
#3026 = CARTESIAN_POINT('',(9.305419871875,-13.419921875,18.4));
#3027 = CARTESIAN_POINT('',(9.184422092644,-13.39255028434,18.4));
#3028 = CARTESIAN_POINT('',(9.064921050475,-13.36421244858,18.4));
#3029 = CARTESIAN_POINT('',(8.946979530766,-13.3347483675,18.4));
#3030 = CARTESIAN_POINT('',(8.830867208157,-13.30398401473,18.4));
#3031 = CARTESIAN_POINT('',(8.717048862784,-13.27173484937,18.4));
#3032 = CARTESIAN_POINT('',(8.606276941136,-13.23775929615,18.4));
#3033 = CARTESIAN_POINT('',(8.499552060665,-13.20177699156,18.4));
#3034 = CARTESIAN_POINT('',(8.340956795051,-13.14130452227,18.4));
#3035 = CARTESIAN_POINT('',(8.285367266176,-13.11857859636,18.4));
#3036 = CARTESIAN_POINT('',(8.23196772445,-13.09495481557,18.4));
#3037 = CARTESIAN_POINT('',(8.181192137279,-13.0703329839,18.4));
#3038 = CARTESIAN_POINT('',(8.133679018186,-13.04463548878,18.4));
#3039 = CARTESIAN_POINT('',(8.090272089135,-13.01780718589,18.4));
#3040 = CARTESIAN_POINT('',(8.052002182455,-12.98982046225,18.4));
#3041 = CARTESIAN_POINT('',(8.02001948125,-12.96069335937,18.4));
#3042 = PCURVE('',#522,#3043);
#3043 = DEFINITIONAL_REPRESENTATION('',(#3044),#3061);
#3044 = B_SPLINE_CURVE_WITH_KNOTS('',8,(#3045,#3046,#3047,#3048,#3049,
    #3050,#3051,#3052,#3053,#3054,#3055,#3056,#3057,#3058,#3059,#3060),
  .UNSPECIFIED.,.F.,.F.,(9,7,9),(0.,0.637053647603,1.),.UNSPECIFIED.);
#3045 = CARTESIAN_POINT('',(9.305419871875,-13.419921875));
#3046 = CARTESIAN_POINT('',(9.184422092644,-13.39255028434));
#3047 = CARTESIAN_POINT('',(9.064921050475,-13.36421244858));
#3048 = CARTESIAN_POINT('',(8.946979530766,-13.3347483675));
#3049 = CARTESIAN_POINT('',(8.830867208157,-13.30398401473));
#3050 = CARTESIAN_POINT('',(8.717048862784,-13.27173484937));
#3051 = CARTESIAN_POINT('',(8.606276941136,-13.23775929615));
#3052 = CARTESIAN_POINT('',(8.499552060665,-13.20177699156));
#3053 = CARTESIAN_POINT('',(8.340956795051,-13.14130452227));
#3054 = CARTESIAN_POINT('',(8.285367266176,-13.11857859636));
#3055 = CARTESIAN_POINT('',(8.23196772445,-13.09495481557));
#3056 = CARTESIAN_POINT('',(8.181192137279,-13.0703329839));
#3057 = CARTESIAN_POINT('',(8.133679018186,-13.04463548878));
#3058 = CARTESIAN_POINT('',(8.090272089135,-13.01780718589));
#3059 = CARTESIAN_POINT('',(8.052002182455,-12.98982046225));
#3060 = CARTESIAN_POINT('',(8.02001948125,-12.96069335937));
#3061 = ( GEOMETRIC_REPRESENTATION_CONTEXT(2) 
PARAMETRIC_REPRESENTATION_CONTEXT() REPRESENTATION_CONTEXT('2D SPACE',''
  ) );
#3062 = PCURVE('',#3063,#3070);
#3063 = SURFACE_OF_LINEAR_EXTRUSION('',#3064,#3068);
#3064 = B_SPLINE_CURVE_WITH_KNOTS('',2,(#3065,#3066,#3067),
  .UNSPECIFIED.,.F.,.F.,(3,3),(0.,1.),.PIECEWISE_BEZIER_KNOTS.);
#3065 = CARTESIAN_POINT('',(8.02001948125,-12.96069335937,17.8));
#3066 = CARTESIAN_POINT('',(8.26611323125,-13.18481445312,17.8));
#3067 = CARTESIAN_POINT('',(9.305419871875,-13.419921875,17.8));
#3068 = VECTOR('',#3069,1.);
#3069 = DIRECTION('',(-0.,-0.,-1.));
#3070 = DEFINITIONAL_REPRESENTATION('',(#3071),#3088);
#3071 = B_SPLINE_CURVE_WITH_KNOTS('',8,(#3072,#3073,#3074,#3075,#3076,
    #3077,#3078,#3079,#3080,#3081,#3082,#3083,#3084,#3085,#3086,#3087),
  .UNSPECIFIED.,.F.,.F.,(9,7,9),(0.,0.637053647603,1.),.UNSPECIFIED.);
#3072 = CARTESIAN_POINT('',(1.,-0.6));
#3073 = CARTESIAN_POINT('',(0.941789182085,-0.6));
#3074 = CARTESIAN_POINT('',(0.881342480102,-0.6));
#3075 = CARTESIAN_POINT('',(0.818295461248,-0.6));
#3076 = CARTESIAN_POINT('',(0.752245426566,-0.6));
#3077 = CARTESIAN_POINT('',(0.682759735777,-0.6));
#3078 = CARTESIAN_POINT('',(0.609267517639,-0.6));
#3079 = CARTESIAN_POINT('',(0.531102243562,-0.6));
#3080 = CARTESIAN_POINT('',(0.399084722152,-0.6));
#3081 = CARTESIAN_POINT('',(0.349345856926,-0.6));
#3082 = CARTESIAN_POINT('',(0.297504286333,-0.6));
#3083 = CARTESIAN_POINT('',(0.243319410979,-0.6));
#3084 = CARTESIAN_POINT('',(0.186595373782,-0.6));
#3085 = CARTESIAN_POINT('',(0.127180778258,-0.6));
#3086 = CARTESIAN_POINT('',(6.498072625871E-02,-0.6));
#3087 = CARTESIAN_POINT('',(0.,-0.6));
#3088 = ( GEOMETRIC_REPRESENTATION_CONTEXT(2) 
PARAMETRIC_REPRESENTATION_CONTEXT() REPRESENTATION_CONTEXT('2D SPACE',''
  ) );
#3089 = ORIENTED_EDGE('',*,*,#3090,.F.);
#3090 = EDGE_CURVE('',#3091,#3022,#3093,.T.);
#3091 = VERTEX_POINT('',#3092);
#3092 = CARTESIAN_POINT('',(10.7314452625,-13.83081054687,18.4));
#3093 = SURFACE_CURVE('',#3094,(#3109,#3127),.PCURVE_S1.);
#3094 = B_SPLINE_CURVE_WITH_KNOTS('',7,(#3095,#3096,#3097,#3098,#3099,
    #3100,#3101,#3102,#3103,#3104,#3105,#3106,#3107,#3108),
  .UNSPECIFIED.,.F.,.F.,(8,6,8),(0.,0.527237324388,1.),.UNSPECIFIED.);
#3095 = CARTESIAN_POINT('',(10.7314452625,-13.83081054687,18.4));
#3096 = CARTESIAN_POINT('',(10.651362816868,-13.79440943522,18.4));
#3097 = CARTESIAN_POINT('',(10.561052882867,-13.75929483159,18.4));
#3098 = CARTESIAN_POINT('',(10.463789137419,-13.72533486411,18.4));
#3099 = CARTESIAN_POINT('',(10.361537366048,-13.69248139174,18.4));
#3100 = CARTESIAN_POINT('',(10.255700989971,-13.66063364795,18.4));
#3101 = CARTESIAN_POINT('',(10.146985221426,-13.62965714542,18.4));
#3102 = CARTESIAN_POINT('',(9.935650365544,-13.57219488219,18.4));
#3103 = CARTESIAN_POINT('',(9.833790928814,-13.5456383276,18.4));
#3104 = CARTESIAN_POINT('',(9.730360533242,-13.51961612886,18.4));
#3105 = CARTESIAN_POINT('',(9.625631852008,-13.49407519264,18.4));
#3106 = CARTESIAN_POINT('',(9.519807532632,-13.46897208636,18.4));
#3107 = CARTESIAN_POINT('',(9.41303762237,-13.44426669382,18.4));
#3108 = CARTESIAN_POINT('',(9.305419871875,-13.419921875,18.4));
#3109 = PCURVE('',#522,#3110);
#3110 = DEFINITIONAL_REPRESENTATION('',(#3111),#3126);
#3111 = B_SPLINE_CURVE_WITH_KNOTS('',7,(#3112,#3113,#3114,#3115,#3116,
    #3117,#3118,#3119,#3120,#3121,#3122,#3123,#3124,#3125),
  .UNSPECIFIED.,.F.,.F.,(8,6,8),(0.,0.527237324388,1.),.UNSPECIFIED.);
#3112 = CARTESIAN_POINT('',(10.7314452625,-13.83081054687));
#3113 = CARTESIAN_POINT('',(10.651362816868,-13.79440943522));
#3114 = CARTESIAN_POINT('',(10.561052882867,-13.75929483159));
#3115 = CARTESIAN_POINT('',(10.463789137419,-13.72533486411));
#3116 = CARTESIAN_POINT('',(10.361537366048,-13.69248139174));
#3117 = CARTESIAN_POINT('',(10.255700989971,-13.66063364795));
#3118 = CARTESIAN_POINT('',(10.146985221426,-13.62965714542));
#3119 = CARTESIAN_POINT('',(9.935650365544,-13.57219488219));
#3120 = CARTESIAN_POINT('',(9.833790928814,-13.5456383276));
#3121 = CARTESIAN_POINT('',(9.730360533242,-13.51961612886));
#3122 = CARTESIAN_POINT('',(9.625631852008,-13.49407519264));
#3123 = CARTESIAN_POINT('',(9.519807532632,-13.46897208636));
#3124 = CARTESIAN_POINT('',(9.41303762237,-13.44426669382));
#3125 = CARTESIAN_POINT('',(9.305419871875,-13.419921875));
#3126 = ( GEOMETRIC_REPRESENTATION_CONTEXT(2) 
PARAMETRIC_REPRESENTATION_CONTEXT() REPRESENTATION_CONTEXT('2D SPACE',''
  ) );
#3127 = PCURVE('',#3128,#3135);
#3128 = SURFACE_OF_LINEAR_EXTRUSION('',#3129,#3133);
#3129 = B_SPLINE_CURVE_WITH_KNOTS('',2,(#3130,#3131,#3132),
  .UNSPECIFIED.,.F.,.F.,(3,3),(0.,1.),.PIECEWISE_BEZIER_KNOTS.);
#3130 = CARTESIAN_POINT('',(9.305419871875,-13.419921875,17.8));
#3131 = CARTESIAN_POINT('',(10.3447265125,-13.65502929687,17.8));
#3132 = CARTESIAN_POINT('',(10.7314452625,-13.83081054687,17.8));
#3133 = VECTOR('',#3134,1.);
#3134 = DIRECTION('',(-0.,-0.,-1.));
#3135 = DEFINITIONAL_REPRESENTATION('',(#3136),#3151);
#3136 = B_SPLINE_CURVE_WITH_KNOTS('',7,(#3137,#3138,#3139,#3140,#3141,
    #3142,#3143,#3144,#3145,#3146,#3147,#3148,#3149,#3150),
  .UNSPECIFIED.,.F.,.F.,(8,6,8),(0.,0.527237324388,1.),.UNSPECIFIED.);
#3137 = CARTESIAN_POINT('',(1.,-0.6));
#3138 = CARTESIAN_POINT('',(0.896459060193,-0.6));
#3139 = CARTESIAN_POINT('',(0.800798225965,-0.6));
#3140 = CARTESIAN_POINT('',(0.711490461311,-0.6));
#3141 = CARTESIAN_POINT('',(0.627729192717,-0.6));
#3142 = CARTESIAN_POINT('',(0.548702508099,-0.6));
#3143 = CARTESIAN_POINT('',(0.473704282884,-0.6));
#3144 = CARTESIAN_POINT('',(0.337704270049,-0.6));
#3145 = CARTESIAN_POINT('',(0.276205227206,-0.6));
#3146 = CARTESIAN_POINT('',(0.217113900989,-0.6));
#3147 = CARTESIAN_POINT('',(0.160153378241,-0.6));
#3148 = CARTESIAN_POINT('',(0.105103729851,-0.6));
#3149 = CARTESIAN_POINT('',(5.177382029928E-02,-0.6));
#3150 = CARTESIAN_POINT('',(0.,-0.6));
#3151 = ( GEOMETRIC_REPRESENTATION_CONTEXT(2) 
PARAMETRIC_REPRESENTATION_CONTEXT() REPRESENTATION_CONTEXT('2D SPACE',''
  ) );
#3152 = ORIENTED_EDGE('',*,*,#3153,.F.);
#3153 = EDGE_CURVE('',#3154,#3091,#3156,.T.);
#3154 = VERTEX_POINT('',#3155);
#3155 = CARTESIAN_POINT('',(11.56201166875,-14.48779296875,18.4));
#3156 = SURFACE_CURVE('',#3157,(#3168,#3182),.PCURVE_S1.);
#3157 = B_SPLINE_CURVE_WITH_KNOTS('',5,(#3158,#3159,#3160,#3161,#3162,
    #3163,#3164,#3165,#3166,#3167),.UNSPECIFIED.,.F.,.F.,(6,4,6),(0.,
    0.484205995283,1.),.UNSPECIFIED.);
#3158 = CARTESIAN_POINT('',(11.56201166875,-14.48779296875,18.4));
#3159 = CARTESIAN_POINT('',(11.507032218972,-14.40622509653,18.4));
#3160 = CARTESIAN_POINT('',(11.444659399811,-14.32881239946,18.4));
#3161 = CARTESIAN_POINT('',(11.375355538984,-14.25585527537,18.4));
#3162 = CARTESIAN_POINT('',(11.299795024455,-14.18740327217,18.4));
#3163 = CARTESIAN_POINT('',(11.132262049379,-14.0551829781,18.4));
#3164 = CARTESIAN_POINT('',(11.039535876343,-13.99200827047,18.4));
#3165 = CARTESIAN_POINT('',(10.941316465589,-13.93374405468,18.4));
#3166 = CARTESIAN_POINT('',(10.838407324789,-13.88011337246,18.4));
#3167 = CARTESIAN_POINT('',(10.7314452625,-13.83081054687,18.4));
#3168 = PCURVE('',#522,#3169);
#3169 = DEFINITIONAL_REPRESENTATION('',(#3170),#3181);
#3170 = B_SPLINE_CURVE_WITH_KNOTS('',5,(#3171,#3172,#3173,#3174,#3175,
    #3176,#3177,#3178,#3179,#3180),.UNSPECIFIED.,.F.,.F.,(6,4,6),(0.,
    0.484205995283,1.),.UNSPECIFIED.);
#3171 = CARTESIAN_POINT('',(11.56201166875,-14.48779296875));
#3172 = CARTESIAN_POINT('',(11.507032218972,-14.40622509653));
#3173 = CARTESIAN_POINT('',(11.444659399811,-14.32881239946));
#3174 = CARTESIAN_POINT('',(11.375355538984,-14.25585527537));
#3175 = CARTESIAN_POINT('',(11.299795024455,-14.18740327217));
#3176 = CARTESIAN_POINT('',(11.132262049379,-14.0551829781));
#3177 = CARTESIAN_POINT('',(11.039535876343,-13.99200827047));
#3178 = CARTESIAN_POINT('',(10.941316465589,-13.93374405468));
#3179 = CARTESIAN_POINT('',(10.838407324789,-13.88011337246));
#3180 = CARTESIAN_POINT('',(10.7314452625,-13.83081054687));
#3181 = ( GEOMETRIC_REPRESENTATION_CONTEXT(2) 
PARAMETRIC_REPRESENTATION_CONTEXT() REPRESENTATION_CONTEXT('2D SPACE',''
  ) );
#3182 = PCURVE('',#3183,#3190);
#3183 = SURFACE_OF_LINEAR_EXTRUSION('',#3184,#3188);
#3184 = B_SPLINE_CURVE_WITH_KNOTS('',2,(#3185,#3186,#3187),
  .UNSPECIFIED.,.F.,.F.,(3,3),(0.,1.),.PIECEWISE_BEZIER_KNOTS.);
#3185 = CARTESIAN_POINT('',(10.7314452625,-13.83081054687,17.8));
#3186 = CARTESIAN_POINT('',(11.2939452625,-14.09008789062,17.8));
#3187 = CARTESIAN_POINT('',(11.56201166875,-14.48779296875,17.8));
#3188 = VECTOR('',#3189,1.);
#3189 = DIRECTION('',(-0.,-0.,-1.));
#3190 = DEFINITIONAL_REPRESENTATION('',(#3191),#3202);
#3191 = B_SPLINE_CURVE_WITH_KNOTS('',5,(#3192,#3193,#3194,#3195,#3196,
    #3197,#3198,#3199,#3200,#3201),.UNSPECIFIED.,.F.,.F.,(6,4,6),(0.,
    0.484205995283,1.),.UNSPECIFIED.);
#3192 = CARTESIAN_POINT('',(1.,-0.6));
#3193 = CARTESIAN_POINT('',(0.897451809522,-0.6));
#3194 = CARTESIAN_POINT('',(0.795552025541,-0.6));
#3195 = CARTESIAN_POINT('',(0.694794943454,-0.6));
#3196 = CARTESIAN_POINT('',(0.595530558951,-0.6));
#3197 = CARTESIAN_POINT('',(0.394106867586,-0.6));
#3198 = CARTESIAN_POINT('',(0.292175944627,-0.6));
#3199 = CARTESIAN_POINT('',(0.192467371189,-0.6));
#3200 = CARTESIAN_POINT('',(9.507738870099E-02,-0.6));
#3201 = CARTESIAN_POINT('',(0.,-0.6));
#3202 = ( GEOMETRIC_REPRESENTATION_CONTEXT(2) 
PARAMETRIC_REPRESENTATION_CONTEXT() REPRESENTATION_CONTEXT('2D SPACE',''
  ) );
#3203 = ORIENTED_EDGE('',*,*,#3204,.F.);
#3204 = EDGE_CURVE('',#3205,#3154,#3207,.T.);
#3205 = VERTEX_POINT('',#3206);
#3206 = CARTESIAN_POINT('',(11.830078075,-15.40405273437,18.4));
#3207 = SURFACE_CURVE('',#3208,(#3219,#3233),.PCURVE_S1.);
#3208 = B_SPLINE_CURVE_WITH_KNOTS('',5,(#3209,#3210,#3211,#3212,#3213,
    #3214,#3215,#3216,#3217,#3218),.UNSPECIFIED.,.F.,.F.,(6,4,6),(0.,
    0.726655764674,1.),.UNSPECIFIED.);
#3209 = CARTESIAN_POINT('',(11.830078075,-15.40405273437,18.4));
#3210 = CARTESIAN_POINT('',(11.830078075,-15.25835064442,18.4));
#3211 = CARTESIAN_POINT('',(11.816850517763,-15.11547446685,18.4));
#3212 = CARTESIAN_POINT('',(11.789259209782,-14.97669438941,18.4));
#3213 = CARTESIAN_POINT('',(11.746654541908,-14.84333215663,18.4));
#3214 = CARTESIAN_POINT('',(11.668088532739,-14.66883392641,18.4));
#3215 = CARTESIAN_POINT('',(11.644561095358,-14.62205990686,18.4));
#3216 = CARTESIAN_POINT('',(11.61900756593,-14.57626635189,18.4));
#3217 = CARTESIAN_POINT('',(11.591470987946,-14.53149900788,18.4));
#3218 = CARTESIAN_POINT('',(11.56201166875,-14.48779296875,18.4));
#3219 = PCURVE('',#522,#3220);
#3220 = DEFINITIONAL_REPRESENTATION('',(#3221),#3232);
#3221 = B_SPLINE_CURVE_WITH_KNOTS('',5,(#3222,#3223,#3224,#3225,#3226,
    #3227,#3228,#3229,#3230,#3231),.UNSPECIFIED.,.F.,.F.,(6,4,6),(0.,
    0.726655764674,1.),.UNSPECIFIED.);
#3222 = CARTESIAN_POINT('',(11.830078075,-15.40405273437));
#3223 = CARTESIAN_POINT('',(11.830078075,-15.25835064442));
#3224 = CARTESIAN_POINT('',(11.816850517763,-15.11547446685));
#3225 = CARTESIAN_POINT('',(11.789259209782,-14.97669438941));
#3226 = CARTESIAN_POINT('',(11.746654541908,-14.84333215663));
#3227 = CARTESIAN_POINT('',(11.668088532739,-14.66883392641));
#3228 = CARTESIAN_POINT('',(11.644561095358,-14.62205990686));
#3229 = CARTESIAN_POINT('',(11.61900756593,-14.57626635189));
#3230 = CARTESIAN_POINT('',(11.591470987946,-14.53149900788));
#3231 = CARTESIAN_POINT('',(11.56201166875,-14.48779296875));
#3232 = ( GEOMETRIC_REPRESENTATION_CONTEXT(2) 
PARAMETRIC_REPRESENTATION_CONTEXT() REPRESENTATION_CONTEXT('2D SPACE',''
  ) );
#3233 = PCURVE('',#3234,#3241);
#3234 = SURFACE_OF_LINEAR_EXTRUSION('',#3235,#3239);
#3235 = B_SPLINE_CURVE_WITH_KNOTS('',2,(#3236,#3237,#3238),
  .UNSPECIFIED.,.F.,.F.,(3,3),(0.,1.),.PIECEWISE_BEZIER_KNOTS.);
#3236 = CARTESIAN_POINT('',(11.56201166875,-14.48779296875,17.8));
#3237 = CARTESIAN_POINT('',(11.830078075,-14.88549804687,17.8));
#3238 = CARTESIAN_POINT('',(11.830078075,-15.40405273437,17.8));
#3239 = VECTOR('',#3240,1.);
#3240 = DIRECTION('',(-0.,-0.,-1.));
#3241 = DEFINITIONAL_REPRESENTATION('',(#3242),#3253);
#3242 = B_SPLINE_CURVE_WITH_KNOTS('',5,(#3243,#3244,#3245,#3246,#3247,
    #3248,#3249,#3250,#3251,#3252),.UNSPECIFIED.,.F.,.F.,(6,4,6),(0.,
    0.726655764674,1.),.UNSPECIFIED.);
#3243 = CARTESIAN_POINT('',(1.,-0.6));
#3244 = CARTESIAN_POINT('',(0.859511355828,-0.6));
#3245 = CARTESIAN_POINT('',(0.715997639556,-0.6));
#3246 = CARTESIAN_POINT('',(0.570189699232,-0.6));
#3247 = CARTESIAN_POINT('',(0.423079607607,-0.6));
#3248 = CARTESIAN_POINT('',(0.220673441225,-0.6));
#3249 = CARTESIAN_POINT('',(0.165345958375,-0.6));
#3250 = CARTESIAN_POINT('',(0.110083138361,-0.6));
#3251 = CARTESIAN_POINT('',(5.494780119582E-02,-0.6));
#3252 = CARTESIAN_POINT('',(0.,-0.6));
#3253 = ( GEOMETRIC_REPRESENTATION_CONTEXT(2) 
PARAMETRIC_REPRESENTATION_CONTEXT() REPRESENTATION_CONTEXT('2D SPACE',''
  ) );
#3254 = ORIENTED_EDGE('',*,*,#3255,.F.);
#3255 = EDGE_CURVE('',#3256,#3205,#3258,.T.);
#3256 = VERTEX_POINT('',#3257);
#3257 = CARTESIAN_POINT('',(11.53564448125,-16.373046875,18.4));
#3258 = SURFACE_CURVE('',#3259,(#3270,#3284),.PCURVE_S1.);
#3259 = B_SPLINE_CURVE_WITH_KNOTS('',5,(#3260,#3261,#3262,#3263,#3264,
    #3265,#3266,#3267,#3268,#3269),.UNSPECIFIED.,.F.,.F.,(6,4,6),(0.,
    0.664102205325,1.),.UNSPECIFIED.);
#3260 = CARTESIAN_POINT('',(11.53564448125,-16.373046875,18.4));
#3261 = CARTESIAN_POINT('',(11.611688124465,-16.25557647092,18.4));
#3262 = CARTESIAN_POINT('',(11.676822046591,-16.13352355884,18.4));
#3263 = CARTESIAN_POINT('',(11.729813930198,-16.00725431381,18.4));
#3264 = CARTESIAN_POINT('',(11.769748762376,-15.87737286539,18.4));
#3265 = CARTESIAN_POINT('',(11.80994143291,-15.67781694838,18.4));
#3266 = CARTESIAN_POINT('',(11.82005562349,-15.61010327427,18.4));
#3267 = CARTESIAN_POINT('',(11.826759367155,-15.54182438274,18.4));
#3268 = CARTESIAN_POINT('',(11.830078075,-15.47310049326,18.4));
#3269 = CARTESIAN_POINT('',(11.830078075,-15.40405273437,18.4));
#3270 = PCURVE('',#522,#3271);
#3271 = DEFINITIONAL_REPRESENTATION('',(#3272),#3283);
#3272 = B_SPLINE_CURVE_WITH_KNOTS('',5,(#3273,#3274,#3275,#3276,#3277,
    #3278,#3279,#3280,#3281,#3282),.UNSPECIFIED.,.F.,.F.,(6,4,6),(0.,
    0.664102205325,1.),.UNSPECIFIED.);
#3273 = CARTESIAN_POINT('',(11.53564448125,-16.373046875));
#3274 = CARTESIAN_POINT('',(11.611688124465,-16.25557647092));
#3275 = CARTESIAN_POINT('',(11.676822046591,-16.13352355884));
#3276 = CARTESIAN_POINT('',(11.729813930198,-16.00725431381));
#3277 = CARTESIAN_POINT('',(11.769748762376,-15.87737286539));
#3278 = CARTESIAN_POINT('',(11.80994143291,-15.67781694838));
#3279 = CARTESIAN_POINT('',(11.82005562349,-15.61010327427));
#3280 = CARTESIAN_POINT('',(11.826759367155,-15.54182438274));
#3281 = CARTESIAN_POINT('',(11.830078075,-15.47310049326));
#3282 = CARTESIAN_POINT('',(11.830078075,-15.40405273437));
#3283 = ( GEOMETRIC_REPRESENTATION_CONTEXT(2) 
PARAMETRIC_REPRESENTATION_CONTEXT() REPRESENTATION_CONTEXT('2D SPACE',''
  ) );
#3284 = PCURVE('',#3285,#3292);
#3285 = SURFACE_OF_LINEAR_EXTRUSION('',#3286,#3290);
#3286 = B_SPLINE_CURVE_WITH_KNOTS('',2,(#3287,#3288,#3289),
  .UNSPECIFIED.,.F.,.F.,(3,3),(0.,1.),.PIECEWISE_BEZIER_KNOTS.);
#3287 = CARTESIAN_POINT('',(11.830078075,-15.40405273437,17.8));
#3288 = CARTESIAN_POINT('',(11.830078075,-15.91821289062,17.8));
#3289 = CARTESIAN_POINT('',(11.53564448125,-16.373046875,17.8));
#3290 = VECTOR('',#3291,1.);
#3291 = DIRECTION('',(-0.,-0.,-1.));
#3292 = DEFINITIONAL_REPRESENTATION('',(#3293),#3304);
#3293 = B_SPLINE_CURVE_WITH_KNOTS('',5,(#3294,#3295,#3296,#3297,#3298,
    #3299,#3300,#3301,#3302,#3303),.UNSPECIFIED.,.F.,.F.,(6,4,6),(0.,
    0.664102205325,1.),.UNSPECIFIED.);
#3294 = CARTESIAN_POINT('',(1.,-0.6));
#3295 = CARTESIAN_POINT('',(0.870864526282,-0.6));
#3296 = CARTESIAN_POINT('',(0.73941043588,-0.6));
#3297 = CARTESIAN_POINT('',(0.606235283697,-0.6));
#3298 = CARTESIAN_POINT('',(0.472105852035,-0.6));
#3299 = CARTESIAN_POINT('',(0.27017029007,-0.6));
#3300 = CARTESIAN_POINT('',(0.202339666501,-0.6));
#3301 = CARTESIAN_POINT('',(0.134627646225,-0.6));
#3302 = CARTESIAN_POINT('',(6.714615869622E-02,-0.6));
#3303 = CARTESIAN_POINT('',(0.,-0.6));
#3304 = ( GEOMETRIC_REPRESENTATION_CONTEXT(2) 
PARAMETRIC_REPRESENTATION_CONTEXT() REPRESENTATION_CONTEXT('2D SPACE',''
  ) );
#3305 = ORIENTED_EDGE('',*,*,#3306,.F.);
#3306 = EDGE_CURVE('',#3307,#3256,#3309,.T.);
#3307 = VERTEX_POINT('',#3308);
#3308 = CARTESIAN_POINT('',(10.689697215625,-17.08056640625,18.4));
#3309 = SURFACE_CURVE('',#3310,(#3323,#3339),.PCURVE_S1.);
#3310 = B_SPLINE_CURVE_WITH_KNOTS('',6,(#3311,#3312,#3313,#3314,#3315,
    #3316,#3317,#3318,#3319,#3320,#3321,#3322),.UNSPECIFIED.,.F.,.F.,(7,
    5,7),(0.,0.850831630427,1.),.UNSPECIFIED.);
#3311 = CARTESIAN_POINT('',(10.689697215625,-17.08056640625,18.4));
#3312 = CARTESIAN_POINT('',(10.838926105937,-17.01219460391,18.4));
#3313 = CARTESIAN_POINT('',(10.980496802821,-16.93327724225,18.4));
#3314 = CARTESIAN_POINT('',(11.112827409269,-16.84325616002,18.4));
#3315 = CARTESIAN_POINT('',(11.234352917631,-16.74185578926,18.4));
#3316 = CARTESIAN_POINT('',(11.343741472304,-16.62930367724,18.4));
#3317 = CARTESIAN_POINT('',(11.457107754035,-16.48514153739,18.4));
#3318 = CARTESIAN_POINT('',(11.473621858059,-16.46332524707,18.4));
#3319 = CARTESIAN_POINT('',(11.489735517219,-16.44120205094,18.4));
#3320 = CARTESIAN_POINT('',(11.505445480073,-16.4187773232,18.4));
#3321 = CARTESIAN_POINT('',(11.520749129209,-16.39605685912,18.4));
#3322 = CARTESIAN_POINT('',(11.53564448125,-16.373046875,18.4));
#3323 = PCURVE('',#522,#3324);
#3324 = DEFINITIONAL_REPRESENTATION('',(#3325),#3338);
#3325 = B_SPLINE_CURVE_WITH_KNOTS('',6,(#3326,#3327,#3328,#3329,#3330,
    #3331,#3332,#3333,#3334,#3335,#3336,#3337),.UNSPECIFIED.,.F.,.F.,(7,
    5,7),(0.,0.850831630427,1.),.UNSPECIFIED.);
#3326 = CARTESIAN_POINT('',(10.689697215625,-17.08056640625));
#3327 = CARTESIAN_POINT('',(10.838926105937,-17.01219460391));
#3328 = CARTESIAN_POINT('',(10.980496802821,-16.93327724225));
#3329 = CARTESIAN_POINT('',(11.112827409269,-16.84325616002));
#3330 = CARTESIAN_POINT('',(11.234352917631,-16.74185578926));
#3331 = CARTESIAN_POINT('',(11.343741472304,-16.62930367724));
#3332 = CARTESIAN_POINT('',(11.457107754035,-16.48514153739));
#3333 = CARTESIAN_POINT('',(11.473621858059,-16.46332524707));
#3334 = CARTESIAN_POINT('',(11.489735517219,-16.44120205094));
#3335 = CARTESIAN_POINT('',(11.505445480073,-16.4187773232));
#3336 = CARTESIAN_POINT('',(11.520749129209,-16.39605685912));
#3337 = CARTESIAN_POINT('',(11.53564448125,-16.373046875));
#3338 = ( GEOMETRIC_REPRESENTATION_CONTEXT(2) 
PARAMETRIC_REPRESENTATION_CONTEXT() REPRESENTATION_CONTEXT('2D SPACE',''
  ) );
#3339 = PCURVE('',#3340,#3347);
#3340 = SURFACE_OF_LINEAR_EXTRUSION('',#3341,#3345);
#3341 = B_SPLINE_CURVE_WITH_KNOTS('',2,(#3342,#3343,#3344),
  .UNSPECIFIED.,.F.,.F.,(3,3),(0.,1.),.PIECEWISE_BEZIER_KNOTS.);
#3342 = CARTESIAN_POINT('',(11.53564448125,-16.373046875,17.8));
#3343 = CARTESIAN_POINT('',(11.2412108875,-16.82788085937,17.8));
#3344 = CARTESIAN_POINT('',(10.689697215625,-17.08056640625,17.8));
#3345 = VECTOR('',#3346,1.);
#3346 = DIRECTION('',(-0.,-0.,-1.));
#3347 = DEFINITIONAL_REPRESENTATION('',(#3348),#3361);
#3348 = B_SPLINE_CURVE_WITH_KNOTS('',6,(#3349,#3350,#3351,#3352,#3353,
    #3354,#3355,#3356,#3357,#3358,#3359,#3360),.UNSPECIFIED.,.F.,.F.,(7,
    5,7),(0.,0.850831630427,1.),.UNSPECIFIED.);
#3349 = CARTESIAN_POINT('',(1.,-0.6));
#3350 = CARTESIAN_POINT('',(0.864709709005,-0.6));
#3351 = CARTESIAN_POINT('',(0.726123939825,-0.6));
#3352 = CARTESIAN_POINT('',(0.584742232909,-0.6));
#3353 = CARTESIAN_POINT('',(0.44126031944,-0.6));
#3354 = CARTESIAN_POINT('',(0.296606887507,-0.6));
#3355 = CARTESIAN_POINT('',(0.126647423924,-0.6));
#3356 = CARTESIAN_POINT('',(0.101294822722,-0.6));
#3357 = CARTESIAN_POINT('',(7.594803040745E-02,-0.6));
#3358 = CARTESIAN_POINT('',(5.061282453135E-02,-0.6));
#3359 = CARTESIAN_POINT('',(2.529492618521E-02,-0.6));
#3360 = CARTESIAN_POINT('',(0.,-0.6));
#3361 = ( GEOMETRIC_REPRESENTATION_CONTEXT(2) 
PARAMETRIC_REPRESENTATION_CONTEXT() REPRESENTATION_CONTEXT('2D SPACE',''
  ) );
#3362 = ORIENTED_EDGE('',*,*,#3363,.F.);
#3363 = EDGE_CURVE('',#3364,#3307,#3366,.T.);
#3364 = VERTEX_POINT('',#3365);
#3365 = CARTESIAN_POINT('',(9.4482421375,-17.33325195312,18.4));
#3366 = SURFACE_CURVE('',#3367,(#3378,#3392),.PCURVE_S1.);
#3367 = B_SPLINE_CURVE_WITH_KNOTS('',5,(#3368,#3369,#3370,#3371,#3372,
    #3373,#3374,#3375,#3376,#3377),.UNSPECIFIED.,.F.,.F.,(6,4,6),(0.,
    0.510238918913,1.),.UNSPECIFIED.);
#3368 = CARTESIAN_POINT('',(9.4482421375,-17.33325195312,18.4));
#3369 = CARTESIAN_POINT('',(9.582276381231,-17.33325195312,18.4));
#3370 = CARTESIAN_POINT('',(9.71518796151,-17.32729149925,18.4));
#3371 = CARTESIAN_POINT('',(9.846646538696,-17.31499050931,18.4));
#3372 = CARTESIAN_POINT('',(9.976255109216,-17.29599556217,18.4));
#3373 = CARTESIAN_POINT('',(10.225788212671,-17.24520563846,18.4));
#3374 = CARTESIAN_POINT('',(10.345897853812,-17.21395404782,18.4));
#3375 = CARTESIAN_POINT('',(10.463509305458,-17.17612781506,18.4));
#3376 = CARTESIAN_POINT('',(10.578229817397,-17.13163712655,18.4));
#3377 = CARTESIAN_POINT('',(10.689697215625,-17.08056640625,18.4));
#3378 = PCURVE('',#522,#3379);
#3379 = DEFINITIONAL_REPRESENTATION('',(#3380),#3391);
#3380 = B_SPLINE_CURVE_WITH_KNOTS('',5,(#3381,#3382,#3383,#3384,#3385,
    #3386,#3387,#3388,#3389,#3390),.UNSPECIFIED.,.F.,.F.,(6,4,6),(0.,
    0.510238918913,1.),.UNSPECIFIED.);
#3381 = CARTESIAN_POINT('',(9.4482421375,-17.33325195312));
#3382 = CARTESIAN_POINT('',(9.582276381231,-17.33325195312));
#3383 = CARTESIAN_POINT('',(9.71518796151,-17.32729149925));
#3384 = CARTESIAN_POINT('',(9.846646538696,-17.31499050931));
#3385 = CARTESIAN_POINT('',(9.976255109216,-17.29599556217));
#3386 = CARTESIAN_POINT('',(10.225788212671,-17.24520563846));
#3387 = CARTESIAN_POINT('',(10.345897853812,-17.21395404782));
#3388 = CARTESIAN_POINT('',(10.463509305458,-17.17612781506));
#3389 = CARTESIAN_POINT('',(10.578229817397,-17.13163712655));
#3390 = CARTESIAN_POINT('',(10.689697215625,-17.08056640625));
#3391 = ( GEOMETRIC_REPRESENTATION_CONTEXT(2) 
PARAMETRIC_REPRESENTATION_CONTEXT() REPRESENTATION_CONTEXT('2D SPACE',''
  ) );
#3392 = PCURVE('',#3393,#3400);
#3393 = SURFACE_OF_LINEAR_EXTRUSION('',#3394,#3398);
#3394 = B_SPLINE_CURVE_WITH_KNOTS('',2,(#3395,#3396,#3397),
  .UNSPECIFIED.,.F.,.F.,(3,3),(0.,1.),.PIECEWISE_BEZIER_KNOTS.);
#3395 = CARTESIAN_POINT('',(10.689697215625,-17.08056640625,17.8));
#3396 = CARTESIAN_POINT('',(10.13818354375,-17.33325195312,17.8));
#3397 = CARTESIAN_POINT('',(9.4482421375,-17.33325195312,17.8));
#3398 = VECTOR('',#3399,1.);
#3399 = DIRECTION('',(-0.,-0.,-1.));
#3400 = DEFINITIONAL_REPRESENTATION('',(#3401),#3412);
#3401 = B_SPLINE_CURVE_WITH_KNOTS('',5,(#3402,#3403,#3404,#3405,#3406,
    #3407,#3408,#3409,#3410,#3411),.UNSPECIFIED.,.F.,.F.,(6,4,6),(0.,
    0.510238918913,1.),.UNSPECIFIED.);
#3402 = CARTESIAN_POINT('',(1.,-0.6));
#3403 = CARTESIAN_POINT('',(0.902865487912,-0.6));
#3404 = CARTESIAN_POINT('',(0.804178214497,-0.6));
#3405 = CARTESIAN_POINT('',(0.704026680527,-0.6));
#3406 = CARTESIAN_POINT('',(0.602558282763,-0.6));
#3407 = CARTESIAN_POINT('',(0.401557773077,-0.6));
#3408 = CARTESIAN_POINT('',(0.302107242563,-0.6));
#3409 = CARTESIAN_POINT('',(0.201856955026,-0.6));
#3410 = CARTESIAN_POINT('',(0.101055879403,-0.6));
#3411 = CARTESIAN_POINT('',(0.,-0.6));
#3412 = ( GEOMETRIC_REPRESENTATION_CONTEXT(2) 
PARAMETRIC_REPRESENTATION_CONTEXT() REPRESENTATION_CONTEXT('2D SPACE',''
  ) );
#3413 = ORIENTED_EDGE('',*,*,#3414,.F.);
#3414 = EDGE_CURVE('',#3415,#3364,#3417,.T.);
#3415 = VERTEX_POINT('',#3416);
#3416 = CARTESIAN_POINT('',(7.982665965625,-17.07836914062,18.4));
#3417 = SURFACE_CURVE('',#3418,(#3429,#3443),.PCURVE_S1.);
#3418 = B_SPLINE_CURVE_WITH_KNOTS('',5,(#3419,#3420,#3421,#3422,#3423,
    #3424,#3425,#3426,#3427,#3428),.UNSPECIFIED.,.F.,.F.,(6,4,6),(0.,
    0.47509091967,1.),.UNSPECIFIED.);
#3419 = CARTESIAN_POINT('',(7.982665965625,-17.07836914062,18.4));
#3420 = CARTESIAN_POINT('',(8.10686570671,-17.13192739328,18.4));
#3421 = CARTESIAN_POINT('',(8.236362984343,-17.17736218574,18.4));
#3422 = CARTESIAN_POINT('',(8.370180035923,-17.21510446583,18.4));
#3423 = CARTESIAN_POINT('',(8.507444562544,-17.24579446772,18.4));
#3424 = CARTESIAN_POINT('',(8.802293301902,-17.29682791703,18.4));
#3425 = CARTESIAN_POINT('',(8.960483686294,-17.31574695979,18.4));
#3426 = CARTESIAN_POINT('',(9.12125438002,-17.32763084648,18.4));
#3427 = CARTESIAN_POINT('',(9.283973061619,-17.33325195312,18.4));
#3428 = CARTESIAN_POINT('',(9.4482421375,-17.33325195312,18.4));
#3429 = PCURVE('',#522,#3430);
#3430 = DEFINITIONAL_REPRESENTATION('',(#3431),#3442);
#3431 = B_SPLINE_CURVE_WITH_KNOTS('',5,(#3432,#3433,#3434,#3435,#3436,
    #3437,#3438,#3439,#3440,#3441),.UNSPECIFIED.,.F.,.F.,(6,4,6),(0.,
    0.47509091967,1.),.UNSPECIFIED.);
#3432 = CARTESIAN_POINT('',(7.982665965625,-17.07836914062));
#3433 = CARTESIAN_POINT('',(8.10686570671,-17.13192739328));
#3434 = CARTESIAN_POINT('',(8.236362984343,-17.17736218574));
#3435 = CARTESIAN_POINT('',(8.370180035923,-17.21510446583));
#3436 = CARTESIAN_POINT('',(8.507444562544,-17.24579446772));
#3437 = CARTESIAN_POINT('',(8.802293301902,-17.29682791703));
#3438 = CARTESIAN_POINT('',(8.960483686294,-17.31574695979));
#3439 = CARTESIAN_POINT('',(9.12125438002,-17.32763084648));
#3440 = CARTESIAN_POINT('',(9.283973061619,-17.33325195312));
#3441 = CARTESIAN_POINT('',(9.4482421375,-17.33325195312));
#3442 = ( GEOMETRIC_REPRESENTATION_CONTEXT(2) 
PARAMETRIC_REPRESENTATION_CONTEXT() REPRESENTATION_CONTEXT('2D SPACE',''
  ) );
#3443 = PCURVE('',#3444,#3451);
#3444 = SURFACE_OF_LINEAR_EXTRUSION('',#3445,#3449);
#3445 = B_SPLINE_CURVE_WITH_KNOTS('',2,(#3446,#3447,#3448),
  .UNSPECIFIED.,.F.,.F.,(3,3),(0.,1.),.PIECEWISE_BEZIER_KNOTS.);
#3446 = CARTESIAN_POINT('',(9.4482421375,-17.33325195312,17.8));
#3447 = CARTESIAN_POINT('',(8.57373041875,-17.33325195312,17.8));
#3448 = CARTESIAN_POINT('',(7.982665965625,-17.07836914062,17.8));
#3449 = VECTOR('',#3450,1.);
#3450 = DIRECTION('',(-0.,-0.,-1.));
#3451 = DEFINITIONAL_REPRESENTATION('',(#3452),#3463);
#3452 = B_SPLINE_CURVE_WITH_KNOTS('',5,(#3453,#3454,#3455,#3456,#3457,
    #3458,#3459,#3460,#3461,#3462),.UNSPECIFIED.,.F.,.F.,(6,4,6),(0.,
    0.47509091967,1.),.UNSPECIFIED.);
#3453 = CARTESIAN_POINT('',(1.,-0.6));
#3454 = CARTESIAN_POINT('',(0.894935535009,-0.6));
#3455 = CARTESIAN_POINT('',(0.792007297219,-0.6));
#3456 = CARTESIAN_POINT('',(0.691500313613,-0.6));
#3457 = CARTESIAN_POINT('',(0.593506243549,-0.6));
#3458 = CARTESIAN_POINT('',(0.392478946258,-0.6));
#3459 = CARTESIAN_POINT('',(0.29000481077,-0.6));
#3460 = CARTESIAN_POINT('',(0.190528502121,-0.6));
#3461 = CARTESIAN_POINT('',(9.392045432835E-02,-0.6));
#3462 = CARTESIAN_POINT('',(0.,-0.6));
#3463 = ( GEOMETRIC_REPRESENTATION_CONTEXT(2) 
PARAMETRIC_REPRESENTATION_CONTEXT() REPRESENTATION_CONTEXT('2D SPACE',''
  ) );
#3464 = ORIENTED_EDGE('',*,*,#3465,.F.);
#3465 = EDGE_CURVE('',#3466,#3415,#3468,.T.);
#3466 = VERTEX_POINT('',#3467);
#3467 = CARTESIAN_POINT('',(7.055419871875,-16.3115234375,18.4));
#3468 = SURFACE_CURVE('',#3469,(#3480,#3494),.PCURVE_S1.);
#3469 = B_SPLINE_CURVE_WITH_KNOTS('',5,(#3470,#3471,#3472,#3473,#3474,
    #3475,#3476,#3477,#3478,#3479),.UNSPECIFIED.,.F.,.F.,(6,4,6),(0.,
    0.347638453196,1.),.UNSPECIFIED.);
#3470 = CARTESIAN_POINT('',(7.055419871875,-16.3115234375,18.4));
#3471 = CARTESIAN_POINT('',(7.102079214446,-16.38257982193,18.4));
#3472 = CARTESIAN_POINT('',(7.152105862525,-16.45099589062,18.4));
#3473 = CARTESIAN_POINT('',(7.205486938453,-16.51655304229,18.4));
#3474 = CARTESIAN_POINT('',(7.262154160866,-16.57906804618,18.4));
#3475 = CARTESIAN_POINT('',(7.434217991631,-16.74975429978,18.4));
#3476 = CARTESIAN_POINT('',(7.557583859761,-16.84994178419,18.4));
#3477 = CARTESIAN_POINT('',(7.691115769442,-16.93800452061,18.4));
#3478 = CARTESIAN_POINT('',(7.833339587688,-17.01397560961,18.4));
#3479 = CARTESIAN_POINT('',(7.982665965625,-17.07836914062,18.4));
#3480 = PCURVE('',#522,#3481);
#3481 = DEFINITIONAL_REPRESENTATION('',(#3482),#3493);
#3482 = B_SPLINE_CURVE_WITH_KNOTS('',5,(#3483,#3484,#3485,#3486,#3487,
    #3488,#3489,#3490,#3491,#3492),.UNSPECIFIED.,.F.,.F.,(6,4,6),(0.,
    0.347638453196,1.),.UNSPECIFIED.);
#3483 = CARTESIAN_POINT('',(7.055419871875,-16.3115234375));
#3484 = CARTESIAN_POINT('',(7.102079214446,-16.38257982193));
#3485 = CARTESIAN_POINT('',(7.152105862525,-16.45099589062));
#3486 = CARTESIAN_POINT('',(7.205486938453,-16.51655304229));
#3487 = CARTESIAN_POINT('',(7.262154160866,-16.57906804618));
#3488 = CARTESIAN_POINT('',(7.434217991631,-16.74975429978));
#3489 = CARTESIAN_POINT('',(7.557583859761,-16.84994178419));
#3490 = CARTESIAN_POINT('',(7.691115769442,-16.93800452061));
#3491 = CARTESIAN_POINT('',(7.833339587688,-17.01397560961));
#3492 = CARTESIAN_POINT('',(7.982665965625,-17.07836914062));
#3493 = ( GEOMETRIC_REPRESENTATION_CONTEXT(2) 
PARAMETRIC_REPRESENTATION_CONTEXT() REPRESENTATION_CONTEXT('2D SPACE',''
  ) );
#3494 = PCURVE('',#3495,#3502);
#3495 = SURFACE_OF_LINEAR_EXTRUSION('',#3496,#3500);
#3496 = B_SPLINE_CURVE_WITH_KNOTS('',2,(#3497,#3498,#3499),
  .UNSPECIFIED.,.F.,.F.,(3,3),(0.,1.),.PIECEWISE_BEZIER_KNOTS.);
#3497 = CARTESIAN_POINT('',(7.982665965625,-17.07836914062,17.8));
#3498 = CARTESIAN_POINT('',(7.3916015125,-16.82348632812,17.8));
#3499 = CARTESIAN_POINT('',(7.055419871875,-16.3115234375,17.8));
#3500 = VECTOR('',#3501,1.);
#3501 = DIRECTION('',(-0.,-0.,-1.));
#3502 = DEFINITIONAL_REPRESENTATION('',(#3503),#3514);
#3503 = B_SPLINE_CURVE_WITH_KNOTS('',5,(#3504,#3505,#3506,#3507,#3508,
    #3509,#3510,#3511,#3512,#3513),.UNSPECIFIED.,.F.,.F.,(6,4,6),(0.,
    0.347638453196,1.),.UNSPECIFIED.);
#3504 = CARTESIAN_POINT('',(1.,-0.6));
#3505 = CARTESIAN_POINT('',(0.9306039698,-0.6));
#3506 = CARTESIAN_POINT('',(0.860763767825,-0.6));
#3507 = CARTESIAN_POINT('',(0.790615456543,-0.6));
#3508 = CARTESIAN_POINT('',(0.720307148845,-0.6));
#3509 = CARTESIAN_POINT('',(0.518064996981,-0.6));
#3510 = CARTESIAN_POINT('',(0.386099312473,-0.6));
#3511 = CARTESIAN_POINT('',(0.255232907858,-0.6));
#3512 = CARTESIAN_POINT('',(0.126319876917,-0.6));
#3513 = CARTESIAN_POINT('',(0.,-0.6));
#3514 = ( GEOMETRIC_REPRESENTATION_CONTEXT(2) 
PARAMETRIC_REPRESENTATION_CONTEXT() REPRESENTATION_CONTEXT('2D SPACE',''
  ) );
#3515 = ORIENTED_EDGE('',*,*,#3516,.F.);
#3516 = EDGE_CURVE('',#1740,#3466,#3517,.T.);
#3517 = SURFACE_CURVE('',#3518,(#3529,#3543),.PCURVE_S1.);
#3518 = B_SPLINE_CURVE_WITH_KNOTS('',5,(#3519,#3520,#3521,#3522,#3523,
    #3524,#3525,#3526,#3527,#3528),.UNSPECIFIED.,.F.,.F.,(6,4,6),(0.,
    0.680447956074,1.),.UNSPECIFIED.);
#3519 = CARTESIAN_POINT('',(6.70166010625,-15.15356445312,18.4));
#3520 = CARTESIAN_POINT('',(6.706294042158,-15.32386159773,18.4));
#3521 = CARTESIAN_POINT('',(6.724860663758,-15.49178943777,18.4));
#3522 = CARTESIAN_POINT('',(6.758456514453,-15.6560218898,18.4));
#3523 = CARTESIAN_POINT('',(6.807671921547,-15.8151605429,18.4));
#3524 = CARTESIAN_POINT('',(6.902140661009,-16.03966220102,18.4));
#3525 = CARTESIAN_POINT('',(6.935654369622,-16.11000401371,18.4));
#3526 = CARTESIAN_POINT('',(6.972441738288,-16.17882264579,18.4));
#3527 = CARTESIAN_POINT('',(7.01240719901,-16.24602047817,18.4));
#3528 = CARTESIAN_POINT('',(7.055419871875,-16.3115234375,18.4));
#3529 = PCURVE('',#522,#3530);
#3530 = DEFINITIONAL_REPRESENTATION('',(#3531),#3542);
#3531 = B_SPLINE_CURVE_WITH_KNOTS('',5,(#3532,#3533,#3534,#3535,#3536,
    #3537,#3538,#3539,#3540,#3541),.UNSPECIFIED.,.F.,.F.,(6,4,6),(0.,
    0.680447956074,1.),.UNSPECIFIED.);
#3532 = CARTESIAN_POINT('',(6.70166010625,-15.15356445312));
#3533 = CARTESIAN_POINT('',(6.706294042158,-15.32386159773));
#3534 = CARTESIAN_POINT('',(6.724860663758,-15.49178943777));
#3535 = CARTESIAN_POINT('',(6.758456514453,-15.6560218898));
#3536 = CARTESIAN_POINT('',(6.807671921547,-15.8151605429));
#3537 = CARTESIAN_POINT('',(6.902140661009,-16.03966220102));
#3538 = CARTESIAN_POINT('',(6.935654369622,-16.11000401371));
#3539 = CARTESIAN_POINT('',(6.972441738288,-16.17882264579));
#3540 = CARTESIAN_POINT('',(7.01240719901,-16.24602047817));
#3541 = CARTESIAN_POINT('',(7.055419871875,-16.3115234375));
#3542 = ( GEOMETRIC_REPRESENTATION_CONTEXT(2) 
PARAMETRIC_REPRESENTATION_CONTEXT() REPRESENTATION_CONTEXT('2D SPACE',''
  ) );
#3543 = PCURVE('',#3544,#3551);
#3544 = SURFACE_OF_LINEAR_EXTRUSION('',#3545,#3549);
#3545 = B_SPLINE_CURVE_WITH_KNOTS('',2,(#3546,#3547,#3548),
  .UNSPECIFIED.,.F.,.F.,(3,3),(0.,1.),.PIECEWISE_BEZIER_KNOTS.);
#3546 = CARTESIAN_POINT('',(7.055419871875,-16.3115234375,17.8));
#3547 = CARTESIAN_POINT('',(6.71923823125,-15.79956054687,17.8));
#3548 = CARTESIAN_POINT('',(6.70166010625,-15.15356445312,17.8));
#3549 = VECTOR('',#3550,1.);
#3550 = DIRECTION('',(-0.,-0.,-1.));
#3551 = DEFINITIONAL_REPRESENTATION('',(#3552),#3563);
#3552 = B_SPLINE_CURVE_WITH_KNOTS('',5,(#3553,#3554,#3555,#3556,#3557,
    #3558,#3559,#3560,#3561,#3562),.UNSPECIFIED.,.F.,.F.,(6,4,6),(0.,
    0.680447956074,1.),.UNSPECIFIED.);
#3553 = CARTESIAN_POINT('',(1.,-0.6));
#3554 = CARTESIAN_POINT('',(0.868190267514,-0.6));
#3555 = CARTESIAN_POINT('',(0.733708297414,-0.6));
#3556 = CARTESIAN_POINT('',(0.5972158519,-0.6));
#3557 = CARTESIAN_POINT('',(0.459593006063,-0.6));
#3558 = CARTESIAN_POINT('',(0.257383557368,-0.6));
#3559 = CARTESIAN_POINT('',(0.19276629186,-0.6));
#3560 = CARTESIAN_POINT('',(0.128260740234,-0.6));
#3561 = CARTESIAN_POINT('',(6.397237038967E-02,-0.6));
#3562 = CARTESIAN_POINT('',(0.,-0.6));
#3563 = ( GEOMETRIC_REPRESENTATION_CONTEXT(2) 
PARAMETRIC_REPRESENTATION_CONTEXT() REPRESENTATION_CONTEXT('2D SPACE',''
  ) );
#3564 = FACE_BOUND('',#3565,.T.);
#3565 = EDGE_LOOP('',(#3566,#3594,#3620,#3646,#3688,#3739,#3790,#3841,
    #3904,#3976,#4002));
#3566 = ORIENTED_EDGE('',*,*,#3567,.F.);
#3567 = EDGE_CURVE('',#3568,#3570,#3572,.T.);
#3568 = VERTEX_POINT('',#3569);
#3569 = CARTESIAN_POINT('',(-10.16235351562,10.77880859375,18.4));
#3570 = VERTEX_POINT('',#3571);
#3571 = CARTESIAN_POINT('',(-9.309814453125,10.77880859375,18.4));
#3572 = SURFACE_CURVE('',#3573,(#3577,#3583),.PCURVE_S1.);
#3573 = LINE('',#3574,#3575);
#3574 = CARTESIAN_POINT('',(-4.654907226562,10.77880859375,18.4));
#3575 = VECTOR('',#3576,1.);
#3576 = DIRECTION('',(1.,0.,-0.));
#3577 = PCURVE('',#522,#3578);
#3578 = DEFINITIONAL_REPRESENTATION('',(#3579),#3582);
#3579 = B_SPLINE_CURVE_WITH_KNOTS('',1,(#3580,#3581),.UNSPECIFIED.,.F.,
  .F.,(2,2),(-5.507446289062,-4.654907226562),.PIECEWISE_BEZIER_KNOTS.);
#3580 = CARTESIAN_POINT('',(-10.16235351562,10.77880859375));
#3581 = CARTESIAN_POINT('',(-9.309814453125,10.77880859375));
#3582 = ( GEOMETRIC_REPRESENTATION_CONTEXT(2) 
PARAMETRIC_REPRESENTATION_CONTEXT() REPRESENTATION_CONTEXT('2D SPACE',''
  ) );
#3583 = PCURVE('',#3584,#3589);
#3584 = PLANE('',#3585);
#3585 = AXIS2_PLACEMENT_3D('',#3586,#3587,#3588);
#3586 = CARTESIAN_POINT('',(-9.309814453125,10.77880859375,17.8));
#3587 = DIRECTION('',(0.,-1.,0.));
#3588 = DIRECTION('',(-1.,0.,0.));
#3589 = DEFINITIONAL_REPRESENTATION('',(#3590),#3593);
#3590 = B_SPLINE_CURVE_WITH_KNOTS('',1,(#3591,#3592),.UNSPECIFIED.,.F.,
  .F.,(2,2),(-5.507446289062,-4.654907226562),.PIECEWISE_BEZIER_KNOTS.);
#3591 = CARTESIAN_POINT('',(0.8525390625,-0.6));
#3592 = CARTESIAN_POINT('',(0.,-0.6));
#3593 = ( GEOMETRIC_REPRESENTATION_CONTEXT(2) 
PARAMETRIC_REPRESENTATION_CONTEXT() REPRESENTATION_CONTEXT('2D SPACE',''
  ) );
#3594 = ORIENTED_EDGE('',*,*,#3595,.F.);
#3595 = EDGE_CURVE('',#3596,#3568,#3598,.T.);
#3596 = VERTEX_POINT('',#3597);
#3597 = CARTESIAN_POINT('',(-10.16235351562,17.22119140625,18.4));
#3598 = SURFACE_CURVE('',#3599,(#3603,#3609),.PCURVE_S1.);
#3599 = LINE('',#3600,#3601);
#3600 = CARTESIAN_POINT('',(-10.16235351562,5.389404296875,18.4));
#3601 = VECTOR('',#3602,1.);
#3602 = DIRECTION('',(0.,-1.,0.));
#3603 = PCURVE('',#522,#3604);
#3604 = DEFINITIONAL_REPRESENTATION('',(#3605),#3608);
#3605 = B_SPLINE_CURVE_WITH_KNOTS('',1,(#3606,#3607),.UNSPECIFIED.,.F.,
  .F.,(2,2),(-11.83178710937,-5.389404296875),.PIECEWISE_BEZIER_KNOTS.);
#3606 = CARTESIAN_POINT('',(-10.16235351562,17.22119140625));
#3607 = CARTESIAN_POINT('',(-10.16235351562,10.77880859375));
#3608 = ( GEOMETRIC_REPRESENTATION_CONTEXT(2) 
PARAMETRIC_REPRESENTATION_CONTEXT() REPRESENTATION_CONTEXT('2D SPACE',''
  ) );
#3609 = PCURVE('',#3610,#3615);
#3610 = PLANE('',#3611);
#3611 = AXIS2_PLACEMENT_3D('',#3612,#3613,#3614);
#3612 = CARTESIAN_POINT('',(-10.16235351562,10.77880859375,17.8));
#3613 = DIRECTION('',(-1.,0.,0.));
#3614 = DIRECTION('',(0.,1.,0.));
#3615 = DEFINITIONAL_REPRESENTATION('',(#3616),#3619);
#3616 = B_SPLINE_CURVE_WITH_KNOTS('',1,(#3617,#3618),.UNSPECIFIED.,.F.,
  .F.,(2,2),(-11.83178710937,-5.389404296875),.PIECEWISE_BEZIER_KNOTS.);
#3617 = CARTESIAN_POINT('',(6.4423828125,-0.6));
#3618 = CARTESIAN_POINT('',(0.,-0.6));
#3619 = ( GEOMETRIC_REPRESENTATION_CONTEXT(2) 
PARAMETRIC_REPRESENTATION_CONTEXT() REPRESENTATION_CONTEXT('2D SPACE',''
  ) );
#3620 = ORIENTED_EDGE('',*,*,#3621,.F.);
#3621 = EDGE_CURVE('',#3622,#3596,#3624,.T.);
#3622 = VERTEX_POINT('',#3623);
#3623 = CARTESIAN_POINT('',(-7.732177734375,17.22119140625,18.4));
#3624 = SURFACE_CURVE('',#3625,(#3629,#3635),.PCURVE_S1.);
#3625 = LINE('',#3626,#3627);
#3626 = CARTESIAN_POINT('',(-5.081176757812,17.22119140625,18.4));
#3627 = VECTOR('',#3628,1.);
#3628 = DIRECTION('',(-1.,0.,0.));
#3629 = PCURVE('',#522,#3630);
#3630 = DEFINITIONAL_REPRESENTATION('',(#3631),#3634);
#3631 = B_SPLINE_CURVE_WITH_KNOTS('',1,(#3632,#3633),.UNSPECIFIED.,.F.,
  .F.,(2,2),(2.651000976562,5.081176757812),.PIECEWISE_BEZIER_KNOTS.);
#3632 = CARTESIAN_POINT('',(-7.732177734375,17.22119140625));
#3633 = CARTESIAN_POINT('',(-10.16235351562,17.22119140625));
#3634 = ( GEOMETRIC_REPRESENTATION_CONTEXT(2) 
PARAMETRIC_REPRESENTATION_CONTEXT() REPRESENTATION_CONTEXT('2D SPACE',''
  ) );
#3635 = PCURVE('',#3636,#3641);
#3636 = PLANE('',#3637);
#3637 = AXIS2_PLACEMENT_3D('',#3638,#3639,#3640);
#3638 = CARTESIAN_POINT('',(-10.16235351562,17.22119140625,17.8));
#3639 = DIRECTION('',(0.,1.,0.));
#3640 = DIRECTION('',(1.,0.,0.));
#3641 = DEFINITIONAL_REPRESENTATION('',(#3642),#3645);
#3642 = B_SPLINE_CURVE_WITH_KNOTS('',1,(#3643,#3644),.UNSPECIFIED.,.F.,
  .F.,(2,2),(2.651000976562,5.081176757812),.PIECEWISE_BEZIER_KNOTS.);
#3643 = CARTESIAN_POINT('',(2.43017578125,-0.6));
#3644 = CARTESIAN_POINT('',(0.,-0.6));
#3645 = ( GEOMETRIC_REPRESENTATION_CONTEXT(2) 
PARAMETRIC_REPRESENTATION_CONTEXT() REPRESENTATION_CONTEXT('2D SPACE',''
  ) );
#3646 = ORIENTED_EDGE('',*,*,#3647,.F.);
#3647 = EDGE_CURVE('',#3648,#3622,#3650,.T.);
#3648 = VERTEX_POINT('',#3649);
#3649 = CARTESIAN_POINT('',(-6.752197265625,17.15966796875,18.4));
#3650 = SURFACE_CURVE('',#3651,(#3659,#3670),.PCURVE_S1.);
#3651 = B_SPLINE_CURVE_WITH_KNOTS('',6,(#3652,#3653,#3654,#3655,#3656,
    #3657,#3658),.UNSPECIFIED.,.F.,.F.,(7,7),(0.,1.),
  .PIECEWISE_BEZIER_KNOTS.);
#3652 = CARTESIAN_POINT('',(-6.752197265625,17.15966796875,18.4));
#3653 = CARTESIAN_POINT('',(-6.883073382069,17.183463626285,18.4));
#3654 = CARTESIAN_POINT('',(-7.03278520533,17.20021395709,18.4));
#3655 = CARTESIAN_POINT('',(-7.195681598632,17.211401546253,18.4));
#3656 = CARTESIAN_POINT('',(-7.367894006839,17.218117072134,18.4));
#3657 = CARTESIAN_POINT('',(-7.547027424246,17.22119140625,18.4));
#3658 = CARTESIAN_POINT('',(-7.732177734375,17.22119140625,18.4));
#3659 = PCURVE('',#522,#3660);
#3660 = DEFINITIONAL_REPRESENTATION('',(#3661),#3669);
#3661 = B_SPLINE_CURVE_WITH_KNOTS('',6,(#3662,#3663,#3664,#3665,#3666,
    #3667,#3668),.UNSPECIFIED.,.F.,.F.,(7,7),(0.,1.),
  .PIECEWISE_BEZIER_KNOTS.);
#3662 = CARTESIAN_POINT('',(-6.752197265625,17.15966796875));
#3663 = CARTESIAN_POINT('',(-6.883073382069,17.183463626285));
#3664 = CARTESIAN_POINT('',(-7.03278520533,17.20021395709));
#3665 = CARTESIAN_POINT('',(-7.195681598632,17.211401546253));
#3666 = CARTESIAN_POINT('',(-7.367894006839,17.218117072134));
#3667 = CARTESIAN_POINT('',(-7.547027424246,17.22119140625));
#3668 = CARTESIAN_POINT('',(-7.732177734375,17.22119140625));
#3669 = ( GEOMETRIC_REPRESENTATION_CONTEXT(2) 
PARAMETRIC_REPRESENTATION_CONTEXT() REPRESENTATION_CONTEXT('2D SPACE',''
  ) );
#3670 = PCURVE('',#3671,#3678);
#3671 = SURFACE_OF_LINEAR_EXTRUSION('',#3672,#3676);
#3672 = B_SPLINE_CURVE_WITH_KNOTS('',2,(#3673,#3674,#3675),
  .UNSPECIFIED.,.F.,.F.,(3,3),(0.,1.),.PIECEWISE_BEZIER_KNOTS.);
#3673 = CARTESIAN_POINT('',(-7.732177734375,17.22119140625,17.8));
#3674 = CARTESIAN_POINT('',(-7.090576171875,17.22119140625,17.8));
#3675 = CARTESIAN_POINT('',(-6.752197265625,17.15966796875,17.8));
#3676 = VECTOR('',#3677,1.);
#3677 = DIRECTION('',(-0.,-0.,-1.));
#3678 = DEFINITIONAL_REPRESENTATION('',(#3679),#3687);
#3679 = B_SPLINE_CURVE_WITH_KNOTS('',6,(#3680,#3681,#3682,#3683,#3684,
    #3685,#3686),.UNSPECIFIED.,.F.,.F.,(7,7),(0.,1.),
  .PIECEWISE_BEZIER_KNOTS.);
#3680 = CARTESIAN_POINT('',(1.,-0.6));
#3681 = CARTESIAN_POINT('',(0.80661306892,-0.6));
#3682 = CARTESIAN_POINT('',(0.625607411623,-0.6));
#3683 = CARTESIAN_POINT('',(0.455692593498,-0.6));
#3684 = CARTESIAN_POINT('',(0.295694263387,-0.6));
#3685 = CARTESIAN_POINT('',(0.144287608502,-0.6));
#3686 = CARTESIAN_POINT('',(0.,-0.6));
#3687 = ( GEOMETRIC_REPRESENTATION_CONTEXT(2) 
PARAMETRIC_REPRESENTATION_CONTEXT() REPRESENTATION_CONTEXT('2D SPACE',''
  ) );
#3688 = ORIENTED_EDGE('',*,*,#3689,.F.);
#3689 = EDGE_CURVE('',#3690,#3648,#3692,.T.);
#3690 = VERTEX_POINT('',#3691);
#3691 = CARTESIAN_POINT('',(-5.956787109375,16.858642578125,18.4));
#3692 = SURFACE_CURVE('',#3693,(#3704,#3718),.PCURVE_S1.);
#3693 = B_SPLINE_CURVE_WITH_KNOTS('',5,(#3694,#3695,#3696,#3697,#3698,
    #3699,#3700,#3701,#3702,#3703),.UNSPECIFIED.,.F.,.F.,(6,4,6),(0.,
    0.488598471327,1.),.UNSPECIFIED.);
#3694 = CARTESIAN_POINT('',(-5.956787109375,16.858642578125,18.4));
#3695 = CARTESIAN_POINT('',(-6.021932874195,16.903709168857,18.4));
#3696 = CARTESIAN_POINT('',(-6.090681105139,16.944844329048,18.4));
#3697 = CARTESIAN_POINT('',(-6.162797592558,16.982029055912,18.4));
#3698 = CARTESIAN_POINT('',(-6.238009920873,17.015330104507,18.4));
#3699 = CARTESIAN_POINT('',(-6.397711849488,17.075769784673,18.4));
#3700 = CARTESIAN_POINT('',(-6.482472162202,17.102548818007,18.4));
#3701 = CARTESIAN_POINT('',(-6.570006273742,17.125330054167,18.4));
#3702 = CARTESIAN_POINT('',(-6.660005392504,17.144302656563,18.4));
#3703 = CARTESIAN_POINT('',(-6.752197265625,17.15966796875,18.4));
#3704 = PCURVE('',#522,#3705);
#3705 = DEFINITIONAL_REPRESENTATION('',(#3706),#3717);
#3706 = B_SPLINE_CURVE_WITH_KNOTS('',5,(#3707,#3708,#3709,#3710,#3711,
    #3712,#3713,#3714,#3715,#3716),.UNSPECIFIED.,.F.,.F.,(6,4,6),(0.,
    0.488598471327,1.),.UNSPECIFIED.);
#3707 = CARTESIAN_POINT('',(-5.956787109375,16.858642578125));
#3708 = CARTESIAN_POINT('',(-6.021932874195,16.903709168857));
#3709 = CARTESIAN_POINT('',(-6.090681105139,16.944844329048));
#3710 = CARTESIAN_POINT('',(-6.162797592558,16.982029055912));
#3711 = CARTESIAN_POINT('',(-6.238009920873,17.015330104507));
#3712 = CARTESIAN_POINT('',(-6.397711849488,17.075769784673));
#3713 = CARTESIAN_POINT('',(-6.482472162202,17.102548818007));
#3714 = CARTESIAN_POINT('',(-6.570006273742,17.125330054167));
#3715 = CARTESIAN_POINT('',(-6.660005392504,17.144302656563));
#3716 = CARTESIAN_POINT('',(-6.752197265625,17.15966796875));
#3717 = ( GEOMETRIC_REPRESENTATION_CONTEXT(2) 
PARAMETRIC_REPRESENTATION_CONTEXT() REPRESENTATION_CONTEXT('2D SPACE',''
  ) );
#3718 = PCURVE('',#3719,#3726);
#3719 = SURFACE_OF_LINEAR_EXTRUSION('',#3720,#3724);
#3720 = B_SPLINE_CURVE_WITH_KNOTS('',2,(#3721,#3722,#3723),
  .UNSPECIFIED.,.F.,.F.,(3,3),(0.,1.),.PIECEWISE_BEZIER_KNOTS.);
#3721 = CARTESIAN_POINT('',(-6.752197265625,17.15966796875,17.8));
#3722 = CARTESIAN_POINT('',(-6.277587890625,17.08056640625,17.8));
#3723 = CARTESIAN_POINT('',(-5.956787109375,16.858642578125,17.8));
#3724 = VECTOR('',#3725,1.);
#3725 = DIRECTION('',(-0.,-0.,-1.));
#3726 = DEFINITIONAL_REPRESENTATION('',(#3727),#3738);
#3727 = B_SPLINE_CURVE_WITH_KNOTS('',5,(#3728,#3729,#3730,#3731,#3732,
    #3733,#3734,#3735,#3736,#3737),.UNSPECIFIED.,.F.,.F.,(6,4,6),(0.,
    0.488598471327,1.),.UNSPECIFIED.);
#3728 = CARTESIAN_POINT('',(1.,-0.6));
#3729 = CARTESIAN_POINT('',(0.898463830782,-0.6));
#3730 = CARTESIAN_POINT('',(0.797491601392,-0.6));
#3731 = CARTESIAN_POINT('',(0.697310782496,-0.6));
#3732 = CARTESIAN_POINT('',(0.598100480081,-0.6));
#3733 = CARTESIAN_POINT('',(0.397321137046,-0.6));
#3734 = CARTESIAN_POINT('',(0.295856194433,-0.6));
#3735 = CARTESIAN_POINT('',(0.195759180583,-0.6));
#3736 = CARTESIAN_POINT('',(9.712394863741E-02,-0.6));
#3737 = CARTESIAN_POINT('',(0.,-0.6));
#3738 = ( GEOMETRIC_REPRESENTATION_CONTEXT(2) 
PARAMETRIC_REPRESENTATION_CONTEXT() REPRESENTATION_CONTEXT('2D SPACE',''
  ) );
#3739 = ORIENTED_EDGE('',*,*,#3740,.F.);
#3740 = EDGE_CURVE('',#3741,#3690,#3743,.T.);
#3741 = VERTEX_POINT('',#3742);
#3742 = CARTESIAN_POINT('',(-5.4404296875,16.23681640625,18.4));
#3743 = SURFACE_CURVE('',#3744,(#3755,#3769),.PCURVE_S1.);
#3744 = B_SPLINE_CURVE_WITH_KNOTS('',5,(#3745,#3746,#3747,#3748,#3749,
    #3750,#3751,#3752,#3753,#3754),.UNSPECIFIED.,.F.,.F.,(6,4,6),(0.,
    0.500904636782,1.),.UNSPECIFIED.);
#3745 = CARTESIAN_POINT('',(-5.4404296875,16.23681640625,18.4));
#3746 = CARTESIAN_POINT('',(-5.478231771131,16.314119543563,18.4));
#3747 = CARTESIAN_POINT('',(-5.519435280574,16.388240282143,18.4));
#3748 = CARTESIAN_POINT('',(-5.564140024726,16.458872522142,18.4));
#3749 = CARTESIAN_POINT('',(-5.612404061236,16.525709759792,18.4));
#3750 = CARTESIAN_POINT('',(-5.715816292825,16.651037002612,18.4));
#3751 = CARTESIAN_POINT('',(-5.770941381724,16.709559299668,18.4));
#3752 = CARTESIAN_POINT('',(-5.829553275282,16.763787366851,18.4));
#3753 = CARTESIAN_POINT('',(-5.891560233259,16.813519876155,18.4));
#3754 = CARTESIAN_POINT('',(-5.956787109375,16.858642578125,18.4));
#3755 = PCURVE('',#522,#3756);
#3756 = DEFINITIONAL_REPRESENTATION('',(#3757),#3768);
#3757 = B_SPLINE_CURVE_WITH_KNOTS('',5,(#3758,#3759,#3760,#3761,#3762,
    #3763,#3764,#3765,#3766,#3767),.UNSPECIFIED.,.F.,.F.,(6,4,6),(0.,
    0.500904636782,1.),.UNSPECIFIED.);
#3758 = CARTESIAN_POINT('',(-5.4404296875,16.23681640625));
#3759 = CARTESIAN_POINT('',(-5.478231771131,16.314119543563));
#3760 = CARTESIAN_POINT('',(-5.519435280574,16.388240282143));
#3761 = CARTESIAN_POINT('',(-5.564140024726,16.458872522142));
#3762 = CARTESIAN_POINT('',(-5.612404061236,16.525709759792));
#3763 = CARTESIAN_POINT('',(-5.715816292825,16.651037002612));
#3764 = CARTESIAN_POINT('',(-5.770941381724,16.709559299668));
#3765 = CARTESIAN_POINT('',(-5.829553275282,16.763787366851));
#3766 = CARTESIAN_POINT('',(-5.891560233259,16.813519876155));
#3767 = CARTESIAN_POINT('',(-5.956787109375,16.858642578125));
#3768 = ( GEOMETRIC_REPRESENTATION_CONTEXT(2) 
PARAMETRIC_REPRESENTATION_CONTEXT() REPRESENTATION_CONTEXT('2D SPACE',''
  ) );
#3769 = PCURVE('',#3770,#3777);
#3770 = SURFACE_OF_LINEAR_EXTRUSION('',#3771,#3775);
#3771 = B_SPLINE_CURVE_WITH_KNOTS('',2,(#3772,#3773,#3774),
  .UNSPECIFIED.,.F.,.F.,(3,3),(0.,1.),.PIECEWISE_BEZIER_KNOTS.);
#3772 = CARTESIAN_POINT('',(-5.956787109375,16.858642578125,17.8));
#3773 = CARTESIAN_POINT('',(-5.635986328125,16.63671875,17.8));
#3774 = CARTESIAN_POINT('',(-5.4404296875,16.23681640625,17.8));
#3775 = VECTOR('',#3776,1.);
#3776 = DIRECTION('',(-0.,-0.,-1.));
#3777 = DEFINITIONAL_REPRESENTATION('',(#3778),#3789);
#3778 = B_SPLINE_CURVE_WITH_KNOTS('',5,(#3779,#3780,#3781,#3782,#3783,
    #3784,#3785,#3786,#3787,#3788),.UNSPECIFIED.,.F.,.F.,(6,4,6),(0.,
    0.500904636782,1.),.UNSPECIFIED.);
#3779 = CARTESIAN_POINT('',(1.,-0.6));
#3780 = CARTESIAN_POINT('',(0.903347481553,-0.6));
#3781 = CARTESIAN_POINT('',(0.805476897508,-0.6));
#3782 = CARTESIAN_POINT('',(0.706509424087,-0.6));
#3783 = CARTESIAN_POINT('',(0.606610302695,-0.6));
#3784 = CARTESIAN_POINT('',(0.405753102927,-0.6));
#3785 = CARTESIAN_POINT('',(0.304795425269,-0.6));
#3786 = CARTESIAN_POINT('',(0.2033503587,-0.6));
#3787 = CARTESIAN_POINT('',(0.101662589258,-0.6));
#3788 = CARTESIAN_POINT('',(0.,-0.6));
#3789 = ( GEOMETRIC_REPRESENTATION_CONTEXT(2) 
PARAMETRIC_REPRESENTATION_CONTEXT() REPRESENTATION_CONTEXT('2D SPACE',''
  ) );
#3790 = ORIENTED_EDGE('',*,*,#3791,.F.);
#3791 = EDGE_CURVE('',#3792,#3741,#3794,.T.);
#3792 = VERTEX_POINT('',#3793);
#3793 = CARTESIAN_POINT('',(-5.244873046875,15.35791015625,18.4));
#3794 = SURFACE_CURVE('',#3795,(#3806,#3820),.PCURVE_S1.);
#3795 = B_SPLINE_CURVE_WITH_KNOTS('',5,(#3796,#3797,#3798,#3799,#3800,
    #3801,#3802,#3803,#3804,#3805),.UNSPECIFIED.,.F.,.F.,(6,4,6),(0.,
    0.853434922421,1.),.UNSPECIFIED.);
#3796 = CARTESIAN_POINT('',(-5.244873046875,15.35791015625,18.4));
#3797 = CARTESIAN_POINT('',(-5.244873046875,15.517433372299,18.4));
#3798 = CARTESIAN_POINT('',(-5.258428868863,15.674127994282,18.4));
#3799 = CARTESIAN_POINT('',(-5.286442043131,15.826929686769,18.4));
#3800 = CARTESIAN_POINT('',(-5.329372691507,15.974772202179,18.4));
#3801 = CARTESIAN_POINT('',(-5.396695578718,16.14108889015,18.4));
#3802 = CARTESIAN_POINT('',(-5.406991407885,16.16529167394,18.4));
#3803 = CARTESIAN_POINT('',(-5.417714077521,16.1893165811,18.4));
#3804 = CARTESIAN_POINT('',(-5.428861176585,16.213159451344,18.4));
#3805 = CARTESIAN_POINT('',(-5.4404296875,16.23681640625,18.4));
#3806 = PCURVE('',#522,#3807);
#3807 = DEFINITIONAL_REPRESENTATION('',(#3808),#3819);
#3808 = B_SPLINE_CURVE_WITH_KNOTS('',5,(#3809,#3810,#3811,#3812,#3813,
    #3814,#3815,#3816,#3817,#3818),.UNSPECIFIED.,.F.,.F.,(6,4,6),(0.,
    0.853434922421,1.),.UNSPECIFIED.);
#3809 = CARTESIAN_POINT('',(-5.244873046875,15.35791015625));
#3810 = CARTESIAN_POINT('',(-5.244873046875,15.517433372299));
#3811 = CARTESIAN_POINT('',(-5.258428868863,15.674127994282));
#3812 = CARTESIAN_POINT('',(-5.286442043131,15.826929686769));
#3813 = CARTESIAN_POINT('',(-5.329372691507,15.974772202179));
#3814 = CARTESIAN_POINT('',(-5.396695578718,16.14108889015));
#3815 = CARTESIAN_POINT('',(-5.406991407885,16.16529167394));
#3816 = CARTESIAN_POINT('',(-5.417714077521,16.1893165811));
#3817 = CARTESIAN_POINT('',(-5.428861176585,16.213159451344));
#3818 = CARTESIAN_POINT('',(-5.4404296875,16.23681640625));
#3819 = ( GEOMETRIC_REPRESENTATION_CONTEXT(2) 
PARAMETRIC_REPRESENTATION_CONTEXT() REPRESENTATION_CONTEXT('2D SPACE',''
  ) );
#3820 = PCURVE('',#3821,#3828);
#3821 = SURFACE_OF_LINEAR_EXTRUSION('',#3822,#3826);
#3822 = B_SPLINE_CURVE_WITH_KNOTS('',2,(#3823,#3824,#3825),
  .UNSPECIFIED.,.F.,.F.,(3,3),(0.,1.),.PIECEWISE_BEZIER_KNOTS.);
#3823 = CARTESIAN_POINT('',(-5.4404296875,16.23681640625,17.8));
#3824 = CARTESIAN_POINT('',(-5.244873046875,15.8369140625,17.8));
#3825 = CARTESIAN_POINT('',(-5.244873046875,15.35791015625,17.8));
#3826 = VECTOR('',#3827,1.);
#3827 = DIRECTION('',(-0.,-0.,-1.));
#3828 = DEFINITIONAL_REPRESENTATION('',(#3829),#3840);
#3829 = B_SPLINE_CURVE_WITH_KNOTS('',5,(#3830,#3831,#3832,#3833,#3834,
    #3835,#3836,#3837,#3838,#3839),.UNSPECIFIED.,.F.,.F.,(6,4,6),(0.,
    0.853434922421,1.),.UNSPECIFIED.);
#3830 = CARTESIAN_POINT('',(1.,-0.6));
#3831 = CARTESIAN_POINT('',(0.833484430954,-0.6));
#3832 = CARTESIAN_POINT('',(0.664197840903,-0.6));
#3833 = CARTESIAN_POINT('',(0.492870569914,-0.6));
#3834 = CARTESIAN_POINT('',(0.320421327497,-0.6));
#3835 = CARTESIAN_POINT('',(0.118389136211,-0.6));
#3836 = CARTESIAN_POINT('',(8.877832461171E-02,-0.6));
#3837 = CARTESIAN_POINT('',(5.917296396865E-02,-0.6));
#3838 = CARTESIAN_POINT('',(2.957841492459E-02,-0.6));
#3839 = CARTESIAN_POINT('',(0.,-0.6));
#3840 = ( GEOMETRIC_REPRESENTATION_CONTEXT(2) 
PARAMETRIC_REPRESENTATION_CONTEXT() REPRESENTATION_CONTEXT('2D SPACE',''
  ) );
#3841 = ORIENTED_EDGE('',*,*,#3842,.F.);
#3842 = EDGE_CURVE('',#3843,#3792,#3845,.T.);
#3843 = VERTEX_POINT('',#3844);
#3844 = CARTESIAN_POINT('',(-5.767822265625,13.967041015625,18.4));
#3845 = SURFACE_CURVE('',#3846,(#3861,#3879),.PCURVE_S1.);
#3846 = B_SPLINE_CURVE_WITH_KNOTS('',5,(#3847,#3848,#3849,#3850,#3851,
    #3852,#3853,#3854,#3855,#3856,#3857,#3858,#3859,#3860),
  .UNSPECIFIED.,.F.,.F.,(6,4,4,6),(0.,0.380343916824,0.791043332032,1.),
  .UNSPECIFIED.);
#3847 = CARTESIAN_POINT('',(-5.767822265625,13.967041015625,18.4));
#3848 = CARTESIAN_POINT('',(-5.689093447883,14.052716493756,18.4));
#3849 = CARTESIAN_POINT('',(-5.616627345032,14.143217489626,18.4));
#3850 = CARTESIAN_POINT('',(-5.551166137544,14.238413331218,18.4));
#3851 = CARTESIAN_POINT('',(-5.493299669701,14.337992001795,18.4));
#3852 = CARTESIAN_POINT('',(-5.389329094491,14.552985178024,18.4));
#3853 = CARTESIAN_POINT('',(-5.344517337482,14.669060377178,18.4));
#3854 = CARTESIAN_POINT('',(-5.309241539589,14.788844741046,18.4));
#3855 = CARTESIAN_POINT('',(-5.283304813021,14.911506968347,18.4));
#3856 = CARTESIAN_POINT('',(-5.257514671674,15.099675865099,18.4));
#3857 = CARTESIAN_POINT('',(-5.25110620344,15.163666901422,18.4));
#3858 = CARTESIAN_POINT('',(-5.246920484937,15.228094957591,18.4));
#3859 = CARTESIAN_POINT('',(-5.244873046875,15.292869006282,18.4));
#3860 = CARTESIAN_POINT('',(-5.244873046875,15.35791015625,18.4));
#3861 = PCURVE('',#522,#3862);
#3862 = DEFINITIONAL_REPRESENTATION('',(#3863),#3878);
#3863 = B_SPLINE_CURVE_WITH_KNOTS('',5,(#3864,#3865,#3866,#3867,#3868,
    #3869,#3870,#3871,#3872,#3873,#3874,#3875,#3876,#3877),
  .UNSPECIFIED.,.F.,.F.,(6,4,4,6),(0.,0.380343916824,0.791043332032,1.),
  .UNSPECIFIED.);
#3864 = CARTESIAN_POINT('',(-5.767822265625,13.967041015625));
#3865 = CARTESIAN_POINT('',(-5.689093447883,14.052716493756));
#3866 = CARTESIAN_POINT('',(-5.616627345032,14.143217489626));
#3867 = CARTESIAN_POINT('',(-5.551166137544,14.238413331218));
#3868 = CARTESIAN_POINT('',(-5.493299669701,14.337992001795));
#3869 = CARTESIAN_POINT('',(-5.389329094491,14.552985178024));
#3870 = CARTESIAN_POINT('',(-5.344517337482,14.669060377178));
#3871 = CARTESIAN_POINT('',(-5.309241539589,14.788844741046));
#3872 = CARTESIAN_POINT('',(-5.283304813021,14.911506968347));
#3873 = CARTESIAN_POINT('',(-5.257514671674,15.099675865099));
#3874 = CARTESIAN_POINT('',(-5.25110620344,15.163666901422));
#3875 = CARTESIAN_POINT('',(-5.246920484937,15.228094957591));
#3876 = CARTESIAN_POINT('',(-5.244873046875,15.292869006282));
#3877 = CARTESIAN_POINT('',(-5.244873046875,15.35791015625));
#3878 = ( GEOMETRIC_REPRESENTATION_CONTEXT(2) 
PARAMETRIC_REPRESENTATION_CONTEXT() REPRESENTATION_CONTEXT('2D SPACE',''
  ) );
#3879 = PCURVE('',#3880,#3887);
#3880 = SURFACE_OF_LINEAR_EXTRUSION('',#3881,#3885);
#3881 = B_SPLINE_CURVE_WITH_KNOTS('',2,(#3882,#3883,#3884),
  .UNSPECIFIED.,.F.,.F.,(3,3),(0.,1.),.PIECEWISE_BEZIER_KNOTS.);
#3882 = CARTESIAN_POINT('',(-5.244873046875,15.35791015625,17.8));
#3883 = CARTESIAN_POINT('',(-5.244873046875,14.5361328125,17.8));
#3884 = CARTESIAN_POINT('',(-5.767822265625,13.967041015625,17.8));
#3885 = VECTOR('',#3886,1.);
#3886 = DIRECTION('',(-0.,-0.,-1.));
#3887 = DEFINITIONAL_REPRESENTATION('',(#3888),#3903);
#3888 = B_SPLINE_CURVE_WITH_KNOTS('',5,(#3889,#3890,#3891,#3892,#3893,
    #3894,#3895,#3896,#3897,#3898,#3899,#3900,#3901,#3902),
  .UNSPECIFIED.,.F.,.F.,(6,4,4,6),(0.,0.380343916824,0.791043332032,1.),
  .UNSPECIFIED.);
#3889 = CARTESIAN_POINT('',(1.,-0.6));
#3890 = CARTESIAN_POINT('',(0.924726135044,-0.6));
#3891 = CARTESIAN_POINT('',(0.848357438247,-0.6));
#3892 = CARTESIAN_POINT('',(0.771191611067,-0.6));
#3893 = CARTESIAN_POINT('',(0.693591906116,-0.6));
#3894 = CARTESIAN_POINT('',(0.532215432777,-0.6));
#3895 = CARTESIAN_POINT('',(0.448416615535,-0.6));
#3896 = CARTESIAN_POINT('',(0.365164507587,-0.6));
#3897 = CARTESIAN_POINT('',(0.282907020056,-0.6));
#3898 = CARTESIAN_POINT('',(0.160835925496,-0.6));
#3899 = CARTESIAN_POINT('',(0.120017347568,-0.6));
#3900 = CARTESIAN_POINT('',(7.958634291968E-02,-0.6));
#3901 = CARTESIAN_POINT('',(3.957346260667E-02,-0.6));
#3902 = CARTESIAN_POINT('',(0.,-0.6));
#3903 = ( GEOMETRIC_REPRESENTATION_CONTEXT(2) 
PARAMETRIC_REPRESENTATION_CONTEXT() REPRESENTATION_CONTEXT('2D SPACE',''
  ) );
#3904 = ORIENTED_EDGE('',*,*,#3905,.F.);
#3905 = EDGE_CURVE('',#3906,#3843,#3908,.T.);
#3906 = VERTEX_POINT('',#3907);
#3907 = CARTESIAN_POINT('',(-7.657470703125,13.39794921875,18.4));
#3908 = SURFACE_CURVE('',#3909,(#3927,#3948),.PCURVE_S1.);
#3909 = B_SPLINE_CURVE_WITH_KNOTS('',6,(#3910,#3911,#3912,#3913,#3914,
    #3915,#3916,#3917,#3918,#3919,#3920,#3921,#3922,#3923,#3924,#3925,
    #3926),.UNSPECIFIED.,.F.,.F.,(7,5,5,7),(0.,0.331033383352,
    0.61414898673,1.),.UNSPECIFIED.);
#3910 = CARTESIAN_POINT('',(-7.657470703125,13.39794921875,18.4));
#3911 = CARTESIAN_POINT('',(-7.540051469092,13.39794921875,18.4));
#3912 = CARTESIAN_POINT('',(-7.423083766264,13.400469243654,18.4));
#3913 = CARTESIAN_POINT('',(-7.306668666799,13.40577536262,18.4));
#3914 = CARTESIAN_POINT('',(-7.190974785331,13.41418314913,18.4));
#3915 = CARTESIAN_POINT('',(-7.076243523168,13.426077242467,18.4));
#3916 = CARTESIAN_POINT('',(-6.865767114198,13.455489724221,18.4));
#3917 = CARTESIAN_POINT('',(-6.769697361487,13.471942544784,18.4));
#3918 = CARTESIAN_POINT('',(-6.674774561212,13.491584988499,18.4));
#3919 = CARTESIAN_POINT('',(-6.581293198341,13.514759054594,18.4));
#3920 = CARTESIAN_POINT('',(-6.48964824409,13.541843417337,18.4));
#3921 = CARTESIAN_POINT('',(-6.278602019137,13.616038388003,18.4));
#3922 = CARTESIAN_POINT('',(-6.161150450972,13.666864289926,18.4));
#3923 = CARTESIAN_POINT('',(-6.049340414821,13.72672159814,18.4));
#3924 = CARTESIAN_POINT('',(-5.945085649146,13.796530010808,18.4));
#3925 = CARTESIAN_POINT('',(-5.850660827353,13.876893169039,18.4));
#3926 = CARTESIAN_POINT('',(-5.767822265625,13.967041015625,18.4));
#3927 = PCURVE('',#522,#3928);
#3928 = DEFINITIONAL_REPRESENTATION('',(#3929),#3947);
#3929 = B_SPLINE_CURVE_WITH_KNOTS('',6,(#3930,#3931,#3932,#3933,#3934,
    #3935,#3936,#3937,#3938,#3939,#3940,#3941,#3942,#3943,#3944,#3945,
    #3946),.UNSPECIFIED.,.F.,.F.,(7,5,5,7),(0.,0.331033383352,
    0.61414898673,1.),.UNSPECIFIED.);
#3930 = CARTESIAN_POINT('',(-7.657470703125,13.39794921875));
#3931 = CARTESIAN_POINT('',(-7.540051469092,13.39794921875));
#3932 = CARTESIAN_POINT('',(-7.423083766264,13.400469243654));
#3933 = CARTESIAN_POINT('',(-7.306668666799,13.40577536262));
#3934 = CARTESIAN_POINT('',(-7.190974785331,13.41418314913));
#3935 = CARTESIAN_POINT('',(-7.076243523168,13.426077242467));
#3936 = CARTESIAN_POINT('',(-6.865767114198,13.455489724221));
#3937 = CARTESIAN_POINT('',(-6.769697361487,13.471942544784));
#3938 = CARTESIAN_POINT('',(-6.674774561212,13.491584988499));
#3939 = CARTESIAN_POINT('',(-6.581293198341,13.514759054594));
#3940 = CARTESIAN_POINT('',(-6.48964824409,13.541843417337));
#3941 = CARTESIAN_POINT('',(-6.278602019137,13.616038388003));
#3942 = CARTESIAN_POINT('',(-6.161150450972,13.666864289926));
#3943 = CARTESIAN_POINT('',(-6.049340414821,13.72672159814));
#3944 = CARTESIAN_POINT('',(-5.945085649146,13.796530010808));
#3945 = CARTESIAN_POINT('',(-5.850660827353,13.876893169039));
#3946 = CARTESIAN_POINT('',(-5.767822265625,13.967041015625));
#3947 = ( GEOMETRIC_REPRESENTATION_CONTEXT(2) 
PARAMETRIC_REPRESENTATION_CONTEXT() REPRESENTATION_CONTEXT('2D SPACE',''
  ) );
#3948 = PCURVE('',#3949,#3956);
#3949 = SURFACE_OF_LINEAR_EXTRUSION('',#3950,#3954);
#3950 = B_SPLINE_CURVE_WITH_KNOTS('',2,(#3951,#3952,#3953),
  .UNSPECIFIED.,.F.,.F.,(3,3),(0.,1.),.PIECEWISE_BEZIER_KNOTS.);
#3951 = CARTESIAN_POINT('',(-5.767822265625,13.967041015625,17.8));
#3952 = CARTESIAN_POINT('',(-6.290771484375,13.39794921875,17.8));
#3953 = CARTESIAN_POINT('',(-7.657470703125,13.39794921875,17.8));
#3954 = VECTOR('',#3955,1.);
#3955 = DIRECTION('',(-0.,-0.,-1.));
#3956 = DEFINITIONAL_REPRESENTATION('',(#3957),#3975);
#3957 = B_SPLINE_CURVE_WITH_KNOTS('',6,(#3958,#3959,#3960,#3961,#3962,
    #3963,#3964,#3965,#3966,#3967,#3968,#3969,#3970,#3971,#3972,#3973,
    #3974),.UNSPECIFIED.,.F.,.F.,(7,5,5,7),(0.,0.331033383352,
    0.61414898673,1.),.UNSPECIFIED.);
#3958 = CARTESIAN_POINT('',(1.,-0.6));
#3959 = CARTESIAN_POINT('',(0.957042766828,-0.6));
#3960 = CARTESIAN_POINT('',(0.912883834741,-0.6));
#3961 = CARTESIAN_POINT('',(0.86741586163,-0.6));
#3962 = CARTESIAN_POINT('',(0.820529363766,-0.6));
#3963 = CARTESIAN_POINT('',(0.772104024006,-0.6));
#3964 = CARTESIAN_POINT('',(0.679148639075,-0.6));
#3965 = CARTESIAN_POINT('',(0.635077814242,-0.6));
#3966 = CARTESIAN_POINT('',(0.589696509356,-0.6));
#3967 = CARTESIAN_POINT('',(0.542926956097,-0.6));
#3968 = CARTESIAN_POINT('',(0.494708255586,-0.6));
#3969 = CARTESIAN_POINT('',(0.377253890082,-0.6));
#3970 = CARTESIAN_POINT('',(0.306716297433,-0.6));
#3971 = CARTESIAN_POINT('',(0.233343896294,-0.6));
#3972 = CARTESIAN_POINT('',(0.157337963771,-0.6));
#3973 = CARTESIAN_POINT('',(7.920325603102E-02,-0.6));
#3974 = CARTESIAN_POINT('',(0.,-0.6));
#3975 = ( GEOMETRIC_REPRESENTATION_CONTEXT(2) 
PARAMETRIC_REPRESENTATION_CONTEXT() REPRESENTATION_CONTEXT('2D SPACE',''
  ) );
#3976 = ORIENTED_EDGE('',*,*,#3977,.F.);
#3977 = EDGE_CURVE('',#3978,#3906,#3980,.T.);
#3978 = VERTEX_POINT('',#3979);
#3979 = CARTESIAN_POINT('',(-9.309814453125,13.39794921875,18.4));
#3980 = SURFACE_CURVE('',#3981,(#3985,#3991),.PCURVE_S1.);
#3981 = LINE('',#3982,#3983);
#3982 = CARTESIAN_POINT('',(-3.828735351562,13.39794921875,18.4));
#3983 = VECTOR('',#3984,1.);
#3984 = DIRECTION('',(1.,0.,-0.));
#3985 = PCURVE('',#522,#3986);
#3986 = DEFINITIONAL_REPRESENTATION('',(#3987),#3990);
#3987 = B_SPLINE_CURVE_WITH_KNOTS('',1,(#3988,#3989),.UNSPECIFIED.,.F.,
  .F.,(2,2),(-5.481079101562,-3.828735351562),.PIECEWISE_BEZIER_KNOTS.);
#3988 = CARTESIAN_POINT('',(-9.309814453125,13.39794921875));
#3989 = CARTESIAN_POINT('',(-7.657470703125,13.39794921875));
#3990 = ( GEOMETRIC_REPRESENTATION_CONTEXT(2) 
PARAMETRIC_REPRESENTATION_CONTEXT() REPRESENTATION_CONTEXT('2D SPACE',''
  ) );
#3991 = PCURVE('',#3992,#3997);
#3992 = PLANE('',#3993);
#3993 = AXIS2_PLACEMENT_3D('',#3994,#3995,#3996);
#3994 = CARTESIAN_POINT('',(-7.657470703125,13.39794921875,17.8));
#3995 = DIRECTION('',(0.,-1.,0.));
#3996 = DIRECTION('',(-1.,0.,0.));
#3997 = DEFINITIONAL_REPRESENTATION('',(#3998),#4001);
#3998 = B_SPLINE_CURVE_WITH_KNOTS('',1,(#3999,#4000),.UNSPECIFIED.,.F.,
  .F.,(2,2),(-5.481079101562,-3.828735351562),.PIECEWISE_BEZIER_KNOTS.);
#3999 = CARTESIAN_POINT('',(1.65234375,-0.6));
#4000 = CARTESIAN_POINT('',(0.,-0.6));
#4001 = ( GEOMETRIC_REPRESENTATION_CONTEXT(2) 
PARAMETRIC_REPRESENTATION_CONTEXT() REPRESENTATION_CONTEXT('2D SPACE',''
  ) );
#4002 = ORIENTED_EDGE('',*,*,#4003,.F.);
#4003 = EDGE_CURVE('',#3570,#3978,#4004,.T.);
#4004 = SURFACE_CURVE('',#4005,(#4009,#4015),.PCURVE_S1.);
#4005 = LINE('',#4006,#4007);
#4006 = CARTESIAN_POINT('',(-9.309814453125,6.698974609375,18.4));
#4007 = VECTOR('',#4008,1.);
#4008 = DIRECTION('',(-0.,1.,0.));
#4009 = PCURVE('',#522,#4010);
#4010 = DEFINITIONAL_REPRESENTATION('',(#4011),#4014);
#4011 = B_SPLINE_CURVE_WITH_KNOTS('',1,(#4012,#4013),.UNSPECIFIED.,.F.,
  .F.,(2,2),(4.079833984375,6.698974609375),.PIECEWISE_BEZIER_KNOTS.);
#4012 = CARTESIAN_POINT('',(-9.309814453125,10.77880859375));
#4013 = CARTESIAN_POINT('',(-9.309814453125,13.39794921875));
#4014 = ( GEOMETRIC_REPRESENTATION_CONTEXT(2) 
PARAMETRIC_REPRESENTATION_CONTEXT() REPRESENTATION_CONTEXT('2D SPACE',''
  ) );
#4015 = PCURVE('',#4016,#4021);
#4016 = PLANE('',#4017);
#4017 = AXIS2_PLACEMENT_3D('',#4018,#4019,#4020);
#4018 = CARTESIAN_POINT('',(-9.309814453125,13.39794921875,17.8));
#4019 = DIRECTION('',(1.,0.,-0.));
#4020 = DIRECTION('',(0.,-1.,0.));
#4021 = DEFINITIONAL_REPRESENTATION('',(#4022),#4025);
#4022 = B_SPLINE_CURVE_WITH_KNOTS('',1,(#4023,#4024),.UNSPECIFIED.,.F.,
  .F.,(2,2),(4.079833984375,6.698974609375),.PIECEWISE_BEZIER_KNOTS.);
#4023 = CARTESIAN_POINT('',(2.619140625,-0.6));
#4024 = CARTESIAN_POINT('',(0.,-0.6));
#4025 = ( GEOMETRIC_REPRESENTATION_CONTEXT(2) 
PARAMETRIC_REPRESENTATION_CONTEXT() REPRESENTATION_CONTEXT('2D SPACE',''
  ) );
#4026 = FACE_BOUND('',#4027,.T.);
#4027 = EDGE_LOOP('',(#4028,#4056,#4082,#4108));
#4028 = ORIENTED_EDGE('',*,*,#4029,.F.);
#4029 = EDGE_CURVE('',#4030,#4032,#4034,.T.);
#4030 = VERTEX_POINT('',#4031);
#4031 = CARTESIAN_POINT('',(-4.014404296875,10.77880859375,18.4));
#4032 = VERTEX_POINT('',#4033);
#4033 = CARTESIAN_POINT('',(-3.161865234375,10.77880859375,18.4));
#4034 = SURFACE_CURVE('',#4035,(#4039,#4045),.PCURVE_S1.);
#4035 = LINE('',#4036,#4037);
#4036 = CARTESIAN_POINT('',(-1.580932617188,10.77880859375,18.4));
#4037 = VECTOR('',#4038,1.);
#4038 = DIRECTION('',(1.,0.,-0.));
#4039 = PCURVE('',#522,#4040);
#4040 = DEFINITIONAL_REPRESENTATION('',(#4041),#4044);
#4041 = B_SPLINE_CURVE_WITH_KNOTS('',1,(#4042,#4043),.UNSPECIFIED.,.F.,
  .F.,(2,2),(-2.433471679688,-1.580932617188),.PIECEWISE_BEZIER_KNOTS.);
#4042 = CARTESIAN_POINT('',(-4.014404296875,10.77880859375));
#4043 = CARTESIAN_POINT('',(-3.161865234375,10.77880859375));
#4044 = ( GEOMETRIC_REPRESENTATION_CONTEXT(2) 
PARAMETRIC_REPRESENTATION_CONTEXT() REPRESENTATION_CONTEXT('2D SPACE',''
  ) );
#4045 = PCURVE('',#4046,#4051);
#4046 = PLANE('',#4047);
#4047 = AXIS2_PLACEMENT_3D('',#4048,#4049,#4050);
#4048 = CARTESIAN_POINT('',(-3.161865234375,10.77880859375,17.8));
#4049 = DIRECTION('',(0.,-1.,0.));
#4050 = DIRECTION('',(-1.,0.,0.));
#4051 = DEFINITIONAL_REPRESENTATION('',(#4052),#4055);
#4052 = B_SPLINE_CURVE_WITH_KNOTS('',1,(#4053,#4054),.UNSPECIFIED.,.F.,
  .F.,(2,2),(-2.433471679688,-1.580932617188),.PIECEWISE_BEZIER_KNOTS.);
#4053 = CARTESIAN_POINT('',(0.8525390625,-0.6));
#4054 = CARTESIAN_POINT('',(0.,-0.6));
#4055 = ( GEOMETRIC_REPRESENTATION_CONTEXT(2) 
PARAMETRIC_REPRESENTATION_CONTEXT() REPRESENTATION_CONTEXT('2D SPACE',''
  ) );
#4056 = ORIENTED_EDGE('',*,*,#4057,.F.);
#4057 = EDGE_CURVE('',#4058,#4030,#4060,.T.);
#4058 = VERTEX_POINT('',#4059);
#4059 = CARTESIAN_POINT('',(-4.014404296875,17.22119140625,18.4));
#4060 = SURFACE_CURVE('',#4061,(#4065,#4071),.PCURVE_S1.);
#4061 = LINE('',#4062,#4063);
#4062 = CARTESIAN_POINT('',(-4.014404296875,5.389404296875,18.4));
#4063 = VECTOR('',#4064,1.);
#4064 = DIRECTION('',(0.,-1.,0.));
#4065 = PCURVE('',#522,#4066);
#4066 = DEFINITIONAL_REPRESENTATION('',(#4067),#4070);
#4067 = B_SPLINE_CURVE_WITH_KNOTS('',1,(#4068,#4069),.UNSPECIFIED.,.F.,
  .F.,(2,2),(-11.83178710937,-5.389404296875),.PIECEWISE_BEZIER_KNOTS.);
#4068 = CARTESIAN_POINT('',(-4.014404296875,17.22119140625));
#4069 = CARTESIAN_POINT('',(-4.014404296875,10.77880859375));
#4070 = ( GEOMETRIC_REPRESENTATION_CONTEXT(2) 
PARAMETRIC_REPRESENTATION_CONTEXT() REPRESENTATION_CONTEXT('2D SPACE',''
  ) );
#4071 = PCURVE('',#4072,#4077);
#4072 = PLANE('',#4073);
#4073 = AXIS2_PLACEMENT_3D('',#4074,#4075,#4076);
#4074 = CARTESIAN_POINT('',(-4.014404296875,10.77880859375,17.8));
#4075 = DIRECTION('',(-1.,0.,0.));
#4076 = DIRECTION('',(0.,1.,0.));
#4077 = DEFINITIONAL_REPRESENTATION('',(#4078),#4081);
#4078 = B_SPLINE_CURVE_WITH_KNOTS('',1,(#4079,#4080),.UNSPECIFIED.,.F.,
  .F.,(2,2),(-11.83178710937,-5.389404296875),.PIECEWISE_BEZIER_KNOTS.);
#4079 = CARTESIAN_POINT('',(6.4423828125,-0.6));
#4080 = CARTESIAN_POINT('',(0.,-0.6));
#4081 = ( GEOMETRIC_REPRESENTATION_CONTEXT(2) 
PARAMETRIC_REPRESENTATION_CONTEXT() REPRESENTATION_CONTEXT('2D SPACE',''
  ) );
#4082 = ORIENTED_EDGE('',*,*,#4083,.F.);
#4083 = EDGE_CURVE('',#4084,#4058,#4086,.T.);
#4084 = VERTEX_POINT('',#4085);
#4085 = CARTESIAN_POINT('',(-3.161865234375,17.22119140625,18.4));
#4086 = SURFACE_CURVE('',#4087,(#4091,#4097),.PCURVE_S1.);
#4087 = LINE('',#4088,#4089);
#4088 = CARTESIAN_POINT('',(-2.007202148438,17.22119140625,18.4));
#4089 = VECTOR('',#4090,1.);
#4090 = DIRECTION('',(-1.,0.,0.));
#4091 = PCURVE('',#522,#4092);
#4092 = DEFINITIONAL_REPRESENTATION('',(#4093),#4096);
#4093 = B_SPLINE_CURVE_WITH_KNOTS('',1,(#4094,#4095),.UNSPECIFIED.,.F.,
  .F.,(2,2),(1.154663085938,2.007202148438),.PIECEWISE_BEZIER_KNOTS.);
#4094 = CARTESIAN_POINT('',(-3.161865234375,17.22119140625));
#4095 = CARTESIAN_POINT('',(-4.014404296875,17.22119140625));
#4096 = ( GEOMETRIC_REPRESENTATION_CONTEXT(2) 
PARAMETRIC_REPRESENTATION_CONTEXT() REPRESENTATION_CONTEXT('2D SPACE',''
  ) );
#4097 = PCURVE('',#4098,#4103);
#4098 = PLANE('',#4099);
#4099 = AXIS2_PLACEMENT_3D('',#4100,#4101,#4102);
#4100 = CARTESIAN_POINT('',(-4.014404296875,17.22119140625,17.8));
#4101 = DIRECTION('',(0.,1.,0.));
#4102 = DIRECTION('',(1.,0.,0.));
#4103 = DEFINITIONAL_REPRESENTATION('',(#4104),#4107);
#4104 = B_SPLINE_CURVE_WITH_KNOTS('',1,(#4105,#4106),.UNSPECIFIED.,.F.,
  .F.,(2,2),(1.154663085938,2.007202148438),.PIECEWISE_BEZIER_KNOTS.);
#4105 = CARTESIAN_POINT('',(0.8525390625,-0.6));
#4106 = CARTESIAN_POINT('',(0.,-0.6));
#4107 = ( GEOMETRIC_REPRESENTATION_CONTEXT(2) 
PARAMETRIC_REPRESENTATION_CONTEXT() REPRESENTATION_CONTEXT('2D SPACE',''
  ) );
#4108 = ORIENTED_EDGE('',*,*,#4109,.F.);
#4109 = EDGE_CURVE('',#4032,#4084,#4110,.T.);
#4110 = SURFACE_CURVE('',#4111,(#4115,#4121),.PCURVE_S1.);
#4111 = LINE('',#4112,#4113);
#4112 = CARTESIAN_POINT('',(-3.161865234375,8.610595703125,18.4));
#4113 = VECTOR('',#4114,1.);
#4114 = DIRECTION('',(-0.,1.,0.));
#4115 = PCURVE('',#522,#4116);
#4116 = DEFINITIONAL_REPRESENTATION('',(#4117),#4120);
#4117 = B_SPLINE_CURVE_WITH_KNOTS('',1,(#4118,#4119),.UNSPECIFIED.,.F.,
  .F.,(2,2),(2.168212890625,8.610595703125),.PIECEWISE_BEZIER_KNOTS.);
#4118 = CARTESIAN_POINT('',(-3.161865234375,10.77880859375));
#4119 = CARTESIAN_POINT('',(-3.161865234375,17.22119140625));
#4120 = ( GEOMETRIC_REPRESENTATION_CONTEXT(2) 
PARAMETRIC_REPRESENTATION_CONTEXT() REPRESENTATION_CONTEXT('2D SPACE',''
  ) );
#4121 = PCURVE('',#4122,#4127);
#4122 = PLANE('',#4123);
#4123 = AXIS2_PLACEMENT_3D('',#4124,#4125,#4126);
#4124 = CARTESIAN_POINT('',(-3.161865234375,17.22119140625,17.8));
#4125 = DIRECTION('',(1.,0.,-0.));
#4126 = DIRECTION('',(0.,-1.,0.));
#4127 = DEFINITIONAL_REPRESENTATION('',(#4128),#4131);
#4128 = B_SPLINE_CURVE_WITH_KNOTS('',1,(#4129,#4130),.UNSPECIFIED.,.F.,
  .F.,(2,2),(2.168212890625,8.610595703125),.PIECEWISE_BEZIER_KNOTS.);
#4129 = CARTESIAN_POINT('',(6.4423828125,-0.6));
#4130 = CARTESIAN_POINT('',(0.,-0.6));
#4131 = ( GEOMETRIC_REPRESENTATION_CONTEXT(2) 
PARAMETRIC_REPRESENTATION_CONTEXT() REPRESENTATION_CONTEXT('2D SPACE',''
  ) );
#4132 = FACE_BOUND('',#4133,.T.);
#4133 = EDGE_LOOP('',(#4134,#4162,#4188,#4214,#4240,#4266));
#4134 = ORIENTED_EDGE('',*,*,#4135,.T.);
#4135 = EDGE_CURVE('',#4136,#4138,#4140,.T.);
#4136 = VERTEX_POINT('',#4137);
#4137 = CARTESIAN_POINT('',(-2.944486372867,5.1,18.4));
#4138 = VERTEX_POINT('',#4139);
#4139 = CARTESIAN_POINT('',(2.944486372867,5.1,18.4));
#4140 = SURFACE_CURVE('',#4141,(#4145,#4151),.PCURVE_S1.);
#4141 = LINE('',#4142,#4143);
#4142 = CARTESIAN_POINT('',(1.472243186434,5.1,18.4));
#4143 = VECTOR('',#4144,1.);
#4144 = DIRECTION('',(1.,-1.508206028536E-16,0.));
#4145 = PCURVE('',#522,#4146);
#4146 = DEFINITIONAL_REPRESENTATION('',(#4147),#4150);
#4147 = B_SPLINE_CURVE_WITH_KNOTS('',1,(#4148,#4149),.UNSPECIFIED.,.F.,
  .F.,(2,2),(-4.416729559301,1.472243186434),.PIECEWISE_BEZIER_KNOTS.);
#4148 = CARTESIAN_POINT('',(-2.944486372867,5.1));
#4149 = CARTESIAN_POINT('',(2.944486372867,5.1));
#4150 = ( GEOMETRIC_REPRESENTATION_CONTEXT(2) 
PARAMETRIC_REPRESENTATION_CONTEXT() REPRESENTATION_CONTEXT('2D SPACE',''
  ) );
#4151 = PCURVE('',#4152,#4157);
#4152 = PLANE('',#4153);
#4153 = AXIS2_PLACEMENT_3D('',#4154,#4155,#4156);
#4154 = CARTESIAN_POINT('',(2.944486372867,5.1,15.9));
#4155 = DIRECTION('',(-1.508206028536E-16,-1.,0.));
#4156 = DIRECTION('',(-1.,1.508206028536E-16,0.));
#4157 = DEFINITIONAL_REPRESENTATION('',(#4158),#4161);
#4158 = B_SPLINE_CURVE_WITH_KNOTS('',1,(#4159,#4160),.UNSPECIFIED.,.F.,
  .F.,(2,2),(-4.416729559301,1.472243186434),.PIECEWISE_BEZIER_KNOTS.);
#4159 = CARTESIAN_POINT('',(5.888972745734,-2.5));
#4160 = CARTESIAN_POINT('',(0.,-2.5));
#4161 = ( GEOMETRIC_REPRESENTATION_CONTEXT(2) 
PARAMETRIC_REPRESENTATION_CONTEXT() REPRESENTATION_CONTEXT('2D SPACE',''
  ) );
#4162 = ORIENTED_EDGE('',*,*,#4163,.T.);
#4163 = EDGE_CURVE('',#4138,#4164,#4166,.T.);
#4164 = VERTEX_POINT('',#4165);
#4165 = CARTESIAN_POINT('',(5.888972745734,0.,18.4));
#4166 = SURFACE_CURVE('',#4167,(#4171,#4177),.PCURVE_S1.);
#4167 = LINE('',#4168,#4169);
#4168 = CARTESIAN_POINT('',(5.152851152517,1.275,18.4));
#4169 = VECTOR('',#4170,1.);
#4170 = DIRECTION('',(0.5,-0.866025403784,0.));
#4171 = PCURVE('',#522,#4172);
#4172 = DEFINITIONAL_REPRESENTATION('',(#4173),#4176);
#4173 = B_SPLINE_CURVE_WITH_KNOTS('',1,(#4174,#4175),.UNSPECIFIED.,.F.,
  .F.,(2,2),(-4.416729559301,1.472243186434),.PIECEWISE_BEZIER_KNOTS.);
#4174 = CARTESIAN_POINT('',(2.944486372867,5.1));
#4175 = CARTESIAN_POINT('',(5.888972745734,3.007856144265E-17));
#4176 = ( GEOMETRIC_REPRESENTATION_CONTEXT(2) 
PARAMETRIC_REPRESENTATION_CONTEXT() REPRESENTATION_CONTEXT('2D SPACE',''
  ) );
#4177 = PCURVE('',#4178,#4183);
#4178 = PLANE('',#4179);
#4179 = AXIS2_PLACEMENT_3D('',#4180,#4181,#4182);
#4180 = CARTESIAN_POINT('',(5.888972745734,0.,15.9));
#4181 = DIRECTION('',(-0.866025403784,-0.5,0.));
#4182 = DIRECTION('',(-0.5,0.866025403784,0.));
#4183 = DEFINITIONAL_REPRESENTATION('',(#4184),#4187);
#4184 = B_SPLINE_CURVE_WITH_KNOTS('',1,(#4185,#4186),.UNSPECIFIED.,.F.,
  .F.,(2,2),(-4.416729559301,1.472243186434),.PIECEWISE_BEZIER_KNOTS.);
#4185 = CARTESIAN_POINT('',(5.888972745734,-2.5));
#4186 = CARTESIAN_POINT('',(0.,-2.5));
#4187 = ( GEOMETRIC_REPRESENTATION_CONTEXT(2) 
PARAMETRIC_REPRESENTATION_CONTEXT() REPRESENTATION_CONTEXT('2D SPACE',''
  ) );
#4188 = ORIENTED_EDGE('',*,*,#4189,.T.);
#4189 = EDGE_CURVE('',#4164,#4190,#4192,.T.);
#4190 = VERTEX_POINT('',#4191);
#4191 = CARTESIAN_POINT('',(2.944486372867,-5.1,18.4));
#4192 = SURFACE_CURVE('',#4193,(#4197,#4203),.PCURVE_S1.);
#4193 = LINE('',#4194,#4195);
#4194 = CARTESIAN_POINT('',(3.680607966084,-3.825,18.4));
#4195 = VECTOR('',#4196,1.);
#4196 = DIRECTION('',(-0.5,-0.866025403784,0.));
#4197 = PCURVE('',#522,#4198);
#4198 = DEFINITIONAL_REPRESENTATION('',(#4199),#4202);
#4199 = B_SPLINE_CURVE_WITH_KNOTS('',1,(#4200,#4201),.UNSPECIFIED.,.F.,
  .F.,(2,2),(-4.416729559301,1.472243186434),.PIECEWISE_BEZIER_KNOTS.);
#4200 = CARTESIAN_POINT('',(5.888972745734,1.615572568837E-16));
#4201 = CARTESIAN_POINT('',(2.944486372867,-5.1));
#4202 = ( GEOMETRIC_REPRESENTATION_CONTEXT(2) 
PARAMETRIC_REPRESENTATION_CONTEXT() REPRESENTATION_CONTEXT('2D SPACE',''
  ) );
#4203 = PCURVE('',#4204,#4209);
#4204 = PLANE('',#4205);
#4205 = AXIS2_PLACEMENT_3D('',#4206,#4207,#4208);
#4206 = CARTESIAN_POINT('',(2.944486372867,-5.1,15.9));
#4207 = DIRECTION('',(-0.866025403784,0.5,0.));
#4208 = DIRECTION('',(0.5,0.866025403784,0.));
#4209 = DEFINITIONAL_REPRESENTATION('',(#4210),#4213);
#4210 = B_SPLINE_CURVE_WITH_KNOTS('',1,(#4211,#4212),.UNSPECIFIED.,.F.,
  .F.,(2,2),(-4.416729559301,1.472243186434),.PIECEWISE_BEZIER_KNOTS.);
#4211 = CARTESIAN_POINT('',(5.888972745734,-2.5));
#4212 = CARTESIAN_POINT('',(0.,-2.5));
#4213 = ( GEOMETRIC_REPRESENTATION_CONTEXT(2) 
PARAMETRIC_REPRESENTATION_CONTEXT() REPRESENTATION_CONTEXT('2D SPACE',''
  ) );
#4214 = ORIENTED_EDGE('',*,*,#4215,.T.);
#4215 = EDGE_CURVE('',#4190,#4216,#4218,.T.);
#4216 = VERTEX_POINT('',#4217);
#4217 = CARTESIAN_POINT('',(-2.944486372867,-5.1,18.4));
#4218 = SURFACE_CURVE('',#4219,(#4223,#4229),.PCURVE_S1.);
#4219 = LINE('',#4220,#4221);
#4220 = CARTESIAN_POINT('',(-1.472243186434,-5.1,18.4));
#4221 = VECTOR('',#4222,1.);
#4222 = DIRECTION('',(-1.,1.508206028536E-16,0.));
#4223 = PCURVE('',#522,#4224);
#4224 = DEFINITIONAL_REPRESENTATION('',(#4225),#4228);
#4225 = B_SPLINE_CURVE_WITH_KNOTS('',1,(#4226,#4227),.UNSPECIFIED.,.F.,
  .F.,(2,2),(-4.416729559301,1.472243186434),.PIECEWISE_BEZIER_KNOTS.);
#4226 = CARTESIAN_POINT('',(2.944486372867,-5.1));
#4227 = CARTESIAN_POINT('',(-2.944486372867,-5.1));
#4228 = ( GEOMETRIC_REPRESENTATION_CONTEXT(2) 
PARAMETRIC_REPRESENTATION_CONTEXT() REPRESENTATION_CONTEXT('2D SPACE',''
  ) );
#4229 = PCURVE('',#4230,#4235);
#4230 = PLANE('',#4231);
#4231 = AXIS2_PLACEMENT_3D('',#4232,#4233,#4234);
#4232 = CARTESIAN_POINT('',(-2.944486372867,-5.1,15.9));
#4233 = DIRECTION('',(1.508206028536E-16,1.,-0.));
#4234 = DIRECTION('',(1.,-1.508206028536E-16,0.));
#4235 = DEFINITIONAL_REPRESENTATION('',(#4236),#4239);
#4236 = B_SPLINE_CURVE_WITH_KNOTS('',1,(#4237,#4238),.UNSPECIFIED.,.F.,
  .F.,(2,2),(-4.416729559301,1.472243186434),.PIECEWISE_BEZIER_KNOTS.);
#4237 = CARTESIAN_POINT('',(5.888972745734,-2.5));
#4238 = CARTESIAN_POINT('',(0.,-2.5));
#4239 = ( GEOMETRIC_REPRESENTATION_CONTEXT(2) 
PARAMETRIC_REPRESENTATION_CONTEXT() REPRESENTATION_CONTEXT('2D SPACE',''
  ) );
#4240 = ORIENTED_EDGE('',*,*,#4241,.T.);
#4241 = EDGE_CURVE('',#4216,#4242,#4244,.T.);
#4242 = VERTEX_POINT('',#4243);
#4243 = CARTESIAN_POINT('',(-5.888972745734,7.211911623329E-16,18.4));
#4244 = SURFACE_CURVE('',#4245,(#4249,#4255),.PCURVE_S1.);
#4245 = LINE('',#4246,#4247);
#4246 = CARTESIAN_POINT('',(-5.152851152517,-1.275,18.4));
#4247 = VECTOR('',#4248,1.);
#4248 = DIRECTION('',(-0.5,0.866025403784,0.));
#4249 = PCURVE('',#522,#4250);
#4250 = DEFINITIONAL_REPRESENTATION('',(#4251),#4254);
#4251 = B_SPLINE_CURVE_WITH_KNOTS('',1,(#4252,#4253),.UNSPECIFIED.,.F.,
  .F.,(2,2),(-4.416729559301,1.472243186434),.PIECEWISE_BEZIER_KNOTS.);
#4252 = CARTESIAN_POINT('',(-2.944486372867,-5.1));
#4253 = CARTESIAN_POINT('',(-5.888972745734,4.744112169717E-16));
#4254 = ( GEOMETRIC_REPRESENTATION_CONTEXT(2) 
PARAMETRIC_REPRESENTATION_CONTEXT() REPRESENTATION_CONTEXT('2D SPACE',''
  ) );
#4255 = PCURVE('',#4256,#4261);
#4256 = PLANE('',#4257);
#4257 = AXIS2_PLACEMENT_3D('',#4258,#4259,#4260);
#4258 = CARTESIAN_POINT('',(-5.888972745734,7.211911623329E-16,15.9));
#4259 = DIRECTION('',(0.866025403784,0.5,-0.));
#4260 = DIRECTION('',(0.5,-0.866025403784,0.));
#4261 = DEFINITIONAL_REPRESENTATION('',(#4262),#4265);
#4262 = B_SPLINE_CURVE_WITH_KNOTS('',1,(#4263,#4264),.UNSPECIFIED.,.F.,
  .F.,(2,2),(-4.416729559301,1.472243186434),.PIECEWISE_BEZIER_KNOTS.);
#4263 = CARTESIAN_POINT('',(5.888972745734,-2.5));
#4264 = CARTESIAN_POINT('',(0.,-2.5));
#4265 = ( GEOMETRIC_REPRESENTATION_CONTEXT(2) 
PARAMETRIC_REPRESENTATION_CONTEXT() REPRESENTATION_CONTEXT('2D SPACE',''
  ) );
#4266 = ORIENTED_EDGE('',*,*,#4267,.T.);
#4267 = EDGE_CURVE('',#4242,#4136,#4268,.T.);
#4268 = SURFACE_CURVE('',#4269,(#4273,#4279),.PCURVE_S1.);
#4269 = LINE('',#4270,#4271);
#4270 = CARTESIAN_POINT('',(-3.680607966084,3.825,18.4));
#4271 = VECTOR('',#4272,1.);
#4272 = DIRECTION('',(0.5,0.866025403784,-0.));
#4273 = PCURVE('',#522,#4274);
#4274 = DEFINITIONAL_REPRESENTATION('',(#4275),#4278);
#4275 = B_SPLINE_CURVE_WITH_KNOTS('',1,(#4276,#4277),.UNSPECIFIED.,.F.,
  .F.,(2,2),(-4.416729559301,1.472243186434),.PIECEWISE_BEZIER_KNOTS.);
#4276 = CARTESIAN_POINT('',(-5.888972745734,3.702363440701E-18));
#4277 = CARTESIAN_POINT('',(-2.944486372867,5.1));
#4278 = ( GEOMETRIC_REPRESENTATION_CONTEXT(2) 
PARAMETRIC_REPRESENTATION_CONTEXT() REPRESENTATION_CONTEXT('2D SPACE',''
  ) );
#4279 = PCURVE('',#4280,#4285);
#4280 = PLANE('',#4281);
#4281 = AXIS2_PLACEMENT_3D('',#4282,#4283,#4284);
#4282 = CARTESIAN_POINT('',(-2.944486372867,5.1,15.9));
#4283 = DIRECTION('',(0.866025403784,-0.5,0.));
#4284 = DIRECTION('',(-0.5,-0.866025403784,0.));
#4285 = DEFINITIONAL_REPRESENTATION('',(#4286),#4289);
#4286 = B_SPLINE_CURVE_WITH_KNOTS('',1,(#4287,#4288),.UNSPECIFIED.,.F.,
  .F.,(2,2),(-4.416729559301,1.472243186434),.PIECEWISE_BEZIER_KNOTS.);
#4287 = CARTESIAN_POINT('',(5.888972745734,-2.5));
#4288 = CARTESIAN_POINT('',(0.,-2.5));
#4289 = ( GEOMETRIC_REPRESENTATION_CONTEXT(2) 
PARAMETRIC_REPRESENTATION_CONTEXT() REPRESENTATION_CONTEXT('2D SPACE',''
  ) );
#4290 = FACE_BOUND('',#4291,.T.);
#4291 = EDGE_LOOP('',(#4292,#4320,#4407,#4470,#4527,#4584,#4635,#4686,
    #4737,#4788,#4860,#4923,#4949,#5006,#5069,#5126,#5177,#5228,#5279,
    #5336,#5387,#5444));
#4292 = ORIENTED_EDGE('',*,*,#4293,.F.);
#4293 = EDGE_CURVE('',#4294,#4296,#4298,.T.);
#4294 = VERTEX_POINT('',#4295);
#4295 = CARTESIAN_POINT('',(3.790283203125,12.822265625,18.4));
#4296 = VERTEX_POINT('',#4297);
#4297 = CARTESIAN_POINT('',(2.937744140625,13.03759765625,18.4));
#4298 = SURFACE_CURVE('',#4299,(#4303,#4309),.PCURVE_S1.);
#4299 = LINE('',#4300,#4301);
#4300 = CARTESIAN_POINT('',(3.104720498041,12.995423215459,18.4));
#4301 = VECTOR('',#4302,1.);
#4302 = DIRECTION('',(-0.969551685994,0.24488676605,0.));
#4303 = PCURVE('',#522,#4304);
#4304 = DEFINITIONAL_REPRESENTATION('',(#4305),#4308);
#4305 = B_SPLINE_CURVE_WITH_KNOTS('',1,(#4306,#4307),.UNSPECIFIED.,.F.,
  .F.,(2,2),(-0.707092478913,0.172220171269),.PIECEWISE_BEZIER_KNOTS.);
#4306 = CARTESIAN_POINT('',(3.790283203125,12.822265625));
#4307 = CARTESIAN_POINT('',(2.937744140625,13.03759765625));
#4308 = ( GEOMETRIC_REPRESENTATION_CONTEXT(2) 
PARAMETRIC_REPRESENTATION_CONTEXT() REPRESENTATION_CONTEXT('2D SPACE',''
  ) );
#4309 = PCURVE('',#4310,#4315);
#4310 = PLANE('',#4311);
#4311 = AXIS2_PLACEMENT_3D('',#4312,#4313,#4314);
#4312 = CARTESIAN_POINT('',(2.937744140625,13.03759765625,17.8));
#4313 = DIRECTION('',(0.24488676605,0.969551685994,-0.));
#4314 = DIRECTION('',(0.969551685994,-0.24488676605,0.));
#4315 = DEFINITIONAL_REPRESENTATION('',(#4316),#4319);
#4316 = B_SPLINE_CURVE_WITH_KNOTS('',1,(#4317,#4318),.UNSPECIFIED.,.F.,
  .F.,(2,2),(-0.707092478913,0.172220171269),.PIECEWISE_BEZIER_KNOTS.);
#4317 = CARTESIAN_POINT('',(0.879312650182,-0.6));
#4318 = CARTESIAN_POINT('',(0.,-0.6));
#4319 = ( GEOMETRIC_REPRESENTATION_CONTEXT(2) 
PARAMETRIC_REPRESENTATION_CONTEXT() REPRESENTATION_CONTEXT('2D SPACE',''
  ) );
#4320 = ORIENTED_EDGE('',*,*,#4321,.F.);
#4321 = EDGE_CURVE('',#4322,#4294,#4324,.T.);
#4322 = VERTEX_POINT('',#4323);
#4323 = CARTESIAN_POINT('',(2.82568359375,11.220458984375,18.4));
#4324 = SURFACE_CURVE('',#4325,(#4348,#4374),.PCURVE_S1.);
#4325 = B_SPLINE_CURVE_WITH_KNOTS('',5,(#4326,#4327,#4328,#4329,#4330,
    #4331,#4332,#4333,#4334,#4335,#4336,#4337,#4338,#4339,#4340,#4341,
    #4342,#4343,#4344,#4345,#4346,#4347),.UNSPECIFIED.,.F.,.F.,(6,4,4,4,
    4,6),(0.,5.11533404837E-02,0.276485143605,0.505989103914,
    0.746426787422,1.),.UNSPECIFIED.);
#4326 = CARTESIAN_POINT('',(2.82568359375,11.220458984375,18.4));
#4327 = CARTESIAN_POINT('',(2.84072262173,11.232366858264,18.4));
#4328 = CARTESIAN_POINT('',(2.855641371835,11.244423670502,18.4));
#4329 = CARTESIAN_POINT('',(2.870438178086,11.256628398698,18.4));
#4330 = CARTESIAN_POINT('',(2.885111469583,11.268979898056,18.4));
#4331 = CARTESIAN_POINT('',(2.963745416698,11.336526527904,18.4));
#4332 = CARTESIAN_POINT('',(3.025407017691,11.394400658037,18.4));
#4333 = CARTESIAN_POINT('',(3.084514555311,11.454988075506,18.4));
#4334 = CARTESIAN_POINT('',(3.140986813571,11.518139684719,18.4));
#4335 = CARTESIAN_POINT('',(3.249575096796,11.650427922464,18.4));
#4336 = CARTESIAN_POINT('',(3.301592814519,11.719655849102,18.4));
#4337 = CARTESIAN_POINT('',(3.350794132521,11.791174438058,18.4));
#4338 = CARTESIAN_POINT('',(3.397191944311,11.864782187234,18.4));
#4339 = CARTESIAN_POINT('',(3.486550963849,12.019374312947,18.4));
#4340 = CARTESIAN_POINT('',(3.5292436847,12.100544037785,18.4));
#4341 = CARTESIAN_POINT('',(3.568964467527,12.183562536054,18.4));
#4342 = CARTESIAN_POINT('',(3.60580971855,12.268213658612,18.4));
#4343 = CARTESIAN_POINT('',(3.675836199616,12.445104500809,18.4));
#4344 = CARTESIAN_POINT('',(3.708707065198,12.537505563833,18.4));
#4345 = CARTESIAN_POINT('',(3.738638048768,12.631289361298,18.4));
#4346 = CARTESIAN_POINT('',(3.765780187553,12.726262006613,18.4));
#4347 = CARTESIAN_POINT('',(3.790283203125,12.822265625,18.4));
#4348 = PCURVE('',#522,#4349);
#4349 = DEFINITIONAL_REPRESENTATION('',(#4350),#4373);
#4350 = B_SPLINE_CURVE_WITH_KNOTS('',5,(#4351,#4352,#4353,#4354,#4355,
    #4356,#4357,#4358,#4359,#4360,#4361,#4362,#4363,#4364,#4365,#4366,
    #4367,#4368,#4369,#4370,#4371,#4372),.UNSPECIFIED.,.F.,.F.,(6,4,4,4,
    4,6),(0.,5.11533404837E-02,0.276485143605,0.505989103914,
    0.746426787422,1.),.UNSPECIFIED.);
#4351 = CARTESIAN_POINT('',(2.82568359375,11.220458984375));
#4352 = CARTESIAN_POINT('',(2.84072262173,11.232366858264));
#4353 = CARTESIAN_POINT('',(2.855641371835,11.244423670502));
#4354 = CARTESIAN_POINT('',(2.870438178086,11.256628398698));
#4355 = CARTESIAN_POINT('',(2.885111469583,11.268979898056));
#4356 = CARTESIAN_POINT('',(2.963745416698,11.336526527904));
#4357 = CARTESIAN_POINT('',(3.025407017691,11.394400658037));
#4358 = CARTESIAN_POINT('',(3.084514555311,11.454988075506));
#4359 = CARTESIAN_POINT('',(3.140986813571,11.518139684719));
#4360 = CARTESIAN_POINT('',(3.249575096796,11.650427922464));
#4361 = CARTESIAN_POINT('',(3.301592814519,11.719655849102));
#4362 = CARTESIAN_POINT('',(3.350794132521,11.791174438058));
#4363 = CARTESIAN_POINT('',(3.397191944311,11.864782187234));
#4364 = CARTESIAN_POINT('',(3.486550963849,12.019374312947));
#4365 = CARTESIAN_POINT('',(3.5292436847,12.100544037785));
#4366 = CARTESIAN_POINT('',(3.568964467527,12.183562536054));
#4367 = CARTESIAN_POINT('',(3.60580971855,12.268213658612));
#4368 = CARTESIAN_POINT('',(3.675836199616,12.445104500809));
#4369 = CARTESIAN_POINT('',(3.708707065198,12.537505563833));
#4370 = CARTESIAN_POINT('',(3.738638048768,12.631289361298));
#4371 = CARTESIAN_POINT('',(3.765780187553,12.726262006613));
#4372 = CARTESIAN_POINT('',(3.790283203125,12.822265625));
#4373 = ( GEOMETRIC_REPRESENTATION_CONTEXT(2) 
PARAMETRIC_REPRESENTATION_CONTEXT() REPRESENTATION_CONTEXT('2D SPACE',''
  ) );
#4374 = PCURVE('',#4375,#4382);
#4375 = SURFACE_OF_LINEAR_EXTRUSION('',#4376,#4380);
#4376 = B_SPLINE_CURVE_WITH_KNOTS('',2,(#4377,#4378,#4379),
  .UNSPECIFIED.,.F.,.F.,(3,3),(0.,1.),.PIECEWISE_BEZIER_KNOTS.);
#4377 = CARTESIAN_POINT('',(3.790283203125,12.822265625,17.8));
#4378 = CARTESIAN_POINT('',(3.522216796875,11.77197265625,17.8));
#4379 = CARTESIAN_POINT('',(2.82568359375,11.220458984375,17.8));
#4380 = VECTOR('',#4381,1.);
#4381 = DIRECTION('',(-0.,-0.,-1.));
#4382 = DEFINITIONAL_REPRESENTATION('',(#4383),#4406);
#4383 = B_SPLINE_CURVE_WITH_KNOTS('',5,(#4384,#4385,#4386,#4387,#4388,
    #4389,#4390,#4391,#4392,#4393,#4394,#4395,#4396,#4397,#4398,#4399,
    #4400,#4401,#4402,#4403,#4404,#4405),.UNSPECIFIED.,.F.,.F.,(6,4,4,4,
    4,6),(0.,5.11533404837E-02,0.276485143605,0.505989103914,
    0.746426787422,1.),.UNSPECIFIED.);
#4384 = CARTESIAN_POINT('',(1.,-0.6));
#4385 = CARTESIAN_POINT('',(0.989204371082,-0.6));
#4386 = CARTESIAN_POINT('',(0.978405467467,-0.6));
#4387 = CARTESIAN_POINT('',(0.967604376159,-0.6));
#4388 = CARTESIAN_POINT('',(0.956802188466,-0.6));
#4389 = CARTESIAN_POINT('',(0.898416077195,-0.6));
#4390 = CARTESIAN_POINT('',(0.850831175799,-0.6));
#4391 = CARTESIAN_POINT('',(0.803341662678,-0.6));
#4392 = CARTESIAN_POINT('',(0.75603695662,-0.6));
#4393 = CARTESIAN_POINT('',(0.661092125143,-0.6));
#4394 = CARTESIAN_POINT('',(0.613460492994,-0.6));
#4395 = CARTESIAN_POINT('',(0.56619143874,-0.6));
#4396 = CARTESIAN_POINT('',(0.519353407629,-0.6));
#4397 = CARTESIAN_POINT('',(0.424438284821,-0.6));
#4398 = CARTESIAN_POINT('',(0.376407876431,-0.6));
#4399 = CARTESIAN_POINT('',(0.328968677175,-0.6));
#4400 = CARTESIAN_POINT('',(0.282158827924,-0.6));
#4401 = CARTESIAN_POINT('',(0.187319434979,-0.6));
#4402 = CARTESIAN_POINT('',(0.139363276507,-0.6));
#4403 = CARTESIAN_POINT('',(9.215567387897E-02,-0.6));
#4404 = CARTESIAN_POINT('',(4.5703256731E-02,-0.6));
#4405 = CARTESIAN_POINT('',(0.,-0.6));
#4406 = ( GEOMETRIC_REPRESENTATION_CONTEXT(2) 
PARAMETRIC_REPRESENTATION_CONTEXT() REPRESENTATION_CONTEXT('2D SPACE',''
  ) );
#4407 = ORIENTED_EDGE('',*,*,#4408,.F.);
#4408 = EDGE_CURVE('',#4409,#4322,#4411,.T.);
#4409 = VERTEX_POINT('',#4410);
#4410 = CARTESIAN_POINT('',(1.122802734375,10.6689453125,18.4));
#4411 = SURFACE_CURVE('',#4412,(#4427,#4445),.PCURVE_S1.);
#4412 = B_SPLINE_CURVE_WITH_KNOTS('',5,(#4413,#4414,#4415,#4416,#4417,
    #4418,#4419,#4420,#4421,#4422,#4423,#4424,#4425,#4426),
  .UNSPECIFIED.,.F.,.F.,(6,4,4,6),(0.,0.403740061921,0.78488388583,1.),
  .UNSPECIFIED.);
#4413 = CARTESIAN_POINT('',(1.122802734375,10.6689453125,18.4));
#4414 = CARTESIAN_POINT('',(1.273323372113,10.6689453125,18.4));
#4415 = CARTESIAN_POINT('',(1.42299039427,10.676657423701,18.4));
#4416 = CARTESIAN_POINT('',(1.571272737893,10.692789880908,18.4));
#4417 = CARTESIAN_POINT('',(1.71743987291,10.718049787287,18.4));
#4418 = CARTESIAN_POINT('',(1.995808356141,10.785664712037,18.4));
#4419 = CARTESIAN_POINT('',(2.128350064895,10.826987167534,18.4));
#4420 = CARTESIAN_POINT('',(2.257489612852,10.877118517042,18.4));
#4421 = CARTESIAN_POINT('',(2.382483331886,10.936120958296,18.4));
#4422 = CARTESIAN_POINT('',(2.570525219432,11.041726245017,18.4));
#4423 = CARTESIAN_POINT('',(2.636844291475,11.082537743791,18.4));
#4424 = CARTESIAN_POINT('',(2.701530393069,11.125997256287,18.4));
#4425 = CARTESIAN_POINT('',(2.764497287317,11.172011782751,18.4));
#4426 = CARTESIAN_POINT('',(2.82568359375,11.220458984375,18.4));
#4427 = PCURVE('',#522,#4428);
#4428 = DEFINITIONAL_REPRESENTATION('',(#4429),#4444);
#4429 = B_SPLINE_CURVE_WITH_KNOTS('',5,(#4430,#4431,#4432,#4433,#4434,
    #4435,#4436,#4437,#4438,#4439,#4440,#4441,#4442,#4443),
  .UNSPECIFIED.,.F.,.F.,(6,4,4,6),(0.,0.403740061921,0.78488388583,1.),
  .UNSPECIFIED.);
#4430 = CARTESIAN_POINT('',(1.122802734375,10.6689453125));
#4431 = CARTESIAN_POINT('',(1.273323372113,10.6689453125));
#4432 = CARTESIAN_POINT('',(1.42299039427,10.676657423701));
#4433 = CARTESIAN_POINT('',(1.571272737893,10.692789880908));
#4434 = CARTESIAN_POINT('',(1.71743987291,10.718049787287));
#4435 = CARTESIAN_POINT('',(1.995808356141,10.785664712037));
#4436 = CARTESIAN_POINT('',(2.128350064895,10.826987167534));
#4437 = CARTESIAN_POINT('',(2.257489612852,10.877118517042));
#4438 = CARTESIAN_POINT('',(2.382483331886,10.936120958296));
#4439 = CARTESIAN_POINT('',(2.570525219432,11.041726245017));
#4440 = CARTESIAN_POINT('',(2.636844291475,11.082537743791));
#4441 = CARTESIAN_POINT('',(2.701530393069,11.125997256287));
#4442 = CARTESIAN_POINT('',(2.764497287317,11.172011782751));
#4443 = CARTESIAN_POINT('',(2.82568359375,11.220458984375));
#4444 = ( GEOMETRIC_REPRESENTATION_CONTEXT(2) 
PARAMETRIC_REPRESENTATION_CONTEXT() REPRESENTATION_CONTEXT('2D SPACE',''
  ) );
#4445 = PCURVE('',#4446,#4453);
#4446 = SURFACE_OF_LINEAR_EXTRUSION('',#4447,#4451);
#4447 = B_SPLINE_CURVE_WITH_KNOTS('',2,(#4448,#4449,#4450),
  .UNSPECIFIED.,.F.,.F.,(3,3),(0.,1.),.PIECEWISE_BEZIER_KNOTS.);
#4448 = CARTESIAN_POINT('',(2.82568359375,11.220458984375,17.8));
#4449 = CARTESIAN_POINT('',(2.129150390625,10.6689453125,17.8));
#4450 = CARTESIAN_POINT('',(1.122802734375,10.6689453125,17.8));
#4451 = VECTOR('',#4452,1.);
#4452 = DIRECTION('',(-0.,-0.,-1.));
#4453 = DEFINITIONAL_REPRESENTATION('',(#4454),#4469);
#4454 = B_SPLINE_CURVE_WITH_KNOTS('',5,(#4455,#4456,#4457,#4458,#4459,
    #4460,#4461,#4462,#4463,#4464,#4465,#4466,#4467,#4468),
  .UNSPECIFIED.,.F.,.F.,(6,4,4,6),(0.,0.403740061921,0.78488388583,1.),
  .UNSPECIFIED.);
#4455 = CARTESIAN_POINT('',(1.,-0.6));
#4456 = CARTESIAN_POINT('',(0.925214394447,-0.6));
#4457 = CARTESIAN_POINT('',(0.84870041704,-0.6));
#4458 = CARTESIAN_POINT('',(0.770524252627,-0.6));
#4459 = CARTESIAN_POINT('',(0.690851506381,-0.6));
#4460 = CARTESIAN_POINT('',(0.5336735335,-0.6));
#4461 = CARTESIAN_POINT('',(0.456287393315,-0.6));
#4462 = CARTESIAN_POINT('',(0.378132998876,-0.6));
#4463 = CARTESIAN_POINT('',(0.299562479172,-0.6));
#4464 = CARTESIAN_POINT('',(0.176659637704,-0.6));
#4465 = CARTESIAN_POINT('',(0.132318572828,-0.6));
#4466 = CARTESIAN_POINT('',(8.804976967447E-02,-0.6));
#4467 = CARTESIAN_POINT('',(4.392203139664E-02,-0.6));
#4468 = CARTESIAN_POINT('',(0.,-0.6));
#4469 = ( GEOMETRIC_REPRESENTATION_CONTEXT(2) 
PARAMETRIC_REPRESENTATION_CONTEXT() REPRESENTATION_CONTEXT('2D SPACE',''
  ) );
#4470 = ORIENTED_EDGE('',*,*,#4471,.F.);
#4471 = EDGE_CURVE('',#4472,#4409,#4474,.T.);
#4472 = VERTEX_POINT('',#4473);
#4473 = CARTESIAN_POINT('',(-0.5712890625,11.093017578125,18.4));
#4474 = SURFACE_CURVE('',#4475,(#4488,#4504),.PCURVE_S1.);
#4475 = B_SPLINE_CURVE_WITH_KNOTS('',6,(#4476,#4477,#4478,#4479,#4480,
    #4481,#4482,#4483,#4484,#4485,#4486,#4487),.UNSPECIFIED.,.F.,.F.,(7,
    5,7),(0.,0.358973098688,1.),.UNSPECIFIED.);
#4476 = CARTESIAN_POINT('',(-0.5712890625,11.093017578125,18.4));
#4477 = CARTESIAN_POINT('',(-0.48538707581,11.037195748391,18.4));
#4478 = CARTESIAN_POINT('',(-0.396025439309,10.986162311303,18.4));
#4479 = CARTESIAN_POINT('',(-0.303556052068,10.939965041761,18.4));
#4480 = CARTESIAN_POINT('',(-0.208348574239,10.898534416258,18.4));
#4481 = CARTESIAN_POINT('',(-0.110767513302,10.861722201857,18.4));
#4482 = CARTESIAN_POINT('',(0.166741312187,10.771514448659,18.4));
#4483 = CARTESIAN_POINT('',(0.351088950455,10.727827767297,18.4));
#4484 = CARTESIAN_POINT('',(0.540127312771,10.697133771449,18.4));
#4485 = CARTESIAN_POINT('',(0.732377127671,10.677956515299,18.4));
#4486 = CARTESIAN_POINT('',(0.926796726502,10.6689453125,18.4));
#4487 = CARTESIAN_POINT('',(1.122802734375,10.6689453125,18.4));
#4488 = PCURVE('',#522,#4489);
#4489 = DEFINITIONAL_REPRESENTATION('',(#4490),#4503);
#4490 = B_SPLINE_CURVE_WITH_KNOTS('',6,(#4491,#4492,#4493,#4494,#4495,
    #4496,#4497,#4498,#4499,#4500,#4501,#4502),.UNSPECIFIED.,.F.,.F.,(7,
    5,7),(0.,0.358973098688,1.),.UNSPECIFIED.);
#4491 = CARTESIAN_POINT('',(-0.5712890625,11.093017578125));
#4492 = CARTESIAN_POINT('',(-0.48538707581,11.037195748391));
#4493 = CARTESIAN_POINT('',(-0.396025439309,10.986162311303));
#4494 = CARTESIAN_POINT('',(-0.303556052068,10.939965041761));
#4495 = CARTESIAN_POINT('',(-0.208348574239,10.898534416258));
#4496 = CARTESIAN_POINT('',(-0.110767513302,10.861722201857));
#4497 = CARTESIAN_POINT('',(0.166741312187,10.771514448659));
#4498 = CARTESIAN_POINT('',(0.351088950455,10.727827767297));
#4499 = CARTESIAN_POINT('',(0.540127312771,10.697133771449));
#4500 = CARTESIAN_POINT('',(0.732377127671,10.677956515299));
#4501 = CARTESIAN_POINT('',(0.926796726502,10.6689453125));
#4502 = CARTESIAN_POINT('',(1.122802734375,10.6689453125));
#4503 = ( GEOMETRIC_REPRESENTATION_CONTEXT(2) 
PARAMETRIC_REPRESENTATION_CONTEXT() REPRESENTATION_CONTEXT('2D SPACE',''
  ) );
#4504 = PCURVE('',#4505,#4512);
#4505 = SURFACE_OF_LINEAR_EXTRUSION('',#4506,#4510);
#4506 = B_SPLINE_CURVE_WITH_KNOTS('',2,(#4507,#4508,#4509),
  .UNSPECIFIED.,.F.,.F.,(3,3),(0.,1.),.PIECEWISE_BEZIER_KNOTS.);
#4507 = CARTESIAN_POINT('',(1.122802734375,10.6689453125,17.8));
#4508 = CARTESIAN_POINT('',(8.1298828125E-02,10.6689453125,17.8));
#4509 = CARTESIAN_POINT('',(-0.5712890625,11.093017578125,17.8));
#4510 = VECTOR('',#4511,1.);
#4511 = DIRECTION('',(-0.,-0.,-1.));
#4512 = DEFINITIONAL_REPRESENTATION('',(#4513),#4526);
#4513 = B_SPLINE_CURVE_WITH_KNOTS('',6,(#4514,#4515,#4516,#4517,#4518,
    #4519,#4520,#4521,#4522,#4523,#4524,#4525),.UNSPECIFIED.,.F.,.F.,(7,
    5,7),(0.,0.358973098688,1.),.UNSPECIFIED.);
#4514 = CARTESIAN_POINT('',(1.,-0.6));
#4515 = CARTESIAN_POINT('',(0.9341835882,-0.6));
#4516 = CARTESIAN_POINT('',(0.868814499563,-0.6));
#4517 = CARTESIAN_POINT('',(0.804082706182,-0.6));
#4518 = CARTESIAN_POINT('',(0.740135063126,-0.6));
#4519 = CARTESIAN_POINT('',(0.677081297914,-0.6));
#4520 = CARTESIAN_POINT('',(0.504139932277,-0.6));
#4521 = CARTESIAN_POINT('',(0.396405038297,-0.6));
#4522 = CARTESIAN_POINT('',(0.292138613134,-0.6));
#4523 = CARTESIAN_POINT('',(0.191400994462,-0.6));
#4524 = CARTESIAN_POINT('',(9.409758652673E-02,-0.6));
#4525 = CARTESIAN_POINT('',(0.,-0.6));
#4526 = ( GEOMETRIC_REPRESENTATION_CONTEXT(2) 
PARAMETRIC_REPRESENTATION_CONTEXT() REPRESENTATION_CONTEXT('2D SPACE',''
  ) );
#4527 = ORIENTED_EDGE('',*,*,#4528,.F.);
#4528 = EDGE_CURVE('',#4529,#4472,#4531,.T.);
#4529 = VERTEX_POINT('',#4530);
#4530 = CARTESIAN_POINT('',(-1.564453125,12.3212890625,18.4));
#4531 = SURFACE_CURVE('',#4532,(#4545,#4561),.PCURVE_S1.);
#4532 = B_SPLINE_CURVE_WITH_KNOTS('',6,(#4533,#4534,#4535,#4536,#4537,
    #4538,#4539,#4540,#4541,#4542,#4543,#4544),.UNSPECIFIED.,.F.,.F.,(7,
    5,7),(0.,0.828235453172,1.),.UNSPECIFIED.);
#4533 = CARTESIAN_POINT('',(-1.564453125,12.3212890625,18.4));
#4534 = CARTESIAN_POINT('',(-1.4761765346,12.112842403879,18.4));
#4535 = CARTESIAN_POINT('',(-1.372539425395,11.91314703374,18.4));
#4536 = CARTESIAN_POINT('',(-1.252389482783,11.724801695356,18.4));
#4537 = CARTESIAN_POINT('',(-1.115018693482,11.550610874457,18.4));
#4538 = CARTESIAN_POINT('',(-0.960654555934,11.393157649701,18.4));
#4539 = CARTESIAN_POINT('',(-0.756220623185,11.225220113287,18.4));
#4540 = CARTESIAN_POINT('',(-0.720459603722,11.197161439017,18.4));
#4541 = CARTESIAN_POINT('',(-0.684067823641,11.169902701774,18.4));
#4542 = CARTESIAN_POINT('',(-0.647062611473,11.143454298104,18.4));
#4543 = CARTESIAN_POINT('',(-0.609462867249,11.117824124646,18.4));
#4544 = CARTESIAN_POINT('',(-0.5712890625,11.093017578125,18.4));
#4545 = PCURVE('',#522,#4546);
#4546 = DEFINITIONAL_REPRESENTATION('',(#4547),#4560);
#4547 = B_SPLINE_CURVE_WITH_KNOTS('',6,(#4548,#4549,#4550,#4551,#4552,
    #4553,#4554,#4555,#4556,#4557,#4558,#4559),.UNSPECIFIED.,.F.,.F.,(7,
    5,7),(0.,0.828235453172,1.),.UNSPECIFIED.);
#4548 = CARTESIAN_POINT('',(-1.564453125,12.3212890625));
#4549 = CARTESIAN_POINT('',(-1.4761765346,12.112842403879));
#4550 = CARTESIAN_POINT('',(-1.372539425395,11.91314703374));
#4551 = CARTESIAN_POINT('',(-1.252389482783,11.724801695356));
#4552 = CARTESIAN_POINT('',(-1.115018693482,11.550610874457));
#4553 = CARTESIAN_POINT('',(-0.960654555934,11.393157649701));
#4554 = CARTESIAN_POINT('',(-0.756220623185,11.225220113287));
#4555 = CARTESIAN_POINT('',(-0.720459603722,11.197161439017));
#4556 = CARTESIAN_POINT('',(-0.684067823641,11.169902701774));
#4557 = CARTESIAN_POINT('',(-0.647062611473,11.143454298104));
#4558 = CARTESIAN_POINT('',(-0.609462867249,11.117824124646));
#4559 = CARTESIAN_POINT('',(-0.5712890625,11.093017578125));
#4560 = ( GEOMETRIC_REPRESENTATION_CONTEXT(2) 
PARAMETRIC_REPRESENTATION_CONTEXT() REPRESENTATION_CONTEXT('2D SPACE',''
  ) );
#4561 = PCURVE('',#4562,#4569);
#4562 = SURFACE_OF_LINEAR_EXTRUSION('',#4563,#4567);
#4563 = B_SPLINE_CURVE_WITH_KNOTS('',2,(#4564,#4565,#4566),
  .UNSPECIFIED.,.F.,.F.,(3,3),(0.,1.),.PIECEWISE_BEZIER_KNOTS.);
#4564 = CARTESIAN_POINT('',(-0.5712890625,11.093017578125,17.8));
#4565 = CARTESIAN_POINT('',(-1.223876953125,11.51708984375,17.8));
#4566 = CARTESIAN_POINT('',(-1.564453125,12.3212890625,17.8));
#4567 = VECTOR('',#4568,1.);
#4568 = DIRECTION('',(-0.,-0.,-1.));
#4569 = DEFINITIONAL_REPRESENTATION('',(#4570),#4583);
#4570 = B_SPLINE_CURVE_WITH_KNOTS('',6,(#4571,#4572,#4573,#4574,#4575,
    #4576,#4577,#4578,#4579,#4580,#4581,#4582),.UNSPECIFIED.,.F.,.F.,(7,
    5,7),(0.,0.828235453172,1.),.UNSPECIFIED.);
#4571 = CARTESIAN_POINT('',(1.,-0.6));
#4572 = CARTESIAN_POINT('',(0.870401105994,-0.6));
#4573 = CARTESIAN_POINT('',(0.736716260775,-0.6));
#4574 = CARTESIAN_POINT('',(0.599435514805,-0.6));
#4575 = CARTESIAN_POINT('',(0.459355301483,-0.6));
#4576 = CARTESIAN_POINT('',(0.317648691114,-0.6));
#4577 = CARTESIAN_POINT('',(0.14662402588,-0.6));
#4578 = CARTESIAN_POINT('',(0.117247798193,-0.6));
#4579 = CARTESIAN_POINT('',(8.788447939976E-02,-0.6));
#4580 = CARTESIAN_POINT('',(5.854699189349E-02,-0.6));
#4581 = CARTESIAN_POINT('',(2.924801800483E-02,-0.6));
#4582 = CARTESIAN_POINT('',(0.,-0.6));
#4583 = ( GEOMETRIC_REPRESENTATION_CONTEXT(2) 
PARAMETRIC_REPRESENTATION_CONTEXT() REPRESENTATION_CONTEXT('2D SPACE',''
  ) );
#4584 = ORIENTED_EDGE('',*,*,#4585,.F.);
#4585 = EDGE_CURVE('',#4586,#4529,#4588,.T.);
#4586 = VERTEX_POINT('',#4587);
#4587 = CARTESIAN_POINT('',(-1.905029296875,14.04833984375,18.4));
#4588 = SURFACE_CURVE('',#4589,(#4600,#4614),.PCURVE_S1.);
#4589 = B_SPLINE_CURVE_WITH_KNOTS('',5,(#4590,#4591,#4592,#4593,#4594,
    #4595,#4596,#4597,#4598,#4599),.UNSPECIFIED.,.F.,.F.,(6,4,6),(0.,
    0.843896923306,1.),.UNSPECIFIED.);
#4590 = CARTESIAN_POINT('',(-1.905029296875,14.04833984375,18.4));
#4591 = CARTESIAN_POINT('',(-1.905029296875,13.746367454176,18.4));
#4592 = CARTESIAN_POINT('',(-1.882237580759,13.446107296088,18.4));
#4593 = CARTESIAN_POINT('',(-1.834778193262,13.149745622039,18.4));
#4594 = CARTESIAN_POINT('',(-1.761602078402,12.859697548613,18.4));
#4595 = CARTESIAN_POINT('',(-1.645439755804,12.526339897804,18.4));
#4596 = CARTESIAN_POINT('',(-1.626455336203,12.474598287225,18.4));
#4597 = CARTESIAN_POINT('',(-1.606624692377,12.423167242644,18.4));
#4598 = CARTESIAN_POINT('',(-1.5859544828,12.372060010595,18.4));
#4599 = CARTESIAN_POINT('',(-1.564453125,12.3212890625,18.4));
#4600 = PCURVE('',#522,#4601);
#4601 = DEFINITIONAL_REPRESENTATION('',(#4602),#4613);
#4602 = B_SPLINE_CURVE_WITH_KNOTS('',5,(#4603,#4604,#4605,#4606,#4607,
    #4608,#4609,#4610,#4611,#4612),.UNSPECIFIED.,.F.,.F.,(6,4,6),(0.,
    0.843896923306,1.),.UNSPECIFIED.);
#4603 = CARTESIAN_POINT('',(-1.905029296875,14.04833984375));
#4604 = CARTESIAN_POINT('',(-1.905029296875,13.746367454176));
#4605 = CARTESIAN_POINT('',(-1.882237580759,13.446107296088));
#4606 = CARTESIAN_POINT('',(-1.834778193262,13.149745622039));
#4607 = CARTESIAN_POINT('',(-1.761602078402,12.859697548613));
#4608 = CARTESIAN_POINT('',(-1.645439755804,12.526339897804));
#4609 = CARTESIAN_POINT('',(-1.626455336203,12.474598287225));
#4610 = CARTESIAN_POINT('',(-1.606624692377,12.423167242644));
#4611 = CARTESIAN_POINT('',(-1.5859544828,12.372060010595));
#4612 = CARTESIAN_POINT('',(-1.564453125,12.3212890625));
#4613 = ( GEOMETRIC_REPRESENTATION_CONTEXT(2) 
PARAMETRIC_REPRESENTATION_CONTEXT() REPRESENTATION_CONTEXT('2D SPACE',''
  ) );
#4614 = PCURVE('',#4615,#4622);
#4615 = SURFACE_OF_LINEAR_EXTRUSION('',#4616,#4620);
#4616 = B_SPLINE_CURVE_WITH_KNOTS('',2,(#4617,#4618,#4619),
  .UNSPECIFIED.,.F.,.F.,(3,3),(0.,1.),.PIECEWISE_BEZIER_KNOTS.);
#4617 = CARTESIAN_POINT('',(-1.564453125,12.3212890625,17.8));
#4618 = CARTESIAN_POINT('',(-1.905029296875,13.12548828125,17.8));
#4619 = CARTESIAN_POINT('',(-1.905029296875,14.04833984375,17.8));
#4620 = VECTOR('',#4621,1.);
#4621 = DIRECTION('',(-0.,-0.,-1.));
#4622 = DEFINITIONAL_REPRESENTATION('',(#4623),#4634);
#4623 = B_SPLINE_CURVE_WITH_KNOTS('',5,(#4624,#4625,#4626,#4627,#4628,
    #4629,#4630,#4631,#4632,#4633),.UNSPECIFIED.,.F.,.F.,(6,4,6),(0.,
    0.843896923306,1.),.UNSPECIFIED.);
#4624 = CARTESIAN_POINT('',(1.,-0.6));
#4625 = CARTESIAN_POINT('',(0.836391678876,-0.6));
#4626 = CARTESIAN_POINT('',(0.669408975254,-0.6));
#4627 = CARTESIAN_POINT('',(0.499882301091,-0.6));
#4628 = CARTESIAN_POINT('',(0.328922148637,-0.6));
#4629 = CARTESIAN_POINT('',(0.12638301866,-0.6));
#4630 = CARTESIAN_POINT('',(9.476605024417E-02,-0.6));
#4631 = CARTESIAN_POINT('',(6.315761646047E-02,-0.6));
#4632 = CARTESIAN_POINT('',(3.156615109226E-02,-0.6));
#4633 = CARTESIAN_POINT('',(0.,-0.6));
#4634 = ( GEOMETRIC_REPRESENTATION_CONTEXT(2) 
PARAMETRIC_REPRESENTATION_CONTEXT() REPRESENTATION_CONTEXT('2D SPACE',''
  ) );
#4635 = ORIENTED_EDGE('',*,*,#4636,.F.);
#4636 = EDGE_CURVE('',#4637,#4586,#4639,.T.);
#4637 = VERTEX_POINT('',#4638);
#4638 = CARTESIAN_POINT('',(-1.5205078125,15.803955078125,18.4));
#4639 = SURFACE_CURVE('',#4640,(#4651,#4665),.PCURVE_S1.);
#4640 = B_SPLINE_CURVE_WITH_KNOTS('',5,(#4641,#4642,#4643,#4644,#4645,
    #4646,#4647,#4648,#4649,#4650),.UNSPECIFIED.,.F.,.F.,(6,4,6),(0.,
    0.484373116732,1.),.UNSPECIFIED.);
#4641 = CARTESIAN_POINT('',(-1.5205078125,15.803955078125,18.4));
#4642 = CARTESIAN_POINT('',(-1.599321830891,15.650380333717,18.4));
#4643 = CARTESIAN_POINT('',(-1.667572445695,15.490964633155,18.4));
#4644 = CARTESIAN_POINT('',(-1.725113880808,15.326622888847,18.4));
#4645 = CARTESIAN_POINT('',(-1.77229613658,15.158312876705,18.4));
#4646 = CARTESIAN_POINT('',(-1.849448011433,14.804437632385,18.4));
#4647 = CARTESIAN_POINT('',(-1.878112354103,14.618449387196,18.4));
#4648 = CARTESIAN_POINT('',(-1.89633738123,14.429937638591,18.4));
#4649 = CARTESIAN_POINT('',(-1.905029296875,14.23971492383,18.4));
#4650 = CARTESIAN_POINT('',(-1.905029296875,14.04833984375,18.4));
#4651 = PCURVE('',#522,#4652);
#4652 = DEFINITIONAL_REPRESENTATION('',(#4653),#4664);
#4653 = B_SPLINE_CURVE_WITH_KNOTS('',5,(#4654,#4655,#4656,#4657,#4658,
    #4659,#4660,#4661,#4662,#4663),.UNSPECIFIED.,.F.,.F.,(6,4,6),(0.,
    0.484373116732,1.),.UNSPECIFIED.);
#4654 = CARTESIAN_POINT('',(-1.5205078125,15.803955078125));
#4655 = CARTESIAN_POINT('',(-1.599321830891,15.650380333717));
#4656 = CARTESIAN_POINT('',(-1.667572445695,15.490964633155));
#4657 = CARTESIAN_POINT('',(-1.725113880808,15.326622888847));
#4658 = CARTESIAN_POINT('',(-1.77229613658,15.158312876705));
#4659 = CARTESIAN_POINT('',(-1.849448011433,14.804437632385));
#4660 = CARTESIAN_POINT('',(-1.878112354103,14.618449387196));
#4661 = CARTESIAN_POINT('',(-1.89633738123,14.429937638591));
#4662 = CARTESIAN_POINT('',(-1.905029296875,14.23971492383));
#4663 = CARTESIAN_POINT('',(-1.905029296875,14.04833984375));
#4664 = ( GEOMETRIC_REPRESENTATION_CONTEXT(2) 
PARAMETRIC_REPRESENTATION_CONTEXT() REPRESENTATION_CONTEXT('2D SPACE',''
  ) );
#4665 = PCURVE('',#4666,#4673);
#4666 = SURFACE_OF_LINEAR_EXTRUSION('',#4667,#4671);
#4667 = B_SPLINE_CURVE_WITH_KNOTS('',2,(#4668,#4669,#4670),
  .UNSPECIFIED.,.F.,.F.,(3,3),(0.,1.),.PIECEWISE_BEZIER_KNOTS.);
#4668 = CARTESIAN_POINT('',(-1.905029296875,14.04833984375,17.8));
#4669 = CARTESIAN_POINT('',(-1.905029296875,15.0546875,17.8));
#4670 = CARTESIAN_POINT('',(-1.5205078125,15.803955078125,17.8));
#4671 = VECTOR('',#4672,1.);
#4672 = DIRECTION('',(-0.,-0.,-1.));
#4673 = DEFINITIONAL_REPRESENTATION('',(#4674),#4685);
#4674 = B_SPLINE_CURVE_WITH_KNOTS('',5,(#4675,#4676,#4677,#4678,#4679,
    #4680,#4681,#4682,#4683,#4684),.UNSPECIFIED.,.F.,.F.,(6,4,6),(0.,
    0.484373116732,1.),.UNSPECIFIED.);
#4675 = CARTESIAN_POINT('',(1.,-0.6));
#4676 = CARTESIAN_POINT('',(0.897516755768,-0.6));
#4677 = CARTESIAN_POINT('',(0.795640376205,-0.6));
#4678 = CARTESIAN_POINT('',(0.694873855547,-0.6));
#4679 = CARTESIAN_POINT('',(0.595576798986,-0.6));
#4680 = CARTESIAN_POINT('',(0.394127140416,-0.6));
#4681 = CARTESIAN_POINT('',(0.292197949026,-0.6));
#4682 = CARTESIAN_POINT('',(0.192482666847,-0.6));
#4683 = CARTESIAN_POINT('',(9.508397962262E-02,-0.6));
#4684 = CARTESIAN_POINT('',(0.,-0.6));
#4685 = ( GEOMETRIC_REPRESENTATION_CONTEXT(2) 
PARAMETRIC_REPRESENTATION_CONTEXT() REPRESENTATION_CONTEXT('2D SPACE',''
  ) );
#4686 = ORIENTED_EDGE('',*,*,#4687,.F.);
#4687 = EDGE_CURVE('',#4688,#4637,#4690,.T.);
#4688 = VERTEX_POINT('',#4689);
#4689 = CARTESIAN_POINT('',(-0.42626953125,16.942138671875,18.4));
#4690 = SURFACE_CURVE('',#4691,(#4702,#4716),.PCURVE_S1.);
#4691 = B_SPLINE_CURVE_WITH_KNOTS('',5,(#4692,#4693,#4694,#4695,#4696,
    #4697,#4698,#4699,#4700,#4701),.UNSPECIFIED.,.F.,.F.,(6,4,6),(0.,
    0.381635784922,1.),.UNSPECIFIED.);
#4692 = CARTESIAN_POINT('',(-0.42626953125,16.942138671875,18.4));
#4693 = CARTESIAN_POINT('',(-0.533870364499,16.883174747772,18.4));
#4694 = CARTESIAN_POINT('',(-0.637827340677,16.8184706634,18.4));
#4695 = CARTESIAN_POINT('',(-0.737660851399,16.747993467597,18.4));
#4696 = CARTESIAN_POINT('',(-0.832951536438,16.671845139681,18.4));
#4697 = CARTESIAN_POINT('',(-1.069901262812,16.458212217856,18.4));
#4698 = CARTESIAN_POINT('',(-1.203707891909,16.311934180835,18.4));
#4699 = CARTESIAN_POINT('',(-1.323352224903,16.15276050614,18.4));
#4700 = CARTESIAN_POINT('',(-1.428765699903,15.982721137528,18.4));
#4701 = CARTESIAN_POINT('',(-1.5205078125,15.803955078125,18.4));
#4702 = PCURVE('',#522,#4703);
#4703 = DEFINITIONAL_REPRESENTATION('',(#4704),#4715);
#4704 = B_SPLINE_CURVE_WITH_KNOTS('',5,(#4705,#4706,#4707,#4708,#4709,
    #4710,#4711,#4712,#4713,#4714),.UNSPECIFIED.,.F.,.F.,(6,4,6),(0.,
    0.381635784922,1.),.UNSPECIFIED.);
#4705 = CARTESIAN_POINT('',(-0.42626953125,16.942138671875));
#4706 = CARTESIAN_POINT('',(-0.533870364499,16.883174747772));
#4707 = CARTESIAN_POINT('',(-0.637827340677,16.8184706634));
#4708 = CARTESIAN_POINT('',(-0.737660851399,16.747993467597));
#4709 = CARTESIAN_POINT('',(-0.832951536438,16.671845139681));
#4710 = CARTESIAN_POINT('',(-1.069901262812,16.458212217856));
#4711 = CARTESIAN_POINT('',(-1.203707891909,16.311934180835));
#4712 = CARTESIAN_POINT('',(-1.323352224903,16.15276050614));
#4713 = CARTESIAN_POINT('',(-1.428765699903,15.982721137528));
#4714 = CARTESIAN_POINT('',(-1.5205078125,15.803955078125));
#4715 = ( GEOMETRIC_REPRESENTATION_CONTEXT(2) 
PARAMETRIC_REPRESENTATION_CONTEXT() REPRESENTATION_CONTEXT('2D SPACE',''
  ) );
#4716 = PCURVE('',#4717,#4724);
#4717 = SURFACE_OF_LINEAR_EXTRUSION('',#4718,#4722);
#4718 = B_SPLINE_CURVE_WITH_KNOTS('',2,(#4719,#4720,#4721),
  .UNSPECIFIED.,.F.,.F.,(3,3),(0.,1.),.PIECEWISE_BEZIER_KNOTS.);
#4719 = CARTESIAN_POINT('',(-1.5205078125,15.803955078125,17.8));
#4720 = CARTESIAN_POINT('',(-1.135986328125,16.55322265625,17.8));
#4721 = CARTESIAN_POINT('',(-0.42626953125,16.942138671875,17.8));
#4722 = VECTOR('',#4723,1.);
#4723 = DIRECTION('',(-0.,-0.,-1.));
#4724 = DEFINITIONAL_REPRESENTATION('',(#4725),#4736);
#4725 = B_SPLINE_CURVE_WITH_KNOTS('',5,(#4726,#4727,#4728,#4729,#4730,
    #4731,#4732,#4733,#4734,#4735),.UNSPECIFIED.,.F.,.F.,(6,4,6),(0.,
    0.381635784922,1.),.UNSPECIFIED.);
#4726 = CARTESIAN_POINT('',(1.,-0.6));
#4727 = CARTESIAN_POINT('',(0.92419452821,-0.6));
#4728 = CARTESIAN_POINT('',(0.847664863738,-0.6));
#4729 = CARTESIAN_POINT('',(0.770623072343,-0.6));
#4730 = CARTESIAN_POINT('',(0.693310219016,-0.6));
#4731 = CARTESIAN_POINT('',(0.490734302212,-0.6));
#4732 = CARTESIAN_POINT('',(0.365432050094,-0.6));
#4733 = CARTESIAN_POINT('',(0.241319952465,-0.6));
#4734 = CARTESIAN_POINT('',(0.119293870856,-0.6));
#4735 = CARTESIAN_POINT('',(0.,-0.6));
#4736 = ( GEOMETRIC_REPRESENTATION_CONTEXT(2) 
PARAMETRIC_REPRESENTATION_CONTEXT() REPRESENTATION_CONTEXT('2D SPACE',''
  ) );
#4737 = ORIENTED_EDGE('',*,*,#4738,.F.);
#4738 = EDGE_CURVE('',#4739,#4688,#4741,.T.);
#4739 = VERTEX_POINT('',#4740);
#4740 = CARTESIAN_POINT('',(1.135986328125,17.3310546875,18.4));
#4741 = SURFACE_CURVE('',#4742,(#4753,#4767),.PCURVE_S1.);
#4742 = B_SPLINE_CURVE_WITH_KNOTS('',5,(#4743,#4744,#4745,#4746,#4747,
    #4748,#4749,#4750,#4751,#4752),.UNSPECIFIED.,.F.,.F.,(6,4,6),(0.,
    0.71267981934,1.),.UNSPECIFIED.);
#4743 = CARTESIAN_POINT('',(1.135986328125,17.3310546875,18.4));
#4744 = CARTESIAN_POINT('',(0.901156673585,17.3310546875,18.4));
#4745 = CARTESIAN_POINT('',(0.66798220574,17.312611811991,18.4));
#4746 = CARTESIAN_POINT('',(0.438286404798,17.274122878959,18.4));
#4747 = CARTESIAN_POINT('',(0.21408839062,17.214668789658,18.4));
#4748 = CARTESIAN_POINT('',(-8.999041344101E-02,17.102884137599,18.4));
#4749 = CARTESIAN_POINT('',(-0.176150635353,17.067477351592,18.4));
#4750 = CARTESIAN_POINT('',(-0.260982353621,17.028827292786,18.4));
#4751 = CARTESIAN_POINT('',(-0.344383268923,16.987011329559,18.4));
#4752 = CARTESIAN_POINT('',(-0.42626953125,16.942138671875,18.4));
#4753 = PCURVE('',#522,#4754);
#4754 = DEFINITIONAL_REPRESENTATION('',(#4755),#4766);
#4755 = B_SPLINE_CURVE_WITH_KNOTS('',5,(#4756,#4757,#4758,#4759,#4760,
    #4761,#4762,#4763,#4764,#4765),.UNSPECIFIED.,.F.,.F.,(6,4,6),(0.,
    0.71267981934,1.),.UNSPECIFIED.);
#4756 = CARTESIAN_POINT('',(1.135986328125,17.3310546875));
#4757 = CARTESIAN_POINT('',(0.901156673585,17.3310546875));
#4758 = CARTESIAN_POINT('',(0.66798220574,17.312611811991));
#4759 = CARTESIAN_POINT('',(0.438286404798,17.274122878959));
#4760 = CARTESIAN_POINT('',(0.21408839062,17.214668789658));
#4761 = CARTESIAN_POINT('',(-8.999041344101E-02,17.102884137599));
#4762 = CARTESIAN_POINT('',(-0.176150635353,17.067477351592));
#4763 = CARTESIAN_POINT('',(-0.260982353621,17.028827292786));
#4764 = CARTESIAN_POINT('',(-0.344383268923,16.987011329559));
#4765 = CARTESIAN_POINT('',(-0.42626953125,16.942138671875));
#4766 = ( GEOMETRIC_REPRESENTATION_CONTEXT(2) 
PARAMETRIC_REPRESENTATION_CONTEXT() REPRESENTATION_CONTEXT('2D SPACE',''
  ) );
#4767 = PCURVE('',#4768,#4775);
#4768 = SURFACE_OF_LINEAR_EXTRUSION('',#4769,#4773);
#4769 = B_SPLINE_CURVE_WITH_KNOTS('',2,(#4770,#4771,#4772),
  .UNSPECIFIED.,.F.,.F.,(3,3),(0.,1.),.PIECEWISE_BEZIER_KNOTS.);
#4770 = CARTESIAN_POINT('',(-0.42626953125,16.942138671875,17.8));
#4771 = CARTESIAN_POINT('',(0.283447265625,17.3310546875,17.8));
#4772 = CARTESIAN_POINT('',(1.135986328125,17.3310546875,17.8));
#4773 = VECTOR('',#4774,1.);
#4774 = DIRECTION('',(-0.,-0.,-1.));
#4775 = DEFINITIONAL_REPRESENTATION('',(#4776),#4787);
#4776 = B_SPLINE_CURVE_WITH_KNOTS('',5,(#4777,#4778,#4779,#4780,#4781,
    #4782,#4783,#4784,#4785,#4786),.UNSPECIFIED.,.F.,.F.,(6,4,6),(0.,
    0.71267981934,1.),.UNSPECIFIED.);
#4777 = CARTESIAN_POINT('',(1.,-0.6));
#4778 = CARTESIAN_POINT('',(0.86227630799,-0.6));
#4779 = CARTESIAN_POINT('',(0.721551216443,-0.6));
#4780 = CARTESIAN_POINT('',(0.578548880477,-0.6));
#4781 = CARTESIAN_POINT('',(0.434255529225,-0.6));
#4782 = CARTESIAN_POINT('',(0.231842713104,-0.6));
#4783 = CARTESIAN_POINT('',(0.173685428406,-0.6));
#4784 = CARTESIAN_POINT('',(0.115608768319,-0.6));
#4785 = CARTESIAN_POINT('',(5.768939292943E-02,-0.6));
#4786 = CARTESIAN_POINT('',(0.,-0.6));
#4787 = ( GEOMETRIC_REPRESENTATION_CONTEXT(2) 
PARAMETRIC_REPRESENTATION_CONTEXT() REPRESENTATION_CONTEXT('2D SPACE',''
  ) );
#4788 = ORIENTED_EDGE('',*,*,#4789,.F.);
#4789 = EDGE_CURVE('',#4790,#4739,#4792,.T.);
#4790 = VERTEX_POINT('',#4791);
#4791 = CARTESIAN_POINT('',(2.761962890625,16.8388671875,18.4));
#4792 = SURFACE_CURVE('',#4793,(#4811,#4832),.PCURVE_S1.);
#4793 = B_SPLINE_CURVE_WITH_KNOTS('',6,(#4794,#4795,#4796,#4797,#4798,
    #4799,#4800,#4801,#4802,#4803,#4804,#4805,#4806,#4807,#4808,#4809,
    #4810),.UNSPECIFIED.,.F.,.F.,(7,5,5,7),(0.,0.11255415166,
    0.529467125525,1.),.UNSPECIFIED.);
#4794 = CARTESIAN_POINT('',(2.761962890625,16.8388671875,18.4));
#4795 = CARTESIAN_POINT('',(2.736297667427,16.858030554154,18.4));
#4796 = CARTESIAN_POINT('',(2.710327090451,16.876765331305,18.4));
#4797 = CARTESIAN_POINT('',(2.684056389713,16.89506514616,18.4));
#4798 = CARTESIAN_POINT('',(2.65749133036,16.912924320512,18.4));
#4799 = CARTESIAN_POINT('',(2.630638212674,16.930337870741,18.4));
#4800 = CARTESIAN_POINT('',(2.50299528604,17.010136687811,18.4));
#4801 = CARTESIAN_POINT('',(2.398617186155,17.066805808599,18.4));
#4802 = CARTESIAN_POINT('',(2.290740119008,17.117073588062,18.4));
#4803 = CARTESIAN_POINT('',(2.179783065051,17.160886609224,18.4));
#4804 = CARTESIAN_POINT('',(2.066194435027,17.1983338093,18.4));
#4805 = CARTESIAN_POINT('',(1.819783427406,17.264902223473,18.4));
#4806 = CARTESIAN_POINT('',(1.686350883806,17.292337355408,18.4));
#4807 = CARTESIAN_POINT('',(1.550750521982,17.312196843649,18.4));
#4808 = CARTESIAN_POINT('',(1.413534632342,17.324934884483,18.4));
#4809 = CARTESIAN_POINT('',(1.275162345145,17.3310546875,18.4));
#4810 = CARTESIAN_POINT('',(1.135986328125,17.3310546875,18.4));
#4811 = PCURVE('',#522,#4812);
#4812 = DEFINITIONAL_REPRESENTATION('',(#4813),#4831);
#4813 = B_SPLINE_CURVE_WITH_KNOTS('',6,(#4814,#4815,#4816,#4817,#4818,
    #4819,#4820,#4821,#4822,#4823,#4824,#4825,#4826,#4827,#4828,#4829,
    #4830),.UNSPECIFIED.,.F.,.F.,(7,5,5,7),(0.,0.11255415166,
    0.529467125525,1.),.UNSPECIFIED.);
#4814 = CARTESIAN_POINT('',(2.761962890625,16.8388671875));
#4815 = CARTESIAN_POINT('',(2.736297667427,16.858030554154));
#4816 = CARTESIAN_POINT('',(2.710327090451,16.876765331305));
#4817 = CARTESIAN_POINT('',(2.684056389713,16.89506514616));
#4818 = CARTESIAN_POINT('',(2.65749133036,16.912924320512));
#4819 = CARTESIAN_POINT('',(2.630638212674,16.930337870741));
#4820 = CARTESIAN_POINT('',(2.50299528604,17.010136687811));
#4821 = CARTESIAN_POINT('',(2.398617186155,17.066805808599));
#4822 = CARTESIAN_POINT('',(2.290740119008,17.117073588062));
#4823 = CARTESIAN_POINT('',(2.179783065051,17.160886609224));
#4824 = CARTESIAN_POINT('',(2.066194435027,17.1983338093));
#4825 = CARTESIAN_POINT('',(1.819783427406,17.264902223473));
#4826 = CARTESIAN_POINT('',(1.686350883806,17.292337355408));
#4827 = CARTESIAN_POINT('',(1.550750521982,17.312196843649));
#4828 = CARTESIAN_POINT('',(1.413534632342,17.324934884483));
#4829 = CARTESIAN_POINT('',(1.275162345145,17.3310546875));
#4830 = CARTESIAN_POINT('',(1.135986328125,17.3310546875));
#4831 = ( GEOMETRIC_REPRESENTATION_CONTEXT(2) 
PARAMETRIC_REPRESENTATION_CONTEXT() REPRESENTATION_CONTEXT('2D SPACE',''
  ) );
#4832 = PCURVE('',#4833,#4840);
#4833 = SURFACE_OF_LINEAR_EXTRUSION('',#4834,#4838);
#4834 = B_SPLINE_CURVE_WITH_KNOTS('',2,(#4835,#4836,#4837),
  .UNSPECIFIED.,.F.,.F.,(3,3),(0.,1.),.PIECEWISE_BEZIER_KNOTS.);
#4835 = CARTESIAN_POINT('',(1.135986328125,17.3310546875,17.8));
#4836 = CARTESIAN_POINT('',(2.102783203125,17.3310546875,17.8));
#4837 = CARTESIAN_POINT('',(2.761962890625,16.8388671875,17.8));
#4838 = VECTOR('',#4839,1.);
#4839 = DIRECTION('',(-0.,-0.,-1.));
#4840 = DEFINITIONAL_REPRESENTATION('',(#4841),#4859);
#4841 = B_SPLINE_CURVE_WITH_KNOTS('',6,(#4842,#4843,#4844,#4845,#4846,
    #4847,#4848,#4849,#4850,#4851,#4852,#4853,#4854,#4855,#4856,#4857,
    #4858),.UNSPECIFIED.,.F.,.F.,(7,5,5,7),(0.,0.11255415166,
    0.529467125525,1.),.UNSPECIFIED.);
#4842 = CARTESIAN_POINT('',(1.,-0.6));
#4843 = CARTESIAN_POINT('',(0.980532452923,-0.6));
#4844 = CARTESIAN_POINT('',(0.961045519488,-0.6));
#4845 = CARTESIAN_POINT('',(0.941543964406,-0.6));
#4846 = CARTESIAN_POINT('',(0.922032604627,-0.6));
#4847 = CARTESIAN_POINT('',(0.902516309346,-0.6));
#4848 = CARTESIAN_POINT('',(0.810709440761,-0.6));
#4849 = CARTESIAN_POINT('',(0.73841074804,-0.6));
#4850 = CARTESIAN_POINT('',(0.666371608841,-0.6));
#4851 = CARTESIAN_POINT('',(0.594825974095,-0.6));
#4852 = CARTESIAN_POINT('',(0.523977001775,-0.6));
#4853 = CARTESIAN_POINT('',(0.375023134667,-0.6));
#4854 = CARTESIAN_POINT('',(0.297147675533,-0.6));
#4855 = CARTESIAN_POINT('',(0.220599775037,-0.6));
#4856 = CARTESIAN_POINT('',(0.145518251237,-0.6));
#4857 = CARTESIAN_POINT('',(7.197789971125E-02,-0.6));
#4858 = CARTESIAN_POINT('',(0.,-0.6));
#4859 = ( GEOMETRIC_REPRESENTATION_CONTEXT(2) 
PARAMETRIC_REPRESENTATION_CONTEXT() REPRESENTATION_CONTEXT('2D SPACE',''
  ) );
#4860 = ORIENTED_EDGE('',*,*,#4861,.F.);
#4861 = EDGE_CURVE('',#4862,#4790,#4864,.T.);
#4862 = VERTEX_POINT('',#4863);
#4863 = CARTESIAN_POINT('',(3.680419921875,15.45458984375,18.4));
#4864 = SURFACE_CURVE('',#4865,(#4880,#4898),.PCURVE_S1.);
#4865 = B_SPLINE_CURVE_WITH_KNOTS('',5,(#4866,#4867,#4868,#4869,#4870,
    #4871,#4872,#4873,#4874,#4875,#4876,#4877,#4878,#4879),
  .UNSPECIFIED.,.F.,.F.,(6,4,4,6),(0.,0.415778066107,0.796290079514,1.),
  .UNSPECIFIED.);
#4866 = CARTESIAN_POINT('',(3.680419921875,15.45458984375,18.4));
#4867 = CARTESIAN_POINT('',(3.640255197166,15.592783727071,18.4));
#4868 = CARTESIAN_POINT('',(3.593206647588,15.728026025526,18.4));
#4869 = CARTESIAN_POINT('',(3.538790845362,15.859645031703,18.4));
#4870 = CARTESIAN_POINT('',(3.476588428644,15.986808845853,18.4));
#4871 = CARTESIAN_POINT('',(3.342346171438,16.220188293703,18.4));
#4872 = CARTESIAN_POINT('',(3.271582214388,16.32727744294,18.4));
#4873 = CARTESIAN_POINT('',(3.194137688739,16.429255118613,18.4));
#4874 = CARTESIAN_POINT('',(3.110143981431,16.52552641933,18.4));
#4875 = CARTESIAN_POINT('',(2.971789678146,16.663920861746,18.4));
#4876 = CARTESIAN_POINT('',(2.921791104095,16.71042182465,18.4));
#4877 = CARTESIAN_POINT('',(2.870099585503,16.755104886615,18.4));
#4878 = CARTESIAN_POINT('',(2.816792845941,16.797927487531,18.4));
#4879 = CARTESIAN_POINT('',(2.761962890625,16.8388671875,18.4));
#4880 = PCURVE('',#522,#4881);
#4881 = DEFINITIONAL_REPRESENTATION('',(#4882),#4897);
#4882 = B_SPLINE_CURVE_WITH_KNOTS('',5,(#4883,#4884,#4885,#4886,#4887,
    #4888,#4889,#4890,#4891,#4892,#4893,#4894,#4895,#4896),
  .UNSPECIFIED.,.F.,.F.,(6,4,4,6),(0.,0.415778066107,0.796290079514,1.),
  .UNSPECIFIED.);
#4883 = CARTESIAN_POINT('',(3.680419921875,15.45458984375));
#4884 = CARTESIAN_POINT('',(3.640255197166,15.592783727071));
#4885 = CARTESIAN_POINT('',(3.593206647588,15.728026025526));
#4886 = CARTESIAN_POINT('',(3.538790845362,15.859645031703));
#4887 = CARTESIAN_POINT('',(3.476588428644,15.986808845853));
#4888 = CARTESIAN_POINT('',(3.342346171438,16.220188293703));
#4889 = CARTESIAN_POINT('',(3.271582214388,16.32727744294));
#4890 = CARTESIAN_POINT('',(3.194137688739,16.429255118613));
#4891 = CARTESIAN_POINT('',(3.110143981431,16.52552641933));
#4892 = CARTESIAN_POINT('',(2.971789678146,16.663920861746));
#4893 = CARTESIAN_POINT('',(2.921791104095,16.71042182465));
#4894 = CARTESIAN_POINT('',(2.870099585503,16.755104886615));
#4895 = CARTESIAN_POINT('',(2.816792845941,16.797927487531));
#4896 = CARTESIAN_POINT('',(2.761962890625,16.8388671875));
#4897 = ( GEOMETRIC_REPRESENTATION_CONTEXT(2) 
PARAMETRIC_REPRESENTATION_CONTEXT() REPRESENTATION_CONTEXT('2D SPACE',''
  ) );
#4898 = PCURVE('',#4899,#4906);
#4899 = SURFACE_OF_LINEAR_EXTRUSION('',#4900,#4904);
#4900 = B_SPLINE_CURVE_WITH_KNOTS('',2,(#4901,#4902,#4903),
  .UNSPECIFIED.,.F.,.F.,(3,3),(0.,1.),.PIECEWISE_BEZIER_KNOTS.);
#4901 = CARTESIAN_POINT('',(2.761962890625,16.8388671875,17.8));
#4902 = CARTESIAN_POINT('',(3.421142578125,16.3466796875,17.8));
#4903 = CARTESIAN_POINT('',(3.680419921875,15.45458984375,17.8));
#4904 = VECTOR('',#4905,1.);
#4905 = DIRECTION('',(-0.,-0.,-1.));
#4906 = DEFINITIONAL_REPRESENTATION('',(#4907),#4922);
#4907 = B_SPLINE_CURVE_WITH_KNOTS('',5,(#4908,#4909,#4910,#4911,#4912,
    #4913,#4914,#4915,#4916,#4917,#4918,#4919,#4920,#4921),
  .UNSPECIFIED.,.F.,.F.,(6,4,4,6),(0.,0.415778066107,0.796290079514,1.),
  .UNSPECIFIED.);
#4908 = CARTESIAN_POINT('',(1.,-0.6));
#4909 = CARTESIAN_POINT('',(0.922544862331,-0.6));
#4910 = CARTESIAN_POINT('',(0.843382085238,-0.6));
#4911 = CARTESIAN_POINT('',(0.762593432225,-0.6));
#4912 = CARTESIAN_POINT('',(0.680358054613,-0.6));
#4913 = CARTESIAN_POINT('',(0.520712326888,-0.6));
#4914 = CARTESIAN_POINT('',(0.443476711604,-0.6));
#4915 = CARTESIAN_POINT('',(0.365559691183,-0.6));
#4916 = CARTESIAN_POINT('',(0.28727666819,-0.6));
#4917 = CARTESIAN_POINT('',(0.167094006783,-0.6));
#4918 = CARTESIAN_POINT('',(0.125187507274,-0.6));
#4919 = CARTESIAN_POINT('',(8.333527212089E-02,-0.6));
#4920 = CARTESIAN_POINT('',(4.15895364769E-02,-0.6));
#4921 = CARTESIAN_POINT('',(0.,-0.6));
#4922 = ( GEOMETRIC_REPRESENTATION_CONTEXT(2) 
PARAMETRIC_REPRESENTATION_CONTEXT() REPRESENTATION_CONTEXT('2D SPACE',''
  ) );
#4923 = ORIENTED_EDGE('',*,*,#4924,.F.);
#4924 = EDGE_CURVE('',#4925,#4862,#4927,.T.);
#4925 = VERTEX_POINT('',#4926);
#4926 = CARTESIAN_POINT('',(2.841064453125,15.2568359375,18.4));
#4927 = SURFACE_CURVE('',#4928,(#4932,#4938),.PCURVE_S1.);
#4928 = LINE('',#4929,#4930);
#4929 = CARTESIAN_POINT('',(0.212160444431,14.637460647493,18.4));
#4930 = VECTOR('',#4931,1.);
#4931 = DIRECTION('',(0.973350293123,0.22932336749,-0.));
#4932 = PCURVE('',#522,#4933);
#4933 = DEFINITIONAL_REPRESENTATION('',(#4934),#4937);
#4934 = B_SPLINE_CURVE_WITH_KNOTS('',1,(#4935,#4936),.UNSPECIFIED.,.F.,
  .F.,(2,2),(2.7008817147,3.563218197958),.PIECEWISE_BEZIER_KNOTS.);
#4935 = CARTESIAN_POINT('',(2.841064453125,15.2568359375));
#4936 = CARTESIAN_POINT('',(3.680419921875,15.45458984375));
#4937 = ( GEOMETRIC_REPRESENTATION_CONTEXT(2) 
PARAMETRIC_REPRESENTATION_CONTEXT() REPRESENTATION_CONTEXT('2D SPACE',''
  ) );
#4938 = PCURVE('',#4939,#4944);
#4939 = PLANE('',#4940);
#4940 = AXIS2_PLACEMENT_3D('',#4941,#4942,#4943);
#4941 = CARTESIAN_POINT('',(3.680419921875,15.45458984375,17.8));
#4942 = DIRECTION('',(0.22932336749,-0.973350293123,0.));
#4943 = DIRECTION('',(-0.973350293123,-0.22932336749,0.));
#4944 = DEFINITIONAL_REPRESENTATION('',(#4945),#4948);
#4945 = B_SPLINE_CURVE_WITH_KNOTS('',1,(#4946,#4947),.UNSPECIFIED.,.F.,
  .F.,(2,2),(2.7008817147,3.563218197958),.PIECEWISE_BEZIER_KNOTS.);
#4946 = CARTESIAN_POINT('',(0.862336483258,-0.6));
#4947 = CARTESIAN_POINT('',(0.,-0.6));
#4948 = ( GEOMETRIC_REPRESENTATION_CONTEXT(2) 
PARAMETRIC_REPRESENTATION_CONTEXT() REPRESENTATION_CONTEXT('2D SPACE',''
  ) );
#4949 = ORIENTED_EDGE('',*,*,#4950,.F.);
#4950 = EDGE_CURVE('',#4951,#4925,#4953,.T.);
#4951 = VERTEX_POINT('',#4952);
#4952 = CARTESIAN_POINT('',(2.190673828125,16.28076171875,18.4));
#4953 = SURFACE_CURVE('',#4954,(#4967,#4983),.PCURVE_S1.);
#4954 = B_SPLINE_CURVE_WITH_KNOTS('',6,(#4955,#4956,#4957,#4958,#4959,
    #4960,#4961,#4962,#4963,#4964,#4965,#4966),.UNSPECIFIED.,.F.,.F.,(7,
    5,7),(0.,0.476345049118,1.),.UNSPECIFIED.);
#4955 = CARTESIAN_POINT('',(2.190673828125,16.28076171875,18.4));
#4956 = CARTESIAN_POINT('',(2.264220634116,16.225412060633,18.4));
#4957 = CARTESIAN_POINT('',(2.333641971391,16.163621111007,18.4));
#4958 = CARTESIAN_POINT('',(2.398688158525,16.095827347312,18.4));
#4959 = CARTESIAN_POINT('',(2.45931578491,16.022609329919,18.4));
#4960 = CARTESIAN_POINT('',(2.515604053675,15.944580981789,18.4));
#4961 = CARTESIAN_POINT('',(2.624983103752,15.771911023346,18.4));
#4962 = CARTESIAN_POINT('',(2.677203499583,15.676385119396,18.4));
#4963 = CARTESIAN_POINT('',(2.724597697497,15.576490921081,18.4));
#4964 = CARTESIAN_POINT('',(2.767485159288,15.472912999342,18.4));
#4965 = CARTESIAN_POINT('',(2.806198978748,15.366217817899,18.4));
#4966 = CARTESIAN_POINT('',(2.841064453125,15.2568359375,18.4));
#4967 = PCURVE('',#522,#4968);
#4968 = DEFINITIONAL_REPRESENTATION('',(#4969),#4982);
#4969 = B_SPLINE_CURVE_WITH_KNOTS('',6,(#4970,#4971,#4972,#4973,#4974,
    #4975,#4976,#4977,#4978,#4979,#4980,#4981),.UNSPECIFIED.,.F.,.F.,(7,
    5,7),(0.,0.476345049118,1.),.UNSPECIFIED.);
#4970 = CARTESIAN_POINT('',(2.190673828125,16.28076171875));
#4971 = CARTESIAN_POINT('',(2.264220634116,16.225412060633));
#4972 = CARTESIAN_POINT('',(2.333641971391,16.163621111007));
#4973 = CARTESIAN_POINT('',(2.398688158525,16.095827347312));
#4974 = CARTESIAN_POINT('',(2.45931578491,16.022609329919));
#4975 = CARTESIAN_POINT('',(2.515604053675,15.944580981789));
#4976 = CARTESIAN_POINT('',(2.624983103752,15.771911023346));
#4977 = CARTESIAN_POINT('',(2.677203499583,15.676385119396));
#4978 = CARTESIAN_POINT('',(2.724597697497,15.576490921081));
#4979 = CARTESIAN_POINT('',(2.767485159288,15.472912999342));
#4980 = CARTESIAN_POINT('',(2.806198978748,15.366217817899));
#4981 = CARTESIAN_POINT('',(2.841064453125,15.2568359375));
#4982 = ( GEOMETRIC_REPRESENTATION_CONTEXT(2) 
PARAMETRIC_REPRESENTATION_CONTEXT() REPRESENTATION_CONTEXT('2D SPACE',''
  ) );
#4983 = PCURVE('',#4984,#4991);
#4984 = SURFACE_OF_LINEAR_EXTRUSION('',#4985,#4989);
#4985 = B_SPLINE_CURVE_WITH_KNOTS('',2,(#4986,#4987,#4988),
  .UNSPECIFIED.,.F.,.F.,(3,3),(0.,1.),.PIECEWISE_BEZIER_KNOTS.);
#4986 = CARTESIAN_POINT('',(2.841064453125,15.2568359375,17.8));
#4987 = CARTESIAN_POINT('',(2.616943359375,15.9599609375,17.8));
#4988 = CARTESIAN_POINT('',(2.190673828125,16.28076171875,17.8));
#4989 = VECTOR('',#4990,1.);
#4990 = DIRECTION('',(-0.,-0.,-1.));
#4991 = DEFINITIONAL_REPRESENTATION('',(#4992),#5005);
#4992 = B_SPLINE_CURVE_WITH_KNOTS('',6,(#4993,#4994,#4995,#4996,#4997,
    #4998,#4999,#5000,#5001,#5002,#5003,#5004),.UNSPECIFIED.,.F.,.F.,(7,
    5,7),(0.,0.476345049118,1.),.UNSPECIFIED.);
#4993 = CARTESIAN_POINT('',(1.,-0.6));
#4994 = CARTESIAN_POINT('',(0.913732039708,-0.6));
#4995 = CARTESIAN_POINT('',(0.828067991538,-0.6));
#4996 = CARTESIAN_POINT('',(0.743411890981,-0.6));
#4997 = CARTESIAN_POINT('',(0.660056843364,-0.6));
#4998 = CARTESIAN_POINT('',(0.578208759594,-0.6));
#4999 = CARTESIAN_POINT('',(0.409825022337,-0.6));
#5000 = CARTESIAN_POINT('',(0.323627375069,-0.6));
#5001 = CARTESIAN_POINT('',(0.239541302139,-0.6));
#5002 = CARTESIAN_POINT('',(0.157602460611,-0.6));
#5003 = CARTESIAN_POINT('',(7.778267050579E-02,-0.6));
#5004 = CARTESIAN_POINT('',(0.,-0.6));
#5005 = ( GEOMETRIC_REPRESENTATION_CONTEXT(2) 
PARAMETRIC_REPRESENTATION_CONTEXT() REPRESENTATION_CONTEXT('2D SPACE',''
  ) );
#5006 = ORIENTED_EDGE('',*,*,#5007,.F.);
#5007 = EDGE_CURVE('',#5008,#4951,#5010,.T.);
#5008 = VERTEX_POINT('',#5009);
#5009 = CARTESIAN_POINT('',(1.118408203125,16.6015625,18.4));
#5010 = SURFACE_CURVE('',#5011,(#5026,#5044),.PCURVE_S1.);
#5011 = B_SPLINE_CURVE_WITH_KNOTS('',5,(#5012,#5013,#5014,#5015,#5016,
    #5017,#5018,#5019,#5020,#5021,#5022,#5023,#5024,#5025),
  .UNSPECIFIED.,.F.,.F.,(6,4,4,6),(0.,0.484617095948,0.940242640734,1.),
  .UNSPECIFIED.);
#5012 = CARTESIAN_POINT('',(1.118408203125,16.6015625,18.4));
#5013 = CARTESIAN_POINT('',(1.23465407936,16.6015625,18.4));
#5014 = CARTESIAN_POINT('',(1.349236819136,16.595069332308,18.4));
#5015 = CARTESIAN_POINT('',(1.461640866595,16.581465351402,18.4));
#5016 = CARTESIAN_POINT('',(1.571181516104,16.560125146483,18.4));
#5017 = CARTESIAN_POINT('',(1.776695508685,16.503030530407,18.4));
#5018 = CARTESIAN_POINT('',(1.873101399963,16.468211887194,18.4));
#5019 = CARTESIAN_POINT('',(1.965664986604,16.425959880339,18.4));
#5020 = CARTESIAN_POINT('',(2.053778043674,16.376217025447,18.4));
#5021 = CARTESIAN_POINT('',(2.14788301331,16.311843961602,18.4));
#5022 = CARTESIAN_POINT('',(2.158709796588,16.304256679833,18.4));
#5023 = CARTESIAN_POINT('',(2.169451134698,16.296546688646,18.4));
#5024 = CARTESIAN_POINT('',(2.180106099687,16.288714751492,18.4));
#5025 = CARTESIAN_POINT('',(2.190673828125,16.28076171875,18.4));
#5026 = PCURVE('',#522,#5027);
#5027 = DEFINITIONAL_REPRESENTATION('',(#5028),#5043);
#5028 = B_SPLINE_CURVE_WITH_KNOTS('',5,(#5029,#5030,#5031,#5032,#5033,
    #5034,#5035,#5036,#5037,#5038,#5039,#5040,#5041,#5042),
  .UNSPECIFIED.,.F.,.F.,(6,4,4,6),(0.,0.484617095948,0.940242640734,1.),
  .UNSPECIFIED.);
#5029 = CARTESIAN_POINT('',(1.118408203125,16.6015625));
#5030 = CARTESIAN_POINT('',(1.23465407936,16.6015625));
#5031 = CARTESIAN_POINT('',(1.349236819136,16.595069332308));
#5032 = CARTESIAN_POINT('',(1.461640866595,16.581465351402));
#5033 = CARTESIAN_POINT('',(1.571181516104,16.560125146483));
#5034 = CARTESIAN_POINT('',(1.776695508685,16.503030530407));
#5035 = CARTESIAN_POINT('',(1.873101399963,16.468211887194));
#5036 = CARTESIAN_POINT('',(1.965664986604,16.425959880339));
#5037 = CARTESIAN_POINT('',(2.053778043674,16.376217025447));
#5038 = CARTESIAN_POINT('',(2.14788301331,16.311843961602));
#5039 = CARTESIAN_POINT('',(2.158709796588,16.304256679833));
#5040 = CARTESIAN_POINT('',(2.169451134698,16.296546688646));
#5041 = CARTESIAN_POINT('',(2.180106099687,16.288714751492));
#5042 = CARTESIAN_POINT('',(2.190673828125,16.28076171875));
#5043 = ( GEOMETRIC_REPRESENTATION_CONTEXT(2) 
PARAMETRIC_REPRESENTATION_CONTEXT() REPRESENTATION_CONTEXT('2D SPACE',''
  ) );
#5044 = PCURVE('',#5045,#5052);
#5045 = SURFACE_OF_LINEAR_EXTRUSION('',#5046,#5050);
#5046 = B_SPLINE_CURVE_WITH_KNOTS('',2,(#5047,#5048,#5049),
  .UNSPECIFIED.,.F.,.F.,(3,3),(0.,1.),.PIECEWISE_BEZIER_KNOTS.);
#5047 = CARTESIAN_POINT('',(2.190673828125,16.28076171875,17.8));
#5048 = CARTESIAN_POINT('',(1.764404296875,16.6015625,17.8));
#5049 = CARTESIAN_POINT('',(1.118408203125,16.6015625,17.8));
#5050 = VECTOR('',#5051,1.);
#5051 = DIRECTION('',(-0.,-0.,-1.));
#5052 = DEFINITIONAL_REPRESENTATION('',(#5053),#5068);
#5053 = B_SPLINE_CURVE_WITH_KNOTS('',5,(#5054,#5055,#5056,#5057,#5058,
    #5059,#5060,#5061,#5062,#5063,#5064,#5065,#5066,#5067),
  .UNSPECIFIED.,.F.,.F.,(6,4,4,6),(0.,0.484617095948,0.940242640734,1.),
  .UNSPECIFIED.);
#5054 = CARTESIAN_POINT('',(1.,-0.6));
#5055 = CARTESIAN_POINT('',(0.910025867525,-0.6));
#5056 = CARTESIAN_POINT('',(0.817896738526,-0.6));
#5057 = CARTESIAN_POINT('',(0.723684216363,-0.6));
#5058 = CARTESIAN_POINT('',(0.62758670941,-0.6));
#5059 = CARTESIAN_POINT('',(0.438251281248,-0.6));
#5060 = CARTESIAN_POINT('',(0.345174652608,-0.6));
#5061 = CARTESIAN_POINT('',(0.251131268648,-0.6));
#5062 = CARTESIAN_POINT('',(0.15656142,-0.6));
#5063 = CARTESIAN_POINT('',(4.959784034869E-02,-0.6));
#5064 = CARTESIAN_POINT('',(3.719563562378E-02,-0.6));
#5065 = CARTESIAN_POINT('',(2.479451265488E-02,-0.6));
#5066 = CARTESIAN_POINT('',(1.239559441089E-02,-0.6));
#5067 = CARTESIAN_POINT('',(0.,-0.6));
#5068 = ( GEOMETRIC_REPRESENTATION_CONTEXT(2) 
PARAMETRIC_REPRESENTATION_CONTEXT() REPRESENTATION_CONTEXT('2D SPACE',''
  ) );
#5069 = ORIENTED_EDGE('',*,*,#5070,.F.);
#5070 = EDGE_CURVE('',#5071,#5008,#5073,.T.);
#5071 = VERTEX_POINT('',#5072);
#5072 = CARTESIAN_POINT('',(-0.123046875,16.24560546875,18.4));
#5073 = SURFACE_CURVE('',#5074,(#5087,#5103),.PCURVE_S1.);
#5074 = B_SPLINE_CURVE_WITH_KNOTS('',6,(#5075,#5076,#5077,#5078,#5079,
    #5080,#5081,#5082,#5083,#5084,#5085,#5086),.UNSPECIFIED.,.F.,.F.,(7,
    5,7),(0.,0.49778079832,1.),.UNSPECIFIED.);
#5075 = CARTESIAN_POINT('',(-0.123046875,16.24560546875,18.4));
#5076 = CARTESIAN_POINT('',(-3.665937581946E-02,16.307256459355,18.4));
#5077 = CARTESIAN_POINT('',(5.420317141737E-02,16.362561632665,18.4));
#5078 = CARTESIAN_POINT('',(0.149178445038,16.411226967942,18.4));
#5079 = CARTESIAN_POINT('',(0.2478249366,16.453181320165,18.4));
#5080 = CARTESIAN_POINT('',(0.349649469534,16.488526419878,18.4));
#5081 = CARTESIAN_POINT('',(0.559551596318,16.546705548656,18.4));
#5082 = CARTESIAN_POINT('',(0.667693795924,16.569429912809,18.4));
#5083 = CARTESIAN_POINT('',(0.778069639067,16.585897644121,18.4));
#5084 = CARTESIAN_POINT('',(0.890225450255,16.596474173735,18.4));
#5085 = CARTESIAN_POINT('',(1.003774184682,16.6015625,18.4));
#5086 = CARTESIAN_POINT('',(1.118408203125,16.6015625,18.4));
#5087 = PCURVE('',#522,#5088);
#5088 = DEFINITIONAL_REPRESENTATION('',(#5089),#5102);
#5089 = B_SPLINE_CURVE_WITH_KNOTS('',6,(#5090,#5091,#5092,#5093,#5094,
    #5095,#5096,#5097,#5098,#5099,#5100,#5101),.UNSPECIFIED.,.F.,.F.,(7,
    5,7),(0.,0.49778079832,1.),.UNSPECIFIED.);
#5090 = CARTESIAN_POINT('',(-0.123046875,16.24560546875));
#5091 = CARTESIAN_POINT('',(-3.665937581946E-02,16.307256459355));
#5092 = CARTESIAN_POINT('',(5.420317141737E-02,16.362561632665));
#5093 = CARTESIAN_POINT('',(0.149178445038,16.411226967942));
#5094 = CARTESIAN_POINT('',(0.2478249366,16.453181320165));
#5095 = CARTESIAN_POINT('',(0.349649469534,16.488526419878));
#5096 = CARTESIAN_POINT('',(0.559551596318,16.546705548656));
#5097 = CARTESIAN_POINT('',(0.667693795924,16.569429912809));
#5098 = CARTESIAN_POINT('',(0.778069639067,16.585897644121));
#5099 = CARTESIAN_POINT('',(0.890225450255,16.596474173735));
#5100 = CARTESIAN_POINT('',(1.003774184682,16.6015625));
#5101 = CARTESIAN_POINT('',(1.118408203125,16.6015625));
#5102 = ( GEOMETRIC_REPRESENTATION_CONTEXT(2) 
PARAMETRIC_REPRESENTATION_CONTEXT() REPRESENTATION_CONTEXT('2D SPACE',''
  ) );
#5103 = PCURVE('',#5104,#5111);
#5104 = SURFACE_OF_LINEAR_EXTRUSION('',#5105,#5109);
#5105 = B_SPLINE_CURVE_WITH_KNOTS('',2,(#5106,#5107,#5108),
  .UNSPECIFIED.,.F.,.F.,(3,3),(0.,1.),.PIECEWISE_BEZIER_KNOTS.);
#5106 = CARTESIAN_POINT('',(1.118408203125,16.6015625,17.8));
#5107 = CARTESIAN_POINT('',(0.375732421875,16.6015625,17.8));
#5108 = CARTESIAN_POINT('',(-0.123046875,16.24560546875,17.8));
#5109 = VECTOR('',#5110,1.);
#5110 = DIRECTION('',(-0.,-0.,-1.));
#5111 = DEFINITIONAL_REPRESENTATION('',(#5112),#5125);
#5112 = B_SPLINE_CURVE_WITH_KNOTS('',6,(#5113,#5114,#5115,#5116,#5117,
    #5118,#5119,#5120,#5121,#5122,#5123,#5124),.UNSPECIFIED.,.F.,.F.,(7,
    5,7),(0.,0.49778079832,1.),.UNSPECIFIED.);
#5113 = CARTESIAN_POINT('',(1.,-0.6));
#5114 = CARTESIAN_POINT('',(0.913401077669,-0.6));
#5115 = CARTESIAN_POINT('',(0.826716661735,-0.6));
#5116 = CARTESIAN_POINT('',(0.74032631239,-0.6));
#5117 = CARTESIAN_POINT('',(0.654560090186,-0.6));
#5118 = CARTESIAN_POINT('',(0.569703094167,-0.6));
#5119 = CARTESIAN_POINT('',(0.401550577136,-0.6));
#5120 = CARTESIAN_POINT('',(0.318262148734,-0.6));
#5121 = CARTESIAN_POINT('',(0.236356092455,-0.6));
#5122 = CARTESIAN_POINT('',(0.15596926983,-0.6));
#5123 = CARTESIAN_POINT('',(7.717635429683E-02,-0.6));
#5124 = CARTESIAN_POINT('',(0.,-0.6));
#5125 = ( GEOMETRIC_REPRESENTATION_CONTEXT(2) 
PARAMETRIC_REPRESENTATION_CONTEXT() REPRESENTATION_CONTEXT('2D SPACE',''
  ) );
#5126 = ORIENTED_EDGE('',*,*,#5127,.F.);
#5127 = EDGE_CURVE('',#5128,#5071,#5130,.T.);
#5128 = VERTEX_POINT('',#5129);
#5129 = CARTESIAN_POINT('',(-0.823974609375,15.289794921875,18.4));
#5130 = SURFACE_CURVE('',#5131,(#5142,#5156),.PCURVE_S1.);
#5131 = B_SPLINE_CURVE_WITH_KNOTS('',5,(#5132,#5133,#5134,#5135,#5136,
    #5137,#5138,#5139,#5140,#5141),.UNSPECIFIED.,.F.,.F.,(6,4,6),(0.,
    0.587638033482,1.),.UNSPECIFIED.);
#5132 = CARTESIAN_POINT('',(-0.823974609375,15.289794921875,18.4));
#5133 = CARTESIAN_POINT('',(-0.777841354532,15.426690341136,18.4));
#5134 = CARTESIAN_POINT('',(-0.721167252453,15.55827251042,18.4));
#5135 = CARTESIAN_POINT('',(-0.653436300349,15.683269726558,18.4));
#5136 = CARTESIAN_POINT('',(-0.574540885602,15.800485757601,18.4));
#5137 = CARTESIAN_POINT('',(-0.422498147603,15.985266866466,18.4));
#5138 = CARTESIAN_POINT('',(-0.354643219425,16.057228065578,18.4));
#5139 = CARTESIAN_POINT('',(-0.281863782883,16.124667509184,18.4));
#5140 = CARTESIAN_POINT('',(-0.204519327318,16.187462132734,18.4));
#5141 = CARTESIAN_POINT('',(-0.123046875,16.24560546875,18.4));
#5142 = PCURVE('',#522,#5143);
#5143 = DEFINITIONAL_REPRESENTATION('',(#5144),#5155);
#5144 = B_SPLINE_CURVE_WITH_KNOTS('',5,(#5145,#5146,#5147,#5148,#5149,
    #5150,#5151,#5152,#5153,#5154),.UNSPECIFIED.,.F.,.F.,(6,4,6),(0.,
    0.587638033482,1.),.UNSPECIFIED.);
#5145 = CARTESIAN_POINT('',(-0.823974609375,15.289794921875));
#5146 = CARTESIAN_POINT('',(-0.777841354532,15.426690341136));
#5147 = CARTESIAN_POINT('',(-0.721167252453,15.55827251042));
#5148 = CARTESIAN_POINT('',(-0.653436300349,15.683269726558));
#5149 = CARTESIAN_POINT('',(-0.574540885602,15.800485757601));
#5150 = CARTESIAN_POINT('',(-0.422498147603,15.985266866466));
#5151 = CARTESIAN_POINT('',(-0.354643219425,16.057228065578));
#5152 = CARTESIAN_POINT('',(-0.281863782883,16.124667509184));
#5153 = CARTESIAN_POINT('',(-0.204519327318,16.187462132734));
#5154 = CARTESIAN_POINT('',(-0.123046875,16.24560546875));
#5155 = ( GEOMETRIC_REPRESENTATION_CONTEXT(2) 
PARAMETRIC_REPRESENTATION_CONTEXT() REPRESENTATION_CONTEXT('2D SPACE',''
  ) );
#5156 = PCURVE('',#5157,#5164);
#5157 = SURFACE_OF_LINEAR_EXTRUSION('',#5158,#5162);
#5158 = B_SPLINE_CURVE_WITH_KNOTS('',2,(#5159,#5160,#5161),
  .UNSPECIFIED.,.F.,.F.,(3,3),(0.,1.),.PIECEWISE_BEZIER_KNOTS.);
#5159 = CARTESIAN_POINT('',(-0.123046875,16.24560546875,17.8));
#5160 = CARTESIAN_POINT('',(-0.621826171875,15.8896484375,17.8));
#5161 = CARTESIAN_POINT('',(-0.823974609375,15.289794921875,17.8));
#5162 = VECTOR('',#5163,1.);
#5163 = DIRECTION('',(-0.,-0.,-1.));
#5164 = DEFINITIONAL_REPRESENTATION('',(#5165),#5176);
#5165 = B_SPLINE_CURVE_WITH_KNOTS('',5,(#5166,#5167,#5168,#5169,#5170,
    #5171,#5172,#5173,#5174,#5175),.UNSPECIFIED.,.F.,.F.,(6,4,6),(0.,
    0.587638033482,1.),.UNSPECIFIED.);
#5166 = CARTESIAN_POINT('',(1.,-0.6));
#5167 = CARTESIAN_POINT('',(0.885892625703,-0.6));
#5168 = CARTESIAN_POINT('',(0.769596356694,-0.6));
#5169 = CARTESIAN_POINT('',(0.651664301922,-0.6));
#5170 = CARTESIAN_POINT('',(0.532819475265,-0.6));
#5171 = CARTESIAN_POINT('',(0.330621066559,-0.6));
#5172 = CARTESIAN_POINT('',(0.247238377005,-0.6));
#5173 = CARTESIAN_POINT('',(0.164164222388,-0.6));
#5174 = CARTESIAN_POINT('',(8.167184647483E-02,-0.6));
#5175 = CARTESIAN_POINT('',(0.,-0.6));
#5176 = ( GEOMETRIC_REPRESENTATION_CONTEXT(2) 
PARAMETRIC_REPRESENTATION_CONTEXT() REPRESENTATION_CONTEXT('2D SPACE',''
  ) );
#5177 = ORIENTED_EDGE('',*,*,#5178,.F.);
#5178 = EDGE_CURVE('',#5179,#5128,#5181,.T.);
#5179 = VERTEX_POINT('',#5180);
#5180 = CARTESIAN_POINT('',(-1.026123046875,14.052734375,18.4));
#5181 = SURFACE_CURVE('',#5182,(#5193,#5207),.PCURVE_S1.);
#5182 = B_SPLINE_CURVE_WITH_KNOTS('',5,(#5183,#5184,#5185,#5186,#5187,
    #5188,#5189,#5190,#5191,#5192),.UNSPECIFIED.,.F.,.F.,(6,4,6),(0.,
    0.564335595627,1.),.UNSPECIFIED.);
#5183 = CARTESIAN_POINT('',(-1.026123046875,14.052734375,18.4));
#5184 = CARTESIAN_POINT('',(-1.026123046875,14.195503793117,18.4));
#5185 = CARTESIAN_POINT('',(-1.019780569163,14.337829068202,18.4));
#5186 = CARTESIAN_POINT('',(-1.006966212404,14.47945869916,18.4));
#5187 = CARTESIAN_POINT('',(-0.987630423184,14.620140139595,18.4));
#5188 = CARTESIAN_POINT('',(-0.941895250915,14.867301161918,18.4));
#5189 = CARTESIAN_POINT('',(-0.918111047645,14.974267359742,18.4));
#5190 = CARTESIAN_POINT('',(-0.890489713122,15.080406153661,18.4));
#5191 = CARTESIAN_POINT('',(-0.859083416245,15.185613353663,18.4));
#5192 = CARTESIAN_POINT('',(-0.823974609375,15.289794921875,18.4));
#5193 = PCURVE('',#522,#5194);
#5194 = DEFINITIONAL_REPRESENTATION('',(#5195),#5206);
#5195 = B_SPLINE_CURVE_WITH_KNOTS('',5,(#5196,#5197,#5198,#5199,#5200,
    #5201,#5202,#5203,#5204,#5205),.UNSPECIFIED.,.F.,.F.,(6,4,6),(0.,
    0.564335595627,1.),.UNSPECIFIED.);
#5196 = CARTESIAN_POINT('',(-1.026123046875,14.052734375));
#5197 = CARTESIAN_POINT('',(-1.026123046875,14.195503793117));
#5198 = CARTESIAN_POINT('',(-1.019780569163,14.337829068202));
#5199 = CARTESIAN_POINT('',(-1.006966212404,14.47945869916));
#5200 = CARTESIAN_POINT('',(-0.987630423184,14.620140139595));
#5201 = CARTESIAN_POINT('',(-0.941895250915,14.867301161918));
#5202 = CARTESIAN_POINT('',(-0.918111047645,14.974267359742));
#5203 = CARTESIAN_POINT('',(-0.890489713122,15.080406153661));
#5204 = CARTESIAN_POINT('',(-0.859083416245,15.185613353663));
#5205 = CARTESIAN_POINT('',(-0.823974609375,15.289794921875));
#5206 = ( GEOMETRIC_REPRESENTATION_CONTEXT(2) 
PARAMETRIC_REPRESENTATION_CONTEXT() REPRESENTATION_CONTEXT('2D SPACE',''
  ) );
#5207 = PCURVE('',#5208,#5215);
#5208 = SURFACE_OF_LINEAR_EXTRUSION('',#5209,#5213);
#5209 = B_SPLINE_CURVE_WITH_KNOTS('',2,(#5210,#5211,#5212),
  .UNSPECIFIED.,.F.,.F.,(3,3),(0.,1.),.PIECEWISE_BEZIER_KNOTS.);
#5210 = CARTESIAN_POINT('',(-0.823974609375,15.289794921875,17.8));
#5211 = CARTESIAN_POINT('',(-1.026123046875,14.68994140625,17.8));
#5212 = CARTESIAN_POINT('',(-1.026123046875,14.052734375,17.8));
#5213 = VECTOR('',#5214,1.);
#5214 = DIRECTION('',(-0.,-0.,-1.));
#5215 = DEFINITIONAL_REPRESENTATION('',(#5216),#5227);
#5216 = B_SPLINE_CURVE_WITH_KNOTS('',5,(#5217,#5218,#5219,#5220,#5221,
    #5222,#5223,#5224,#5225,#5226),.UNSPECIFIED.,.F.,.F.,(6,4,6),(0.,
    0.564335595627,1.),.UNSPECIFIED.);
#5217 = CARTESIAN_POINT('',(1.,-0.6));
#5218 = CARTESIAN_POINT('',(0.887972502565,-0.6));
#5219 = CARTESIAN_POINT('',(0.775373890478,-0.6));
#5220 = CARTESIAN_POINT('',(0.662382747752,-0.6));
#5221 = CARTESIAN_POINT('',(0.549190056103,-0.6));
#5222 = CARTESIAN_POINT('',(0.34861781331,-0.6));
#5223 = CARTESIAN_POINT('',(0.26123561295,-0.6));
#5224 = CARTESIAN_POINT('',(0.173946293536,-0.6));
#5225 = CARTESIAN_POINT('',(8.683917448006E-02,-0.6));
#5226 = CARTESIAN_POINT('',(0.,-0.6));
#5227 = ( GEOMETRIC_REPRESENTATION_CONTEXT(2) 
PARAMETRIC_REPRESENTATION_CONTEXT() REPRESENTATION_CONTEXT('2D SPACE',''
  ) );
#5228 = ORIENTED_EDGE('',*,*,#5229,.F.);
#5229 = EDGE_CURVE('',#5230,#5179,#5232,.T.);
#5230 = VERTEX_POINT('',#5231);
#5231 = CARTESIAN_POINT('',(-0.78662109375,12.617919921875,18.4));
#5232 = SURFACE_CURVE('',#5233,(#5244,#5258),.PCURVE_S1.);
#5233 = B_SPLINE_CURVE_WITH_KNOTS('',5,(#5234,#5235,#5236,#5237,#5238,
    #5239,#5240,#5241,#5242,#5243),.UNSPECIFIED.,.F.,.F.,(6,4,6),(0.,
    0.482773039152,1.),.UNSPECIFIED.);
#5234 = CARTESIAN_POINT('',(-0.78662109375,12.617919921875,18.4));
#5235 = CARTESIAN_POINT('',(-0.836226016097,12.744890319441,18.4));
#5236 = CARTESIAN_POINT('',(-0.878745479629,12.875757967221,18.4));
#5237 = CARTESIAN_POINT('',(-0.914408421912,13.009923920928,18.4));
#5238 = CARTESIAN_POINT('',(-0.943599110763,13.146828399917,18.4));
#5239 = CARTESIAN_POINT('',(-0.991502559907,13.435129822131,18.4));
#5240 = CARTESIAN_POINT('',(-1.00931844432,13.586860707179,18.4));
#5241 = CARTESIAN_POINT('',(-1.020681198496,13.740651311577,18.4));
#5242 = CARTESIAN_POINT('',(-1.026123046875,13.896050512241,18.4));
#5243 = CARTESIAN_POINT('',(-1.026123046875,14.052734375,18.4));
#5244 = PCURVE('',#522,#5245);
#5245 = DEFINITIONAL_REPRESENTATION('',(#5246),#5257);
#5246 = B_SPLINE_CURVE_WITH_KNOTS('',5,(#5247,#5248,#5249,#5250,#5251,
    #5252,#5253,#5254,#5255,#5256),.UNSPECIFIED.,.F.,.F.,(6,4,6),(0.,
    0.482773039152,1.),.UNSPECIFIED.);
#5247 = CARTESIAN_POINT('',(-0.78662109375,12.617919921875));
#5248 = CARTESIAN_POINT('',(-0.836226016097,12.744890319441));
#5249 = CARTESIAN_POINT('',(-0.878745479629,12.875757967221));
#5250 = CARTESIAN_POINT('',(-0.914408421912,13.009923920928));
#5251 = CARTESIAN_POINT('',(-0.943599110763,13.146828399917));
#5252 = CARTESIAN_POINT('',(-0.991502559907,13.435129822131));
#5253 = CARTESIAN_POINT('',(-1.00931844432,13.586860707179));
#5254 = CARTESIAN_POINT('',(-1.020681198496,13.740651311577));
#5255 = CARTESIAN_POINT('',(-1.026123046875,13.896050512241));
#5256 = CARTESIAN_POINT('',(-1.026123046875,14.052734375));
#5257 = ( GEOMETRIC_REPRESENTATION_CONTEXT(2) 
PARAMETRIC_REPRESENTATION_CONTEXT() REPRESENTATION_CONTEXT('2D SPACE',''
  ) );
#5258 = PCURVE('',#5259,#5266);
#5259 = SURFACE_OF_LINEAR_EXTRUSION('',#5260,#5264);
#5260 = B_SPLINE_CURVE_WITH_KNOTS('',2,(#5261,#5262,#5263),
  .UNSPECIFIED.,.F.,.F.,(3,3),(0.,1.),.PIECEWISE_BEZIER_KNOTS.);
#5261 = CARTESIAN_POINT('',(-1.026123046875,14.052734375,17.8));
#5262 = CARTESIAN_POINT('',(-1.026123046875,13.23095703125,17.8));
#5263 = CARTESIAN_POINT('',(-0.78662109375,12.617919921875,17.8));
#5264 = VECTOR('',#5265,1.);
#5265 = DIRECTION('',(-0.,-0.,-1.));
#5266 = DEFINITIONAL_REPRESENTATION('',(#5267),#5278);
#5267 = B_SPLINE_CURVE_WITH_KNOTS('',5,(#5268,#5269,#5270,#5271,#5272,
    #5273,#5274,#5275,#5276,#5277),.UNSPECIFIED.,.F.,.F.,(6,4,6),(0.,
    0.482773039152,1.),.UNSPECIFIED.);
#5268 = CARTESIAN_POINT('',(1.,-0.6));
#5269 = CARTESIAN_POINT('',(0.89644150768,-0.6));
#5270 = CARTESIAN_POINT('',(0.794269126627,-0.6));
#5271 = CARTESIAN_POINT('',(0.69372587373,-0.6));
#5272 = CARTESIAN_POINT('',(0.594948567269,-0.6));
#5273 = CARTESIAN_POINT('',(0.394132532804,-0.6));
#5274 = CARTESIAN_POINT('',(0.292366225907,-0.6));
#5275 = CARTESIAN_POINT('',(0.192768735478,-0.6));
#5276 = CARTESIAN_POINT('',(9.533230865434E-02,-0.6));
#5277 = CARTESIAN_POINT('',(0.,-0.6));
#5278 = ( GEOMETRIC_REPRESENTATION_CONTEXT(2) 
PARAMETRIC_REPRESENTATION_CONTEXT() REPRESENTATION_CONTEXT('2D SPACE',''
  ) );
#5279 = ORIENTED_EDGE('',*,*,#5280,.F.);
#5280 = EDGE_CURVE('',#5281,#5230,#5283,.T.);
#5281 = VERTEX_POINT('',#5282);
#5282 = CARTESIAN_POINT('',(-4.1748046875E-02,11.70166015625,18.4));
#5283 = SURFACE_CURVE('',#5284,(#5297,#5313),.PCURVE_S1.);
#5284 = B_SPLINE_CURVE_WITH_KNOTS('',6,(#5285,#5286,#5287,#5288,#5289,
    #5290,#5291,#5292,#5293,#5294,#5295,#5296),.UNSPECIFIED.,.F.,.F.,(7,
    5,7),(0.,0.237748542579,1.),.UNSPECIFIED.);
#5285 = CARTESIAN_POINT('',(-4.1748046875E-02,11.70166015625,18.4));
#5286 = CARTESIAN_POINT('',(-8.22910464952E-02,11.725985956022,18.4));
#5287 = CARTESIAN_POINT('',(-0.121939886994,11.75158747211,18.4));
#5288 = CARTESIAN_POINT('',(-0.160650368559,11.778460851611,18.4));
#5289 = CARTESIAN_POINT('',(-0.198382800334,11.806594925219,18.4));
#5290 = CARTESIAN_POINT('',(-0.235102000426,11.835971207222,18.4));
#5291 = CARTESIAN_POINT('',(-0.385156739291,11.964647866829,18.4));
#5292 = CARTESIAN_POINT('',(-0.488852743481,12.075273935806,18.4));
#5293 = CARTESIAN_POINT('',(-0.580725824997,12.19749954923,18.4));
#5294 = CARTESIAN_POINT('',(-0.660640113415,12.329813510943,18.4));
#5295 = CARTESIAN_POINT('',(-0.729029819817,12.47050739502,18.4));
#5296 = CARTESIAN_POINT('',(-0.78662109375,12.617919921875,18.4));
#5297 = PCURVE('',#522,#5298);
#5298 = DEFINITIONAL_REPRESENTATION('',(#5299),#5312);
#5299 = B_SPLINE_CURVE_WITH_KNOTS('',6,(#5300,#5301,#5302,#5303,#5304,
    #5305,#5306,#5307,#5308,#5309,#5310,#5311),.UNSPECIFIED.,.F.,.F.,(7,
    5,7),(0.,0.237748542579,1.),.UNSPECIFIED.);
#5300 = CARTESIAN_POINT('',(-4.1748046875E-02,11.70166015625));
#5301 = CARTESIAN_POINT('',(-8.22910464952E-02,11.725985956022));
#5302 = CARTESIAN_POINT('',(-0.121939886994,11.75158747211));
#5303 = CARTESIAN_POINT('',(-0.160650368559,11.778460851611));
#5304 = CARTESIAN_POINT('',(-0.198382800334,11.806594925219));
#5305 = CARTESIAN_POINT('',(-0.235102000426,11.835971207222));
#5306 = CARTESIAN_POINT('',(-0.385156739291,11.964647866829));
#5307 = CARTESIAN_POINT('',(-0.488852743481,12.075273935806));
#5308 = CARTESIAN_POINT('',(-0.580725824997,12.19749954923));
#5309 = CARTESIAN_POINT('',(-0.660640113415,12.329813510943));
#5310 = CARTESIAN_POINT('',(-0.729029819817,12.47050739502));
#5311 = CARTESIAN_POINT('',(-0.78662109375,12.617919921875));
#5312 = ( GEOMETRIC_REPRESENTATION_CONTEXT(2) 
PARAMETRIC_REPRESENTATION_CONTEXT() REPRESENTATION_CONTEXT('2D SPACE',''
  ) );
#5313 = PCURVE('',#5314,#5321);
#5314 = SURFACE_OF_LINEAR_EXTRUSION('',#5315,#5319);
#5315 = B_SPLINE_CURVE_WITH_KNOTS('',2,(#5316,#5317,#5318),
  .UNSPECIFIED.,.F.,.F.,(3,3),(0.,1.),.PIECEWISE_BEZIER_KNOTS.);
#5316 = CARTESIAN_POINT('',(-0.78662109375,12.617919921875,17.8));
#5317 = CARTESIAN_POINT('',(-0.547119140625,12.0048828125,17.8));
#5318 = CARTESIAN_POINT('',(-4.1748046875E-02,11.70166015625,17.8));
#5319 = VECTOR('',#5320,1.);
#5320 = DIRECTION('',(-0.,-0.,-1.));
#5321 = DEFINITIONAL_REPRESENTATION('',(#5322),#5335);
#5322 = B_SPLINE_CURVE_WITH_KNOTS('',6,(#5323,#5324,#5325,#5326,#5327,
    #5328,#5329,#5330,#5331,#5332,#5333,#5334),.UNSPECIFIED.,.F.,.F.,(7,
    5,7),(0.,0.237748542579,1.),.UNSPECIFIED.);
#5323 = CARTESIAN_POINT('',(1.,-0.6));
#5324 = CARTESIAN_POINT('',(0.959887892163,-0.6));
#5325 = CARTESIAN_POINT('',(0.919644770178,-0.6));
#5326 = CARTESIAN_POINT('',(0.879301660189,-0.6));
#5327 = CARTESIAN_POINT('',(0.838890744098,-0.6));
#5328 = CARTESIAN_POINT('',(0.798445359563,-0.6));
#5329 = CARTESIAN_POINT('',(0.628327136653,-0.6));
#5330 = CARTESIAN_POINT('',(0.498602262313,-0.6));
#5331 = CARTESIAN_POINT('',(0.370097832129,-0.6));
#5332 = CARTESIAN_POINT('',(0.243749545879,-0.6));
#5333 = CARTESIAN_POINT('',(0.120231324173,-0.6));
#5334 = CARTESIAN_POINT('',(0.,-0.6));
#5335 = ( GEOMETRIC_REPRESENTATION_CONTEXT(2) 
PARAMETRIC_REPRESENTATION_CONTEXT() REPRESENTATION_CONTEXT('2D SPACE',''
  ) );
#5336 = ORIENTED_EDGE('',*,*,#5337,.F.);
#5337 = EDGE_CURVE('',#5338,#5281,#5340,.T.);
#5338 = VERTEX_POINT('',#5339);
#5339 = CARTESIAN_POINT('',(1.052490234375,11.3984375,18.4));
#5340 = SURFACE_CURVE('',#5341,(#5352,#5366),.PCURVE_S1.);
#5341 = B_SPLINE_CURVE_WITH_KNOTS('',5,(#5342,#5343,#5344,#5345,#5346,
    #5347,#5348,#5349,#5350,#5351),.UNSPECIFIED.,.F.,.F.,(6,4,6),(0.,
    0.497952127573,1.),.UNSPECIFIED.);
#5342 = CARTESIAN_POINT('',(1.052490234375,11.3984375,18.4));
#5343 = CARTESIAN_POINT('',(0.936806078397,11.3984375,18.4));
#5344 = CARTESIAN_POINT('',(0.82195746983,11.405751477827,18.4));
#5345 = CARTESIAN_POINT('',(0.708370080613,11.420677561916,18.4));
#5346 = CARTESIAN_POINT('',(0.596473503986,11.443345793451,18.4));
#5347 = CARTESIAN_POINT('',(0.375995234997,11.504179228057,18.4));
#5348 = CARTESIAN_POINT('',(0.267434574164,11.542474172689,18.4));
#5349 = CARTESIAN_POINT('',(0.161433873745,11.58840574549,18.4));
#5350 = CARTESIAN_POINT('',(5.830115739212E-02,11.64163063369,18.4));
#5351 = CARTESIAN_POINT('',(-4.1748046875E-02,11.70166015625,18.4));
#5352 = PCURVE('',#522,#5353);
#5353 = DEFINITIONAL_REPRESENTATION('',(#5354),#5365);
#5354 = B_SPLINE_CURVE_WITH_KNOTS('',5,(#5355,#5356,#5357,#5358,#5359,
    #5360,#5361,#5362,#5363,#5364),.UNSPECIFIED.,.F.,.F.,(6,4,6),(0.,
    0.497952127573,1.),.UNSPECIFIED.);
#5355 = CARTESIAN_POINT('',(1.052490234375,11.3984375));
#5356 = CARTESIAN_POINT('',(0.936806078397,11.3984375));
#5357 = CARTESIAN_POINT('',(0.82195746983,11.405751477827));
#5358 = CARTESIAN_POINT('',(0.708370080613,11.420677561916));
#5359 = CARTESIAN_POINT('',(0.596473503986,11.443345793451));
#5360 = CARTESIAN_POINT('',(0.375995234997,11.504179228057));
#5361 = CARTESIAN_POINT('',(0.267434574164,11.542474172689));
#5362 = CARTESIAN_POINT('',(0.161433873745,11.58840574549));
#5363 = CARTESIAN_POINT('',(5.830115739212E-02,11.64163063369));
#5364 = CARTESIAN_POINT('',(-4.1748046875E-02,11.70166015625));
#5365 = ( GEOMETRIC_REPRESENTATION_CONTEXT(2) 
PARAMETRIC_REPRESENTATION_CONTEXT() REPRESENTATION_CONTEXT('2D SPACE',''
  ) );
#5366 = PCURVE('',#5367,#5374);
#5367 = SURFACE_OF_LINEAR_EXTRUSION('',#5368,#5372);
#5368 = B_SPLINE_CURVE_WITH_KNOTS('',2,(#5369,#5370,#5371),
  .UNSPECIFIED.,.F.,.F.,(3,3),(0.,1.),.PIECEWISE_BEZIER_KNOTS.);
#5369 = CARTESIAN_POINT('',(-4.1748046875E-02,11.70166015625,17.8));
#5370 = CARTESIAN_POINT('',(0.463623046875,11.3984375,17.8));
#5371 = CARTESIAN_POINT('',(1.052490234375,11.3984375,17.8));
#5372 = VECTOR('',#5373,1.);
#5373 = DIRECTION('',(-0.,-0.,-1.));
#5374 = DEFINITIONAL_REPRESENTATION('',(#5375),#5386);
#5375 = B_SPLINE_CURVE_WITH_KNOTS('',5,(#5376,#5377,#5378,#5379,#5380,
    #5381,#5382,#5383,#5384,#5385),.UNSPECIFIED.,.F.,.F.,(6,4,6),(0.,
    0.497952127573,1.),.UNSPECIFIED.);
#5376 = CARTESIAN_POINT('',(1.,-0.6));
#5377 = CARTESIAN_POINT('',(0.901773983648,-0.6));
#5378 = CARTESIAN_POINT('',(0.802547362652,-0.6));
#5379 = CARTESIAN_POINT('',(0.702611865445,-0.6));
#5380 = CARTESIAN_POINT('',(0.602301849933,-0.6));
#5381 = CARTESIAN_POINT('',(0.400873149504,-0.6));
#5382 = CARTESIAN_POINT('',(0.299741987746,-0.6));
#5383 = CARTESIAN_POINT('',(0.198998961702,-0.6));
#5384 = CARTESIAN_POINT('',(9.898587939085E-02,-0.6));
#5385 = CARTESIAN_POINT('',(0.,-0.6));
#5386 = ( GEOMETRIC_REPRESENTATION_CONTEXT(2) 
PARAMETRIC_REPRESENTATION_CONTEXT() REPRESENTATION_CONTEXT('2D SPACE',''
  ) );
#5387 = ORIENTED_EDGE('',*,*,#5388,.F.);
#5388 = EDGE_CURVE('',#5389,#5338,#5391,.T.);
#5389 = VERTEX_POINT('',#5390);
#5390 = CARTESIAN_POINT('',(2.265380859375,11.8115234375,18.4));
#5391 = SURFACE_CURVE('',#5392,(#5405,#5421),.PCURVE_S1.);
#5392 = B_SPLINE_CURVE_WITH_KNOTS('',6,(#5393,#5394,#5395,#5396,#5397,
    #5398,#5399,#5400,#5401,#5402,#5403,#5404),.UNSPECIFIED.,.F.,.F.,(7,
    5,7),(0.,0.277263188433,1.),.UNSPECIFIED.);
#5393 = CARTESIAN_POINT('',(2.265380859375,11.8115234375,18.4));
#5394 = CARTESIAN_POINT('',(2.21910850498,11.773031390482,18.4));
#5395 = CARTESIAN_POINT('',(2.171451841787,11.736492075666,18.4));
#5396 = CARTESIAN_POINT('',(2.122443919621,11.70199329684,18.4));
#5397 = CARTESIAN_POINT('',(2.072130034638,11.66960874597,18.4));
#5398 = CARTESIAN_POINT('',(2.02056910701,11.639395782867,18.4));
#5399 = CARTESIAN_POINT('',(1.830374192516,11.538399440073,18.4));
#5400 = CARTESIAN_POINT('',(1.68487990299,11.480391533095,18.4));
#5401 = CARTESIAN_POINT('',(1.532788307745,11.438159451348,18.4));
#5402 = CARTESIAN_POINT('',(1.375695801187,11.411217549705,18.4));
#5403 = CARTESIAN_POINT('',(1.215145524949,11.3984375,18.4));
#5404 = CARTESIAN_POINT('',(1.052490234375,11.3984375,18.4));
#5405 = PCURVE('',#522,#5406);
#5406 = DEFINITIONAL_REPRESENTATION('',(#5407),#5420);
#5407 = B_SPLINE_CURVE_WITH_KNOTS('',6,(#5408,#5409,#5410,#5411,#5412,
    #5413,#5414,#5415,#5416,#5417,#5418,#5419),.UNSPECIFIED.,.F.,.F.,(7,
    5,7),(0.,0.277263188433,1.),.UNSPECIFIED.);
#5408 = CARTESIAN_POINT('',(2.265380859375,11.8115234375));
#5409 = CARTESIAN_POINT('',(2.21910850498,11.773031390482));
#5410 = CARTESIAN_POINT('',(2.171451841787,11.736492075666));
#5411 = CARTESIAN_POINT('',(2.122443919621,11.70199329684));
#5412 = CARTESIAN_POINT('',(2.072130034638,11.66960874597));
#5413 = CARTESIAN_POINT('',(2.02056910701,11.639395782867));
#5414 = CARTESIAN_POINT('',(1.830374192516,11.538399440073));
#5415 = CARTESIAN_POINT('',(1.68487990299,11.480391533095));
#5416 = CARTESIAN_POINT('',(1.532788307745,11.438159451348));
#5417 = CARTESIAN_POINT('',(1.375695801187,11.411217549705));
#5418 = CARTESIAN_POINT('',(1.215145524949,11.3984375));
#5419 = CARTESIAN_POINT('',(1.052490234375,11.3984375));
#5420 = ( GEOMETRIC_REPRESENTATION_CONTEXT(2) 
PARAMETRIC_REPRESENTATION_CONTEXT() REPRESENTATION_CONTEXT('2D SPACE',''
  ) );
#5421 = PCURVE('',#5422,#5429);
#5422 = SURFACE_OF_LINEAR_EXTRUSION('',#5423,#5427);
#5423 = B_SPLINE_CURVE_WITH_KNOTS('',2,(#5424,#5425,#5426),
  .UNSPECIFIED.,.F.,.F.,(3,3),(0.,1.),.PIECEWISE_BEZIER_KNOTS.);
#5424 = CARTESIAN_POINT('',(1.052490234375,11.3984375,17.8));
#5425 = CARTESIAN_POINT('',(1.768798828125,11.3984375,17.8));
#5426 = CARTESIAN_POINT('',(2.265380859375,11.8115234375,17.8));
#5427 = VECTOR('',#5428,1.);
#5428 = DIRECTION('',(-0.,-0.,-1.));
#5429 = DEFINITIONAL_REPRESENTATION('',(#5430),#5443);
#5430 = B_SPLINE_CURVE_WITH_KNOTS('',6,(#5431,#5432,#5433,#5434,#5435,
    #5436,#5437,#5438,#5439,#5440,#5441,#5442),.UNSPECIFIED.,.F.,.F.,(7,
    5,7),(0.,0.277263188433,1.),.UNSPECIFIED.);
#5431 = CARTESIAN_POINT('',(1.,-0.6));
#5432 = CARTESIAN_POINT('',(0.953409153491,-0.6));
#5433 = CARTESIAN_POINT('',(0.906577055194,-0.6));
#5434 = CARTESIAN_POINT('',(0.859559375228,-0.6));
#5435 = CARTESIAN_POINT('',(0.812415092371,-0.6));
#5436 = CARTESIAN_POINT('',(0.76520663133,-0.6));
#5437 = CARTESIAN_POINT('',(0.594947349538,-0.6));
#5438 = CARTESIAN_POINT('',(0.471851270045,-0.6));
#5439 = CARTESIAN_POINT('',(0.350007507428,-0.6));
#5440 = CARTESIAN_POINT('',(0.230350067325,-0.6));
#5441 = CARTESIAN_POINT('',(0.113537162609,-0.6));
#5442 = CARTESIAN_POINT('',(0.,-0.6));
#5443 = ( GEOMETRIC_REPRESENTATION_CONTEXT(2) 
PARAMETRIC_REPRESENTATION_CONTEXT() REPRESENTATION_CONTEXT('2D SPACE',''
  ) );
#5444 = ORIENTED_EDGE('',*,*,#5445,.F.);
#5445 = EDGE_CURVE('',#4296,#5389,#5446,.T.);
#5446 = SURFACE_CURVE('',#5447,(#5460,#5476),.PCURVE_S1.);
#5447 = B_SPLINE_CURVE_WITH_KNOTS('',6,(#5448,#5449,#5450,#5451,#5452,
    #5453,#5454,#5455,#5456,#5457,#5458,#5459),.UNSPECIFIED.,.F.,.F.,(7,
    5,7),(0.,0.649377233649,1.),.UNSPECIFIED.);
#5448 = CARTESIAN_POINT('',(2.937744140625,13.03759765625,18.4));
#5449 = CARTESIAN_POINT('',(2.903599613214,12.879679216972,18.4));
#5450 = CARTESIAN_POINT('',(2.861056407523,12.725556847466,18.4));
#5451 = CARTESIAN_POINT('',(2.809172032681,12.576209049457,18.4));
#5452 = CARTESIAN_POINT('',(2.746982316049,12.433022213454,18.4));
#5453 = CARTESIAN_POINT('',(2.673634209237,12.297708795753,18.4));
#5454 = CARTESIAN_POINT('',(2.543201127661,12.104053818142,18.4));
#5455 = CARTESIAN_POINT('',(2.494160778704,12.03894321672,18.4));
#5456 = CARTESIAN_POINT('',(2.441794116918,11.976902215183,18.4));
#5457 = CARTESIAN_POINT('',(2.386132081653,11.918185288717,18.4));
#5458 = CARTESIAN_POINT('',(2.327269765994,11.863006244776,18.4));
#5459 = CARTESIAN_POINT('',(2.265380859375,11.8115234375,18.4));
#5460 = PCURVE('',#522,#5461);
#5461 = DEFINITIONAL_REPRESENTATION('',(#5462),#5475);
#5462 = B_SPLINE_CURVE_WITH_KNOTS('',6,(#5463,#5464,#5465,#5466,#5467,
    #5468,#5469,#5470,#5471,#5472,#5473,#5474),.UNSPECIFIED.,.F.,.F.,(7,
    5,7),(0.,0.649377233649,1.),.UNSPECIFIED.);
#5463 = CARTESIAN_POINT('',(2.937744140625,13.03759765625));
#5464 = CARTESIAN_POINT('',(2.903599613214,12.879679216972));
#5465 = CARTESIAN_POINT('',(2.861056407523,12.725556847466));
#5466 = CARTESIAN_POINT('',(2.809172032681,12.576209049457));
#5467 = CARTESIAN_POINT('',(2.746982316049,12.433022213454));
#5468 = CARTESIAN_POINT('',(2.673634209237,12.297708795753));
#5469 = CARTESIAN_POINT('',(2.543201127661,12.104053818142));
#5470 = CARTESIAN_POINT('',(2.494160778704,12.03894321672));
#5471 = CARTESIAN_POINT('',(2.441794116918,11.976902215183));
#5472 = CARTESIAN_POINT('',(2.386132081653,11.918185288717));
#5473 = CARTESIAN_POINT('',(2.327269765994,11.863006244776));
#5474 = CARTESIAN_POINT('',(2.265380859375,11.8115234375));
#5475 = ( GEOMETRIC_REPRESENTATION_CONTEXT(2) 
PARAMETRIC_REPRESENTATION_CONTEXT() REPRESENTATION_CONTEXT('2D SPACE',''
  ) );
#5476 = PCURVE('',#5477,#5484);
#5477 = SURFACE_OF_LINEAR_EXTRUSION('',#5478,#5482);
#5478 = B_SPLINE_CURVE_WITH_KNOTS('',2,(#5479,#5480,#5481),
  .UNSPECIFIED.,.F.,.F.,(3,3),(0.,1.),.PIECEWISE_BEZIER_KNOTS.);
#5479 = CARTESIAN_POINT('',(2.265380859375,11.8115234375,17.8));
#5480 = CARTESIAN_POINT('',(2.761962890625,12.224609375,17.8));
#5481 = CARTESIAN_POINT('',(2.937744140625,13.03759765625,17.8));
#5482 = VECTOR('',#5483,1.);
#5483 = DIRECTION('',(-0.,-0.,-1.));
#5484 = DEFINITIONAL_REPRESENTATION('',(#5485),#5498);
#5485 = B_SPLINE_CURVE_WITH_KNOTS('',6,(#5486,#5487,#5488,#5489,#5490,
    #5491,#5492,#5493,#5494,#5495,#5496,#5497),.UNSPECIFIED.,.F.,.F.,(7,
    5,7),(0.,0.649377233649,1.),.UNSPECIFIED.);
#5486 = CARTESIAN_POINT('',(1.,-0.6));
#5487 = CARTESIAN_POINT('',(0.902877788696,-0.6));
#5488 = CARTESIAN_POINT('',(0.802522638543,-0.6));
#5489 = CARTESIAN_POINT('',(0.698839412581,-0.6));
#5490 = CARTESIAN_POINT('',(0.591917479271,-0.6));
#5491 = CARTESIAN_POINT('',(0.482071274772,-0.6));
#5492 = CARTESIAN_POINT('',(0.309488577128,-0.6));
#5493 = CARTESIAN_POINT('',(0.248330976566,-0.6));
#5494 = CARTESIAN_POINT('',(0.186651679338,-0.6));
#5495 = CARTESIAN_POINT('',(0.124592648319,-0.6));
#5496 = CARTESIAN_POINT('',(6.231488729408E-02,-0.6));
#5497 = CARTESIAN_POINT('',(0.,-0.6));
#5498 = ( GEOMETRIC_REPRESENTATION_CONTEXT(2) 
PARAMETRIC_REPRESENTATION_CONTEXT() REPRESENTATION_CONTEXT('2D SPACE',''
  ) );
#5499 = FACE_BOUND('',#5500,.T.);
#5500 = EDGE_LOOP('',(#5501,#5529,#5555,#5581,#5607,#5633,#5659,#5685));
#5501 = ORIENTED_EDGE('',*,*,#5502,.F.);
#5502 = EDGE_CURVE('',#5503,#5505,#5507,.T.);
#5503 = VERTEX_POINT('',#5504);
#5504 = CARTESIAN_POINT('',(4.133056640625,10.77880859375,18.4));
#5505 = VERTEX_POINT('',#5506);
#5506 = CARTESIAN_POINT('',(5.038330078125,10.77880859375,18.4));
#5507 = SURFACE_CURVE('',#5508,(#5512,#5518),.PCURVE_S1.);
#5508 = LINE('',#5509,#5510);
#5509 = CARTESIAN_POINT('',(2.519165039062,10.77880859375,18.4));
#5510 = VECTOR('',#5511,1.);
#5511 = DIRECTION('',(1.,0.,-0.));
#5512 = PCURVE('',#522,#5513);
#5513 = DEFINITIONAL_REPRESENTATION('',(#5514),#5517);
#5514 = B_SPLINE_CURVE_WITH_KNOTS('',1,(#5515,#5516),.UNSPECIFIED.,.F.,
  .F.,(2,2),(1.613891601562,2.519165039062),.PIECEWISE_BEZIER_KNOTS.);
#5515 = CARTESIAN_POINT('',(4.133056640625,10.77880859375));
#5516 = CARTESIAN_POINT('',(5.038330078125,10.77880859375));
#5517 = ( GEOMETRIC_REPRESENTATION_CONTEXT(2) 
PARAMETRIC_REPRESENTATION_CONTEXT() REPRESENTATION_CONTEXT('2D SPACE',''
  ) );
#5518 = PCURVE('',#5519,#5524);
#5519 = PLANE('',#5520);
#5520 = AXIS2_PLACEMENT_3D('',#5521,#5522,#5523);
#5521 = CARTESIAN_POINT('',(5.038330078125,10.77880859375,17.8));
#5522 = DIRECTION('',(0.,-1.,0.));
#5523 = DIRECTION('',(-1.,0.,0.));
#5524 = DEFINITIONAL_REPRESENTATION('',(#5525),#5528);
#5525 = B_SPLINE_CURVE_WITH_KNOTS('',1,(#5526,#5527),.UNSPECIFIED.,.F.,
  .F.,(2,2),(1.613891601562,2.519165039062),.PIECEWISE_BEZIER_KNOTS.);
#5526 = CARTESIAN_POINT('',(0.9052734375,-0.6));
#5527 = CARTESIAN_POINT('',(0.,-0.6));
#5528 = ( GEOMETRIC_REPRESENTATION_CONTEXT(2) 
PARAMETRIC_REPRESENTATION_CONTEXT() REPRESENTATION_CONTEXT('2D SPACE',''
  ) );
#5529 = ORIENTED_EDGE('',*,*,#5530,.F.);
#5530 = EDGE_CURVE('',#5531,#5503,#5533,.T.);
#5531 = VERTEX_POINT('',#5532);
#5532 = CARTESIAN_POINT('',(6.607177734375,17.22119140625,18.4));
#5533 = SURFACE_CURVE('',#5534,(#5538,#5544),.PCURVE_S1.);
#5534 = LINE('',#5535,#5536);
#5535 = CARTESIAN_POINT('',(2.063731944261,5.390478212098,18.4));
#5536 = VECTOR('',#5537,1.);
#5537 = DIRECTION('',(-0.358509651553,-0.933526019853,0.));
#5538 = PCURVE('',#522,#5539);
#5539 = DEFINITIONAL_REPRESENTATION('',(#5540),#5543);
#5540 = B_SPLINE_CURVE_WITH_KNOTS('',1,(#5541,#5542),.UNSPECIFIED.,.F.,
  .F.,(2,2),(-12.67314776722,-5.772019490682),.PIECEWISE_BEZIER_KNOTS.);
#5541 = CARTESIAN_POINT('',(6.607177734375,17.22119140625));
#5542 = CARTESIAN_POINT('',(4.133056640625,10.77880859375));
#5543 = ( GEOMETRIC_REPRESENTATION_CONTEXT(2) 
PARAMETRIC_REPRESENTATION_CONTEXT() REPRESENTATION_CONTEXT('2D SPACE',''
  ) );
#5544 = PCURVE('',#5545,#5550);
#5545 = PLANE('',#5546);
#5546 = AXIS2_PLACEMENT_3D('',#5547,#5548,#5549);
#5547 = CARTESIAN_POINT('',(4.133056640625,10.77880859375,17.8));
#5548 = DIRECTION('',(-0.933526019853,0.358509651553,0.));
#5549 = DIRECTION('',(0.358509651553,0.933526019853,0.));
#5550 = DEFINITIONAL_REPRESENTATION('',(#5551),#5554);
#5551 = B_SPLINE_CURVE_WITH_KNOTS('',1,(#5552,#5553),.UNSPECIFIED.,.F.,
  .F.,(2,2),(-12.67314776722,-5.772019490682),.PIECEWISE_BEZIER_KNOTS.);
#5552 = CARTESIAN_POINT('',(6.901128276545,-0.6));
#5553 = CARTESIAN_POINT('',(0.,-0.6));
#5554 = ( GEOMETRIC_REPRESENTATION_CONTEXT(2) 
PARAMETRIC_REPRESENTATION_CONTEXT() REPRESENTATION_CONTEXT('2D SPACE',''
  ) );
#5555 = ORIENTED_EDGE('',*,*,#5556,.F.);
#5556 = EDGE_CURVE('',#5557,#5531,#5559,.T.);
#5557 = VERTEX_POINT('',#5558);
#5558 = CARTESIAN_POINT('',(7.525634765625,17.22119140625,18.4));
#5559 = SURFACE_CURVE('',#5560,(#5564,#5570),.PCURVE_S1.);
#5560 = LINE('',#5561,#5562);
#5561 = CARTESIAN_POINT('',(3.303588867188,17.22119140625,18.4));
#5562 = VECTOR('',#5563,1.);
#5563 = DIRECTION('',(-1.,0.,0.));
#5564 = PCURVE('',#522,#5565);
#5565 = DEFINITIONAL_REPRESENTATION('',(#5566),#5569);
#5566 = B_SPLINE_CURVE_WITH_KNOTS('',1,(#5567,#5568),.UNSPECIFIED.,.F.,
  .F.,(2,2),(-4.222045898438,-3.303588867188),.PIECEWISE_BEZIER_KNOTS.);
#5567 = CARTESIAN_POINT('',(7.525634765625,17.22119140625));
#5568 = CARTESIAN_POINT('',(6.607177734375,17.22119140625));
#5569 = ( GEOMETRIC_REPRESENTATION_CONTEXT(2) 
PARAMETRIC_REPRESENTATION_CONTEXT() REPRESENTATION_CONTEXT('2D SPACE',''
  ) );
#5570 = PCURVE('',#5571,#5576);
#5571 = PLANE('',#5572);
#5572 = AXIS2_PLACEMENT_3D('',#5573,#5574,#5575);
#5573 = CARTESIAN_POINT('',(6.607177734375,17.22119140625,17.8));
#5574 = DIRECTION('',(0.,1.,0.));
#5575 = DIRECTION('',(1.,0.,0.));
#5576 = DEFINITIONAL_REPRESENTATION('',(#5577),#5580);
#5577 = B_SPLINE_CURVE_WITH_KNOTS('',1,(#5578,#5579),.UNSPECIFIED.,.F.,
  .F.,(2,2),(-4.222045898438,-3.303588867188),.PIECEWISE_BEZIER_KNOTS.);
#5578 = CARTESIAN_POINT('',(0.91845703125,-0.6));
#5579 = CARTESIAN_POINT('',(0.,-0.6));
#5580 = ( GEOMETRIC_REPRESENTATION_CONTEXT(2) 
PARAMETRIC_REPRESENTATION_CONTEXT() REPRESENTATION_CONTEXT('2D SPACE',''
  ) );
#5581 = ORIENTED_EDGE('',*,*,#5582,.F.);
#5582 = EDGE_CURVE('',#5583,#5557,#5585,.T.);
#5583 = VERTEX_POINT('',#5584);
#5584 = CARTESIAN_POINT('',(10.162353515625,10.77880859375,18.4));
#5585 = SURFACE_CURVE('',#5586,(#5590,#5596),.PCURVE_S1.);
#5586 = LINE('',#5587,#5588);
#5587 = CARTESIAN_POINT('',(10.00426332545,11.165075625078,18.4));
#5588 = VECTOR('',#5589,1.);
#5589 = DIRECTION('',(-0.378780330599,0.925486607764,0.));
#5590 = PCURVE('',#522,#5591);
#5591 = DEFINITIONAL_REPRESENTATION('',(#5592),#5595);
#5592 = B_SPLINE_CURVE_WITH_KNOTS('',1,(#5593,#5594),.UNSPECIFIED.,.F.,
  .F.,(2,2),(-0.417366419014,6.543709795869),.PIECEWISE_BEZIER_KNOTS.);
#5593 = CARTESIAN_POINT('',(10.162353515625,10.77880859375));
#5594 = CARTESIAN_POINT('',(7.525634765625,17.22119140625));
#5595 = ( GEOMETRIC_REPRESENTATION_CONTEXT(2) 
PARAMETRIC_REPRESENTATION_CONTEXT() REPRESENTATION_CONTEXT('2D SPACE',''
  ) );
#5596 = PCURVE('',#5597,#5602);
#5597 = PLANE('',#5598);
#5598 = AXIS2_PLACEMENT_3D('',#5599,#5600,#5601);
#5599 = CARTESIAN_POINT('',(7.525634765625,17.22119140625,17.8));
#5600 = DIRECTION('',(0.925486607764,0.378780330599,-0.));
#5601 = DIRECTION('',(0.378780330599,-0.925486607764,0.));
#5602 = DEFINITIONAL_REPRESENTATION('',(#5603),#5606);
#5603 = B_SPLINE_CURVE_WITH_KNOTS('',1,(#5604,#5605),.UNSPECIFIED.,.F.,
  .F.,(2,2),(-0.417366419014,6.543709795869),.PIECEWISE_BEZIER_KNOTS.);
#5604 = CARTESIAN_POINT('',(6.961076214882,-0.6));
#5605 = CARTESIAN_POINT('',(0.,-0.6));
#5606 = ( GEOMETRIC_REPRESENTATION_CONTEXT(2) 
PARAMETRIC_REPRESENTATION_CONTEXT() REPRESENTATION_CONTEXT('2D SPACE',''
  ) );
#5607 = ORIENTED_EDGE('',*,*,#5608,.F.);
#5608 = EDGE_CURVE('',#5609,#5583,#5611,.T.);
#5609 = VERTEX_POINT('',#5610);
#5610 = CARTESIAN_POINT('',(9.191162109375,10.77880859375,18.4));
#5611 = SURFACE_CURVE('',#5612,(#5616,#5622),.PCURVE_S1.);
#5612 = LINE('',#5613,#5614);
#5613 = CARTESIAN_POINT('',(5.081176757812,10.77880859375,18.4));
#5614 = VECTOR('',#5615,1.);
#5615 = DIRECTION('',(1.,0.,-0.));
#5616 = PCURVE('',#522,#5617);
#5617 = DEFINITIONAL_REPRESENTATION('',(#5618),#5621);
#5618 = B_SPLINE_CURVE_WITH_KNOTS('',1,(#5619,#5620),.UNSPECIFIED.,.F.,
  .F.,(2,2),(4.109985351562,5.081176757812),.PIECEWISE_BEZIER_KNOTS.);
#5619 = CARTESIAN_POINT('',(9.191162109375,10.77880859375));
#5620 = CARTESIAN_POINT('',(10.162353515625,10.77880859375));
#5621 = ( GEOMETRIC_REPRESENTATION_CONTEXT(2) 
PARAMETRIC_REPRESENTATION_CONTEXT() REPRESENTATION_CONTEXT('2D SPACE',''
  ) );
#5622 = PCURVE('',#5623,#5628);
#5623 = PLANE('',#5624);
#5624 = AXIS2_PLACEMENT_3D('',#5625,#5626,#5627);
#5625 = CARTESIAN_POINT('',(10.162353515625,10.77880859375,17.8));
#5626 = DIRECTION('',(0.,-1.,0.));
#5627 = DIRECTION('',(-1.,0.,0.));
#5628 = DEFINITIONAL_REPRESENTATION('',(#5629),#5632);
#5629 = B_SPLINE_CURVE_WITH_KNOTS('',1,(#5630,#5631),.UNSPECIFIED.,.F.,
  .F.,(2,2),(4.109985351562,5.081176757812),.PIECEWISE_BEZIER_KNOTS.);
#5630 = CARTESIAN_POINT('',(0.97119140625,-0.6));
#5631 = CARTESIAN_POINT('',(0.,-0.6));
#5632 = ( GEOMETRIC_REPRESENTATION_CONTEXT(2) 
PARAMETRIC_REPRESENTATION_CONTEXT() REPRESENTATION_CONTEXT('2D SPACE',''
  ) );
#5633 = ORIENTED_EDGE('',*,*,#5634,.F.);
#5634 = EDGE_CURVE('',#5635,#5609,#5637,.T.);
#5635 = VERTEX_POINT('',#5636);
#5636 = CARTESIAN_POINT('',(8.439697265625,12.72998046875,18.4));
#5637 = SURFACE_CURVE('',#5638,(#5642,#5648),.PCURVE_S1.);
#5638 = LINE('',#5639,#5640);
#5639 = CARTESIAN_POINT('',(10.405091732154,7.62685097671,18.4));
#5640 = VECTOR('',#5641,1.);
#5641 = DIRECTION('',(0.359401561996,-0.933183003078,0.));
#5642 = PCURVE('',#522,#5643);
#5643 = DEFINITIONAL_REPRESENTATION('',(#5644),#5647);
#5644 = B_SPLINE_CURVE_WITH_KNOTS('',1,(#5645,#5646),.UNSPECIFIED.,.F.,
  .F.,(2,2),(-5.46851954569,-3.377641477226),.PIECEWISE_BEZIER_KNOTS.);
#5645 = CARTESIAN_POINT('',(8.439697265625,12.72998046875));
#5646 = CARTESIAN_POINT('',(9.191162109375,10.77880859375));
#5647 = ( GEOMETRIC_REPRESENTATION_CONTEXT(2) 
PARAMETRIC_REPRESENTATION_CONTEXT() REPRESENTATION_CONTEXT('2D SPACE',''
  ) );
#5648 = PCURVE('',#5649,#5654);
#5649 = PLANE('',#5650);
#5650 = AXIS2_PLACEMENT_3D('',#5651,#5652,#5653);
#5651 = CARTESIAN_POINT('',(9.191162109375,10.77880859375,17.8));
#5652 = DIRECTION('',(-0.933183003078,-0.359401561996,0.));
#5653 = DIRECTION('',(-0.359401561996,0.933183003078,0.));
#5654 = DEFINITIONAL_REPRESENTATION('',(#5655),#5658);
#5655 = B_SPLINE_CURVE_WITH_KNOTS('',1,(#5656,#5657),.UNSPECIFIED.,.F.,
  .F.,(2,2),(-5.46851954569,-3.377641477226),.PIECEWISE_BEZIER_KNOTS.);
#5656 = CARTESIAN_POINT('',(2.090878068464,-0.6));
#5657 = CARTESIAN_POINT('',(0.,-0.6));
#5658 = ( GEOMETRIC_REPRESENTATION_CONTEXT(2) 
PARAMETRIC_REPRESENTATION_CONTEXT() REPRESENTATION_CONTEXT('2D SPACE',''
  ) );
#5659 = ORIENTED_EDGE('',*,*,#5660,.F.);
#5660 = EDGE_CURVE('',#5661,#5635,#5663,.T.);
#5661 = VERTEX_POINT('',#5662);
#5662 = CARTESIAN_POINT('',(5.745849609375,12.72998046875,18.4));
#5663 = SURFACE_CURVE('',#5664,(#5668,#5674),.PCURVE_S1.);
#5664 = LINE('',#5665,#5666);
#5665 = CARTESIAN_POINT('',(4.219848632812,12.72998046875,18.4));
#5666 = VECTOR('',#5667,1.);
#5667 = DIRECTION('',(1.,0.,-0.));
#5668 = PCURVE('',#522,#5669);
#5669 = DEFINITIONAL_REPRESENTATION('',(#5670),#5673);
#5670 = B_SPLINE_CURVE_WITH_KNOTS('',1,(#5671,#5672),.UNSPECIFIED.,.F.,
  .F.,(2,2),(1.526000976562,4.219848632812),.PIECEWISE_BEZIER_KNOTS.);
#5671 = CARTESIAN_POINT('',(5.745849609375,12.72998046875));
#5672 = CARTESIAN_POINT('',(8.439697265625,12.72998046875));
#5673 = ( GEOMETRIC_REPRESENTATION_CONTEXT(2) 
PARAMETRIC_REPRESENTATION_CONTEXT() REPRESENTATION_CONTEXT('2D SPACE',''
  ) );
#5674 = PCURVE('',#5675,#5680);
#5675 = PLANE('',#5676);
#5676 = AXIS2_PLACEMENT_3D('',#5677,#5678,#5679);
#5677 = CARTESIAN_POINT('',(8.439697265625,12.72998046875,17.8));
#5678 = DIRECTION('',(0.,-1.,0.));
#5679 = DIRECTION('',(-1.,0.,0.));
#5680 = DEFINITIONAL_REPRESENTATION('',(#5681),#5684);
#5681 = B_SPLINE_CURVE_WITH_KNOTS('',1,(#5682,#5683),.UNSPECIFIED.,.F.,
  .F.,(2,2),(1.526000976562,4.219848632812),.PIECEWISE_BEZIER_KNOTS.);
#5682 = CARTESIAN_POINT('',(2.69384765625,-0.6));
#5683 = CARTESIAN_POINT('',(0.,-0.6));
#5684 = ( GEOMETRIC_REPRESENTATION_CONTEXT(2) 
PARAMETRIC_REPRESENTATION_CONTEXT() REPRESENTATION_CONTEXT('2D SPACE',''
  ) );
#5685 = ORIENTED_EDGE('',*,*,#5686,.F.);
#5686 = EDGE_CURVE('',#5505,#5661,#5687,.T.);
#5687 = SURFACE_CURVE('',#5688,(#5692,#5698),.PCURVE_S1.);
#5688 = LINE('',#5689,#5690);
#5689 = CARTESIAN_POINT('',(3.372178100405,6.183954692459,18.4));
#5690 = VECTOR('',#5691,1.);
#5691 = DIRECTION('',(0.340892893414,0.940102140844,-0.));
#5692 = PCURVE('',#522,#5693);
#5693 = DEFINITIONAL_REPRESENTATION('',(#5694),#5697);
#5694 = B_SPLINE_CURVE_WITH_KNOTS('',1,(#5695,#5696),.UNSPECIFIED.,.F.,
  .F.,(2,2),(4.887611358022,6.963100595019),.PIECEWISE_BEZIER_KNOTS.);
#5695 = CARTESIAN_POINT('',(5.038330078125,10.77880859375));
#5696 = CARTESIAN_POINT('',(5.745849609375,12.72998046875));
#5697 = ( GEOMETRIC_REPRESENTATION_CONTEXT(2) 
PARAMETRIC_REPRESENTATION_CONTEXT() REPRESENTATION_CONTEXT('2D SPACE',''
  ) );
#5698 = PCURVE('',#5699,#5704);
#5699 = PLANE('',#5700);
#5700 = AXIS2_PLACEMENT_3D('',#5701,#5702,#5703);
#5701 = CARTESIAN_POINT('',(5.745849609375,12.72998046875,17.8));
#5702 = DIRECTION('',(0.940102140844,-0.340892893414,0.));
#5703 = DIRECTION('',(-0.340892893414,-0.940102140844,0.));
#5704 = DEFINITIONAL_REPRESENTATION('',(#5705),#5708);
#5705 = B_SPLINE_CURVE_WITH_KNOTS('',1,(#5706,#5707),.UNSPECIFIED.,.F.,
  .F.,(2,2),(4.887611358022,6.963100595019),.PIECEWISE_BEZIER_KNOTS.);
#5706 = CARTESIAN_POINT('',(2.075489236997,-0.6));
#5707 = CARTESIAN_POINT('',(0.,-0.6));
#5708 = ( GEOMETRIC_REPRESENTATION_CONTEXT(2) 
PARAMETRIC_REPRESENTATION_CONTEXT() REPRESENTATION_CONTEXT('2D SPACE',''
  ) );
#5709 = ADVANCED_FACE('',(#5710),#557,.T.);
#5710 = FACE_BOUND('',#5711,.T.);
#5711 = EDGE_LOOP('',(#5712,#5735,#5736,#5737));
#5712 = ORIENTED_EDGE('',*,*,#5713,.T.);
#5713 = EDGE_CURVE('',#5714,#541,#5716,.T.);
#5714 = VERTEX_POINT('',#5715);
#5715 = CARTESIAN_POINT('',(12.,-2.939152317954E-15,0.));
#5716 = SEAM_CURVE('',#5717,(#5721,#5728),.PCURVE_S1.);
#5717 = LINE('',#5718,#5719);
#5718 = CARTESIAN_POINT('',(12.,-2.939152317954E-15,-1.E-02));
#5719 = VECTOR('',#5720,1.);
#5720 = DIRECTION('',(0.,0.,1.));
#5721 = PCURVE('',#557,#5722);
#5722 = DEFINITIONAL_REPRESENTATION('',(#5723),#5727);
#5723 = LINE('',#5724,#5725);
#5724 = CARTESIAN_POINT('',(6.28318530718,-0.));
#5725 = VECTOR('',#5726,1.);
#5726 = DIRECTION('',(0.,1.));
#5727 = ( GEOMETRIC_REPRESENTATION_CONTEXT(2) 
PARAMETRIC_REPRESENTATION_CONTEXT() REPRESENTATION_CONTEXT('2D SPACE',''
  ) );
#5728 = PCURVE('',#557,#5729);
#5729 = DEFINITIONAL_REPRESENTATION('',(#5730),#5734);
#5730 = LINE('',#5731,#5732);
#5731 = CARTESIAN_POINT('',(0.,-0.));
#5732 = VECTOR('',#5733,1.);
#5733 = DIRECTION('',(0.,1.));
#5734 = ( GEOMETRIC_REPRESENTATION_CONTEXT(2) 
PARAMETRIC_REPRESENTATION_CONTEXT() REPRESENTATION_CONTEXT('2D SPACE',''
  ) );
#5735 = ORIENTED_EDGE('',*,*,#540,.F.);
#5736 = ORIENTED_EDGE('',*,*,#5713,.F.);
#5737 = ORIENTED_EDGE('',*,*,#5738,.T.);
#5738 = EDGE_CURVE('',#5714,#5714,#5739,.T.);
#5739 = SURFACE_CURVE('',#5740,(#5745,#5752),.PCURVE_S1.);
#5740 = CIRCLE('',#5741,12.);
#5741 = AXIS2_PLACEMENT_3D('',#5742,#5743,#5744);
#5742 = CARTESIAN_POINT('',(0.,0.,0.));
#5743 = DIRECTION('',(0.,0.,1.));
#5744 = DIRECTION('',(1.,0.,-0.));
#5745 = PCURVE('',#557,#5746);
#5746 = DEFINITIONAL_REPRESENTATION('',(#5747),#5751);
#5747 = LINE('',#5748,#5749);
#5748 = CARTESIAN_POINT('',(0.,1.E-02));
#5749 = VECTOR('',#5750,1.);
#5750 = DIRECTION('',(1.,0.));
#5751 = ( GEOMETRIC_REPRESENTATION_CONTEXT(2) 
PARAMETRIC_REPRESENTATION_CONTEXT() REPRESENTATION_CONTEXT('2D SPACE',''
  ) );
#5752 = PCURVE('',#5753,#5758);
#5753 = PLANE('',#5754);
#5754 = AXIS2_PLACEMENT_3D('',#5755,#5756,#5757);
#5755 = CARTESIAN_POINT('',(0.,0.,0.));
#5756 = DIRECTION('',(0.,0.,1.));
#5757 = DIRECTION('',(1.,0.,-0.));
#5758 = DEFINITIONAL_REPRESENTATION('',(#5759),#5763);
#5759 = CIRCLE('',#5760,12.);
#5760 = AXIS2_PLACEMENT_2D('',#5761,#5762);
#5761 = CARTESIAN_POINT('',(0.,0.));
#5762 = DIRECTION('',(1.,0.));
#5763 = ( GEOMETRIC_REPRESENTATION_CONTEXT(2) 
PARAMETRIC_REPRESENTATION_CONTEXT() REPRESENTATION_CONTEXT('2D SPACE',''
  ) );
#5764 = ADVANCED_FACE('',(#5765),#592,.F.);
#5765 = FACE_BOUND('',#5766,.F.);
#5766 = EDGE_LOOP('',(#5767,#5797,#5818,#5819));
#5767 = ORIENTED_EDGE('',*,*,#5768,.F.);
#5768 = EDGE_CURVE('',#5769,#5771,#5773,.T.);
#5769 = VERTEX_POINT('',#5770);
#5770 = CARTESIAN_POINT('',(-8.85498051875,-17.22338867187,17.8));
#5771 = VERTEX_POINT('',#5772);
#5772 = CARTESIAN_POINT('',(-9.70751958125,-17.22338867187,17.8));
#5773 = SURFACE_CURVE('',#5774,(#5778,#5785),.PCURVE_S1.);
#5774 = LINE('',#5775,#5776);
#5775 = CARTESIAN_POINT('',(-8.85498051875,-17.22338867187,17.8));
#5776 = VECTOR('',#5777,1.);
#5777 = DIRECTION('',(-1.,0.,0.));
#5778 = PCURVE('',#592,#5779);
#5779 = DEFINITIONAL_REPRESENTATION('',(#5780),#5784);
#5780 = LINE('',#5781,#5782);
#5781 = CARTESIAN_POINT('',(0.,-0.));
#5782 = VECTOR('',#5783,1.);
#5783 = DIRECTION('',(1.,0.));
#5784 = ( GEOMETRIC_REPRESENTATION_CONTEXT(2) 
PARAMETRIC_REPRESENTATION_CONTEXT() REPRESENTATION_CONTEXT('2D SPACE',''
  ) );
#5785 = PCURVE('',#5786,#5791);
#5786 = PLANE('',#5787);
#5787 = AXIS2_PLACEMENT_3D('',#5788,#5789,#5790);
#5788 = CARTESIAN_POINT('',(-12.041015675,-17.22338867187,17.8));
#5789 = DIRECTION('',(0.,0.,1.));
#5790 = DIRECTION('',(1.,0.,0.));
#5791 = DEFINITIONAL_REPRESENTATION('',(#5792),#5796);
#5792 = LINE('',#5793,#5794);
#5793 = CARTESIAN_POINT('',(3.18603515625,0.));
#5794 = VECTOR('',#5795,1.);
#5795 = DIRECTION('',(-1.,0.));
#5796 = ( GEOMETRIC_REPRESENTATION_CONTEXT(2) 
PARAMETRIC_REPRESENTATION_CONTEXT() REPRESENTATION_CONTEXT('2D SPACE',''
  ) );
#5797 = ORIENTED_EDGE('',*,*,#5798,.T.);
#5798 = EDGE_CURVE('',#5769,#578,#5799,.T.);
#5799 = SURFACE_CURVE('',#5800,(#5804,#5811),.PCURVE_S1.);
#5800 = LINE('',#5801,#5802);
#5801 = CARTESIAN_POINT('',(-8.85498051875,-17.22338867187,17.8));
#5802 = VECTOR('',#5803,1.);
#5803 = DIRECTION('',(0.,0.,1.));
#5804 = PCURVE('',#592,#5805);
#5805 = DEFINITIONAL_REPRESENTATION('',(#5806),#5810);
#5806 = LINE('',#5807,#5808);
#5807 = CARTESIAN_POINT('',(0.,-0.));
#5808 = VECTOR('',#5809,1.);
#5809 = DIRECTION('',(0.,-1.));
#5810 = ( GEOMETRIC_REPRESENTATION_CONTEXT(2) 
PARAMETRIC_REPRESENTATION_CONTEXT() REPRESENTATION_CONTEXT('2D SPACE',''
  ) );
#5811 = PCURVE('',#772,#5812);
#5812 = DEFINITIONAL_REPRESENTATION('',(#5813),#5817);
#5813 = LINE('',#5814,#5815);
#5814 = CARTESIAN_POINT('',(5.68212890625,0.));
#5815 = VECTOR('',#5816,1.);
#5816 = DIRECTION('',(0.,-1.));
#5817 = ( GEOMETRIC_REPRESENTATION_CONTEXT(2) 
PARAMETRIC_REPRESENTATION_CONTEXT() REPRESENTATION_CONTEXT('2D SPACE',''
  ) );
#5818 = ORIENTED_EDGE('',*,*,#575,.F.);
#5819 = ORIENTED_EDGE('',*,*,#5820,.F.);
#5820 = EDGE_CURVE('',#5771,#576,#5821,.T.);
#5821 = SURFACE_CURVE('',#5822,(#5826,#5833),.PCURVE_S1.);
#5822 = LINE('',#5823,#5824);
#5823 = CARTESIAN_POINT('',(-9.70751958125,-17.22338867187,17.8));
#5824 = VECTOR('',#5825,1.);
#5825 = DIRECTION('',(0.,0.,1.));
#5826 = PCURVE('',#592,#5827);
#5827 = DEFINITIONAL_REPRESENTATION('',(#5828),#5832);
#5828 = LINE('',#5829,#5830);
#5829 = CARTESIAN_POINT('',(0.8525390625,0.));
#5830 = VECTOR('',#5831,1.);
#5831 = DIRECTION('',(0.,-1.));
#5832 = ( GEOMETRIC_REPRESENTATION_CONTEXT(2) 
PARAMETRIC_REPRESENTATION_CONTEXT() REPRESENTATION_CONTEXT('2D SPACE',''
  ) );
#5833 = PCURVE('',#618,#5834);
#5834 = DEFINITIONAL_REPRESENTATION('',(#5835),#5839);
#5835 = LINE('',#5836,#5837);
#5836 = CARTESIAN_POINT('',(0.,0.));
#5837 = VECTOR('',#5838,1.);
#5838 = DIRECTION('',(0.,-1.));
#5839 = ( GEOMETRIC_REPRESENTATION_CONTEXT(2) 
PARAMETRIC_REPRESENTATION_CONTEXT() REPRESENTATION_CONTEXT('2D SPACE',''
  ) );
#5840 = ADVANCED_FACE('',(#5841),#772,.F.);
#5841 = FACE_BOUND('',#5842,.F.);
#5842 = EDGE_LOOP('',(#5843,#5866,#5887,#5888));
#5843 = ORIENTED_EDGE('',*,*,#5844,.F.);
#5844 = EDGE_CURVE('',#5845,#5769,#5847,.T.);
#5845 = VERTEX_POINT('',#5846);
#5846 = CARTESIAN_POINT('',(-8.85498051875,-11.54125976562,17.8));
#5847 = SURFACE_CURVE('',#5848,(#5852,#5859),.PCURVE_S1.);
#5848 = LINE('',#5849,#5850);
#5849 = CARTESIAN_POINT('',(-8.85498051875,-11.54125976562,17.8));
#5850 = VECTOR('',#5851,1.);
#5851 = DIRECTION('',(0.,-1.,0.));
#5852 = PCURVE('',#772,#5853);
#5853 = DEFINITIONAL_REPRESENTATION('',(#5854),#5858);
#5854 = LINE('',#5855,#5856);
#5855 = CARTESIAN_POINT('',(0.,0.));
#5856 = VECTOR('',#5857,1.);
#5857 = DIRECTION('',(1.,0.));
#5858 = ( GEOMETRIC_REPRESENTATION_CONTEXT(2) 
PARAMETRIC_REPRESENTATION_CONTEXT() REPRESENTATION_CONTEXT('2D SPACE',''
  ) );
#5859 = PCURVE('',#5786,#5860);
#5860 = DEFINITIONAL_REPRESENTATION('',(#5861),#5865);
#5861 = LINE('',#5862,#5863);
#5862 = CARTESIAN_POINT('',(3.18603515625,5.68212890625));
#5863 = VECTOR('',#5864,1.);
#5864 = DIRECTION('',(0.,-1.));
#5865 = ( GEOMETRIC_REPRESENTATION_CONTEXT(2) 
PARAMETRIC_REPRESENTATION_CONTEXT() REPRESENTATION_CONTEXT('2D SPACE',''
  ) );
#5866 = ORIENTED_EDGE('',*,*,#5867,.T.);
#5867 = EDGE_CURVE('',#5845,#734,#5868,.T.);
#5868 = SURFACE_CURVE('',#5869,(#5873,#5880),.PCURVE_S1.);
#5869 = LINE('',#5870,#5871);
#5870 = CARTESIAN_POINT('',(-8.85498051875,-11.54125976562,17.8));
#5871 = VECTOR('',#5872,1.);
#5872 = DIRECTION('',(0.,0.,1.));
#5873 = PCURVE('',#772,#5874);
#5874 = DEFINITIONAL_REPRESENTATION('',(#5875),#5879);
#5875 = LINE('',#5876,#5877);
#5876 = CARTESIAN_POINT('',(0.,0.));
#5877 = VECTOR('',#5878,1.);
#5878 = DIRECTION('',(0.,-1.));
#5879 = ( GEOMETRIC_REPRESENTATION_CONTEXT(2) 
PARAMETRIC_REPRESENTATION_CONTEXT() REPRESENTATION_CONTEXT('2D SPACE',''
  ) );
#5880 = PCURVE('',#748,#5881);
#5881 = DEFINITIONAL_REPRESENTATION('',(#5882),#5886);
#5882 = LINE('',#5883,#5884);
#5883 = CARTESIAN_POINT('',(2.13134765625,0.));
#5884 = VECTOR('',#5885,1.);
#5885 = DIRECTION('',(0.,-1.));
#5886 = ( GEOMETRIC_REPRESENTATION_CONTEXT(2) 
PARAMETRIC_REPRESENTATION_CONTEXT() REPRESENTATION_CONTEXT('2D SPACE',''
  ) );
#5887 = ORIENTED_EDGE('',*,*,#759,.F.);
#5888 = ORIENTED_EDGE('',*,*,#5798,.F.);
#5889 = ADVANCED_FACE('',(#5890),#748,.F.);
#5890 = FACE_BOUND('',#5891,.F.);
#5891 = EDGE_LOOP('',(#5892,#5915,#5936,#5937));
#5892 = ORIENTED_EDGE('',*,*,#5893,.F.);
#5893 = EDGE_CURVE('',#5894,#5845,#5896,.T.);
#5894 = VERTEX_POINT('',#5895);
#5895 = CARTESIAN_POINT('',(-6.7236328625,-11.54125976562,17.8));
#5896 = SURFACE_CURVE('',#5897,(#5901,#5908),.PCURVE_S1.);
#5897 = LINE('',#5898,#5899);
#5898 = CARTESIAN_POINT('',(-6.7236328625,-11.54125976562,17.8));
#5899 = VECTOR('',#5900,1.);
#5900 = DIRECTION('',(-1.,0.,0.));
#5901 = PCURVE('',#748,#5902);
#5902 = DEFINITIONAL_REPRESENTATION('',(#5903),#5907);
#5903 = LINE('',#5904,#5905);
#5904 = CARTESIAN_POINT('',(0.,-0.));
#5905 = VECTOR('',#5906,1.);
#5906 = DIRECTION('',(1.,0.));
#5907 = ( GEOMETRIC_REPRESENTATION_CONTEXT(2) 
PARAMETRIC_REPRESENTATION_CONTEXT() REPRESENTATION_CONTEXT('2D SPACE',''
  ) );
#5908 = PCURVE('',#5786,#5909);
#5909 = DEFINITIONAL_REPRESENTATION('',(#5910),#5914);
#5910 = LINE('',#5911,#5912);
#5911 = CARTESIAN_POINT('',(5.3173828125,5.68212890625));
#5912 = VECTOR('',#5913,1.);
#5913 = DIRECTION('',(-1.,0.));
#5914 = ( GEOMETRIC_REPRESENTATION_CONTEXT(2) 
PARAMETRIC_REPRESENTATION_CONTEXT() REPRESENTATION_CONTEXT('2D SPACE',''
  ) );
#5915 = ORIENTED_EDGE('',*,*,#5916,.T.);
#5916 = EDGE_CURVE('',#5894,#708,#5917,.T.);
#5917 = SURFACE_CURVE('',#5918,(#5922,#5929),.PCURVE_S1.);
#5918 = LINE('',#5919,#5920);
#5919 = CARTESIAN_POINT('',(-6.7236328625,-11.54125976562,17.8));
#5920 = VECTOR('',#5921,1.);
#5921 = DIRECTION('',(0.,0.,1.));
#5922 = PCURVE('',#748,#5923);
#5923 = DEFINITIONAL_REPRESENTATION('',(#5924),#5928);
#5924 = LINE('',#5925,#5926);
#5925 = CARTESIAN_POINT('',(0.,-0.));
#5926 = VECTOR('',#5927,1.);
#5927 = DIRECTION('',(0.,-1.));
#5928 = ( GEOMETRIC_REPRESENTATION_CONTEXT(2) 
PARAMETRIC_REPRESENTATION_CONTEXT() REPRESENTATION_CONTEXT('2D SPACE',''
  ) );
#5929 = PCURVE('',#722,#5930);
#5930 = DEFINITIONAL_REPRESENTATION('',(#5931),#5935);
#5931 = LINE('',#5932,#5933);
#5932 = CARTESIAN_POINT('',(0.76025390625,0.));
#5933 = VECTOR('',#5934,1.);
#5934 = DIRECTION('',(0.,-1.));
#5935 = ( GEOMETRIC_REPRESENTATION_CONTEXT(2) 
PARAMETRIC_REPRESENTATION_CONTEXT() REPRESENTATION_CONTEXT('2D SPACE',''
  ) );
#5936 = ORIENTED_EDGE('',*,*,#733,.F.);
#5937 = ORIENTED_EDGE('',*,*,#5867,.F.);
#5938 = ADVANCED_FACE('',(#5939),#722,.F.);
#5939 = FACE_BOUND('',#5940,.F.);
#5940 = EDGE_LOOP('',(#5941,#5964,#5985,#5986));
#5941 = ORIENTED_EDGE('',*,*,#5942,.F.);
#5942 = EDGE_CURVE('',#5943,#5894,#5945,.T.);
#5943 = VERTEX_POINT('',#5944);
#5944 = CARTESIAN_POINT('',(-6.7236328625,-10.78100585937,17.8));
#5945 = SURFACE_CURVE('',#5946,(#5950,#5957),.PCURVE_S1.);
#5946 = LINE('',#5947,#5948);
#5947 = CARTESIAN_POINT('',(-6.7236328625,-10.78100585937,17.8));
#5948 = VECTOR('',#5949,1.);
#5949 = DIRECTION('',(0.,-1.,0.));
#5950 = PCURVE('',#722,#5951);
#5951 = DEFINITIONAL_REPRESENTATION('',(#5952),#5956);
#5952 = LINE('',#5953,#5954);
#5953 = CARTESIAN_POINT('',(0.,0.));
#5954 = VECTOR('',#5955,1.);
#5955 = DIRECTION('',(1.,0.));
#5956 = ( GEOMETRIC_REPRESENTATION_CONTEXT(2) 
PARAMETRIC_REPRESENTATION_CONTEXT() REPRESENTATION_CONTEXT('2D SPACE',''
  ) );
#5957 = PCURVE('',#5786,#5958);
#5958 = DEFINITIONAL_REPRESENTATION('',(#5959),#5963);
#5959 = LINE('',#5960,#5961);
#5960 = CARTESIAN_POINT('',(5.3173828125,6.4423828125));
#5961 = VECTOR('',#5962,1.);
#5962 = DIRECTION('',(0.,-1.));
#5963 = ( GEOMETRIC_REPRESENTATION_CONTEXT(2) 
PARAMETRIC_REPRESENTATION_CONTEXT() REPRESENTATION_CONTEXT('2D SPACE',''
  ) );
#5964 = ORIENTED_EDGE('',*,*,#5965,.T.);
#5965 = EDGE_CURVE('',#5943,#682,#5966,.T.);
#5966 = SURFACE_CURVE('',#5967,(#5971,#5978),.PCURVE_S1.);
#5967 = LINE('',#5968,#5969);
#5968 = CARTESIAN_POINT('',(-6.7236328625,-10.78100585937,17.8));
#5969 = VECTOR('',#5970,1.);
#5970 = DIRECTION('',(0.,0.,1.));
#5971 = PCURVE('',#722,#5972);
#5972 = DEFINITIONAL_REPRESENTATION('',(#5973),#5977);
#5973 = LINE('',#5974,#5975);
#5974 = CARTESIAN_POINT('',(0.,0.));
#5975 = VECTOR('',#5976,1.);
#5976 = DIRECTION('',(0.,-1.));
#5977 = ( GEOMETRIC_REPRESENTATION_CONTEXT(2) 
PARAMETRIC_REPRESENTATION_CONTEXT() REPRESENTATION_CONTEXT('2D SPACE',''
  ) );
#5978 = PCURVE('',#696,#5979);
#5979 = DEFINITIONAL_REPRESENTATION('',(#5980),#5984);
#5980 = LINE('',#5981,#5982);
#5981 = CARTESIAN_POINT('',(5.1064453125,0.));
#5982 = VECTOR('',#5983,1.);
#5983 = DIRECTION('',(0.,-1.));
#5984 = ( GEOMETRIC_REPRESENTATION_CONTEXT(2) 
PARAMETRIC_REPRESENTATION_CONTEXT() REPRESENTATION_CONTEXT('2D SPACE',''
  ) );
#5985 = ORIENTED_EDGE('',*,*,#707,.F.);
#5986 = ORIENTED_EDGE('',*,*,#5916,.F.);
#5987 = ADVANCED_FACE('',(#5988),#696,.F.);
#5988 = FACE_BOUND('',#5989,.F.);
#5989 = EDGE_LOOP('',(#5990,#6013,#6034,#6035));
#5990 = ORIENTED_EDGE('',*,*,#5991,.F.);
#5991 = EDGE_CURVE('',#5992,#5943,#5994,.T.);
#5992 = VERTEX_POINT('',#5993);
#5993 = CARTESIAN_POINT('',(-11.830078175,-10.78100585937,17.8));
#5994 = SURFACE_CURVE('',#5995,(#5999,#6006),.PCURVE_S1.);
#5995 = LINE('',#5996,#5997);
#5996 = CARTESIAN_POINT('',(-11.830078175,-10.78100585937,17.8));
#5997 = VECTOR('',#5998,1.);
#5998 = DIRECTION('',(1.,0.,0.));
#5999 = PCURVE('',#696,#6000);
#6000 = DEFINITIONAL_REPRESENTATION('',(#6001),#6005);
#6001 = LINE('',#6002,#6003);
#6002 = CARTESIAN_POINT('',(0.,0.));
#6003 = VECTOR('',#6004,1.);
#6004 = DIRECTION('',(1.,0.));
#6005 = ( GEOMETRIC_REPRESENTATION_CONTEXT(2) 
PARAMETRIC_REPRESENTATION_CONTEXT() REPRESENTATION_CONTEXT('2D SPACE',''
  ) );
#6006 = PCURVE('',#5786,#6007);
#6007 = DEFINITIONAL_REPRESENTATION('',(#6008),#6012);
#6008 = LINE('',#6009,#6010);
#6009 = CARTESIAN_POINT('',(0.2109375,6.4423828125));
#6010 = VECTOR('',#6011,1.);
#6011 = DIRECTION('',(1.,0.));
#6012 = ( GEOMETRIC_REPRESENTATION_CONTEXT(2) 
PARAMETRIC_REPRESENTATION_CONTEXT() REPRESENTATION_CONTEXT('2D SPACE',''
  ) );
#6013 = ORIENTED_EDGE('',*,*,#6014,.T.);
#6014 = EDGE_CURVE('',#5992,#656,#6015,.T.);
#6015 = SURFACE_CURVE('',#6016,(#6020,#6027),.PCURVE_S1.);
#6016 = LINE('',#6017,#6018);
#6017 = CARTESIAN_POINT('',(-11.830078175,-10.78100585937,17.8));
#6018 = VECTOR('',#6019,1.);
#6019 = DIRECTION('',(0.,0.,1.));
#6020 = PCURVE('',#696,#6021);
#6021 = DEFINITIONAL_REPRESENTATION('',(#6022),#6026);
#6022 = LINE('',#6023,#6024);
#6023 = CARTESIAN_POINT('',(0.,0.));
#6024 = VECTOR('',#6025,1.);
#6025 = DIRECTION('',(0.,-1.));
#6026 = ( GEOMETRIC_REPRESENTATION_CONTEXT(2) 
PARAMETRIC_REPRESENTATION_CONTEXT() REPRESENTATION_CONTEXT('2D SPACE',''
  ) );
#6027 = PCURVE('',#670,#6028);
#6028 = DEFINITIONAL_REPRESENTATION('',(#6029),#6033);
#6029 = LINE('',#6030,#6031);
#6030 = CARTESIAN_POINT('',(0.76025390625,0.));
#6031 = VECTOR('',#6032,1.);
#6032 = DIRECTION('',(0.,-1.));
#6033 = ( GEOMETRIC_REPRESENTATION_CONTEXT(2) 
PARAMETRIC_REPRESENTATION_CONTEXT() REPRESENTATION_CONTEXT('2D SPACE',''
  ) );
#6034 = ORIENTED_EDGE('',*,*,#681,.F.);
#6035 = ORIENTED_EDGE('',*,*,#5965,.F.);
#6036 = ADVANCED_FACE('',(#6037),#670,.F.);
#6037 = FACE_BOUND('',#6038,.F.);
#6038 = EDGE_LOOP('',(#6039,#6062,#6083,#6084));
#6039 = ORIENTED_EDGE('',*,*,#6040,.F.);
#6040 = EDGE_CURVE('',#6041,#5992,#6043,.T.);
#6041 = VERTEX_POINT('',#6042);
#6042 = CARTESIAN_POINT('',(-11.830078175,-11.54125976562,17.8));
#6043 = SURFACE_CURVE('',#6044,(#6048,#6055),.PCURVE_S1.);
#6044 = LINE('',#6045,#6046);
#6045 = CARTESIAN_POINT('',(-11.830078175,-11.54125976562,17.8));
#6046 = VECTOR('',#6047,1.);
#6047 = DIRECTION('',(0.,1.,0.));
#6048 = PCURVE('',#670,#6049);
#6049 = DEFINITIONAL_REPRESENTATION('',(#6050),#6054);
#6050 = LINE('',#6051,#6052);
#6051 = CARTESIAN_POINT('',(0.,0.));
#6052 = VECTOR('',#6053,1.);
#6053 = DIRECTION('',(1.,0.));
#6054 = ( GEOMETRIC_REPRESENTATION_CONTEXT(2) 
PARAMETRIC_REPRESENTATION_CONTEXT() REPRESENTATION_CONTEXT('2D SPACE',''
  ) );
#6055 = PCURVE('',#5786,#6056);
#6056 = DEFINITIONAL_REPRESENTATION('',(#6057),#6061);
#6057 = LINE('',#6058,#6059);
#6058 = CARTESIAN_POINT('',(0.2109375,5.68212890625));
#6059 = VECTOR('',#6060,1.);
#6060 = DIRECTION('',(0.,1.));
#6061 = ( GEOMETRIC_REPRESENTATION_CONTEXT(2) 
PARAMETRIC_REPRESENTATION_CONTEXT() REPRESENTATION_CONTEXT('2D SPACE',''
  ) );
#6062 = ORIENTED_EDGE('',*,*,#6063,.T.);
#6063 = EDGE_CURVE('',#6041,#630,#6064,.T.);
#6064 = SURFACE_CURVE('',#6065,(#6069,#6076),.PCURVE_S1.);
#6065 = LINE('',#6066,#6067);
#6066 = CARTESIAN_POINT('',(-11.830078175,-11.54125976562,17.8));
#6067 = VECTOR('',#6068,1.);
#6068 = DIRECTION('',(0.,0.,1.));
#6069 = PCURVE('',#670,#6070);
#6070 = DEFINITIONAL_REPRESENTATION('',(#6071),#6075);
#6071 = LINE('',#6072,#6073);
#6072 = CARTESIAN_POINT('',(0.,0.));
#6073 = VECTOR('',#6074,1.);
#6074 = DIRECTION('',(0.,-1.));
#6075 = ( GEOMETRIC_REPRESENTATION_CONTEXT(2) 
PARAMETRIC_REPRESENTATION_CONTEXT() REPRESENTATION_CONTEXT('2D SPACE',''
  ) );
#6076 = PCURVE('',#644,#6077);
#6077 = DEFINITIONAL_REPRESENTATION('',(#6078),#6082);
#6078 = LINE('',#6079,#6080);
#6079 = CARTESIAN_POINT('',(2.12255859375,0.));
#6080 = VECTOR('',#6081,1.);
#6081 = DIRECTION('',(0.,-1.));
#6082 = ( GEOMETRIC_REPRESENTATION_CONTEXT(2) 
PARAMETRIC_REPRESENTATION_CONTEXT() REPRESENTATION_CONTEXT('2D SPACE',''
  ) );
#6083 = ORIENTED_EDGE('',*,*,#655,.F.);
#6084 = ORIENTED_EDGE('',*,*,#6014,.F.);
#6085 = ADVANCED_FACE('',(#6086),#644,.F.);
#6086 = FACE_BOUND('',#6087,.F.);
#6087 = EDGE_LOOP('',(#6088,#6111,#6132,#6133));
#6088 = ORIENTED_EDGE('',*,*,#6089,.F.);
#6089 = EDGE_CURVE('',#6090,#6041,#6092,.T.);
#6090 = VERTEX_POINT('',#6091);
#6091 = CARTESIAN_POINT('',(-9.70751958125,-11.54125976562,17.8));
#6092 = SURFACE_CURVE('',#6093,(#6097,#6104),.PCURVE_S1.);
#6093 = LINE('',#6094,#6095);
#6094 = CARTESIAN_POINT('',(-9.70751958125,-11.54125976562,17.8));
#6095 = VECTOR('',#6096,1.);
#6096 = DIRECTION('',(-1.,0.,0.));
#6097 = PCURVE('',#644,#6098);
#6098 = DEFINITIONAL_REPRESENTATION('',(#6099),#6103);
#6099 = LINE('',#6100,#6101);
#6100 = CARTESIAN_POINT('',(0.,-0.));
#6101 = VECTOR('',#6102,1.);
#6102 = DIRECTION('',(1.,0.));
#6103 = ( GEOMETRIC_REPRESENTATION_CONTEXT(2) 
PARAMETRIC_REPRESENTATION_CONTEXT() REPRESENTATION_CONTEXT('2D SPACE',''
  ) );
#6104 = PCURVE('',#5786,#6105);
#6105 = DEFINITIONAL_REPRESENTATION('',(#6106),#6110);
#6106 = LINE('',#6107,#6108);
#6107 = CARTESIAN_POINT('',(2.33349609375,5.68212890625));
#6108 = VECTOR('',#6109,1.);
#6109 = DIRECTION('',(-1.,0.));
#6110 = ( GEOMETRIC_REPRESENTATION_CONTEXT(2) 
PARAMETRIC_REPRESENTATION_CONTEXT() REPRESENTATION_CONTEXT('2D SPACE',''
  ) );
#6111 = ORIENTED_EDGE('',*,*,#6112,.T.);
#6112 = EDGE_CURVE('',#6090,#604,#6113,.T.);
#6113 = SURFACE_CURVE('',#6114,(#6118,#6125),.PCURVE_S1.);
#6114 = LINE('',#6115,#6116);
#6115 = CARTESIAN_POINT('',(-9.70751958125,-11.54125976562,17.8));
#6116 = VECTOR('',#6117,1.);
#6117 = DIRECTION('',(0.,0.,1.));
#6118 = PCURVE('',#644,#6119);
#6119 = DEFINITIONAL_REPRESENTATION('',(#6120),#6124);
#6120 = LINE('',#6121,#6122);
#6121 = CARTESIAN_POINT('',(0.,-0.));
#6122 = VECTOR('',#6123,1.);
#6123 = DIRECTION('',(0.,-1.));
#6124 = ( GEOMETRIC_REPRESENTATION_CONTEXT(2) 
PARAMETRIC_REPRESENTATION_CONTEXT() REPRESENTATION_CONTEXT('2D SPACE',''
  ) );
#6125 = PCURVE('',#618,#6126);
#6126 = DEFINITIONAL_REPRESENTATION('',(#6127),#6131);
#6127 = LINE('',#6128,#6129);
#6128 = CARTESIAN_POINT('',(5.68212890625,0.));
#6129 = VECTOR('',#6130,1.);
#6130 = DIRECTION('',(0.,-1.));
#6131 = ( GEOMETRIC_REPRESENTATION_CONTEXT(2) 
PARAMETRIC_REPRESENTATION_CONTEXT() REPRESENTATION_CONTEXT('2D SPACE',''
  ) );
#6132 = ORIENTED_EDGE('',*,*,#629,.F.);
#6133 = ORIENTED_EDGE('',*,*,#6063,.F.);
#6134 = ADVANCED_FACE('',(#6135),#618,.F.);
#6135 = FACE_BOUND('',#6136,.F.);
#6136 = EDGE_LOOP('',(#6137,#6158,#6159,#6160));
#6137 = ORIENTED_EDGE('',*,*,#6138,.F.);
#6138 = EDGE_CURVE('',#5771,#6090,#6139,.T.);
#6139 = SURFACE_CURVE('',#6140,(#6144,#6151),.PCURVE_S1.);
#6140 = LINE('',#6141,#6142);
#6141 = CARTESIAN_POINT('',(-9.70751958125,-17.22338867187,17.8));
#6142 = VECTOR('',#6143,1.);
#6143 = DIRECTION('',(0.,1.,0.));
#6144 = PCURVE('',#618,#6145);
#6145 = DEFINITIONAL_REPRESENTATION('',(#6146),#6150);
#6146 = LINE('',#6147,#6148);
#6147 = CARTESIAN_POINT('',(0.,0.));
#6148 = VECTOR('',#6149,1.);
#6149 = DIRECTION('',(1.,0.));
#6150 = ( GEOMETRIC_REPRESENTATION_CONTEXT(2) 
PARAMETRIC_REPRESENTATION_CONTEXT() REPRESENTATION_CONTEXT('2D SPACE',''
  ) );
#6151 = PCURVE('',#5786,#6152);
#6152 = DEFINITIONAL_REPRESENTATION('',(#6153),#6157);
#6153 = LINE('',#6154,#6155);
#6154 = CARTESIAN_POINT('',(2.33349609375,0.));
#6155 = VECTOR('',#6156,1.);
#6156 = DIRECTION('',(0.,1.));
#6157 = ( GEOMETRIC_REPRESENTATION_CONTEXT(2) 
PARAMETRIC_REPRESENTATION_CONTEXT() REPRESENTATION_CONTEXT('2D SPACE',''
  ) );
#6158 = ORIENTED_EDGE('',*,*,#5820,.T.);
#6159 = ORIENTED_EDGE('',*,*,#603,.F.);
#6160 = ORIENTED_EDGE('',*,*,#6112,.F.);
#6161 = ADVANCED_FACE('',(#6162),#841,.F.);
#6162 = FACE_BOUND('',#6163,.F.);
#6163 = EDGE_LOOP('',(#6164,#6194,#6215,#6216));
#6164 = ORIENTED_EDGE('',*,*,#6165,.F.);
#6165 = EDGE_CURVE('',#6166,#6168,#6170,.T.);
#6166 = VERTEX_POINT('',#6167);
#6167 = CARTESIAN_POINT('',(-6.27099614375,-14.08569335937,17.8));
#6168 = VERTEX_POINT('',#6169);
#6169 = CARTESIAN_POINT('',(-5.40966801875,-11.57421875,17.8));
#6170 = SURFACE_CURVE('',#6171,(#6175,#6182),.PCURVE_S1.);
#6171 = B_SPLINE_CURVE_WITH_KNOTS('',2,(#6172,#6173,#6174),
  .UNSPECIFIED.,.F.,.F.,(3,3),(0.,1.),.PIECEWISE_BEZIER_KNOTS.);
#6172 = CARTESIAN_POINT('',(-6.27099614375,-14.08569335937,17.8));
#6173 = CARTESIAN_POINT('',(-6.27099614375,-12.48168945312,17.8));
#6174 = CARTESIAN_POINT('',(-5.40966801875,-11.57421875,17.8));
#6175 = PCURVE('',#841,#6176);
#6176 = DEFINITIONAL_REPRESENTATION('',(#6177),#6181);
#6177 = LINE('',#6178,#6179);
#6178 = CARTESIAN_POINT('',(0.,0.));
#6179 = VECTOR('',#6180,1.);
#6180 = DIRECTION('',(1.,0.));
#6181 = ( GEOMETRIC_REPRESENTATION_CONTEXT(2) 
PARAMETRIC_REPRESENTATION_CONTEXT() REPRESENTATION_CONTEXT('2D SPACE',''
  ) );
#6182 = PCURVE('',#6183,#6188);
#6183 = PLANE('',#6184);
#6184 = AXIS2_PLACEMENT_3D('',#6185,#6186,#6187);
#6185 = CARTESIAN_POINT('',(-6.7060547375,-17.22338867187,17.8));
#6186 = DIRECTION('',(0.,0.,1.));
#6187 = DIRECTION('',(1.,0.,0.));
#6188 = DEFINITIONAL_REPRESENTATION('',(#6189),#6193);
#6189 = B_SPLINE_CURVE_WITH_KNOTS('',2,(#6190,#6191,#6192),
  .UNSPECIFIED.,.F.,.F.,(3,3),(0.,1.),.PIECEWISE_BEZIER_KNOTS.);
#6190 = CARTESIAN_POINT('',(0.43505859375,3.1376953125));
#6191 = CARTESIAN_POINT('',(0.43505859375,4.74169921875));
#6192 = CARTESIAN_POINT('',(1.29638671875,5.649169921875));
#6193 = ( GEOMETRIC_REPRESENTATION_CONTEXT(2) 
PARAMETRIC_REPRESENTATION_CONTEXT() REPRESENTATION_CONTEXT('2D SPACE',''
  ) );
#6194 = ORIENTED_EDGE('',*,*,#6195,.T.);
#6195 = EDGE_CURVE('',#6166,#788,#6196,.T.);
#6196 = SURFACE_CURVE('',#6197,(#6201,#6208),.PCURVE_S1.);
#6197 = LINE('',#6198,#6199);
#6198 = CARTESIAN_POINT('',(-6.27099614375,-14.08569335937,17.8));
#6199 = VECTOR('',#6200,1.);
#6200 = DIRECTION('',(0.,0.,1.));
#6201 = PCURVE('',#841,#6202);
#6202 = DEFINITIONAL_REPRESENTATION('',(#6203),#6207);
#6203 = LINE('',#6204,#6205);
#6204 = CARTESIAN_POINT('',(0.,0.));
#6205 = VECTOR('',#6206,1.);
#6206 = DIRECTION('',(0.,-1.));
#6207 = ( GEOMETRIC_REPRESENTATION_CONTEXT(2) 
PARAMETRIC_REPRESENTATION_CONTEXT() REPRESENTATION_CONTEXT('2D SPACE',''
  ) );
#6208 = PCURVE('',#1400,#6209);
#6209 = DEFINITIONAL_REPRESENTATION('',(#6210),#6214);
#6210 = LINE('',#6211,#6212);
#6211 = CARTESIAN_POINT('',(1.,0.));
#6212 = VECTOR('',#6213,1.);
#6213 = DIRECTION('',(0.,-1.));
#6214 = ( GEOMETRIC_REPRESENTATION_CONTEXT(2) 
PARAMETRIC_REPRESENTATION_CONTEXT() REPRESENTATION_CONTEXT('2D SPACE',''
  ) );
#6215 = ORIENTED_EDGE('',*,*,#785,.F.);
#6216 = ORIENTED_EDGE('',*,*,#6217,.F.);
#6217 = EDGE_CURVE('',#6168,#786,#6218,.T.);
#6218 = SURFACE_CURVE('',#6219,(#6223,#6230),.PCURVE_S1.);
#6219 = LINE('',#6220,#6221);
#6220 = CARTESIAN_POINT('',(-5.40966801875,-11.57421875,17.8));
#6221 = VECTOR('',#6222,1.);
#6222 = DIRECTION('',(0.,0.,1.));
#6223 = PCURVE('',#841,#6224);
#6224 = DEFINITIONAL_REPRESENTATION('',(#6225),#6229);
#6225 = LINE('',#6226,#6227);
#6226 = CARTESIAN_POINT('',(1.,0.));
#6227 = VECTOR('',#6228,1.);
#6228 = DIRECTION('',(0.,-1.));
#6229 = ( GEOMETRIC_REPRESENTATION_CONTEXT(2) 
PARAMETRIC_REPRESENTATION_CONTEXT() REPRESENTATION_CONTEXT('2D SPACE',''
  ) );
#6230 = PCURVE('',#918,#6231);
#6231 = DEFINITIONAL_REPRESENTATION('',(#6232),#6236);
#6232 = LINE('',#6233,#6234);
#6233 = CARTESIAN_POINT('',(0.,0.));
#6234 = VECTOR('',#6235,1.);
#6235 = DIRECTION('',(0.,-1.));
#6236 = ( GEOMETRIC_REPRESENTATION_CONTEXT(2) 
PARAMETRIC_REPRESENTATION_CONTEXT() REPRESENTATION_CONTEXT('2D SPACE',''
  ) );
#6237 = ADVANCED_FACE('',(#6238),#1400,.F.);
#6238 = FACE_BOUND('',#6239,.F.);
#6239 = EDGE_LOOP('',(#6240,#6263,#6284,#6285));
#6240 = ORIENTED_EDGE('',*,*,#6241,.F.);
#6241 = EDGE_CURVE('',#6242,#6166,#6244,.T.);
#6242 = VERTEX_POINT('',#6243);
#6243 = CARTESIAN_POINT('',(-5.90185551875,-15.69409179687,17.8));
#6244 = SURFACE_CURVE('',#6245,(#6249,#6256),.PCURVE_S1.);
#6245 = B_SPLINE_CURVE_WITH_KNOTS('',2,(#6246,#6247,#6248),
  .UNSPECIFIED.,.F.,.F.,(3,3),(0.,1.),.PIECEWISE_BEZIER_KNOTS.);
#6246 = CARTESIAN_POINT('',(-5.90185551875,-15.69409179687,17.8));
#6247 = CARTESIAN_POINT('',(-6.27099614375,-14.93383789062,17.8));
#6248 = CARTESIAN_POINT('',(-6.27099614375,-14.08569335937,17.8));
#6249 = PCURVE('',#1400,#6250);
#6250 = DEFINITIONAL_REPRESENTATION('',(#6251),#6255);
#6251 = LINE('',#6252,#6253);
#6252 = CARTESIAN_POINT('',(0.,0.));
#6253 = VECTOR('',#6254,1.);
#6254 = DIRECTION('',(1.,0.));
#6255 = ( GEOMETRIC_REPRESENTATION_CONTEXT(2) 
PARAMETRIC_REPRESENTATION_CONTEXT() REPRESENTATION_CONTEXT('2D SPACE',''
  ) );
#6256 = PCURVE('',#6183,#6257);
#6257 = DEFINITIONAL_REPRESENTATION('',(#6258),#6262);
#6258 = B_SPLINE_CURVE_WITH_KNOTS('',2,(#6259,#6260,#6261),
  .UNSPECIFIED.,.F.,.F.,(3,3),(0.,1.),.PIECEWISE_BEZIER_KNOTS.);
#6259 = CARTESIAN_POINT('',(0.80419921875,1.529296875));
#6260 = CARTESIAN_POINT('',(0.43505859375,2.28955078125));
#6261 = CARTESIAN_POINT('',(0.43505859375,3.1376953125));
#6262 = ( GEOMETRIC_REPRESENTATION_CONTEXT(2) 
PARAMETRIC_REPRESENTATION_CONTEXT() REPRESENTATION_CONTEXT('2D SPACE',''
  ) );
#6263 = ORIENTED_EDGE('',*,*,#6264,.T.);
#6264 = EDGE_CURVE('',#6242,#1322,#6265,.T.);
#6265 = SURFACE_CURVE('',#6266,(#6270,#6277),.PCURVE_S1.);
#6266 = LINE('',#6267,#6268);
#6267 = CARTESIAN_POINT('',(-5.90185551875,-15.69409179687,17.8));
#6268 = VECTOR('',#6269,1.);
#6269 = DIRECTION('',(0.,0.,1.));
#6270 = PCURVE('',#1400,#6271);
#6271 = DEFINITIONAL_REPRESENTATION('',(#6272),#6276);
#6272 = LINE('',#6273,#6274);
#6273 = CARTESIAN_POINT('',(0.,0.));
#6274 = VECTOR('',#6275,1.);
#6275 = DIRECTION('',(0.,-1.));
#6276 = ( GEOMETRIC_REPRESENTATION_CONTEXT(2) 
PARAMETRIC_REPRESENTATION_CONTEXT() REPRESENTATION_CONTEXT('2D SPACE',''
  ) );
#6277 = PCURVE('',#1351,#6278);
#6278 = DEFINITIONAL_REPRESENTATION('',(#6279),#6283);
#6279 = LINE('',#6280,#6281);
#6280 = CARTESIAN_POINT('',(1.,0.));
#6281 = VECTOR('',#6282,1.);
#6282 = DIRECTION('',(0.,-1.));
#6283 = ( GEOMETRIC_REPRESENTATION_CONTEXT(2) 
PARAMETRIC_REPRESENTATION_CONTEXT() REPRESENTATION_CONTEXT('2D SPACE',''
  ) );
#6284 = ORIENTED_EDGE('',*,*,#1372,.F.);
#6285 = ORIENTED_EDGE('',*,*,#6195,.F.);
#6286 = ADVANCED_FACE('',(#6287),#1351,.F.);
#6287 = FACE_BOUND('',#6288,.F.);
#6288 = EDGE_LOOP('',(#6289,#6312,#6333,#6334));
#6289 = ORIENTED_EDGE('',*,*,#6290,.F.);
#6290 = EDGE_CURVE('',#6291,#6242,#6293,.T.);
#6291 = VERTEX_POINT('',#6292);
#6292 = CARTESIAN_POINT('',(-4.8164063,-16.89379882812,17.8));
#6293 = SURFACE_CURVE('',#6294,(#6298,#6305),.PCURVE_S1.);
#6294 = B_SPLINE_CURVE_WITH_KNOTS('',2,(#6295,#6296,#6297),
  .UNSPECIFIED.,.F.,.F.,(3,3),(0.,1.),.PIECEWISE_BEZIER_KNOTS.);
#6295 = CARTESIAN_POINT('',(-4.8164063,-16.89379882812,17.8));
#6296 = CARTESIAN_POINT('',(-5.53271489375,-16.45434570312,17.8));
#6297 = CARTESIAN_POINT('',(-5.90185551875,-15.69409179687,17.8));
#6298 = PCURVE('',#1351,#6299);
#6299 = DEFINITIONAL_REPRESENTATION('',(#6300),#6304);
#6300 = LINE('',#6301,#6302);
#6301 = CARTESIAN_POINT('',(0.,0.));
#6302 = VECTOR('',#6303,1.);
#6303 = DIRECTION('',(1.,0.));
#6304 = ( GEOMETRIC_REPRESENTATION_CONTEXT(2) 
PARAMETRIC_REPRESENTATION_CONTEXT() REPRESENTATION_CONTEXT('2D SPACE',''
  ) );
#6305 = PCURVE('',#6183,#6306);
#6306 = DEFINITIONAL_REPRESENTATION('',(#6307),#6311);
#6307 = B_SPLINE_CURVE_WITH_KNOTS('',2,(#6308,#6309,#6310),
  .UNSPECIFIED.,.F.,.F.,(3,3),(0.,1.),.PIECEWISE_BEZIER_KNOTS.);
#6308 = CARTESIAN_POINT('',(1.8896484375,0.32958984375));
#6309 = CARTESIAN_POINT('',(1.17333984375,0.76904296875));
#6310 = CARTESIAN_POINT('',(0.80419921875,1.529296875));
#6311 = ( GEOMETRIC_REPRESENTATION_CONTEXT(2) 
PARAMETRIC_REPRESENTATION_CONTEXT() REPRESENTATION_CONTEXT('2D SPACE',''
  ) );
#6312 = ORIENTED_EDGE('',*,*,#6313,.T.);
#6313 = EDGE_CURVE('',#6291,#1265,#6314,.T.);
#6314 = SURFACE_CURVE('',#6315,(#6319,#6326),.PCURVE_S1.);
#6315 = LINE('',#6316,#6317);
#6316 = CARTESIAN_POINT('',(-4.8164063,-16.89379882812,17.8));
#6317 = VECTOR('',#6318,1.);
#6318 = DIRECTION('',(0.,0.,1.));
#6319 = PCURVE('',#1351,#6320);
#6320 = DEFINITIONAL_REPRESENTATION('',(#6321),#6325);
#6321 = LINE('',#6322,#6323);
#6322 = CARTESIAN_POINT('',(0.,0.));
#6323 = VECTOR('',#6324,1.);
#6324 = DIRECTION('',(0.,-1.));
#6325 = ( GEOMETRIC_REPRESENTATION_CONTEXT(2) 
PARAMETRIC_REPRESENTATION_CONTEXT() REPRESENTATION_CONTEXT('2D SPACE',''
  ) );
#6326 = PCURVE('',#1298,#6327);
#6327 = DEFINITIONAL_REPRESENTATION('',(#6328),#6332);
#6328 = LINE('',#6329,#6330);
#6329 = CARTESIAN_POINT('',(1.,0.));
#6330 = VECTOR('',#6331,1.);
#6331 = DIRECTION('',(0.,-1.));
#6332 = ( GEOMETRIC_REPRESENTATION_CONTEXT(2) 
PARAMETRIC_REPRESENTATION_CONTEXT() REPRESENTATION_CONTEXT('2D SPACE',''
  ) );
#6333 = ORIENTED_EDGE('',*,*,#1321,.F.);
#6334 = ORIENTED_EDGE('',*,*,#6264,.F.);
#6335 = ADVANCED_FACE('',(#6336),#1298,.F.);
#6336 = FACE_BOUND('',#6337,.F.);
#6337 = EDGE_LOOP('',(#6338,#6361,#6382,#6383));
#6338 = ORIENTED_EDGE('',*,*,#6339,.F.);
#6339 = EDGE_CURVE('',#6340,#6291,#6342,.T.);
#6340 = VERTEX_POINT('',#6341);
#6341 = CARTESIAN_POINT('',(-3.1904297375,-17.33325195312,17.8));
#6342 = SURFACE_CURVE('',#6343,(#6347,#6354),.PCURVE_S1.);
#6343 = B_SPLINE_CURVE_WITH_KNOTS('',2,(#6344,#6345,#6346),
  .UNSPECIFIED.,.F.,.F.,(3,3),(0.,1.),.PIECEWISE_BEZIER_KNOTS.);
#6344 = CARTESIAN_POINT('',(-3.1904297375,-17.33325195312,17.8));
#6345 = CARTESIAN_POINT('',(-4.10009770625,-17.33325195312,17.8));
#6346 = CARTESIAN_POINT('',(-4.8164063,-16.89379882812,17.8));
#6347 = PCURVE('',#1298,#6348);
#6348 = DEFINITIONAL_REPRESENTATION('',(#6349),#6353);
#6349 = LINE('',#6350,#6351);
#6350 = CARTESIAN_POINT('',(0.,0.));
#6351 = VECTOR('',#6352,1.);
#6352 = DIRECTION('',(1.,0.));
#6353 = ( GEOMETRIC_REPRESENTATION_CONTEXT(2) 
PARAMETRIC_REPRESENTATION_CONTEXT() REPRESENTATION_CONTEXT('2D SPACE',''
  ) );
#6354 = PCURVE('',#6183,#6355);
#6355 = DEFINITIONAL_REPRESENTATION('',(#6356),#6360);
#6356 = B_SPLINE_CURVE_WITH_KNOTS('',2,(#6357,#6358,#6359),
  .UNSPECIFIED.,.F.,.F.,(3,3),(0.,1.),.PIECEWISE_BEZIER_KNOTS.);
#6357 = CARTESIAN_POINT('',(3.515625,-0.10986328125));
#6358 = CARTESIAN_POINT('',(2.60595703125,-0.10986328125));
#6359 = CARTESIAN_POINT('',(1.8896484375,0.32958984375));
#6360 = ( GEOMETRIC_REPRESENTATION_CONTEXT(2) 
PARAMETRIC_REPRESENTATION_CONTEXT() REPRESENTATION_CONTEXT('2D SPACE',''
  ) );
#6361 = ORIENTED_EDGE('',*,*,#6362,.T.);
#6362 = EDGE_CURVE('',#6340,#1214,#6363,.T.);
#6363 = SURFACE_CURVE('',#6364,(#6368,#6375),.PCURVE_S1.);
#6364 = LINE('',#6365,#6366);
#6365 = CARTESIAN_POINT('',(-3.1904297375,-17.33325195312,17.8));
#6366 = VECTOR('',#6367,1.);
#6367 = DIRECTION('',(0.,0.,1.));
#6368 = PCURVE('',#1298,#6369);
#6369 = DEFINITIONAL_REPRESENTATION('',(#6370),#6374);
#6370 = LINE('',#6371,#6372);
#6371 = CARTESIAN_POINT('',(0.,0.));
#6372 = VECTOR('',#6373,1.);
#6373 = DIRECTION('',(0.,-1.));
#6374 = ( GEOMETRIC_REPRESENTATION_CONTEXT(2) 
PARAMETRIC_REPRESENTATION_CONTEXT() REPRESENTATION_CONTEXT('2D SPACE',''
  ) );
#6375 = PCURVE('',#1243,#6376);
#6376 = DEFINITIONAL_REPRESENTATION('',(#6377),#6381);
#6377 = LINE('',#6378,#6379);
#6378 = CARTESIAN_POINT('',(1.,0.));
#6379 = VECTOR('',#6380,1.);
#6380 = DIRECTION('',(0.,-1.));
#6381 = ( GEOMETRIC_REPRESENTATION_CONTEXT(2) 
PARAMETRIC_REPRESENTATION_CONTEXT() REPRESENTATION_CONTEXT('2D SPACE',''
  ) );
#6382 = ORIENTED_EDGE('',*,*,#1264,.F.);
#6383 = ORIENTED_EDGE('',*,*,#6313,.F.);
#6384 = ADVANCED_FACE('',(#6385),#1243,.F.);
#6385 = FACE_BOUND('',#6386,.F.);
#6386 = EDGE_LOOP('',(#6387,#6410,#6431,#6432));
#6387 = ORIENTED_EDGE('',*,*,#6388,.F.);
#6388 = EDGE_CURVE('',#6389,#6340,#6391,.T.);
#6389 = VERTEX_POINT('',#6390);
#6390 = CARTESIAN_POINT('',(-1.6259766125,-16.935546875,17.8));
#6391 = SURFACE_CURVE('',#6392,(#6396,#6403),.PCURVE_S1.);
#6392 = B_SPLINE_CURVE_WITH_KNOTS('',2,(#6393,#6394,#6395),
  .UNSPECIFIED.,.F.,.F.,(3,3),(0.,1.),.PIECEWISE_BEZIER_KNOTS.);
#6393 = CARTESIAN_POINT('',(-1.6259766125,-16.935546875,17.8));
#6394 = CARTESIAN_POINT('',(-2.35107426875,-17.33325195312,17.8));
#6395 = CARTESIAN_POINT('',(-3.1904297375,-17.33325195312,17.8));
#6396 = PCURVE('',#1243,#6397);
#6397 = DEFINITIONAL_REPRESENTATION('',(#6398),#6402);
#6398 = LINE('',#6399,#6400);
#6399 = CARTESIAN_POINT('',(0.,0.));
#6400 = VECTOR('',#6401,1.);
#6401 = DIRECTION('',(1.,0.));
#6402 = ( GEOMETRIC_REPRESENTATION_CONTEXT(2) 
PARAMETRIC_REPRESENTATION_CONTEXT() REPRESENTATION_CONTEXT('2D SPACE',''
  ) );
#6403 = PCURVE('',#6183,#6404);
#6404 = DEFINITIONAL_REPRESENTATION('',(#6405),#6409);
#6405 = B_SPLINE_CURVE_WITH_KNOTS('',2,(#6406,#6407,#6408),
  .UNSPECIFIED.,.F.,.F.,(3,3),(0.,1.),.PIECEWISE_BEZIER_KNOTS.);
#6406 = CARTESIAN_POINT('',(5.080078125,0.287841796875));
#6407 = CARTESIAN_POINT('',(4.35498046875,-0.10986328125));
#6408 = CARTESIAN_POINT('',(3.515625,-0.10986328125));
#6409 = ( GEOMETRIC_REPRESENTATION_CONTEXT(2) 
PARAMETRIC_REPRESENTATION_CONTEXT() REPRESENTATION_CONTEXT('2D SPACE',''
  ) );
#6410 = ORIENTED_EDGE('',*,*,#6411,.T.);
#6411 = EDGE_CURVE('',#6389,#1157,#6412,.T.);
#6412 = SURFACE_CURVE('',#6413,(#6417,#6424),.PCURVE_S1.);
#6413 = LINE('',#6414,#6415);
#6414 = CARTESIAN_POINT('',(-1.6259766125,-16.935546875,17.8));
#6415 = VECTOR('',#6416,1.);
#6416 = DIRECTION('',(0.,0.,1.));
#6417 = PCURVE('',#1243,#6418);
#6418 = DEFINITIONAL_REPRESENTATION('',(#6419),#6423);
#6419 = LINE('',#6420,#6421);
#6420 = CARTESIAN_POINT('',(0.,0.));
#6421 = VECTOR('',#6422,1.);
#6422 = DIRECTION('',(0.,-1.));
#6423 = ( GEOMETRIC_REPRESENTATION_CONTEXT(2) 
PARAMETRIC_REPRESENTATION_CONTEXT() REPRESENTATION_CONTEXT('2D SPACE',''
  ) );
#6424 = PCURVE('',#1190,#6425);
#6425 = DEFINITIONAL_REPRESENTATION('',(#6426),#6430);
#6426 = LINE('',#6427,#6428);
#6427 = CARTESIAN_POINT('',(1.,0.));
#6428 = VECTOR('',#6429,1.);
#6429 = DIRECTION('',(0.,-1.));
#6430 = ( GEOMETRIC_REPRESENTATION_CONTEXT(2) 
PARAMETRIC_REPRESENTATION_CONTEXT() REPRESENTATION_CONTEXT('2D SPACE',''
  ) );
#6431 = ORIENTED_EDGE('',*,*,#1213,.F.);
#6432 = ORIENTED_EDGE('',*,*,#6362,.F.);
#6433 = ADVANCED_FACE('',(#6434),#1190,.F.);
#6434 = FACE_BOUND('',#6435,.F.);
#6435 = EDGE_LOOP('',(#6436,#6459,#6480,#6481));
#6436 = ORIENTED_EDGE('',*,*,#6437,.F.);
#6437 = EDGE_CURVE('',#6438,#6389,#6440,.T.);
#6438 = VERTEX_POINT('',#6439);
#6439 = CARTESIAN_POINT('',(-0.50537114375,-15.76440429687,17.8));
#6440 = SURFACE_CURVE('',#6441,(#6445,#6452),.PCURVE_S1.);
#6441 = B_SPLINE_CURVE_WITH_KNOTS('',2,(#6442,#6443,#6444),
  .UNSPECIFIED.,.F.,.F.,(3,3),(0.,1.),.PIECEWISE_BEZIER_KNOTS.);
#6442 = CARTESIAN_POINT('',(-0.50537114375,-15.76440429687,17.8));
#6443 = CARTESIAN_POINT('',(-0.90087895625,-16.53784179687,17.8));
#6444 = CARTESIAN_POINT('',(-1.6259766125,-16.935546875,17.8));
#6445 = PCURVE('',#1190,#6446);
#6446 = DEFINITIONAL_REPRESENTATION('',(#6447),#6451);
#6447 = LINE('',#6448,#6449);
#6448 = CARTESIAN_POINT('',(0.,0.));
#6449 = VECTOR('',#6450,1.);
#6450 = DIRECTION('',(1.,0.));
#6451 = ( GEOMETRIC_REPRESENTATION_CONTEXT(2) 
PARAMETRIC_REPRESENTATION_CONTEXT() REPRESENTATION_CONTEXT('2D SPACE',''
  ) );
#6452 = PCURVE('',#6183,#6453);
#6453 = DEFINITIONAL_REPRESENTATION('',(#6454),#6458);
#6454 = B_SPLINE_CURVE_WITH_KNOTS('',2,(#6455,#6456,#6457),
  .UNSPECIFIED.,.F.,.F.,(3,3),(0.,1.),.PIECEWISE_BEZIER_KNOTS.);
#6455 = CARTESIAN_POINT('',(6.20068359375,1.458984375));
#6456 = CARTESIAN_POINT('',(5.80517578125,0.685546875));
#6457 = CARTESIAN_POINT('',(5.080078125,0.287841796875));
#6458 = ( GEOMETRIC_REPRESENTATION_CONTEXT(2) 
PARAMETRIC_REPRESENTATION_CONTEXT() REPRESENTATION_CONTEXT('2D SPACE',''
  ) );
#6459 = ORIENTED_EDGE('',*,*,#6460,.T.);
#6460 = EDGE_CURVE('',#6438,#1106,#6461,.T.);
#6461 = SURFACE_CURVE('',#6462,(#6466,#6473),.PCURVE_S1.);
#6462 = LINE('',#6463,#6464);
#6463 = CARTESIAN_POINT('',(-0.50537114375,-15.76440429687,17.8));
#6464 = VECTOR('',#6465,1.);
#6465 = DIRECTION('',(0.,0.,1.));
#6466 = PCURVE('',#1190,#6467);
#6467 = DEFINITIONAL_REPRESENTATION('',(#6468),#6472);
#6468 = LINE('',#6469,#6470);
#6469 = CARTESIAN_POINT('',(0.,0.));
#6470 = VECTOR('',#6471,1.);
#6471 = DIRECTION('',(0.,-1.));
#6472 = ( GEOMETRIC_REPRESENTATION_CONTEXT(2) 
PARAMETRIC_REPRESENTATION_CONTEXT() REPRESENTATION_CONTEXT('2D SPACE',''
  ) );
#6473 = PCURVE('',#1135,#6474);
#6474 = DEFINITIONAL_REPRESENTATION('',(#6475),#6479);
#6475 = LINE('',#6476,#6477);
#6476 = CARTESIAN_POINT('',(1.,0.));
#6477 = VECTOR('',#6478,1.);
#6478 = DIRECTION('',(0.,-1.));
#6479 = ( GEOMETRIC_REPRESENTATION_CONTEXT(2) 
PARAMETRIC_REPRESENTATION_CONTEXT() REPRESENTATION_CONTEXT('2D SPACE',''
  ) );
#6480 = ORIENTED_EDGE('',*,*,#1156,.F.);
#6481 = ORIENTED_EDGE('',*,*,#6411,.F.);
#6482 = ADVANCED_FACE('',(#6483),#1135,.F.);
#6483 = FACE_BOUND('',#6484,.F.);
#6484 = EDGE_LOOP('',(#6485,#6508,#6529,#6530));
#6485 = ORIENTED_EDGE('',*,*,#6486,.F.);
#6486 = EDGE_CURVE('',#6487,#6438,#6489,.T.);
#6487 = VERTEX_POINT('',#6488);
#6488 = CARTESIAN_POINT('',(-0.10986333125,-14.01098632812,17.8));
#6489 = SURFACE_CURVE('',#6490,(#6494,#6501),.PCURVE_S1.);
#6490 = B_SPLINE_CURVE_WITH_KNOTS('',2,(#6491,#6492,#6493),
  .UNSPECIFIED.,.F.,.F.,(3,3),(0.,1.),.PIECEWISE_BEZIER_KNOTS.);
#6491 = CARTESIAN_POINT('',(-0.10986333125,-14.01098632812,17.8));
#6492 = CARTESIAN_POINT('',(-0.10986333125,-14.99096679687,17.8));
#6493 = CARTESIAN_POINT('',(-0.50537114375,-15.76440429687,17.8));
#6494 = PCURVE('',#1135,#6495);
#6495 = DEFINITIONAL_REPRESENTATION('',(#6496),#6500);
#6496 = LINE('',#6497,#6498);
#6497 = CARTESIAN_POINT('',(0.,0.));
#6498 = VECTOR('',#6499,1.);
#6499 = DIRECTION('',(1.,0.));
#6500 = ( GEOMETRIC_REPRESENTATION_CONTEXT(2) 
PARAMETRIC_REPRESENTATION_CONTEXT() REPRESENTATION_CONTEXT('2D SPACE',''
  ) );
#6501 = PCURVE('',#6183,#6502);
#6502 = DEFINITIONAL_REPRESENTATION('',(#6503),#6507);
#6503 = B_SPLINE_CURVE_WITH_KNOTS('',2,(#6504,#6505,#6506),
  .UNSPECIFIED.,.F.,.F.,(3,3),(0.,1.),.PIECEWISE_BEZIER_KNOTS.);
#6504 = CARTESIAN_POINT('',(6.59619140625,3.21240234375));
#6505 = CARTESIAN_POINT('',(6.59619140625,2.232421875));
#6506 = CARTESIAN_POINT('',(6.20068359375,1.458984375));
#6507 = ( GEOMETRIC_REPRESENTATION_CONTEXT(2) 
PARAMETRIC_REPRESENTATION_CONTEXT() REPRESENTATION_CONTEXT('2D SPACE',''
  ) );
#6508 = ORIENTED_EDGE('',*,*,#6509,.T.);
#6509 = EDGE_CURVE('',#6487,#1055,#6510,.T.);
#6510 = SURFACE_CURVE('',#6511,(#6515,#6522),.PCURVE_S1.);
#6511 = LINE('',#6512,#6513);
#6512 = CARTESIAN_POINT('',(-0.10986333125,-14.01098632812,17.8));
#6513 = VECTOR('',#6514,1.);
#6514 = DIRECTION('',(0.,0.,1.));
#6515 = PCURVE('',#1135,#6516);
#6516 = DEFINITIONAL_REPRESENTATION('',(#6517),#6521);
#6517 = LINE('',#6518,#6519);
#6518 = CARTESIAN_POINT('',(0.,0.));
#6519 = VECTOR('',#6520,1.);
#6520 = DIRECTION('',(0.,-1.));
#6521 = ( GEOMETRIC_REPRESENTATION_CONTEXT(2) 
PARAMETRIC_REPRESENTATION_CONTEXT() REPRESENTATION_CONTEXT('2D SPACE',''
  ) );
#6522 = PCURVE('',#1084,#6523);
#6523 = DEFINITIONAL_REPRESENTATION('',(#6524),#6528);
#6524 = LINE('',#6525,#6526);
#6525 = CARTESIAN_POINT('',(1.,0.));
#6526 = VECTOR('',#6527,1.);
#6527 = DIRECTION('',(0.,-1.));
#6528 = ( GEOMETRIC_REPRESENTATION_CONTEXT(2) 
PARAMETRIC_REPRESENTATION_CONTEXT() REPRESENTATION_CONTEXT('2D SPACE',''
  ) );
#6529 = ORIENTED_EDGE('',*,*,#1105,.F.);
#6530 = ORIENTED_EDGE('',*,*,#6460,.F.);
#6531 = ADVANCED_FACE('',(#6532),#1084,.F.);
#6532 = FACE_BOUND('',#6533,.F.);
#6533 = EDGE_LOOP('',(#6534,#6557,#6578,#6579));
#6534 = ORIENTED_EDGE('',*,*,#6535,.F.);
#6535 = EDGE_CURVE('',#6536,#6487,#6538,.T.);
#6536 = VERTEX_POINT('',#6537);
#6537 = CARTESIAN_POINT('',(-0.485595753125,-12.28173828125,17.8));
#6538 = SURFACE_CURVE('',#6539,(#6543,#6550),.PCURVE_S1.);
#6539 = B_SPLINE_CURVE_WITH_KNOTS('',2,(#6540,#6541,#6542),
  .UNSPECIFIED.,.F.,.F.,(3,3),(0.,1.),.PIECEWISE_BEZIER_KNOTS.);
#6540 = CARTESIAN_POINT('',(-0.485595753125,-12.28173828125,17.8));
#6541 = CARTESIAN_POINT('',(-0.10986333125,-13.04418945312,17.8));
#6542 = CARTESIAN_POINT('',(-0.10986333125,-14.01098632812,17.8));
#6543 = PCURVE('',#1084,#6544);
#6544 = DEFINITIONAL_REPRESENTATION('',(#6545),#6549);
#6545 = LINE('',#6546,#6547);
#6546 = CARTESIAN_POINT('',(0.,0.));
#6547 = VECTOR('',#6548,1.);
#6548 = DIRECTION('',(1.,0.));
#6549 = ( GEOMETRIC_REPRESENTATION_CONTEXT(2) 
PARAMETRIC_REPRESENTATION_CONTEXT() REPRESENTATION_CONTEXT('2D SPACE',''
  ) );
#6550 = PCURVE('',#6183,#6551);
#6551 = DEFINITIONAL_REPRESENTATION('',(#6552),#6556);
#6552 = B_SPLINE_CURVE_WITH_KNOTS('',2,(#6553,#6554,#6555),
  .UNSPECIFIED.,.F.,.F.,(3,3),(0.,1.),.PIECEWISE_BEZIER_KNOTS.);
#6553 = CARTESIAN_POINT('',(6.220458984375,4.941650390625));
#6554 = CARTESIAN_POINT('',(6.59619140625,4.17919921875));
#6555 = CARTESIAN_POINT('',(6.59619140625,3.21240234375));
#6556 = ( GEOMETRIC_REPRESENTATION_CONTEXT(2) 
PARAMETRIC_REPRESENTATION_CONTEXT() REPRESENTATION_CONTEXT('2D SPACE',''
  ) );
#6557 = ORIENTED_EDGE('',*,*,#6558,.T.);
#6558 = EDGE_CURVE('',#6536,#1004,#6559,.T.);
#6559 = SURFACE_CURVE('',#6560,(#6564,#6571),.PCURVE_S1.);
#6560 = LINE('',#6561,#6562);
#6561 = CARTESIAN_POINT('',(-0.485595753125,-12.28173828125,17.8));
#6562 = VECTOR('',#6563,1.);
#6563 = DIRECTION('',(0.,0.,1.));
#6564 = PCURVE('',#1084,#6565);
#6565 = DEFINITIONAL_REPRESENTATION('',(#6566),#6570);
#6566 = LINE('',#6567,#6568);
#6567 = CARTESIAN_POINT('',(0.,0.));
#6568 = VECTOR('',#6569,1.);
#6569 = DIRECTION('',(0.,-1.));
#6570 = ( GEOMETRIC_REPRESENTATION_CONTEXT(2) 
PARAMETRIC_REPRESENTATION_CONTEXT() REPRESENTATION_CONTEXT('2D SPACE',''
  ) );
#6571 = PCURVE('',#1033,#6572);
#6572 = DEFINITIONAL_REPRESENTATION('',(#6573),#6577);
#6573 = LINE('',#6574,#6575);
#6574 = CARTESIAN_POINT('',(1.,0.));
#6575 = VECTOR('',#6576,1.);
#6576 = DIRECTION('',(0.,-1.));
#6577 = ( GEOMETRIC_REPRESENTATION_CONTEXT(2) 
PARAMETRIC_REPRESENTATION_CONTEXT() REPRESENTATION_CONTEXT('2D SPACE',''
  ) );
#6578 = ORIENTED_EDGE('',*,*,#1054,.F.);
#6579 = ORIENTED_EDGE('',*,*,#6509,.F.);
#6580 = ADVANCED_FACE('',(#6581),#1033,.F.);
#6581 = FACE_BOUND('',#6582,.F.);
#6582 = EDGE_LOOP('',(#6583,#6606,#6627,#6628));
#6583 = ORIENTED_EDGE('',*,*,#6584,.F.);
#6584 = EDGE_CURVE('',#6585,#6536,#6587,.T.);
#6585 = VERTEX_POINT('',#6586);
#6586 = CARTESIAN_POINT('',(-1.57763676875,-11.09301757812,17.8));
#6587 = SURFACE_CURVE('',#6588,(#6592,#6599),.PCURVE_S1.);
#6588 = B_SPLINE_CURVE_WITH_KNOTS('',2,(#6589,#6590,#6591),
  .UNSPECIFIED.,.F.,.F.,(3,3),(0.,1.),.PIECEWISE_BEZIER_KNOTS.);
#6589 = CARTESIAN_POINT('',(-1.57763676875,-11.09301757812,17.8));
#6590 = CARTESIAN_POINT('',(-0.861328175,-11.51928710937,17.8));
#6591 = CARTESIAN_POINT('',(-0.485595753125,-12.28173828125,17.8));
#6592 = PCURVE('',#1033,#6593);
#6593 = DEFINITIONAL_REPRESENTATION('',(#6594),#6598);
#6594 = LINE('',#6595,#6596);
#6595 = CARTESIAN_POINT('',(0.,0.));
#6596 = VECTOR('',#6597,1.);
#6597 = DIRECTION('',(1.,0.));
#6598 = ( GEOMETRIC_REPRESENTATION_CONTEXT(2) 
PARAMETRIC_REPRESENTATION_CONTEXT() REPRESENTATION_CONTEXT('2D SPACE',''
  ) );
#6599 = PCURVE('',#6183,#6600);
#6600 = DEFINITIONAL_REPRESENTATION('',(#6601),#6605);
#6601 = B_SPLINE_CURVE_WITH_KNOTS('',2,(#6602,#6603,#6604),
  .UNSPECIFIED.,.F.,.F.,(3,3),(0.,1.),.PIECEWISE_BEZIER_KNOTS.);
#6602 = CARTESIAN_POINT('',(5.12841796875,6.13037109375));
#6603 = CARTESIAN_POINT('',(5.8447265625,5.7041015625));
#6604 = CARTESIAN_POINT('',(6.220458984375,4.941650390625));
#6605 = ( GEOMETRIC_REPRESENTATION_CONTEXT(2) 
PARAMETRIC_REPRESENTATION_CONTEXT() REPRESENTATION_CONTEXT('2D SPACE',''
  ) );
#6606 = ORIENTED_EDGE('',*,*,#6607,.T.);
#6607 = EDGE_CURVE('',#6585,#947,#6608,.T.);
#6608 = SURFACE_CURVE('',#6609,(#6613,#6620),.PCURVE_S1.);
#6609 = LINE('',#6610,#6611);
#6610 = CARTESIAN_POINT('',(-1.57763676875,-11.09301757812,17.8));
#6611 = VECTOR('',#6612,1.);
#6612 = DIRECTION('',(0.,0.,1.));
#6613 = PCURVE('',#1033,#6614);
#6614 = DEFINITIONAL_REPRESENTATION('',(#6615),#6619);
#6615 = LINE('',#6616,#6617);
#6616 = CARTESIAN_POINT('',(0.,0.));
#6617 = VECTOR('',#6618,1.);
#6618 = DIRECTION('',(0.,-1.));
#6619 = ( GEOMETRIC_REPRESENTATION_CONTEXT(2) 
PARAMETRIC_REPRESENTATION_CONTEXT() REPRESENTATION_CONTEXT('2D SPACE',''
  ) );
#6620 = PCURVE('',#980,#6621);
#6621 = DEFINITIONAL_REPRESENTATION('',(#6622),#6626);
#6622 = LINE('',#6623,#6624);
#6623 = CARTESIAN_POINT('',(1.,0.));
#6624 = VECTOR('',#6625,1.);
#6625 = DIRECTION('',(0.,-1.));
#6626 = ( GEOMETRIC_REPRESENTATION_CONTEXT(2) 
PARAMETRIC_REPRESENTATION_CONTEXT() REPRESENTATION_CONTEXT('2D SPACE',''
  ) );
#6627 = ORIENTED_EDGE('',*,*,#1003,.F.);
#6628 = ORIENTED_EDGE('',*,*,#6558,.F.);
#6629 = ADVANCED_FACE('',(#6630),#980,.F.);
#6630 = FACE_BOUND('',#6631,.F.);
#6631 = EDGE_LOOP('',(#6632,#6655,#6676,#6677));
#6632 = ORIENTED_EDGE('',*,*,#6633,.F.);
#6633 = EDGE_CURVE('',#6634,#6585,#6636,.T.);
#6634 = VERTEX_POINT('',#6635);
#6635 = CARTESIAN_POINT('',(-3.18603520625,-10.66674804687,17.8));
#6636 = SURFACE_CURVE('',#6637,(#6641,#6648),.PCURVE_S1.);
#6637 = B_SPLINE_CURVE_WITH_KNOTS('',2,(#6638,#6639,#6640),
  .UNSPECIFIED.,.F.,.F.,(3,3),(0.,1.),.PIECEWISE_BEZIER_KNOTS.);
#6638 = CARTESIAN_POINT('',(-3.18603520625,-10.66674804687,17.8));
#6639 = CARTESIAN_POINT('',(-2.2939453625,-10.66674804687,17.8));
#6640 = CARTESIAN_POINT('',(-1.57763676875,-11.09301757812,17.8));
#6641 = PCURVE('',#980,#6642);
#6642 = DEFINITIONAL_REPRESENTATION('',(#6643),#6647);
#6643 = LINE('',#6644,#6645);
#6644 = CARTESIAN_POINT('',(0.,0.));
#6645 = VECTOR('',#6646,1.);
#6646 = DIRECTION('',(1.,0.));
#6647 = ( GEOMETRIC_REPRESENTATION_CONTEXT(2) 
PARAMETRIC_REPRESENTATION_CONTEXT() REPRESENTATION_CONTEXT('2D SPACE',''
  ) );
#6648 = PCURVE('',#6183,#6649);
#6649 = DEFINITIONAL_REPRESENTATION('',(#6650),#6654);
#6650 = B_SPLINE_CURVE_WITH_KNOTS('',2,(#6651,#6652,#6653),
  .UNSPECIFIED.,.F.,.F.,(3,3),(0.,1.),.PIECEWISE_BEZIER_KNOTS.);
#6651 = CARTESIAN_POINT('',(3.52001953125,6.556640625));
#6652 = CARTESIAN_POINT('',(4.412109375,6.556640625));
#6653 = CARTESIAN_POINT('',(5.12841796875,6.13037109375));
#6654 = ( GEOMETRIC_REPRESENTATION_CONTEXT(2) 
PARAMETRIC_REPRESENTATION_CONTEXT() REPRESENTATION_CONTEXT('2D SPACE',''
  ) );
#6655 = ORIENTED_EDGE('',*,*,#6656,.T.);
#6656 = EDGE_CURVE('',#6634,#875,#6657,.T.);
#6657 = SURFACE_CURVE('',#6658,(#6662,#6669),.PCURVE_S1.);
#6658 = LINE('',#6659,#6660);
#6659 = CARTESIAN_POINT('',(-3.18603520625,-10.66674804687,17.8));
#6660 = VECTOR('',#6661,1.);
#6661 = DIRECTION('',(0.,0.,1.));
#6662 = PCURVE('',#980,#6663);
#6663 = DEFINITIONAL_REPRESENTATION('',(#6664),#6668);
#6664 = LINE('',#6665,#6666);
#6665 = CARTESIAN_POINT('',(0.,0.));
#6666 = VECTOR('',#6667,1.);
#6667 = DIRECTION('',(0.,-1.));
#6668 = ( GEOMETRIC_REPRESENTATION_CONTEXT(2) 
PARAMETRIC_REPRESENTATION_CONTEXT() REPRESENTATION_CONTEXT('2D SPACE',''
  ) );
#6669 = PCURVE('',#918,#6670);
#6670 = DEFINITIONAL_REPRESENTATION('',(#6671),#6675);
#6671 = LINE('',#6672,#6673);
#6672 = CARTESIAN_POINT('',(1.,0.));
#6673 = VECTOR('',#6674,1.);
#6674 = DIRECTION('',(0.,-1.));
#6675 = ( GEOMETRIC_REPRESENTATION_CONTEXT(2) 
PARAMETRIC_REPRESENTATION_CONTEXT() REPRESENTATION_CONTEXT('2D SPACE',''
  ) );
#6676 = ORIENTED_EDGE('',*,*,#946,.F.);
#6677 = ORIENTED_EDGE('',*,*,#6607,.F.);
#6678 = ADVANCED_FACE('',(#6679),#918,.F.);
#6679 = FACE_BOUND('',#6680,.F.);
#6680 = EDGE_LOOP('',(#6681,#6702,#6703,#6704));
#6681 = ORIENTED_EDGE('',*,*,#6682,.F.);
#6682 = EDGE_CURVE('',#6168,#6634,#6683,.T.);
#6683 = SURFACE_CURVE('',#6684,(#6688,#6695),.PCURVE_S1.);
#6684 = B_SPLINE_CURVE_WITH_KNOTS('',2,(#6685,#6686,#6687),
  .UNSPECIFIED.,.F.,.F.,(3,3),(0.,1.),.PIECEWISE_BEZIER_KNOTS.);
#6685 = CARTESIAN_POINT('',(-5.40966801875,-11.57421875,17.8));
#6686 = CARTESIAN_POINT('',(-4.54833989375,-10.66674804687,17.8));
#6687 = CARTESIAN_POINT('',(-3.18603520625,-10.66674804687,17.8));
#6688 = PCURVE('',#918,#6689);
#6689 = DEFINITIONAL_REPRESENTATION('',(#6690),#6694);
#6690 = LINE('',#6691,#6692);
#6691 = CARTESIAN_POINT('',(0.,0.));
#6692 = VECTOR('',#6693,1.);
#6693 = DIRECTION('',(1.,0.));
#6694 = ( GEOMETRIC_REPRESENTATION_CONTEXT(2) 
PARAMETRIC_REPRESENTATION_CONTEXT() REPRESENTATION_CONTEXT('2D SPACE',''
  ) );
#6695 = PCURVE('',#6183,#6696);
#6696 = DEFINITIONAL_REPRESENTATION('',(#6697),#6701);
#6697 = B_SPLINE_CURVE_WITH_KNOTS('',2,(#6698,#6699,#6700),
  .UNSPECIFIED.,.F.,.F.,(3,3),(0.,1.),.PIECEWISE_BEZIER_KNOTS.);
#6698 = CARTESIAN_POINT('',(1.29638671875,5.649169921875));
#6699 = CARTESIAN_POINT('',(2.15771484375,6.556640625));
#6700 = CARTESIAN_POINT('',(3.52001953125,6.556640625));
#6701 = ( GEOMETRIC_REPRESENTATION_CONTEXT(2) 
PARAMETRIC_REPRESENTATION_CONTEXT() REPRESENTATION_CONTEXT('2D SPACE',''
  ) );
#6702 = ORIENTED_EDGE('',*,*,#6217,.T.);
#6703 = ORIENTED_EDGE('',*,*,#874,.F.);
#6704 = ORIENTED_EDGE('',*,*,#6656,.F.);
#6705 = ADVANCED_FACE('',(#6706),#1440,.F.);
#6706 = FACE_BOUND('',#6707,.F.);
#6707 = EDGE_LOOP('',(#6708,#6738,#6759,#6760));
#6708 = ORIENTED_EDGE('',*,*,#6709,.F.);
#6709 = EDGE_CURVE('',#6710,#6712,#6714,.T.);
#6710 = VERTEX_POINT('',#6711);
#6711 = CARTESIAN_POINT('',(3.65624995,-17.22338867187,17.8));
#6712 = VERTEX_POINT('',#6713);
#6713 = CARTESIAN_POINT('',(2.8037108875,-17.22338867187,17.8));
#6714 = SURFACE_CURVE('',#6715,(#6719,#6726),.PCURVE_S1.);
#6715 = LINE('',#6716,#6717);
#6716 = CARTESIAN_POINT('',(3.65624995,-17.22338867187,17.8));
#6717 = VECTOR('',#6718,1.);
#6718 = DIRECTION('',(-1.,0.,0.));
#6719 = PCURVE('',#1440,#6720);
#6720 = DEFINITIONAL_REPRESENTATION('',(#6721),#6725);
#6721 = LINE('',#6722,#6723);
#6722 = CARTESIAN_POINT('',(0.,-0.));
#6723 = VECTOR('',#6724,1.);
#6724 = DIRECTION('',(1.,0.));
#6725 = ( GEOMETRIC_REPRESENTATION_CONTEXT(2) 
PARAMETRIC_REPRESENTATION_CONTEXT() REPRESENTATION_CONTEXT('2D SPACE',''
  ) );
#6726 = PCURVE('',#6727,#6732);
#6727 = PLANE('',#6728);
#6728 = AXIS2_PLACEMENT_3D('',#6729,#6730,#6731);
#6729 = CARTESIAN_POINT('',(0.29443354375,-17.22338867187,17.8));
#6730 = DIRECTION('',(0.,0.,1.));
#6731 = DIRECTION('',(1.,0.,0.));
#6732 = DEFINITIONAL_REPRESENTATION('',(#6733),#6737);
#6733 = LINE('',#6734,#6735);
#6734 = CARTESIAN_POINT('',(3.36181640625,0.));
#6735 = VECTOR('',#6736,1.);
#6736 = DIRECTION('',(-1.,0.));
#6737 = ( GEOMETRIC_REPRESENTATION_CONTEXT(2) 
PARAMETRIC_REPRESENTATION_CONTEXT() REPRESENTATION_CONTEXT('2D SPACE',''
  ) );
#6738 = ORIENTED_EDGE('',*,*,#6739,.T.);
#6739 = EDGE_CURVE('',#6710,#1426,#6740,.T.);
#6740 = SURFACE_CURVE('',#6741,(#6745,#6752),.PCURVE_S1.);
#6741 = LINE('',#6742,#6743);
#6742 = CARTESIAN_POINT('',(3.65624995,-17.22338867187,17.8));
#6743 = VECTOR('',#6744,1.);
#6744 = DIRECTION('',(0.,0.,1.));
#6745 = PCURVE('',#1440,#6746);
#6746 = DEFINITIONAL_REPRESENTATION('',(#6747),#6751);
#6747 = LINE('',#6748,#6749);
#6748 = CARTESIAN_POINT('',(0.,-0.));
#6749 = VECTOR('',#6750,1.);
#6750 = DIRECTION('',(0.,-1.));
#6751 = ( GEOMETRIC_REPRESENTATION_CONTEXT(2) 
PARAMETRIC_REPRESENTATION_CONTEXT() REPRESENTATION_CONTEXT('2D SPACE',''
  ) );
#6752 = PCURVE('',#1724,#6753);
#6753 = DEFINITIONAL_REPRESENTATION('',(#6754),#6758);
#6754 = LINE('',#6755,#6756);
#6755 = CARTESIAN_POINT('',(2.72900390625,0.));
#6756 = VECTOR('',#6757,1.);
#6757 = DIRECTION('',(0.,-1.));
#6758 = ( GEOMETRIC_REPRESENTATION_CONTEXT(2) 
PARAMETRIC_REPRESENTATION_CONTEXT() REPRESENTATION_CONTEXT('2D SPACE',''
  ) );
#6759 = ORIENTED_EDGE('',*,*,#1423,.F.);
#6760 = ORIENTED_EDGE('',*,*,#6761,.F.);
#6761 = EDGE_CURVE('',#6712,#1424,#6762,.T.);
#6762 = SURFACE_CURVE('',#6763,(#6767,#6774),.PCURVE_S1.);
#6763 = LINE('',#6764,#6765);
#6764 = CARTESIAN_POINT('',(2.8037108875,-17.22338867187,17.8));
#6765 = VECTOR('',#6766,1.);
#6766 = DIRECTION('',(0.,0.,1.));
#6767 = PCURVE('',#1440,#6768);
#6768 = DEFINITIONAL_REPRESENTATION('',(#6769),#6773);
#6769 = LINE('',#6770,#6771);
#6770 = CARTESIAN_POINT('',(0.8525390625,0.));
#6771 = VECTOR('',#6772,1.);
#6772 = DIRECTION('',(0.,-1.));
#6773 = ( GEOMETRIC_REPRESENTATION_CONTEXT(2) 
PARAMETRIC_REPRESENTATION_CONTEXT() REPRESENTATION_CONTEXT('2D SPACE',''
  ) );
#6774 = PCURVE('',#1466,#6775);
#6775 = DEFINITIONAL_REPRESENTATION('',(#6776),#6780);
#6776 = LINE('',#6777,#6778);
#6777 = CARTESIAN_POINT('',(0.,0.));
#6778 = VECTOR('',#6779,1.);
#6779 = DIRECTION('',(0.,-1.));
#6780 = ( GEOMETRIC_REPRESENTATION_CONTEXT(2) 
PARAMETRIC_REPRESENTATION_CONTEXT() REPRESENTATION_CONTEXT('2D SPACE',''
  ) );
#6781 = ADVANCED_FACE('',(#6782),#1724,.F.);
#6782 = FACE_BOUND('',#6783,.F.);
#6783 = EDGE_LOOP('',(#6784,#6807,#6828,#6829));
#6784 = ORIENTED_EDGE('',*,*,#6785,.F.);
#6785 = EDGE_CURVE('',#6786,#6710,#6788,.T.);
#6786 = VERTEX_POINT('',#6787);
#6787 = CARTESIAN_POINT('',(3.65624995,-14.49438476562,17.8));
#6788 = SURFACE_CURVE('',#6789,(#6793,#6800),.PCURVE_S1.);
#6789 = LINE('',#6790,#6791);
#6790 = CARTESIAN_POINT('',(3.65624995,-14.49438476562,17.8));
#6791 = VECTOR('',#6792,1.);
#6792 = DIRECTION('',(0.,-1.,0.));
#6793 = PCURVE('',#1724,#6794);
#6794 = DEFINITIONAL_REPRESENTATION('',(#6795),#6799);
#6795 = LINE('',#6796,#6797);
#6796 = CARTESIAN_POINT('',(0.,0.));
#6797 = VECTOR('',#6798,1.);
#6798 = DIRECTION('',(1.,0.));
#6799 = ( GEOMETRIC_REPRESENTATION_CONTEXT(2) 
PARAMETRIC_REPRESENTATION_CONTEXT() REPRESENTATION_CONTEXT('2D SPACE',''
  ) );
#6800 = PCURVE('',#6727,#6801);
#6801 = DEFINITIONAL_REPRESENTATION('',(#6802),#6806);
#6802 = LINE('',#6803,#6804);
#6803 = CARTESIAN_POINT('',(3.36181640625,2.72900390625));
#6804 = VECTOR('',#6805,1.);
#6805 = DIRECTION('',(0.,-1.));
#6806 = ( GEOMETRIC_REPRESENTATION_CONTEXT(2) 
PARAMETRIC_REPRESENTATION_CONTEXT() REPRESENTATION_CONTEXT('2D SPACE',''
  ) );
#6807 = ORIENTED_EDGE('',*,*,#6808,.T.);
#6808 = EDGE_CURVE('',#6786,#1686,#6809,.T.);
#6809 = SURFACE_CURVE('',#6810,(#6814,#6821),.PCURVE_S1.);
#6810 = LINE('',#6811,#6812);
#6811 = CARTESIAN_POINT('',(3.65624995,-14.49438476562,17.8));
#6812 = VECTOR('',#6813,1.);
#6813 = DIRECTION('',(0.,0.,1.));
#6814 = PCURVE('',#1724,#6815);
#6815 = DEFINITIONAL_REPRESENTATION('',(#6816),#6820);
#6816 = LINE('',#6817,#6818);
#6817 = CARTESIAN_POINT('',(0.,0.));
#6818 = VECTOR('',#6819,1.);
#6819 = DIRECTION('',(0.,-1.));
#6820 = ( GEOMETRIC_REPRESENTATION_CONTEXT(2) 
PARAMETRIC_REPRESENTATION_CONTEXT() REPRESENTATION_CONTEXT('2D SPACE',''
  ) );
#6821 = PCURVE('',#1700,#6822);
#6822 = DEFINITIONAL_REPRESENTATION('',(#6823),#6827);
#6823 = LINE('',#6824,#6825);
#6824 = CARTESIAN_POINT('',(4.516436599606,0.));
#6825 = VECTOR('',#6826,1.);
#6826 = DIRECTION('',(0.,-1.));
#6827 = ( GEOMETRIC_REPRESENTATION_CONTEXT(2) 
PARAMETRIC_REPRESENTATION_CONTEXT() REPRESENTATION_CONTEXT('2D SPACE',''
  ) );
#6828 = ORIENTED_EDGE('',*,*,#1711,.F.);
#6829 = ORIENTED_EDGE('',*,*,#6739,.F.);
#6830 = ADVANCED_FACE('',(#6831),#1700,.F.);
#6831 = FACE_BOUND('',#6832,.F.);
#6832 = EDGE_LOOP('',(#6833,#6856,#6877,#6878));
#6833 = ORIENTED_EDGE('',*,*,#6834,.F.);
#6834 = EDGE_CURVE('',#6835,#6786,#6837,.T.);
#6835 = VERTEX_POINT('',#6836);
#6836 = CARTESIAN_POINT('',(6.22705073125,-10.78100585937,17.8));
#6837 = SURFACE_CURVE('',#6838,(#6842,#6849),.PCURVE_S1.);
#6838 = LINE('',#6839,#6840);
#6839 = CARTESIAN_POINT('',(6.22705073125,-10.78100585937,17.8));
#6840 = VECTOR('',#6841,1.);
#6841 = DIRECTION('',(-0.56920997883,-0.822192191644,0.));
#6842 = PCURVE('',#1700,#6843);
#6843 = DEFINITIONAL_REPRESENTATION('',(#6844),#6848);
#6844 = LINE('',#6845,#6846);
#6845 = CARTESIAN_POINT('',(0.,0.));
#6846 = VECTOR('',#6847,1.);
#6847 = DIRECTION('',(1.,0.));
#6848 = ( GEOMETRIC_REPRESENTATION_CONTEXT(2) 
PARAMETRIC_REPRESENTATION_CONTEXT() REPRESENTATION_CONTEXT('2D SPACE',''
  ) );
#6849 = PCURVE('',#6727,#6850);
#6850 = DEFINITIONAL_REPRESENTATION('',(#6851),#6855);
#6851 = LINE('',#6852,#6853);
#6852 = CARTESIAN_POINT('',(5.9326171875,6.4423828125));
#6853 = VECTOR('',#6854,1.);
#6854 = DIRECTION('',(-0.56920997883,-0.822192191644));
#6855 = ( GEOMETRIC_REPRESENTATION_CONTEXT(2) 
PARAMETRIC_REPRESENTATION_CONTEXT() REPRESENTATION_CONTEXT('2D SPACE',''
  ) );
#6856 = ORIENTED_EDGE('',*,*,#6857,.T.);
#6857 = EDGE_CURVE('',#6835,#1660,#6858,.T.);
#6858 = SURFACE_CURVE('',#6859,(#6863,#6870),.PCURVE_S1.);
#6859 = LINE('',#6860,#6861);
#6860 = CARTESIAN_POINT('',(6.22705073125,-10.78100585937,17.8));
#6861 = VECTOR('',#6862,1.);
#6862 = DIRECTION('',(0.,0.,1.));
#6863 = PCURVE('',#1700,#6864);
#6864 = DEFINITIONAL_REPRESENTATION('',(#6865),#6869);
#6865 = LINE('',#6866,#6867);
#6866 = CARTESIAN_POINT('',(0.,0.));
#6867 = VECTOR('',#6868,1.);
#6868 = DIRECTION('',(0.,-1.));
#6869 = ( GEOMETRIC_REPRESENTATION_CONTEXT(2) 
PARAMETRIC_REPRESENTATION_CONTEXT() REPRESENTATION_CONTEXT('2D SPACE',''
  ) );
#6870 = PCURVE('',#1674,#6871);
#6871 = DEFINITIONAL_REPRESENTATION('',(#6872),#6876);
#6872 = LINE('',#6873,#6874);
#6873 = CARTESIAN_POINT('',(0.9931640625,0.));
#6874 = VECTOR('',#6875,1.);
#6875 = DIRECTION('',(0.,-1.));
#6876 = ( GEOMETRIC_REPRESENTATION_CONTEXT(2) 
PARAMETRIC_REPRESENTATION_CONTEXT() REPRESENTATION_CONTEXT('2D SPACE',''
  ) );
#6877 = ORIENTED_EDGE('',*,*,#1685,.F.);
#6878 = ORIENTED_EDGE('',*,*,#6808,.F.);
#6879 = ADVANCED_FACE('',(#6880),#1674,.F.);
#6880 = FACE_BOUND('',#6881,.F.);
#6881 = EDGE_LOOP('',(#6882,#6905,#6926,#6927));
#6882 = ORIENTED_EDGE('',*,*,#6883,.F.);
#6883 = EDGE_CURVE('',#6884,#6835,#6886,.T.);
#6884 = VERTEX_POINT('',#6885);
#6885 = CARTESIAN_POINT('',(5.23388666875,-10.78100585937,17.8));
#6886 = SURFACE_CURVE('',#6887,(#6891,#6898),.PCURVE_S1.);
#6887 = LINE('',#6888,#6889);
#6888 = CARTESIAN_POINT('',(5.23388666875,-10.78100585937,17.8));
#6889 = VECTOR('',#6890,1.);
#6890 = DIRECTION('',(1.,0.,0.));
#6891 = PCURVE('',#1674,#6892);
#6892 = DEFINITIONAL_REPRESENTATION('',(#6893),#6897);
#6893 = LINE('',#6894,#6895);
#6894 = CARTESIAN_POINT('',(0.,0.));
#6895 = VECTOR('',#6896,1.);
#6896 = DIRECTION('',(1.,0.));
#6897 = ( GEOMETRIC_REPRESENTATION_CONTEXT(2) 
PARAMETRIC_REPRESENTATION_CONTEXT() REPRESENTATION_CONTEXT('2D SPACE',''
  ) );
#6898 = PCURVE('',#6727,#6899);
#6899 = DEFINITIONAL_REPRESENTATION('',(#6900),#6904);
#6900 = LINE('',#6901,#6902);
#6901 = CARTESIAN_POINT('',(4.939453125,6.4423828125));
#6902 = VECTOR('',#6903,1.);
#6903 = DIRECTION('',(1.,0.));
#6904 = ( GEOMETRIC_REPRESENTATION_CONTEXT(2) 
PARAMETRIC_REPRESENTATION_CONTEXT() REPRESENTATION_CONTEXT('2D SPACE',''
  ) );
#6905 = ORIENTED_EDGE('',*,*,#6906,.T.);
#6906 = EDGE_CURVE('',#6884,#1634,#6907,.T.);
#6907 = SURFACE_CURVE('',#6908,(#6912,#6919),.PCURVE_S1.);
#6908 = LINE('',#6909,#6910);
#6909 = CARTESIAN_POINT('',(5.23388666875,-10.78100585937,17.8));
#6910 = VECTOR('',#6911,1.);
#6911 = DIRECTION('',(0.,0.,1.));
#6912 = PCURVE('',#1674,#6913);
#6913 = DEFINITIONAL_REPRESENTATION('',(#6914),#6918);
#6914 = LINE('',#6915,#6916);
#6915 = CARTESIAN_POINT('',(0.,0.));
#6916 = VECTOR('',#6917,1.);
#6917 = DIRECTION('',(0.,-1.));
#6918 = ( GEOMETRIC_REPRESENTATION_CONTEXT(2) 
PARAMETRIC_REPRESENTATION_CONTEXT() REPRESENTATION_CONTEXT('2D SPACE',''
  ) );
#6919 = PCURVE('',#1648,#6920);
#6920 = DEFINITIONAL_REPRESENTATION('',(#6921),#6925);
#6921 = LINE('',#6922,#6923);
#6922 = CARTESIAN_POINT('',(2.268263602333,0.));
#6923 = VECTOR('',#6924,1.);
#6924 = DIRECTION('',(0.,-1.));
#6925 = ( GEOMETRIC_REPRESENTATION_CONTEXT(2) 
PARAMETRIC_REPRESENTATION_CONTEXT() REPRESENTATION_CONTEXT('2D SPACE',''
  ) );
#6926 = ORIENTED_EDGE('',*,*,#1659,.F.);
#6927 = ORIENTED_EDGE('',*,*,#6857,.F.);
#6928 = ADVANCED_FACE('',(#6929),#1648,.F.);
#6929 = FACE_BOUND('',#6930,.F.);
#6930 = EDGE_LOOP('',(#6931,#6954,#6975,#6976));
#6931 = ORIENTED_EDGE('',*,*,#6932,.F.);
#6932 = EDGE_CURVE('',#6933,#6884,#6935,.T.);
#6933 = VERTEX_POINT('',#6934);
#6934 = CARTESIAN_POINT('',(3.98583979375,-12.67504882812,17.8));
#6935 = SURFACE_CURVE('',#6936,(#6940,#6947),.PCURVE_S1.);
#6936 = LINE('',#6937,#6938);
#6937 = CARTESIAN_POINT('',(3.98583979375,-12.67504882812,17.8));
#6938 = VECTOR('',#6939,1.);
#6939 = DIRECTION('',(0.550221267809,0.835018895865,0.));
#6940 = PCURVE('',#1648,#6941);
#6941 = DEFINITIONAL_REPRESENTATION('',(#6942),#6946);
#6942 = LINE('',#6943,#6944);
#6943 = CARTESIAN_POINT('',(0.,0.));
#6944 = VECTOR('',#6945,1.);
#6945 = DIRECTION('',(1.,0.));
#6946 = ( GEOMETRIC_REPRESENTATION_CONTEXT(2) 
PARAMETRIC_REPRESENTATION_CONTEXT() REPRESENTATION_CONTEXT('2D SPACE',''
  ) );
#6947 = PCURVE('',#6727,#6948);
#6948 = DEFINITIONAL_REPRESENTATION('',(#6949),#6953);
#6949 = LINE('',#6950,#6951);
#6950 = CARTESIAN_POINT('',(3.69140625,4.54833984375));
#6951 = VECTOR('',#6952,1.);
#6952 = DIRECTION('',(0.550221267809,0.835018895865));
#6953 = ( GEOMETRIC_REPRESENTATION_CONTEXT(2) 
PARAMETRIC_REPRESENTATION_CONTEXT() REPRESENTATION_CONTEXT('2D SPACE',''
  ) );
#6954 = ORIENTED_EDGE('',*,*,#6955,.T.);
#6955 = EDGE_CURVE('',#6933,#1592,#6956,.T.);
#6956 = SURFACE_CURVE('',#6957,(#6961,#6968),.PCURVE_S1.);
#6957 = LINE('',#6958,#6959);
#6958 = CARTESIAN_POINT('',(3.98583979375,-12.67504882812,17.8));
#6959 = VECTOR('',#6960,1.);
#6960 = DIRECTION('',(0.,0.,1.));
#6961 = PCURVE('',#1648,#6962);
#6962 = DEFINITIONAL_REPRESENTATION('',(#6963),#6967);
#6963 = LINE('',#6964,#6965);
#6964 = CARTESIAN_POINT('',(0.,0.));
#6965 = VECTOR('',#6966,1.);
#6966 = DIRECTION('',(0.,-1.));
#6967 = ( GEOMETRIC_REPRESENTATION_CONTEXT(2) 
PARAMETRIC_REPRESENTATION_CONTEXT() REPRESENTATION_CONTEXT('2D SPACE',''
  ) );
#6968 = PCURVE('',#1615,#6969);
#6969 = DEFINITIONAL_REPRESENTATION('',(#6970),#6974);
#6970 = LINE('',#6971,#6972);
#6971 = CARTESIAN_POINT('',(1.,0.));
#6972 = VECTOR('',#6973,1.);
#6973 = DIRECTION('',(0.,-1.));
#6974 = ( GEOMETRIC_REPRESENTATION_CONTEXT(2) 
PARAMETRIC_REPRESENTATION_CONTEXT() REPRESENTATION_CONTEXT('2D SPACE',''
  ) );
#6975 = ORIENTED_EDGE('',*,*,#1633,.F.);
#6976 = ORIENTED_EDGE('',*,*,#6906,.F.);
#6977 = ADVANCED_FACE('',(#6978),#1615,.F.);
#6978 = FACE_BOUND('',#6979,.F.);
#6979 = EDGE_LOOP('',(#6980,#7003,#7024,#7025));
#6980 = ORIENTED_EDGE('',*,*,#6981,.F.);
#6981 = EDGE_CURVE('',#6982,#6933,#6984,.T.);
#6982 = VERTEX_POINT('',#6983);
#6983 = CARTESIAN_POINT('',(3.28271479375,-13.81323242187,17.8));
#6984 = SURFACE_CURVE('',#6985,(#6989,#6996),.PCURVE_S1.);
#6985 = B_SPLINE_CURVE_WITH_KNOTS('',2,(#6986,#6987,#6988),
  .UNSPECIFIED.,.F.,.F.,(3,3),(0.,1.),.PIECEWISE_BEZIER_KNOTS.);
#6986 = CARTESIAN_POINT('',(3.28271479375,-13.81323242187,17.8));
#6987 = CARTESIAN_POINT('',(3.57275385625,-13.30786132812,17.8));
#6988 = CARTESIAN_POINT('',(3.98583979375,-12.67504882812,17.8));
#6989 = PCURVE('',#1615,#6990);
#6990 = DEFINITIONAL_REPRESENTATION('',(#6991),#6995);
#6991 = LINE('',#6992,#6993);
#6992 = CARTESIAN_POINT('',(0.,0.));
#6993 = VECTOR('',#6994,1.);
#6994 = DIRECTION('',(1.,0.));
#6995 = ( GEOMETRIC_REPRESENTATION_CONTEXT(2) 
PARAMETRIC_REPRESENTATION_CONTEXT() REPRESENTATION_CONTEXT('2D SPACE',''
  ) );
#6996 = PCURVE('',#6727,#6997);
#6997 = DEFINITIONAL_REPRESENTATION('',(#6998),#7002);
#6998 = B_SPLINE_CURVE_WITH_KNOTS('',2,(#6999,#7000,#7001),
  .UNSPECIFIED.,.F.,.F.,(3,3),(0.,1.),.PIECEWISE_BEZIER_KNOTS.);
#6999 = CARTESIAN_POINT('',(2.98828125,3.41015625));
#7000 = CARTESIAN_POINT('',(3.2783203125,3.91552734375));
#7001 = CARTESIAN_POINT('',(3.69140625,4.54833984375));
#7002 = ( GEOMETRIC_REPRESENTATION_CONTEXT(2) 
PARAMETRIC_REPRESENTATION_CONTEXT() REPRESENTATION_CONTEXT('2D SPACE',''
  ) );
#7003 = ORIENTED_EDGE('',*,*,#7004,.T.);
#7004 = EDGE_CURVE('',#6982,#1556,#7005,.T.);
#7005 = SURFACE_CURVE('',#7006,(#7010,#7017),.PCURVE_S1.);
#7006 = LINE('',#7007,#7008);
#7007 = CARTESIAN_POINT('',(3.28271479375,-13.81323242187,17.8));
#7008 = VECTOR('',#7009,1.);
#7009 = DIRECTION('',(0.,0.,1.));
#7010 = PCURVE('',#1615,#7011);
#7011 = DEFINITIONAL_REPRESENTATION('',(#7012),#7016);
#7012 = LINE('',#7013,#7014);
#7013 = CARTESIAN_POINT('',(0.,0.));
#7014 = VECTOR('',#7015,1.);
#7015 = DIRECTION('',(0.,-1.));
#7016 = ( GEOMETRIC_REPRESENTATION_CONTEXT(2) 
PARAMETRIC_REPRESENTATION_CONTEXT() REPRESENTATION_CONTEXT('2D SPACE',''
  ) );
#7017 = PCURVE('',#1575,#7018);
#7018 = DEFINITIONAL_REPRESENTATION('',(#7019),#7023);
#7019 = LINE('',#7020,#7021);
#7020 = CARTESIAN_POINT('',(1.,0.));
#7021 = VECTOR('',#7022,1.);
#7022 = DIRECTION('',(0.,-1.));
#7023 = ( GEOMETRIC_REPRESENTATION_CONTEXT(2) 
PARAMETRIC_REPRESENTATION_CONTEXT() REPRESENTATION_CONTEXT('2D SPACE',''
  ) );
#7024 = ORIENTED_EDGE('',*,*,#1591,.F.);
#7025 = ORIENTED_EDGE('',*,*,#6955,.F.);
#7026 = ADVANCED_FACE('',(#7027),#1575,.F.);
#7027 = FACE_BOUND('',#7028,.F.);
#7028 = EDGE_LOOP('',(#7029,#7052,#7073,#7074));
#7029 = ORIENTED_EDGE('',*,*,#7030,.F.);
#7030 = EDGE_CURVE('',#7031,#6982,#7033,.T.);
#7031 = VERTEX_POINT('',#7032);
#7032 = CARTESIAN_POINT('',(2.6279296375,-12.72338867187,17.8));
#7033 = SURFACE_CURVE('',#7034,(#7038,#7045),.PCURVE_S1.);
#7034 = B_SPLINE_CURVE_WITH_KNOTS('',2,(#7035,#7036,#7037),
  .UNSPECIFIED.,.F.,.F.,(3,3),(0.,1.),.PIECEWISE_BEZIER_KNOTS.);
#7035 = CARTESIAN_POINT('',(2.6279296375,-12.72338867187,17.8));
#7036 = CARTESIAN_POINT('',(2.9794921375,-13.26831054687,17.8));
#7037 = CARTESIAN_POINT('',(3.28271479375,-13.81323242187,17.8));
#7038 = PCURVE('',#1575,#7039);
#7039 = DEFINITIONAL_REPRESENTATION('',(#7040),#7044);
#7040 = LINE('',#7041,#7042);
#7041 = CARTESIAN_POINT('',(0.,0.));
#7042 = VECTOR('',#7043,1.);
#7043 = DIRECTION('',(1.,0.));
#7044 = ( GEOMETRIC_REPRESENTATION_CONTEXT(2) 
PARAMETRIC_REPRESENTATION_CONTEXT() REPRESENTATION_CONTEXT('2D SPACE',''
  ) );
#7045 = PCURVE('',#6727,#7046);
#7046 = DEFINITIONAL_REPRESENTATION('',(#7047),#7051);
#7047 = B_SPLINE_CURVE_WITH_KNOTS('',2,(#7048,#7049,#7050),
  .UNSPECIFIED.,.F.,.F.,(3,3),(0.,1.),.PIECEWISE_BEZIER_KNOTS.);
#7048 = CARTESIAN_POINT('',(2.33349609375,4.5));
#7049 = CARTESIAN_POINT('',(2.68505859375,3.955078125));
#7050 = CARTESIAN_POINT('',(2.98828125,3.41015625));
#7051 = ( GEOMETRIC_REPRESENTATION_CONTEXT(2) 
PARAMETRIC_REPRESENTATION_CONTEXT() REPRESENTATION_CONTEXT('2D SPACE',''
  ) );
#7052 = ORIENTED_EDGE('',*,*,#7053,.T.);
#7053 = EDGE_CURVE('',#7031,#1530,#7054,.T.);
#7054 = SURFACE_CURVE('',#7055,(#7059,#7066),.PCURVE_S1.);
#7055 = LINE('',#7056,#7057);
#7056 = CARTESIAN_POINT('',(2.6279296375,-12.72338867187,17.8));
#7057 = VECTOR('',#7058,1.);
#7058 = DIRECTION('',(0.,0.,1.));
#7059 = PCURVE('',#1575,#7060);
#7060 = DEFINITIONAL_REPRESENTATION('',(#7061),#7065);
#7061 = LINE('',#7062,#7063);
#7062 = CARTESIAN_POINT('',(0.,0.));
#7063 = VECTOR('',#7064,1.);
#7064 = DIRECTION('',(0.,-1.));
#7065 = ( GEOMETRIC_REPRESENTATION_CONTEXT(2) 
PARAMETRIC_REPRESENTATION_CONTEXT() REPRESENTATION_CONTEXT('2D SPACE',''
  ) );
#7066 = PCURVE('',#1544,#7067);
#7067 = DEFINITIONAL_REPRESENTATION('',(#7068),#7072);
#7068 = LINE('',#7069,#7070);
#7069 = CARTESIAN_POINT('',(2.320732772219,0.));
#7070 = VECTOR('',#7071,1.);
#7071 = DIRECTION('',(0.,-1.));
#7072 = ( GEOMETRIC_REPRESENTATION_CONTEXT(2) 
PARAMETRIC_REPRESENTATION_CONTEXT() REPRESENTATION_CONTEXT('2D SPACE',''
  ) );
#7073 = ORIENTED_EDGE('',*,*,#1555,.F.);
#7074 = ORIENTED_EDGE('',*,*,#7004,.F.);
#7075 = ADVANCED_FACE('',(#7076),#1544,.F.);
#7076 = FACE_BOUND('',#7077,.F.);
#7077 = EDGE_LOOP('',(#7078,#7101,#7122,#7123));
#7078 = ORIENTED_EDGE('',*,*,#7079,.F.);
#7079 = EDGE_CURVE('',#7080,#7031,#7082,.T.);
#7080 = VERTEX_POINT('',#7081);
#7081 = CARTESIAN_POINT('',(1.35791010625,-10.78100585937,17.8));
#7082 = SURFACE_CURVE('',#7083,(#7087,#7094),.PCURVE_S1.);
#7083 = LINE('',#7084,#7085);
#7084 = CARTESIAN_POINT('',(1.35791010625,-10.78100585937,17.8));
#7085 = VECTOR('',#7086,1.);
#7086 = DIRECTION('',(0.547249362983,-0.836969613974,0.));
#7087 = PCURVE('',#1544,#7088);
#7088 = DEFINITIONAL_REPRESENTATION('',(#7089),#7093);
#7089 = LINE('',#7090,#7091);
#7090 = CARTESIAN_POINT('',(0.,0.));
#7091 = VECTOR('',#7092,1.);
#7092 = DIRECTION('',(1.,0.));
#7093 = ( GEOMETRIC_REPRESENTATION_CONTEXT(2) 
PARAMETRIC_REPRESENTATION_CONTEXT() REPRESENTATION_CONTEXT('2D SPACE',''
  ) );
#7094 = PCURVE('',#6727,#7095);
#7095 = DEFINITIONAL_REPRESENTATION('',(#7096),#7100);
#7096 = LINE('',#7097,#7098);
#7097 = CARTESIAN_POINT('',(1.0634765625,6.4423828125));
#7098 = VECTOR('',#7099,1.);
#7099 = DIRECTION('',(0.547249362983,-0.836969613974));
#7100 = ( GEOMETRIC_REPRESENTATION_CONTEXT(2) 
PARAMETRIC_REPRESENTATION_CONTEXT() REPRESENTATION_CONTEXT('2D SPACE',''
  ) );
#7101 = ORIENTED_EDGE('',*,*,#7102,.T.);
#7102 = EDGE_CURVE('',#7080,#1504,#7103,.T.);
#7103 = SURFACE_CURVE('',#7104,(#7108,#7115),.PCURVE_S1.);
#7104 = LINE('',#7105,#7106);
#7105 = CARTESIAN_POINT('',(1.35791010625,-10.78100585937,17.8));
#7106 = VECTOR('',#7107,1.);
#7107 = DIRECTION('',(0.,0.,1.));
#7108 = PCURVE('',#1544,#7109);
#7109 = DEFINITIONAL_REPRESENTATION('',(#7110),#7114);
#7110 = LINE('',#7111,#7112);
#7111 = CARTESIAN_POINT('',(0.,0.));
#7112 = VECTOR('',#7113,1.);
#7113 = DIRECTION('',(0.,-1.));
#7114 = ( GEOMETRIC_REPRESENTATION_CONTEXT(2) 
PARAMETRIC_REPRESENTATION_CONTEXT() REPRESENTATION_CONTEXT('2D SPACE',''
  ) );
#7115 = PCURVE('',#1518,#7116);
#7116 = DEFINITIONAL_REPRESENTATION('',(#7117),#7121);
#7117 = LINE('',#7118,#7119);
#7118 = CARTESIAN_POINT('',(1.037109375,0.));
#7119 = VECTOR('',#7120,1.);
#7120 = DIRECTION('',(0.,-1.));
#7121 = ( GEOMETRIC_REPRESENTATION_CONTEXT(2) 
PARAMETRIC_REPRESENTATION_CONTEXT() REPRESENTATION_CONTEXT('2D SPACE',''
  ) );
#7122 = ORIENTED_EDGE('',*,*,#1529,.F.);
#7123 = ORIENTED_EDGE('',*,*,#7053,.F.);
#7124 = ADVANCED_FACE('',(#7125),#1518,.F.);
#7125 = FACE_BOUND('',#7126,.F.);
#7126 = EDGE_LOOP('',(#7127,#7150,#7171,#7172));
#7127 = ORIENTED_EDGE('',*,*,#7128,.F.);
#7128 = EDGE_CURVE('',#7129,#7080,#7131,.T.);
#7129 = VERTEX_POINT('',#7130);
#7130 = CARTESIAN_POINT('',(0.32080073125,-10.78100585937,17.8));
#7131 = SURFACE_CURVE('',#7132,(#7136,#7143),.PCURVE_S1.);
#7132 = LINE('',#7133,#7134);
#7133 = CARTESIAN_POINT('',(0.32080073125,-10.78100585937,17.8));
#7134 = VECTOR('',#7135,1.);
#7135 = DIRECTION('',(1.,0.,0.));
#7136 = PCURVE('',#1518,#7137);
#7137 = DEFINITIONAL_REPRESENTATION('',(#7138),#7142);
#7138 = LINE('',#7139,#7140);
#7139 = CARTESIAN_POINT('',(0.,0.));
#7140 = VECTOR('',#7141,1.);
#7141 = DIRECTION('',(1.,0.));
#7142 = ( GEOMETRIC_REPRESENTATION_CONTEXT(2) 
PARAMETRIC_REPRESENTATION_CONTEXT() REPRESENTATION_CONTEXT('2D SPACE',''
  ) );
#7143 = PCURVE('',#6727,#7144);
#7144 = DEFINITIONAL_REPRESENTATION('',(#7145),#7149);
#7145 = LINE('',#7146,#7147);
#7146 = CARTESIAN_POINT('',(2.63671875E-02,6.4423828125));
#7147 = VECTOR('',#7148,1.);
#7148 = DIRECTION('',(1.,0.));
#7149 = ( GEOMETRIC_REPRESENTATION_CONTEXT(2) 
PARAMETRIC_REPRESENTATION_CONTEXT() REPRESENTATION_CONTEXT('2D SPACE',''
  ) );
#7150 = ORIENTED_EDGE('',*,*,#7151,.T.);
#7151 = EDGE_CURVE('',#7129,#1478,#7152,.T.);
#7152 = SURFACE_CURVE('',#7153,(#7157,#7164),.PCURVE_S1.);
#7153 = LINE('',#7154,#7155);
#7154 = CARTESIAN_POINT('',(0.32080073125,-10.78100585937,17.8));
#7155 = VECTOR('',#7156,1.);
#7156 = DIRECTION('',(0.,0.,1.));
#7157 = PCURVE('',#1518,#7158);
#7158 = DEFINITIONAL_REPRESENTATION('',(#7159),#7163);
#7159 = LINE('',#7160,#7161);
#7160 = CARTESIAN_POINT('',(-5.551115123126E-17,0.));
#7161 = VECTOR('',#7162,1.);
#7162 = DIRECTION('',(0.,-1.));
#7163 = ( GEOMETRIC_REPRESENTATION_CONTEXT(2) 
PARAMETRIC_REPRESENTATION_CONTEXT() REPRESENTATION_CONTEXT('2D SPACE',''
  ) );
#7164 = PCURVE('',#1492,#7165);
#7165 = DEFINITIONAL_REPRESENTATION('',(#7166),#7170);
#7166 = LINE('',#7167,#7168);
#7167 = CARTESIAN_POINT('',(4.466992919783,0.));
#7168 = VECTOR('',#7169,1.);
#7169 = DIRECTION('',(0.,-1.));
#7170 = ( GEOMETRIC_REPRESENTATION_CONTEXT(2) 
PARAMETRIC_REPRESENTATION_CONTEXT() REPRESENTATION_CONTEXT('2D SPACE',''
  ) );
#7171 = ORIENTED_EDGE('',*,*,#1503,.F.);
#7172 = ORIENTED_EDGE('',*,*,#7102,.F.);
#7173 = ADVANCED_FACE('',(#7174),#1492,.F.);
#7174 = FACE_BOUND('',#7175,.F.);
#7175 = EDGE_LOOP('',(#7176,#7199,#7220,#7221));
#7176 = ORIENTED_EDGE('',*,*,#7177,.F.);
#7177 = EDGE_CURVE('',#7178,#7129,#7180,.T.);
#7178 = VERTEX_POINT('',#7179);
#7179 = CARTESIAN_POINT('',(2.8037108875,-14.49438476562,17.8));
#7180 = SURFACE_CURVE('',#7181,(#7185,#7192),.PCURVE_S1.);
#7181 = LINE('',#7182,#7183);
#7182 = CARTESIAN_POINT('',(2.8037108875,-14.49438476562,17.8));
#7183 = VECTOR('',#7184,1.);
#7184 = DIRECTION('',(-0.555834808973,0.831292767402,0.));
#7185 = PCURVE('',#1492,#7186);
#7186 = DEFINITIONAL_REPRESENTATION('',(#7187),#7191);
#7187 = LINE('',#7188,#7189);
#7188 = CARTESIAN_POINT('',(0.,0.));
#7189 = VECTOR('',#7190,1.);
#7190 = DIRECTION('',(1.,0.));
#7191 = ( GEOMETRIC_REPRESENTATION_CONTEXT(2) 
PARAMETRIC_REPRESENTATION_CONTEXT() REPRESENTATION_CONTEXT('2D SPACE',''
  ) );
#7192 = PCURVE('',#6727,#7193);
#7193 = DEFINITIONAL_REPRESENTATION('',(#7194),#7198);
#7194 = LINE('',#7195,#7196);
#7195 = CARTESIAN_POINT('',(2.50927734375,2.72900390625));
#7196 = VECTOR('',#7197,1.);
#7197 = DIRECTION('',(-0.555834808973,0.831292767402));
#7198 = ( GEOMETRIC_REPRESENTATION_CONTEXT(2) 
PARAMETRIC_REPRESENTATION_CONTEXT() REPRESENTATION_CONTEXT('2D SPACE',''
  ) );
#7199 = ORIENTED_EDGE('',*,*,#7200,.T.);
#7200 = EDGE_CURVE('',#7178,#1452,#7201,.T.);
#7201 = SURFACE_CURVE('',#7202,(#7206,#7213),.PCURVE_S1.);
#7202 = LINE('',#7203,#7204);
#7203 = CARTESIAN_POINT('',(2.8037108875,-14.49438476562,17.8));
#7204 = VECTOR('',#7205,1.);
#7205 = DIRECTION('',(0.,0.,1.));
#7206 = PCURVE('',#1492,#7207);
#7207 = DEFINITIONAL_REPRESENTATION('',(#7208),#7212);
#7208 = LINE('',#7209,#7210);
#7209 = CARTESIAN_POINT('',(0.,0.));
#7210 = VECTOR('',#7211,1.);
#7211 = DIRECTION('',(0.,-1.));
#7212 = ( GEOMETRIC_REPRESENTATION_CONTEXT(2) 
PARAMETRIC_REPRESENTATION_CONTEXT() REPRESENTATION_CONTEXT('2D SPACE',''
  ) );
#7213 = PCURVE('',#1466,#7214);
#7214 = DEFINITIONAL_REPRESENTATION('',(#7215),#7219);
#7215 = LINE('',#7216,#7217);
#7216 = CARTESIAN_POINT('',(2.72900390625,0.));
#7217 = VECTOR('',#7218,1.);
#7218 = DIRECTION('',(0.,-1.));
#7219 = ( GEOMETRIC_REPRESENTATION_CONTEXT(2) 
PARAMETRIC_REPRESENTATION_CONTEXT() REPRESENTATION_CONTEXT('2D SPACE',''
  ) );
#7220 = ORIENTED_EDGE('',*,*,#1477,.F.);
#7221 = ORIENTED_EDGE('',*,*,#7151,.F.);
#7222 = ADVANCED_FACE('',(#7223),#1466,.F.);
#7223 = FACE_BOUND('',#7224,.F.);
#7224 = EDGE_LOOP('',(#7225,#7246,#7247,#7248));
#7225 = ORIENTED_EDGE('',*,*,#7226,.F.);
#7226 = EDGE_CURVE('',#6712,#7178,#7227,.T.);
#7227 = SURFACE_CURVE('',#7228,(#7232,#7239),.PCURVE_S1.);
#7228 = LINE('',#7229,#7230);
#7229 = CARTESIAN_POINT('',(2.8037108875,-17.22338867187,17.8));
#7230 = VECTOR('',#7231,1.);
#7231 = DIRECTION('',(0.,1.,0.));
#7232 = PCURVE('',#1466,#7233);
#7233 = DEFINITIONAL_REPRESENTATION('',(#7234),#7238);
#7234 = LINE('',#7235,#7236);
#7235 = CARTESIAN_POINT('',(0.,0.));
#7236 = VECTOR('',#7237,1.);
#7237 = DIRECTION('',(1.,0.));
#7238 = ( GEOMETRIC_REPRESENTATION_CONTEXT(2) 
PARAMETRIC_REPRESENTATION_CONTEXT() REPRESENTATION_CONTEXT('2D SPACE',''
  ) );
#7239 = PCURVE('',#6727,#7240);
#7240 = DEFINITIONAL_REPRESENTATION('',(#7241),#7245);
#7241 = LINE('',#7242,#7243);
#7242 = CARTESIAN_POINT('',(2.50927734375,0.));
#7243 = VECTOR('',#7244,1.);
#7244 = DIRECTION('',(0.,1.));
#7245 = ( GEOMETRIC_REPRESENTATION_CONTEXT(2) 
PARAMETRIC_REPRESENTATION_CONTEXT() REPRESENTATION_CONTEXT('2D SPACE',''
  ) );
#7246 = ORIENTED_EDGE('',*,*,#6761,.T.);
#7247 = ORIENTED_EDGE('',*,*,#1451,.F.);
#7248 = ORIENTED_EDGE('',*,*,#7200,.F.);
#7249 = ADVANCED_FACE('',(#7250),#1754,.F.);
#7250 = FACE_BOUND('',#7251,.F.);
#7251 = EDGE_LOOP('',(#7252,#7282,#7303,#7304));
#7252 = ORIENTED_EDGE('',*,*,#7253,.F.);
#7253 = EDGE_CURVE('',#7254,#7256,#7258,.T.);
#7254 = VERTEX_POINT('',#7255);
#7255 = CARTESIAN_POINT('',(6.70166010625,-15.15356445312,17.8));
#7256 = VERTEX_POINT('',#7257);
#7257 = CARTESIAN_POINT('',(7.505859325,-15.08325195312,17.8));
#7258 = SURFACE_CURVE('',#7259,(#7263,#7270),.PCURVE_S1.);
#7259 = LINE('',#7260,#7261);
#7260 = CARTESIAN_POINT('',(6.70166010625,-15.15356445312,17.8));
#7261 = VECTOR('',#7262,1.);
#7262 = DIRECTION('',(0.99619962403,8.70994206802E-02,0.));
#7263 = PCURVE('',#1754,#7264);
#7264 = DEFINITIONAL_REPRESENTATION('',(#7265),#7269);
#7265 = LINE('',#7266,#7267);
#7266 = CARTESIAN_POINT('',(0.,0.));
#7267 = VECTOR('',#7268,1.);
#7268 = DIRECTION('',(1.,0.));
#7269 = ( GEOMETRIC_REPRESENTATION_CONTEXT(2) 
PARAMETRIC_REPRESENTATION_CONTEXT() REPRESENTATION_CONTEXT('2D SPACE',''
  ) );
#7270 = PCURVE('',#7271,#7276);
#7271 = PLANE('',#7272);
#7272 = AXIS2_PLACEMENT_3D('',#7273,#7274,#7275);
#7273 = CARTESIAN_POINT('',(6.29736323125,-17.22338867187,17.8));
#7274 = DIRECTION('',(0.,0.,1.));
#7275 = DIRECTION('',(1.,0.,0.));
#7276 = DEFINITIONAL_REPRESENTATION('',(#7277),#7281);
#7277 = LINE('',#7278,#7279);
#7278 = CARTESIAN_POINT('',(0.404296875,2.06982421875));
#7279 = VECTOR('',#7280,1.);
#7280 = DIRECTION('',(0.99619962403,8.70994206802E-02));
#7281 = ( GEOMETRIC_REPRESENTATION_CONTEXT(2) 
PARAMETRIC_REPRESENTATION_CONTEXT() REPRESENTATION_CONTEXT('2D SPACE',''
  ) );
#7282 = ORIENTED_EDGE('',*,*,#7283,.T.);
#7283 = EDGE_CURVE('',#7254,#1740,#7284,.T.);
#7284 = SURFACE_CURVE('',#7285,(#7289,#7296),.PCURVE_S1.);
#7285 = LINE('',#7286,#7287);
#7286 = CARTESIAN_POINT('',(6.70166010625,-15.15356445312,17.8));
#7287 = VECTOR('',#7288,1.);
#7288 = DIRECTION('',(0.,0.,1.));
#7289 = PCURVE('',#1754,#7290);
#7290 = DEFINITIONAL_REPRESENTATION('',(#7291),#7295);
#7291 = LINE('',#7292,#7293);
#7292 = CARTESIAN_POINT('',(0.,0.));
#7293 = VECTOR('',#7294,1.);
#7294 = DIRECTION('',(0.,-1.));
#7295 = ( GEOMETRIC_REPRESENTATION_CONTEXT(2) 
PARAMETRIC_REPRESENTATION_CONTEXT() REPRESENTATION_CONTEXT('2D SPACE',''
  ) );
#7296 = PCURVE('',#3544,#7297);
#7297 = DEFINITIONAL_REPRESENTATION('',(#7298),#7302);
#7298 = LINE('',#7299,#7300);
#7299 = CARTESIAN_POINT('',(1.,0.));
#7300 = VECTOR('',#7301,1.);
#7301 = DIRECTION('',(0.,-1.));
#7302 = ( GEOMETRIC_REPRESENTATION_CONTEXT(2) 
PARAMETRIC_REPRESENTATION_CONTEXT() REPRESENTATION_CONTEXT('2D SPACE',''
  ) );
#7303 = ORIENTED_EDGE('',*,*,#1737,.F.);
#7304 = ORIENTED_EDGE('',*,*,#7305,.F.);
#7305 = EDGE_CURVE('',#7256,#1738,#7306,.T.);
#7306 = SURFACE_CURVE('',#7307,(#7311,#7318),.PCURVE_S1.);
#7307 = LINE('',#7308,#7309);
#7308 = CARTESIAN_POINT('',(7.505859325,-15.08325195312,17.8));
#7309 = VECTOR('',#7310,1.);
#7310 = DIRECTION('',(0.,0.,1.));
#7311 = PCURVE('',#1754,#7312);
#7312 = DEFINITIONAL_REPRESENTATION('',(#7313),#7317);
#7313 = LINE('',#7314,#7315);
#7314 = CARTESIAN_POINT('',(0.80726713738,0.));
#7315 = VECTOR('',#7316,1.);
#7316 = DIRECTION('',(0.,-1.));
#7317 = ( GEOMETRIC_REPRESENTATION_CONTEXT(2) 
PARAMETRIC_REPRESENTATION_CONTEXT() REPRESENTATION_CONTEXT('2D SPACE',''
  ) );
#7318 = PCURVE('',#1795,#7319);
#7319 = DEFINITIONAL_REPRESENTATION('',(#7320),#7324);
#7320 = LINE('',#7321,#7322);
#7321 = CARTESIAN_POINT('',(0.,0.));
#7322 = VECTOR('',#7323,1.);
#7323 = DIRECTION('',(0.,-1.));
#7324 = ( GEOMETRIC_REPRESENTATION_CONTEXT(2) 
PARAMETRIC_REPRESENTATION_CONTEXT() REPRESENTATION_CONTEXT('2D SPACE',''
  ) );
#7325 = ADVANCED_FACE('',(#7326),#3544,.F.);
#7326 = FACE_BOUND('',#7327,.F.);
#7327 = EDGE_LOOP('',(#7328,#7351,#7372,#7373));
#7328 = ORIENTED_EDGE('',*,*,#7329,.F.);
#7329 = EDGE_CURVE('',#7330,#7254,#7332,.T.);
#7330 = VERTEX_POINT('',#7331);
#7331 = CARTESIAN_POINT('',(7.055419871875,-16.3115234375,17.8));
#7332 = SURFACE_CURVE('',#7333,(#7337,#7344),.PCURVE_S1.);
#7333 = B_SPLINE_CURVE_WITH_KNOTS('',2,(#7334,#7335,#7336),
  .UNSPECIFIED.,.F.,.F.,(3,3),(0.,1.),.PIECEWISE_BEZIER_KNOTS.);
#7334 = CARTESIAN_POINT('',(7.055419871875,-16.3115234375,17.8));
#7335 = CARTESIAN_POINT('',(6.71923823125,-15.79956054687,17.8));
#7336 = CARTESIAN_POINT('',(6.70166010625,-15.15356445312,17.8));
#7337 = PCURVE('',#3544,#7338);
#7338 = DEFINITIONAL_REPRESENTATION('',(#7339),#7343);
#7339 = LINE('',#7340,#7341);
#7340 = CARTESIAN_POINT('',(0.,0.));
#7341 = VECTOR('',#7342,1.);
#7342 = DIRECTION('',(1.,0.));
#7343 = ( GEOMETRIC_REPRESENTATION_CONTEXT(2) 
PARAMETRIC_REPRESENTATION_CONTEXT() REPRESENTATION_CONTEXT('2D SPACE',''
  ) );
#7344 = PCURVE('',#7271,#7345);
#7345 = DEFINITIONAL_REPRESENTATION('',(#7346),#7350);
#7346 = B_SPLINE_CURVE_WITH_KNOTS('',2,(#7347,#7348,#7349),
  .UNSPECIFIED.,.F.,.F.,(3,3),(0.,1.),.PIECEWISE_BEZIER_KNOTS.);
#7347 = CARTESIAN_POINT('',(0.758056640625,0.911865234375));
#7348 = CARTESIAN_POINT('',(0.421875,1.423828125));
#7349 = CARTESIAN_POINT('',(0.404296875,2.06982421875));
#7350 = ( GEOMETRIC_REPRESENTATION_CONTEXT(2) 
PARAMETRIC_REPRESENTATION_CONTEXT() REPRESENTATION_CONTEXT('2D SPACE',''
  ) );
#7351 = ORIENTED_EDGE('',*,*,#7352,.T.);
#7352 = EDGE_CURVE('',#7330,#3466,#7353,.T.);
#7353 = SURFACE_CURVE('',#7354,(#7358,#7365),.PCURVE_S1.);
#7354 = LINE('',#7355,#7356);
#7355 = CARTESIAN_POINT('',(7.055419871875,-16.3115234375,17.8));
#7356 = VECTOR('',#7357,1.);
#7357 = DIRECTION('',(0.,0.,1.));
#7358 = PCURVE('',#3544,#7359);
#7359 = DEFINITIONAL_REPRESENTATION('',(#7360),#7364);
#7360 = LINE('',#7361,#7362);
#7361 = CARTESIAN_POINT('',(0.,0.));
#7362 = VECTOR('',#7363,1.);
#7363 = DIRECTION('',(0.,-1.));
#7364 = ( GEOMETRIC_REPRESENTATION_CONTEXT(2) 
PARAMETRIC_REPRESENTATION_CONTEXT() REPRESENTATION_CONTEXT('2D SPACE',''
  ) );
#7365 = PCURVE('',#3495,#7366);
#7366 = DEFINITIONAL_REPRESENTATION('',(#7367),#7371);
#7367 = LINE('',#7368,#7369);
#7368 = CARTESIAN_POINT('',(1.,0.));
#7369 = VECTOR('',#7370,1.);
#7370 = DIRECTION('',(0.,-1.));
#7371 = ( GEOMETRIC_REPRESENTATION_CONTEXT(2) 
PARAMETRIC_REPRESENTATION_CONTEXT() REPRESENTATION_CONTEXT('2D SPACE',''
  ) );
#7372 = ORIENTED_EDGE('',*,*,#3516,.F.);
#7373 = ORIENTED_EDGE('',*,*,#7283,.F.);
#7374 = ADVANCED_FACE('',(#7375),#3495,.F.);
#7375 = FACE_BOUND('',#7376,.F.);
#7376 = EDGE_LOOP('',(#7377,#7400,#7421,#7422));
#7377 = ORIENTED_EDGE('',*,*,#7378,.F.);
#7378 = EDGE_CURVE('',#7379,#7330,#7381,.T.);
#7379 = VERTEX_POINT('',#7380);
#7380 = CARTESIAN_POINT('',(7.982665965625,-17.07836914062,17.8));
#7381 = SURFACE_CURVE('',#7382,(#7386,#7393),.PCURVE_S1.);
#7382 = B_SPLINE_CURVE_WITH_KNOTS('',2,(#7383,#7384,#7385),
  .UNSPECIFIED.,.F.,.F.,(3,3),(0.,1.),.PIECEWISE_BEZIER_KNOTS.);
#7383 = CARTESIAN_POINT('',(7.982665965625,-17.07836914062,17.8));
#7384 = CARTESIAN_POINT('',(7.3916015125,-16.82348632812,17.8));
#7385 = CARTESIAN_POINT('',(7.055419871875,-16.3115234375,17.8));
#7386 = PCURVE('',#3495,#7387);
#7387 = DEFINITIONAL_REPRESENTATION('',(#7388),#7392);
#7388 = LINE('',#7389,#7390);
#7389 = CARTESIAN_POINT('',(0.,0.));
#7390 = VECTOR('',#7391,1.);
#7391 = DIRECTION('',(1.,0.));
#7392 = ( GEOMETRIC_REPRESENTATION_CONTEXT(2) 
PARAMETRIC_REPRESENTATION_CONTEXT() REPRESENTATION_CONTEXT('2D SPACE',''
  ) );
#7393 = PCURVE('',#7271,#7394);
#7394 = DEFINITIONAL_REPRESENTATION('',(#7395),#7399);
#7395 = B_SPLINE_CURVE_WITH_KNOTS('',2,(#7396,#7397,#7398),
  .UNSPECIFIED.,.F.,.F.,(3,3),(0.,1.),.PIECEWISE_BEZIER_KNOTS.);
#7396 = CARTESIAN_POINT('',(1.685302734375,0.14501953125));
#7397 = CARTESIAN_POINT('',(1.09423828125,0.39990234375));
#7398 = CARTESIAN_POINT('',(0.758056640625,0.911865234375));
#7399 = ( GEOMETRIC_REPRESENTATION_CONTEXT(2) 
PARAMETRIC_REPRESENTATION_CONTEXT() REPRESENTATION_CONTEXT('2D SPACE',''
  ) );
#7400 = ORIENTED_EDGE('',*,*,#7401,.T.);
#7401 = EDGE_CURVE('',#7379,#3415,#7402,.T.);
#7402 = SURFACE_CURVE('',#7403,(#7407,#7414),.PCURVE_S1.);
#7403 = LINE('',#7404,#7405);
#7404 = CARTESIAN_POINT('',(7.982665965625,-17.07836914062,17.8));
#7405 = VECTOR('',#7406,1.);
#7406 = DIRECTION('',(0.,0.,1.));
#7407 = PCURVE('',#3495,#7408);
#7408 = DEFINITIONAL_REPRESENTATION('',(#7409),#7413);
#7409 = LINE('',#7410,#7411);
#7410 = CARTESIAN_POINT('',(0.,0.));
#7411 = VECTOR('',#7412,1.);
#7412 = DIRECTION('',(0.,-1.));
#7413 = ( GEOMETRIC_REPRESENTATION_CONTEXT(2) 
PARAMETRIC_REPRESENTATION_CONTEXT() REPRESENTATION_CONTEXT('2D SPACE',''
  ) );
#7414 = PCURVE('',#3444,#7415);
#7415 = DEFINITIONAL_REPRESENTATION('',(#7416),#7420);
#7416 = LINE('',#7417,#7418);
#7417 = CARTESIAN_POINT('',(1.,0.));
#7418 = VECTOR('',#7419,1.);
#7419 = DIRECTION('',(0.,-1.));
#7420 = ( GEOMETRIC_REPRESENTATION_CONTEXT(2) 
PARAMETRIC_REPRESENTATION_CONTEXT() REPRESENTATION_CONTEXT('2D SPACE',''
  ) );
#7421 = ORIENTED_EDGE('',*,*,#3465,.F.);
#7422 = ORIENTED_EDGE('',*,*,#7352,.F.);
#7423 = ADVANCED_FACE('',(#7424),#3444,.F.);
#7424 = FACE_BOUND('',#7425,.F.);
#7425 = EDGE_LOOP('',(#7426,#7449,#7470,#7471));
#7426 = ORIENTED_EDGE('',*,*,#7427,.F.);
#7427 = EDGE_CURVE('',#7428,#7379,#7430,.T.);
#7428 = VERTEX_POINT('',#7429);
#7429 = CARTESIAN_POINT('',(9.4482421375,-17.33325195312,17.8));
#7430 = SURFACE_CURVE('',#7431,(#7435,#7442),.PCURVE_S1.);
#7431 = B_SPLINE_CURVE_WITH_KNOTS('',2,(#7432,#7433,#7434),
  .UNSPECIFIED.,.F.,.F.,(3,3),(0.,1.),.PIECEWISE_BEZIER_KNOTS.);
#7432 = CARTESIAN_POINT('',(9.4482421375,-17.33325195312,17.8));
#7433 = CARTESIAN_POINT('',(8.57373041875,-17.33325195312,17.8));
#7434 = CARTESIAN_POINT('',(7.982665965625,-17.07836914062,17.8));
#7435 = PCURVE('',#3444,#7436);
#7436 = DEFINITIONAL_REPRESENTATION('',(#7437),#7441);
#7437 = LINE('',#7438,#7439);
#7438 = CARTESIAN_POINT('',(0.,0.));
#7439 = VECTOR('',#7440,1.);
#7440 = DIRECTION('',(1.,0.));
#7441 = ( GEOMETRIC_REPRESENTATION_CONTEXT(2) 
PARAMETRIC_REPRESENTATION_CONTEXT() REPRESENTATION_CONTEXT('2D SPACE',''
  ) );
#7442 = PCURVE('',#7271,#7443);
#7443 = DEFINITIONAL_REPRESENTATION('',(#7444),#7448);
#7444 = B_SPLINE_CURVE_WITH_KNOTS('',2,(#7445,#7446,#7447),
  .UNSPECIFIED.,.F.,.F.,(3,3),(0.,1.),.PIECEWISE_BEZIER_KNOTS.);
#7445 = CARTESIAN_POINT('',(3.15087890625,-0.10986328125));
#7446 = CARTESIAN_POINT('',(2.2763671875,-0.10986328125));
#7447 = CARTESIAN_POINT('',(1.685302734375,0.14501953125));
#7448 = ( GEOMETRIC_REPRESENTATION_CONTEXT(2) 
PARAMETRIC_REPRESENTATION_CONTEXT() REPRESENTATION_CONTEXT('2D SPACE',''
  ) );
#7449 = ORIENTED_EDGE('',*,*,#7450,.T.);
#7450 = EDGE_CURVE('',#7428,#3364,#7451,.T.);
#7451 = SURFACE_CURVE('',#7452,(#7456,#7463),.PCURVE_S1.);
#7452 = LINE('',#7453,#7454);
#7453 = CARTESIAN_POINT('',(9.4482421375,-17.33325195312,17.8));
#7454 = VECTOR('',#7455,1.);
#7455 = DIRECTION('',(0.,0.,1.));
#7456 = PCURVE('',#3444,#7457);
#7457 = DEFINITIONAL_REPRESENTATION('',(#7458),#7462);
#7458 = LINE('',#7459,#7460);
#7459 = CARTESIAN_POINT('',(0.,0.));
#7460 = VECTOR('',#7461,1.);
#7461 = DIRECTION('',(0.,-1.));
#7462 = ( GEOMETRIC_REPRESENTATION_CONTEXT(2) 
PARAMETRIC_REPRESENTATION_CONTEXT() REPRESENTATION_CONTEXT('2D SPACE',''
  ) );
#7463 = PCURVE('',#3393,#7464);
#7464 = DEFINITIONAL_REPRESENTATION('',(#7465),#7469);
#7465 = LINE('',#7466,#7467);
#7466 = CARTESIAN_POINT('',(1.,0.));
#7467 = VECTOR('',#7468,1.);
#7468 = DIRECTION('',(0.,-1.));
#7469 = ( GEOMETRIC_REPRESENTATION_CONTEXT(2) 
PARAMETRIC_REPRESENTATION_CONTEXT() REPRESENTATION_CONTEXT('2D SPACE',''
  ) );
#7470 = ORIENTED_EDGE('',*,*,#3414,.F.);
#7471 = ORIENTED_EDGE('',*,*,#7401,.F.);
#7472 = ADVANCED_FACE('',(#7473),#3393,.F.);
#7473 = FACE_BOUND('',#7474,.F.);
#7474 = EDGE_LOOP('',(#7475,#7498,#7519,#7520));
#7475 = ORIENTED_EDGE('',*,*,#7476,.F.);
#7476 = EDGE_CURVE('',#7477,#7428,#7479,.T.);
#7477 = VERTEX_POINT('',#7478);
#7478 = CARTESIAN_POINT('',(10.689697215625,-17.08056640625,17.8));
#7479 = SURFACE_CURVE('',#7480,(#7484,#7491),.PCURVE_S1.);
#7480 = B_SPLINE_CURVE_WITH_KNOTS('',2,(#7481,#7482,#7483),
  .UNSPECIFIED.,.F.,.F.,(3,3),(0.,1.),.PIECEWISE_BEZIER_KNOTS.);
#7481 = CARTESIAN_POINT('',(10.689697215625,-17.08056640625,17.8));
#7482 = CARTESIAN_POINT('',(10.13818354375,-17.33325195312,17.8));
#7483 = CARTESIAN_POINT('',(9.4482421375,-17.33325195312,17.8));
#7484 = PCURVE('',#3393,#7485);
#7485 = DEFINITIONAL_REPRESENTATION('',(#7486),#7490);
#7486 = LINE('',#7487,#7488);
#7487 = CARTESIAN_POINT('',(0.,0.));
#7488 = VECTOR('',#7489,1.);
#7489 = DIRECTION('',(1.,0.));
#7490 = ( GEOMETRIC_REPRESENTATION_CONTEXT(2) 
PARAMETRIC_REPRESENTATION_CONTEXT() REPRESENTATION_CONTEXT('2D SPACE',''
  ) );
#7491 = PCURVE('',#7271,#7492);
#7492 = DEFINITIONAL_REPRESENTATION('',(#7493),#7497);
#7493 = B_SPLINE_CURVE_WITH_KNOTS('',2,(#7494,#7495,#7496),
  .UNSPECIFIED.,.F.,.F.,(3,3),(0.,1.),.PIECEWISE_BEZIER_KNOTS.);
#7494 = CARTESIAN_POINT('',(4.392333984375,0.142822265625));
#7495 = CARTESIAN_POINT('',(3.8408203125,-0.10986328125));
#7496 = CARTESIAN_POINT('',(3.15087890625,-0.10986328125));
#7497 = ( GEOMETRIC_REPRESENTATION_CONTEXT(2) 
PARAMETRIC_REPRESENTATION_CONTEXT() REPRESENTATION_CONTEXT('2D SPACE',''
  ) );
#7498 = ORIENTED_EDGE('',*,*,#7499,.T.);
#7499 = EDGE_CURVE('',#7477,#3307,#7500,.T.);
#7500 = SURFACE_CURVE('',#7501,(#7505,#7512),.PCURVE_S1.);
#7501 = LINE('',#7502,#7503);
#7502 = CARTESIAN_POINT('',(10.689697215625,-17.08056640625,17.8));
#7503 = VECTOR('',#7504,1.);
#7504 = DIRECTION('',(0.,0.,1.));
#7505 = PCURVE('',#3393,#7506);
#7506 = DEFINITIONAL_REPRESENTATION('',(#7507),#7511);
#7507 = LINE('',#7508,#7509);
#7508 = CARTESIAN_POINT('',(0.,0.));
#7509 = VECTOR('',#7510,1.);
#7510 = DIRECTION('',(0.,-1.));
#7511 = ( GEOMETRIC_REPRESENTATION_CONTEXT(2) 
PARAMETRIC_REPRESENTATION_CONTEXT() REPRESENTATION_CONTEXT('2D SPACE',''
  ) );
#7512 = PCURVE('',#3340,#7513);
#7513 = DEFINITIONAL_REPRESENTATION('',(#7514),#7518);
#7514 = LINE('',#7515,#7516);
#7515 = CARTESIAN_POINT('',(1.,0.));
#7516 = VECTOR('',#7517,1.);
#7517 = DIRECTION('',(0.,-1.));
#7518 = ( GEOMETRIC_REPRESENTATION_CONTEXT(2) 
PARAMETRIC_REPRESENTATION_CONTEXT() REPRESENTATION_CONTEXT('2D SPACE',''
  ) );
#7519 = ORIENTED_EDGE('',*,*,#3363,.F.);
#7520 = ORIENTED_EDGE('',*,*,#7450,.F.);
#7521 = ADVANCED_FACE('',(#7522),#3340,.F.);
#7522 = FACE_BOUND('',#7523,.F.);
#7523 = EDGE_LOOP('',(#7524,#7547,#7568,#7569));
#7524 = ORIENTED_EDGE('',*,*,#7525,.F.);
#7525 = EDGE_CURVE('',#7526,#7477,#7528,.T.);
#7526 = VERTEX_POINT('',#7527);
#7527 = CARTESIAN_POINT('',(11.53564448125,-16.373046875,17.8));
#7528 = SURFACE_CURVE('',#7529,(#7533,#7540),.PCURVE_S1.);
#7529 = B_SPLINE_CURVE_WITH_KNOTS('',2,(#7530,#7531,#7532),
  .UNSPECIFIED.,.F.,.F.,(3,3),(0.,1.),.PIECEWISE_BEZIER_KNOTS.);
#7530 = CARTESIAN_POINT('',(11.53564448125,-16.373046875,17.8));
#7531 = CARTESIAN_POINT('',(11.2412108875,-16.82788085937,17.8));
#7532 = CARTESIAN_POINT('',(10.689697215625,-17.08056640625,17.8));
#7533 = PCURVE('',#3340,#7534);
#7534 = DEFINITIONAL_REPRESENTATION('',(#7535),#7539);
#7535 = LINE('',#7536,#7537);
#7536 = CARTESIAN_POINT('',(0.,0.));
#7537 = VECTOR('',#7538,1.);
#7538 = DIRECTION('',(1.,0.));
#7539 = ( GEOMETRIC_REPRESENTATION_CONTEXT(2) 
PARAMETRIC_REPRESENTATION_CONTEXT() REPRESENTATION_CONTEXT('2D SPACE',''
  ) );
#7540 = PCURVE('',#7271,#7541);
#7541 = DEFINITIONAL_REPRESENTATION('',(#7542),#7546);
#7542 = B_SPLINE_CURVE_WITH_KNOTS('',2,(#7543,#7544,#7545),
  .UNSPECIFIED.,.F.,.F.,(3,3),(0.,1.),.PIECEWISE_BEZIER_KNOTS.);
#7543 = CARTESIAN_POINT('',(5.23828125,0.850341796875));
#7544 = CARTESIAN_POINT('',(4.94384765625,0.3955078125));
#7545 = CARTESIAN_POINT('',(4.392333984375,0.142822265625));
#7546 = ( GEOMETRIC_REPRESENTATION_CONTEXT(2) 
PARAMETRIC_REPRESENTATION_CONTEXT() REPRESENTATION_CONTEXT('2D SPACE',''
  ) );
#7547 = ORIENTED_EDGE('',*,*,#7548,.T.);
#7548 = EDGE_CURVE('',#7526,#3256,#7549,.T.);
#7549 = SURFACE_CURVE('',#7550,(#7554,#7561),.PCURVE_S1.);
#7550 = LINE('',#7551,#7552);
#7551 = CARTESIAN_POINT('',(11.53564448125,-16.373046875,17.8));
#7552 = VECTOR('',#7553,1.);
#7553 = DIRECTION('',(0.,0.,1.));
#7554 = PCURVE('',#3340,#7555);
#7555 = DEFINITIONAL_REPRESENTATION('',(#7556),#7560);
#7556 = LINE('',#7557,#7558);
#7557 = CARTESIAN_POINT('',(0.,0.));
#7558 = VECTOR('',#7559,1.);
#7559 = DIRECTION('',(0.,-1.));
#7560 = ( GEOMETRIC_REPRESENTATION_CONTEXT(2) 
PARAMETRIC_REPRESENTATION_CONTEXT() REPRESENTATION_CONTEXT('2D SPACE',''
  ) );
#7561 = PCURVE('',#3285,#7562);
#7562 = DEFINITIONAL_REPRESENTATION('',(#7563),#7567);
#7563 = LINE('',#7564,#7565);
#7564 = CARTESIAN_POINT('',(1.,0.));
#7565 = VECTOR('',#7566,1.);
#7566 = DIRECTION('',(0.,-1.));
#7567 = ( GEOMETRIC_REPRESENTATION_CONTEXT(2) 
PARAMETRIC_REPRESENTATION_CONTEXT() REPRESENTATION_CONTEXT('2D SPACE',''
  ) );
#7568 = ORIENTED_EDGE('',*,*,#3306,.F.);
#7569 = ORIENTED_EDGE('',*,*,#7499,.F.);
#7570 = ADVANCED_FACE('',(#7571),#3285,.F.);
#7571 = FACE_BOUND('',#7572,.F.);
#7572 = EDGE_LOOP('',(#7573,#7596,#7617,#7618));
#7573 = ORIENTED_EDGE('',*,*,#7574,.F.);
#7574 = EDGE_CURVE('',#7575,#7526,#7577,.T.);
#7575 = VERTEX_POINT('',#7576);
#7576 = CARTESIAN_POINT('',(11.830078075,-15.40405273437,17.8));
#7577 = SURFACE_CURVE('',#7578,(#7582,#7589),.PCURVE_S1.);
#7578 = B_SPLINE_CURVE_WITH_KNOTS('',2,(#7579,#7580,#7581),
  .UNSPECIFIED.,.F.,.F.,(3,3),(0.,1.),.PIECEWISE_BEZIER_KNOTS.);
#7579 = CARTESIAN_POINT('',(11.830078075,-15.40405273437,17.8));
#7580 = CARTESIAN_POINT('',(11.830078075,-15.91821289062,17.8));
#7581 = CARTESIAN_POINT('',(11.53564448125,-16.373046875,17.8));
#7582 = PCURVE('',#3285,#7583);
#7583 = DEFINITIONAL_REPRESENTATION('',(#7584),#7588);
#7584 = LINE('',#7585,#7586);
#7585 = CARTESIAN_POINT('',(0.,0.));
#7586 = VECTOR('',#7587,1.);
#7587 = DIRECTION('',(1.,0.));
#7588 = ( GEOMETRIC_REPRESENTATION_CONTEXT(2) 
PARAMETRIC_REPRESENTATION_CONTEXT() REPRESENTATION_CONTEXT('2D SPACE',''
  ) );
#7589 = PCURVE('',#7271,#7590);
#7590 = DEFINITIONAL_REPRESENTATION('',(#7591),#7595);
#7591 = B_SPLINE_CURVE_WITH_KNOTS('',2,(#7592,#7593,#7594),
  .UNSPECIFIED.,.F.,.F.,(3,3),(0.,1.),.PIECEWISE_BEZIER_KNOTS.);
#7592 = CARTESIAN_POINT('',(5.53271484375,1.8193359375));
#7593 = CARTESIAN_POINT('',(5.53271484375,1.30517578125));
#7594 = CARTESIAN_POINT('',(5.23828125,0.850341796875));
#7595 = ( GEOMETRIC_REPRESENTATION_CONTEXT(2) 
PARAMETRIC_REPRESENTATION_CONTEXT() REPRESENTATION_CONTEXT('2D SPACE',''
  ) );
#7596 = ORIENTED_EDGE('',*,*,#7597,.T.);
#7597 = EDGE_CURVE('',#7575,#3205,#7598,.T.);
#7598 = SURFACE_CURVE('',#7599,(#7603,#7610),.PCURVE_S1.);
#7599 = LINE('',#7600,#7601);
#7600 = CARTESIAN_POINT('',(11.830078075,-15.40405273437,17.8));
#7601 = VECTOR('',#7602,1.);
#7602 = DIRECTION('',(0.,0.,1.));
#7603 = PCURVE('',#3285,#7604);
#7604 = DEFINITIONAL_REPRESENTATION('',(#7605),#7609);
#7605 = LINE('',#7606,#7607);
#7606 = CARTESIAN_POINT('',(0.,0.));
#7607 = VECTOR('',#7608,1.);
#7608 = DIRECTION('',(0.,-1.));
#7609 = ( GEOMETRIC_REPRESENTATION_CONTEXT(2) 
PARAMETRIC_REPRESENTATION_CONTEXT() REPRESENTATION_CONTEXT('2D SPACE',''
  ) );
#7610 = PCURVE('',#3234,#7611);
#7611 = DEFINITIONAL_REPRESENTATION('',(#7612),#7616);
#7612 = LINE('',#7613,#7614);
#7613 = CARTESIAN_POINT('',(1.,0.));
#7614 = VECTOR('',#7615,1.);
#7615 = DIRECTION('',(0.,-1.));
#7616 = ( GEOMETRIC_REPRESENTATION_CONTEXT(2) 
PARAMETRIC_REPRESENTATION_CONTEXT() REPRESENTATION_CONTEXT('2D SPACE',''
  ) );
#7617 = ORIENTED_EDGE('',*,*,#3255,.F.);
#7618 = ORIENTED_EDGE('',*,*,#7548,.F.);
#7619 = ADVANCED_FACE('',(#7620),#3234,.F.);
#7620 = FACE_BOUND('',#7621,.F.);
#7621 = EDGE_LOOP('',(#7622,#7645,#7666,#7667));
#7622 = ORIENTED_EDGE('',*,*,#7623,.F.);
#7623 = EDGE_CURVE('',#7624,#7575,#7626,.T.);
#7624 = VERTEX_POINT('',#7625);
#7625 = CARTESIAN_POINT('',(11.56201166875,-14.48779296875,17.8));
#7626 = SURFACE_CURVE('',#7627,(#7631,#7638),.PCURVE_S1.);
#7627 = B_SPLINE_CURVE_WITH_KNOTS('',2,(#7628,#7629,#7630),
  .UNSPECIFIED.,.F.,.F.,(3,3),(0.,1.),.PIECEWISE_BEZIER_KNOTS.);
#7628 = CARTESIAN_POINT('',(11.56201166875,-14.48779296875,17.8));
#7629 = CARTESIAN_POINT('',(11.830078075,-14.88549804687,17.8));
#7630 = CARTESIAN_POINT('',(11.830078075,-15.40405273437,17.8));
#7631 = PCURVE('',#3234,#7632);
#7632 = DEFINITIONAL_REPRESENTATION('',(#7633),#7637);
#7633 = LINE('',#7634,#7635);
#7634 = CARTESIAN_POINT('',(0.,0.));
#7635 = VECTOR('',#7636,1.);
#7636 = DIRECTION('',(1.,0.));
#7637 = ( GEOMETRIC_REPRESENTATION_CONTEXT(2) 
PARAMETRIC_REPRESENTATION_CONTEXT() REPRESENTATION_CONTEXT('2D SPACE',''
  ) );
#7638 = PCURVE('',#7271,#7639);
#7639 = DEFINITIONAL_REPRESENTATION('',(#7640),#7644);
#7640 = B_SPLINE_CURVE_WITH_KNOTS('',2,(#7641,#7642,#7643),
  .UNSPECIFIED.,.F.,.F.,(3,3),(0.,1.),.PIECEWISE_BEZIER_KNOTS.);
#7641 = CARTESIAN_POINT('',(5.2646484375,2.735595703125));
#7642 = CARTESIAN_POINT('',(5.53271484375,2.337890625));
#7643 = CARTESIAN_POINT('',(5.53271484375,1.8193359375));
#7644 = ( GEOMETRIC_REPRESENTATION_CONTEXT(2) 
PARAMETRIC_REPRESENTATION_CONTEXT() REPRESENTATION_CONTEXT('2D SPACE',''
  ) );
#7645 = ORIENTED_EDGE('',*,*,#7646,.T.);
#7646 = EDGE_CURVE('',#7624,#3154,#7647,.T.);
#7647 = SURFACE_CURVE('',#7648,(#7652,#7659),.PCURVE_S1.);
#7648 = LINE('',#7649,#7650);
#7649 = CARTESIAN_POINT('',(11.56201166875,-14.48779296875,17.8));
#7650 = VECTOR('',#7651,1.);
#7651 = DIRECTION('',(0.,0.,1.));
#7652 = PCURVE('',#3234,#7653);
#7653 = DEFINITIONAL_REPRESENTATION('',(#7654),#7658);
#7654 = LINE('',#7655,#7656);
#7655 = CARTESIAN_POINT('',(0.,0.));
#7656 = VECTOR('',#7657,1.);
#7657 = DIRECTION('',(0.,-1.));
#7658 = ( GEOMETRIC_REPRESENTATION_CONTEXT(2) 
PARAMETRIC_REPRESENTATION_CONTEXT() REPRESENTATION_CONTEXT('2D SPACE',''
  ) );
#7659 = PCURVE('',#3183,#7660);
#7660 = DEFINITIONAL_REPRESENTATION('',(#7661),#7665);
#7661 = LINE('',#7662,#7663);
#7662 = CARTESIAN_POINT('',(1.,0.));
#7663 = VECTOR('',#7664,1.);
#7664 = DIRECTION('',(0.,-1.));
#7665 = ( GEOMETRIC_REPRESENTATION_CONTEXT(2) 
PARAMETRIC_REPRESENTATION_CONTEXT() REPRESENTATION_CONTEXT('2D SPACE',''
  ) );
#7666 = ORIENTED_EDGE('',*,*,#3204,.F.);
#7667 = ORIENTED_EDGE('',*,*,#7597,.F.);
#7668 = ADVANCED_FACE('',(#7669),#3183,.F.);
#7669 = FACE_BOUND('',#7670,.F.);
#7670 = EDGE_LOOP('',(#7671,#7694,#7715,#7716));
#7671 = ORIENTED_EDGE('',*,*,#7672,.F.);
#7672 = EDGE_CURVE('',#7673,#7624,#7675,.T.);
#7673 = VERTEX_POINT('',#7674);
#7674 = CARTESIAN_POINT('',(10.7314452625,-13.83081054687,17.8));
#7675 = SURFACE_CURVE('',#7676,(#7680,#7687),.PCURVE_S1.);
#7676 = B_SPLINE_CURVE_WITH_KNOTS('',2,(#7677,#7678,#7679),
  .UNSPECIFIED.,.F.,.F.,(3,3),(0.,1.),.PIECEWISE_BEZIER_KNOTS.);
#7677 = CARTESIAN_POINT('',(10.7314452625,-13.83081054687,17.8));
#7678 = CARTESIAN_POINT('',(11.2939452625,-14.09008789062,17.8));
#7679 = CARTESIAN_POINT('',(11.56201166875,-14.48779296875,17.8));
#7680 = PCURVE('',#3183,#7681);
#7681 = DEFINITIONAL_REPRESENTATION('',(#7682),#7686);
#7682 = LINE('',#7683,#7684);
#7683 = CARTESIAN_POINT('',(0.,0.));
#7684 = VECTOR('',#7685,1.);
#7685 = DIRECTION('',(1.,0.));
#7686 = ( GEOMETRIC_REPRESENTATION_CONTEXT(2) 
PARAMETRIC_REPRESENTATION_CONTEXT() REPRESENTATION_CONTEXT('2D SPACE',''
  ) );
#7687 = PCURVE('',#7271,#7688);
#7688 = DEFINITIONAL_REPRESENTATION('',(#7689),#7693);
#7689 = B_SPLINE_CURVE_WITH_KNOTS('',2,(#7690,#7691,#7692),
  .UNSPECIFIED.,.F.,.F.,(3,3),(0.,1.),.PIECEWISE_BEZIER_KNOTS.);
#7690 = CARTESIAN_POINT('',(4.43408203125,3.392578125));
#7691 = CARTESIAN_POINT('',(4.99658203125,3.13330078125));
#7692 = CARTESIAN_POINT('',(5.2646484375,2.735595703125));
#7693 = ( GEOMETRIC_REPRESENTATION_CONTEXT(2) 
PARAMETRIC_REPRESENTATION_CONTEXT() REPRESENTATION_CONTEXT('2D SPACE',''
  ) );
#7694 = ORIENTED_EDGE('',*,*,#7695,.T.);
#7695 = EDGE_CURVE('',#7673,#3091,#7696,.T.);
#7696 = SURFACE_CURVE('',#7697,(#7701,#7708),.PCURVE_S1.);
#7697 = LINE('',#7698,#7699);
#7698 = CARTESIAN_POINT('',(10.7314452625,-13.83081054687,17.8));
#7699 = VECTOR('',#7700,1.);
#7700 = DIRECTION('',(0.,0.,1.));
#7701 = PCURVE('',#3183,#7702);
#7702 = DEFINITIONAL_REPRESENTATION('',(#7703),#7707);
#7703 = LINE('',#7704,#7705);
#7704 = CARTESIAN_POINT('',(0.,0.));
#7705 = VECTOR('',#7706,1.);
#7706 = DIRECTION('',(0.,-1.));
#7707 = ( GEOMETRIC_REPRESENTATION_CONTEXT(2) 
PARAMETRIC_REPRESENTATION_CONTEXT() REPRESENTATION_CONTEXT('2D SPACE',''
  ) );
#7708 = PCURVE('',#3128,#7709);
#7709 = DEFINITIONAL_REPRESENTATION('',(#7710),#7714);
#7710 = LINE('',#7711,#7712);
#7711 = CARTESIAN_POINT('',(1.,0.));
#7712 = VECTOR('',#7713,1.);
#7713 = DIRECTION('',(0.,-1.));
#7714 = ( GEOMETRIC_REPRESENTATION_CONTEXT(2) 
PARAMETRIC_REPRESENTATION_CONTEXT() REPRESENTATION_CONTEXT('2D SPACE',''
  ) );
#7715 = ORIENTED_EDGE('',*,*,#3153,.F.);
#7716 = ORIENTED_EDGE('',*,*,#7646,.F.);
#7717 = ADVANCED_FACE('',(#7718),#3128,.F.);
#7718 = FACE_BOUND('',#7719,.F.);
#7719 = EDGE_LOOP('',(#7720,#7743,#7764,#7765));
#7720 = ORIENTED_EDGE('',*,*,#7721,.F.);
#7721 = EDGE_CURVE('',#7722,#7673,#7724,.T.);
#7722 = VERTEX_POINT('',#7723);
#7723 = CARTESIAN_POINT('',(9.305419871875,-13.419921875,17.8));
#7724 = SURFACE_CURVE('',#7725,(#7729,#7736),.PCURVE_S1.);
#7725 = B_SPLINE_CURVE_WITH_KNOTS('',2,(#7726,#7727,#7728),
  .UNSPECIFIED.,.F.,.F.,(3,3),(0.,1.),.PIECEWISE_BEZIER_KNOTS.);
#7726 = CARTESIAN_POINT('',(9.305419871875,-13.419921875,17.8));
#7727 = CARTESIAN_POINT('',(10.3447265125,-13.65502929687,17.8));
#7728 = CARTESIAN_POINT('',(10.7314452625,-13.83081054687,17.8));
#7729 = PCURVE('',#3128,#7730);
#7730 = DEFINITIONAL_REPRESENTATION('',(#7731),#7735);
#7731 = LINE('',#7732,#7733);
#7732 = CARTESIAN_POINT('',(0.,0.));
#7733 = VECTOR('',#7734,1.);
#7734 = DIRECTION('',(1.,0.));
#7735 = ( GEOMETRIC_REPRESENTATION_CONTEXT(2) 
PARAMETRIC_REPRESENTATION_CONTEXT() REPRESENTATION_CONTEXT('2D SPACE',''
  ) );
#7736 = PCURVE('',#7271,#7737);
#7737 = DEFINITIONAL_REPRESENTATION('',(#7738),#7742);
#7738 = B_SPLINE_CURVE_WITH_KNOTS('',2,(#7739,#7740,#7741),
  .UNSPECIFIED.,.F.,.F.,(3,3),(0.,1.),.PIECEWISE_BEZIER_KNOTS.);
#7739 = CARTESIAN_POINT('',(3.008056640625,3.803466796875));
#7740 = CARTESIAN_POINT('',(4.04736328125,3.568359375));
#7741 = CARTESIAN_POINT('',(4.43408203125,3.392578125));
#7742 = ( GEOMETRIC_REPRESENTATION_CONTEXT(2) 
PARAMETRIC_REPRESENTATION_CONTEXT() REPRESENTATION_CONTEXT('2D SPACE',''
  ) );
#7743 = ORIENTED_EDGE('',*,*,#7744,.T.);
#7744 = EDGE_CURVE('',#7722,#3022,#7745,.T.);
#7745 = SURFACE_CURVE('',#7746,(#7750,#7757),.PCURVE_S1.);
#7746 = LINE('',#7747,#7748);
#7747 = CARTESIAN_POINT('',(9.305419871875,-13.419921875,17.8));
#7748 = VECTOR('',#7749,1.);
#7749 = DIRECTION('',(0.,0.,1.));
#7750 = PCURVE('',#3128,#7751);
#7751 = DEFINITIONAL_REPRESENTATION('',(#7752),#7756);
#7752 = LINE('',#7753,#7754);
#7753 = CARTESIAN_POINT('',(0.,0.));
#7754 = VECTOR('',#7755,1.);
#7755 = DIRECTION('',(0.,-1.));
#7756 = ( GEOMETRIC_REPRESENTATION_CONTEXT(2) 
PARAMETRIC_REPRESENTATION_CONTEXT() REPRESENTATION_CONTEXT('2D SPACE',''
  ) );
#7757 = PCURVE('',#3063,#7758);
#7758 = DEFINITIONAL_REPRESENTATION('',(#7759),#7763);
#7759 = LINE('',#7760,#7761);
#7760 = CARTESIAN_POINT('',(1.,0.));
#7761 = VECTOR('',#7762,1.);
#7762 = DIRECTION('',(0.,-1.));
#7763 = ( GEOMETRIC_REPRESENTATION_CONTEXT(2) 
PARAMETRIC_REPRESENTATION_CONTEXT() REPRESENTATION_CONTEXT('2D SPACE',''
  ) );
#7764 = ORIENTED_EDGE('',*,*,#3090,.F.);
#7765 = ORIENTED_EDGE('',*,*,#7695,.F.);
#7766 = ADVANCED_FACE('',(#7767),#3063,.F.);
#7767 = FACE_BOUND('',#7768,.F.);
#7768 = EDGE_LOOP('',(#7769,#7792,#7813,#7814));
#7769 = ORIENTED_EDGE('',*,*,#7770,.F.);
#7770 = EDGE_CURVE('',#7771,#7722,#7773,.T.);
#7771 = VERTEX_POINT('',#7772);
#7772 = CARTESIAN_POINT('',(8.02001948125,-12.96069335937,17.8));
#7773 = SURFACE_CURVE('',#7774,(#7778,#7785),.PCURVE_S1.);
#7774 = B_SPLINE_CURVE_WITH_KNOTS('',2,(#7775,#7776,#7777),
  .UNSPECIFIED.,.F.,.F.,(3,3),(0.,1.),.PIECEWISE_BEZIER_KNOTS.);
#7775 = CARTESIAN_POINT('',(8.02001948125,-12.96069335937,17.8));
#7776 = CARTESIAN_POINT('',(8.26611323125,-13.18481445312,17.8));
#7777 = CARTESIAN_POINT('',(9.305419871875,-13.419921875,17.8));
#7778 = PCURVE('',#3063,#7779);
#7779 = DEFINITIONAL_REPRESENTATION('',(#7780),#7784);
#7780 = LINE('',#7781,#7782);
#7781 = CARTESIAN_POINT('',(0.,0.));
#7782 = VECTOR('',#7783,1.);
#7783 = DIRECTION('',(1.,0.));
#7784 = ( GEOMETRIC_REPRESENTATION_CONTEXT(2) 
PARAMETRIC_REPRESENTATION_CONTEXT() REPRESENTATION_CONTEXT('2D SPACE',''
  ) );
#7785 = PCURVE('',#7271,#7786);
#7786 = DEFINITIONAL_REPRESENTATION('',(#7787),#7791);
#7787 = B_SPLINE_CURVE_WITH_KNOTS('',2,(#7788,#7789,#7790),
  .UNSPECIFIED.,.F.,.F.,(3,3),(0.,1.),.PIECEWISE_BEZIER_KNOTS.);
#7788 = CARTESIAN_POINT('',(1.72265625,4.2626953125));
#7789 = CARTESIAN_POINT('',(1.96875,4.03857421875));
#7790 = CARTESIAN_POINT('',(3.008056640625,3.803466796875));
#7791 = ( GEOMETRIC_REPRESENTATION_CONTEXT(2) 
PARAMETRIC_REPRESENTATION_CONTEXT() REPRESENTATION_CONTEXT('2D SPACE',''
  ) );
#7792 = ORIENTED_EDGE('',*,*,#7793,.T.);
#7793 = EDGE_CURVE('',#7771,#2971,#7794,.T.);
#7794 = SURFACE_CURVE('',#7795,(#7799,#7806),.PCURVE_S1.);
#7795 = LINE('',#7796,#7797);
#7796 = CARTESIAN_POINT('',(8.02001948125,-12.96069335937,17.8));
#7797 = VECTOR('',#7798,1.);
#7798 = DIRECTION('',(0.,0.,1.));
#7799 = PCURVE('',#3063,#7800);
#7800 = DEFINITIONAL_REPRESENTATION('',(#7801),#7805);
#7801 = LINE('',#7802,#7803);
#7802 = CARTESIAN_POINT('',(0.,0.));
#7803 = VECTOR('',#7804,1.);
#7804 = DIRECTION('',(0.,-1.));
#7805 = ( GEOMETRIC_REPRESENTATION_CONTEXT(2) 
PARAMETRIC_REPRESENTATION_CONTEXT() REPRESENTATION_CONTEXT('2D SPACE',''
  ) );
#7806 = PCURVE('',#3000,#7807);
#7807 = DEFINITIONAL_REPRESENTATION('',(#7808),#7812);
#7808 = LINE('',#7809,#7810);
#7809 = CARTESIAN_POINT('',(1.,0.));
#7810 = VECTOR('',#7811,1.);
#7811 = DIRECTION('',(0.,-1.));
#7812 = ( GEOMETRIC_REPRESENTATION_CONTEXT(2) 
PARAMETRIC_REPRESENTATION_CONTEXT() REPRESENTATION_CONTEXT('2D SPACE',''
  ) );
#7813 = ORIENTED_EDGE('',*,*,#3021,.F.);
#7814 = ORIENTED_EDGE('',*,*,#7744,.F.);
#7815 = ADVANCED_FACE('',(#7816),#3000,.F.);
#7816 = FACE_BOUND('',#7817,.F.);
#7817 = EDGE_LOOP('',(#7818,#7841,#7862,#7863));
#7818 = ORIENTED_EDGE('',*,*,#7819,.F.);
#7819 = EDGE_CURVE('',#7820,#7771,#7822,.T.);
#7820 = VERTEX_POINT('',#7821);
#7821 = CARTESIAN_POINT('',(7.7695312,-12.38940429687,17.8));
#7822 = SURFACE_CURVE('',#7823,(#7827,#7834),.PCURVE_S1.);
#7823 = B_SPLINE_CURVE_WITH_KNOTS('',2,(#7824,#7825,#7826),
  .UNSPECIFIED.,.F.,.F.,(3,3),(0.,1.),.PIECEWISE_BEZIER_KNOTS.);
#7824 = CARTESIAN_POINT('',(7.7695312,-12.38940429687,17.8));
#7825 = CARTESIAN_POINT('',(7.7695312,-12.73657226562,17.8));
#7826 = CARTESIAN_POINT('',(8.02001948125,-12.96069335937,17.8));
#7827 = PCURVE('',#3000,#7828);
#7828 = DEFINITIONAL_REPRESENTATION('',(#7829),#7833);
#7829 = LINE('',#7830,#7831);
#7830 = CARTESIAN_POINT('',(0.,0.));
#7831 = VECTOR('',#7832,1.);
#7832 = DIRECTION('',(1.,0.));
#7833 = ( GEOMETRIC_REPRESENTATION_CONTEXT(2) 
PARAMETRIC_REPRESENTATION_CONTEXT() REPRESENTATION_CONTEXT('2D SPACE',''
  ) );
#7834 = PCURVE('',#7271,#7835);
#7835 = DEFINITIONAL_REPRESENTATION('',(#7836),#7840);
#7836 = B_SPLINE_CURVE_WITH_KNOTS('',2,(#7837,#7838,#7839),
  .UNSPECIFIED.,.F.,.F.,(3,3),(0.,1.),.PIECEWISE_BEZIER_KNOTS.);
#7837 = CARTESIAN_POINT('',(1.47216796875,4.833984375));
#7838 = CARTESIAN_POINT('',(1.47216796875,4.48681640625));
#7839 = CARTESIAN_POINT('',(1.72265625,4.2626953125));
#7840 = ( GEOMETRIC_REPRESENTATION_CONTEXT(2) 
PARAMETRIC_REPRESENTATION_CONTEXT() REPRESENTATION_CONTEXT('2D SPACE',''
  ) );
#7841 = ORIENTED_EDGE('',*,*,#7842,.T.);
#7842 = EDGE_CURVE('',#7820,#2914,#7843,.T.);
#7843 = SURFACE_CURVE('',#7844,(#7848,#7855),.PCURVE_S1.);
#7844 = LINE('',#7845,#7846);
#7845 = CARTESIAN_POINT('',(7.7695312,-12.38940429687,17.8));
#7846 = VECTOR('',#7847,1.);
#7847 = DIRECTION('',(0.,0.,1.));
#7848 = PCURVE('',#3000,#7849);
#7849 = DEFINITIONAL_REPRESENTATION('',(#7850),#7854);
#7850 = LINE('',#7851,#7852);
#7851 = CARTESIAN_POINT('',(0.,0.));
#7852 = VECTOR('',#7853,1.);
#7853 = DIRECTION('',(0.,-1.));
#7854 = ( GEOMETRIC_REPRESENTATION_CONTEXT(2) 
PARAMETRIC_REPRESENTATION_CONTEXT() REPRESENTATION_CONTEXT('2D SPACE',''
  ) );
#7855 = PCURVE('',#2947,#7856);
#7856 = DEFINITIONAL_REPRESENTATION('',(#7857),#7861);
#7857 = LINE('',#7858,#7859);
#7858 = CARTESIAN_POINT('',(1.,0.));
#7859 = VECTOR('',#7860,1.);
#7860 = DIRECTION('',(0.,-1.));
#7861 = ( GEOMETRIC_REPRESENTATION_CONTEXT(2) 
PARAMETRIC_REPRESENTATION_CONTEXT() REPRESENTATION_CONTEXT('2D SPACE',''
  ) );
#7862 = ORIENTED_EDGE('',*,*,#2970,.F.);
#7863 = ORIENTED_EDGE('',*,*,#7793,.F.);
#7864 = ADVANCED_FACE('',(#7865),#2947,.F.);
#7865 = FACE_BOUND('',#7866,.F.);
#7866 = EDGE_LOOP('',(#7867,#7890,#7911,#7912));
#7867 = ORIENTED_EDGE('',*,*,#7868,.F.);
#7868 = EDGE_CURVE('',#7869,#7820,#7871,.T.);
#7869 = VERTEX_POINT('',#7870);
#7870 = CARTESIAN_POINT('',(8.123290965625,-11.7060546875,17.8));
#7871 = SURFACE_CURVE('',#7872,(#7876,#7883),.PCURVE_S1.);
#7872 = B_SPLINE_CURVE_WITH_KNOTS('',2,(#7873,#7874,#7875),
  .UNSPECIFIED.,.F.,.F.,(3,3),(0.,1.),.PIECEWISE_BEZIER_KNOTS.);
#7873 = CARTESIAN_POINT('',(8.123290965625,-11.7060546875,17.8));
#7874 = CARTESIAN_POINT('',(7.7695312,-11.98950195312,17.8));
#7875 = CARTESIAN_POINT('',(7.7695312,-12.38940429687,17.8));
#7876 = PCURVE('',#2947,#7877);
#7877 = DEFINITIONAL_REPRESENTATION('',(#7878),#7882);
#7878 = LINE('',#7879,#7880);
#7879 = CARTESIAN_POINT('',(0.,0.));
#7880 = VECTOR('',#7881,1.);
#7881 = DIRECTION('',(1.,0.));
#7882 = ( GEOMETRIC_REPRESENTATION_CONTEXT(2) 
PARAMETRIC_REPRESENTATION_CONTEXT() REPRESENTATION_CONTEXT('2D SPACE',''
  ) );
#7883 = PCURVE('',#7271,#7884);
#7884 = DEFINITIONAL_REPRESENTATION('',(#7885),#7889);
#7885 = B_SPLINE_CURVE_WITH_KNOTS('',2,(#7886,#7887,#7888),
  .UNSPECIFIED.,.F.,.F.,(3,3),(0.,1.),.PIECEWISE_BEZIER_KNOTS.);
#7886 = CARTESIAN_POINT('',(1.825927734375,5.517333984375));
#7887 = CARTESIAN_POINT('',(1.47216796875,5.23388671875));
#7888 = CARTESIAN_POINT('',(1.47216796875,4.833984375));
#7889 = ( GEOMETRIC_REPRESENTATION_CONTEXT(2) 
PARAMETRIC_REPRESENTATION_CONTEXT() REPRESENTATION_CONTEXT('2D SPACE',''
  ) );
#7890 = ORIENTED_EDGE('',*,*,#7891,.T.);
#7891 = EDGE_CURVE('',#7869,#2857,#7892,.T.);
#7892 = SURFACE_CURVE('',#7893,(#7897,#7904),.PCURVE_S1.);
#7893 = LINE('',#7894,#7895);
#7894 = CARTESIAN_POINT('',(8.123290965625,-11.7060546875,17.8));
#7895 = VECTOR('',#7896,1.);
#7896 = DIRECTION('',(0.,0.,1.));
#7897 = PCURVE('',#2947,#7898);
#7898 = DEFINITIONAL_REPRESENTATION('',(#7899),#7903);
#7899 = LINE('',#7900,#7901);
#7900 = CARTESIAN_POINT('',(0.,0.));
#7901 = VECTOR('',#7902,1.);
#7902 = DIRECTION('',(0.,-1.));
#7903 = ( GEOMETRIC_REPRESENTATION_CONTEXT(2) 
PARAMETRIC_REPRESENTATION_CONTEXT() REPRESENTATION_CONTEXT('2D SPACE',''
  ) );
#7904 = PCURVE('',#2890,#7905);
#7905 = DEFINITIONAL_REPRESENTATION('',(#7906),#7910);
#7906 = LINE('',#7907,#7908);
#7907 = CARTESIAN_POINT('',(1.,0.));
#7908 = VECTOR('',#7909,1.);
#7909 = DIRECTION('',(0.,-1.));
#7910 = ( GEOMETRIC_REPRESENTATION_CONTEXT(2) 
PARAMETRIC_REPRESENTATION_CONTEXT() REPRESENTATION_CONTEXT('2D SPACE',''
  ) );
#7911 = ORIENTED_EDGE('',*,*,#2913,.F.);
#7912 = ORIENTED_EDGE('',*,*,#7842,.F.);
#7913 = ADVANCED_FACE('',(#7914),#2890,.F.);
#7914 = FACE_BOUND('',#7915,.F.);
#7915 = EDGE_LOOP('',(#7916,#7939,#7960,#7961));
#7916 = ORIENTED_EDGE('',*,*,#7917,.F.);
#7917 = EDGE_CURVE('',#7918,#7869,#7920,.T.);
#7918 = VERTEX_POINT('',#7919);
#7919 = CARTESIAN_POINT('',(9.25048823125,-11.42260742187,17.8));
#7920 = SURFACE_CURVE('',#7921,(#7925,#7932),.PCURVE_S1.);
#7921 = B_SPLINE_CURVE_WITH_KNOTS('',2,(#7922,#7923,#7924),
  .UNSPECIFIED.,.F.,.F.,(3,3),(0.,1.),.PIECEWISE_BEZIER_KNOTS.);
#7922 = CARTESIAN_POINT('',(9.25048823125,-11.42260742187,17.8));
#7923 = CARTESIAN_POINT('',(8.47705073125,-11.42260742187,17.8));
#7924 = CARTESIAN_POINT('',(8.123290965625,-11.7060546875,17.8));
#7925 = PCURVE('',#2890,#7926);
#7926 = DEFINITIONAL_REPRESENTATION('',(#7927),#7931);
#7927 = LINE('',#7928,#7929);
#7928 = CARTESIAN_POINT('',(0.,0.));
#7929 = VECTOR('',#7930,1.);
#7930 = DIRECTION('',(1.,0.));
#7931 = ( GEOMETRIC_REPRESENTATION_CONTEXT(2) 
PARAMETRIC_REPRESENTATION_CONTEXT() REPRESENTATION_CONTEXT('2D SPACE',''
  ) );
#7932 = PCURVE('',#7271,#7933);
#7933 = DEFINITIONAL_REPRESENTATION('',(#7934),#7938);
#7934 = B_SPLINE_CURVE_WITH_KNOTS('',2,(#7935,#7936,#7937),
  .UNSPECIFIED.,.F.,.F.,(3,3),(0.,1.),.PIECEWISE_BEZIER_KNOTS.);
#7935 = CARTESIAN_POINT('',(2.953125,5.80078125));
#7936 = CARTESIAN_POINT('',(2.1796875,5.80078125));
#7937 = CARTESIAN_POINT('',(1.825927734375,5.517333984375));
#7938 = ( GEOMETRIC_REPRESENTATION_CONTEXT(2) 
PARAMETRIC_REPRESENTATION_CONTEXT() REPRESENTATION_CONTEXT('2D SPACE',''
  ) );
#7939 = ORIENTED_EDGE('',*,*,#7940,.T.);
#7940 = EDGE_CURVE('',#7918,#2800,#7941,.T.);
#7941 = SURFACE_CURVE('',#7942,(#7946,#7953),.PCURVE_S1.);
#7942 = LINE('',#7943,#7944);
#7943 = CARTESIAN_POINT('',(9.25048823125,-11.42260742187,17.8));
#7944 = VECTOR('',#7945,1.);
#7945 = DIRECTION('',(0.,0.,1.));
#7946 = PCURVE('',#2890,#7947);
#7947 = DEFINITIONAL_REPRESENTATION('',(#7948),#7952);
#7948 = LINE('',#7949,#7950);
#7949 = CARTESIAN_POINT('',(0.,0.));
#7950 = VECTOR('',#7951,1.);
#7951 = DIRECTION('',(0.,-1.));
#7952 = ( GEOMETRIC_REPRESENTATION_CONTEXT(2) 
PARAMETRIC_REPRESENTATION_CONTEXT() REPRESENTATION_CONTEXT('2D SPACE',''
  ) );
#7953 = PCURVE('',#2833,#7954);
#7954 = DEFINITIONAL_REPRESENTATION('',(#7955),#7959);
#7955 = LINE('',#7956,#7957);
#7956 = CARTESIAN_POINT('',(1.,0.));
#7957 = VECTOR('',#7958,1.);
#7958 = DIRECTION('',(0.,-1.));
#7959 = ( GEOMETRIC_REPRESENTATION_CONTEXT(2) 
PARAMETRIC_REPRESENTATION_CONTEXT() REPRESENTATION_CONTEXT('2D SPACE',''
  ) );
#7960 = ORIENTED_EDGE('',*,*,#2856,.F.);
#7961 = ORIENTED_EDGE('',*,*,#7891,.F.);
#7962 = ADVANCED_FACE('',(#7963),#2833,.F.);
#7963 = FACE_BOUND('',#7964,.F.);
#7964 = EDGE_LOOP('',(#7965,#7988,#8009,#8010));
#7965 = ORIENTED_EDGE('',*,*,#7966,.F.);
#7966 = EDGE_CURVE('',#7967,#7918,#7969,.T.);
#7967 = VERTEX_POINT('',#7968);
#7968 = CARTESIAN_POINT('',(10.373290965625,-11.73461914062,17.8));
#7969 = SURFACE_CURVE('',#7970,(#7974,#7981),.PCURVE_S1.);
#7970 = B_SPLINE_CURVE_WITH_KNOTS('',2,(#7971,#7972,#7973),
  .UNSPECIFIED.,.F.,.F.,(3,3),(0.,1.),.PIECEWISE_BEZIER_KNOTS.);
#7971 = CARTESIAN_POINT('',(10.373290965625,-11.73461914062,17.8));
#7972 = CARTESIAN_POINT('',(9.9931640125,-11.42260742187,17.8));
#7973 = CARTESIAN_POINT('',(9.25048823125,-11.42260742187,17.8));
#7974 = PCURVE('',#2833,#7975);
#7975 = DEFINITIONAL_REPRESENTATION('',(#7976),#7980);
#7976 = LINE('',#7977,#7978);
#7977 = CARTESIAN_POINT('',(0.,0.));
#7978 = VECTOR('',#7979,1.);
#7979 = DIRECTION('',(1.,0.));
#7980 = ( GEOMETRIC_REPRESENTATION_CONTEXT(2) 
PARAMETRIC_REPRESENTATION_CONTEXT() REPRESENTATION_CONTEXT('2D SPACE',''
  ) );
#7981 = PCURVE('',#7271,#7982);
#7982 = DEFINITIONAL_REPRESENTATION('',(#7983),#7987);
#7983 = B_SPLINE_CURVE_WITH_KNOTS('',2,(#7984,#7985,#7986),
  .UNSPECIFIED.,.F.,.F.,(3,3),(0.,1.),.PIECEWISE_BEZIER_KNOTS.);
#7984 = CARTESIAN_POINT('',(4.075927734375,5.48876953125));
#7985 = CARTESIAN_POINT('',(3.69580078125,5.80078125));
#7986 = CARTESIAN_POINT('',(2.953125,5.80078125));
#7987 = ( GEOMETRIC_REPRESENTATION_CONTEXT(2) 
PARAMETRIC_REPRESENTATION_CONTEXT() REPRESENTATION_CONTEXT('2D SPACE',''
  ) );
#7988 = ORIENTED_EDGE('',*,*,#7989,.T.);
#7989 = EDGE_CURVE('',#7967,#2743,#7990,.T.);
#7990 = SURFACE_CURVE('',#7991,(#7995,#8002),.PCURVE_S1.);
#7991 = LINE('',#7992,#7993);
#7992 = CARTESIAN_POINT('',(10.373290965625,-11.73461914062,17.8));
#7993 = VECTOR('',#7994,1.);
#7994 = DIRECTION('',(0.,0.,1.));
#7995 = PCURVE('',#2833,#7996);
#7996 = DEFINITIONAL_REPRESENTATION('',(#7997),#8001);
#7997 = LINE('',#7998,#7999);
#7998 = CARTESIAN_POINT('',(0.,0.));
#7999 = VECTOR('',#8000,1.);
#8000 = DIRECTION('',(0.,-1.));
#8001 = ( GEOMETRIC_REPRESENTATION_CONTEXT(2) 
PARAMETRIC_REPRESENTATION_CONTEXT() REPRESENTATION_CONTEXT('2D SPACE',''
  ) );
#8002 = PCURVE('',#2776,#8003);
#8003 = DEFINITIONAL_REPRESENTATION('',(#8004),#8008);
#8004 = LINE('',#8005,#8006);
#8005 = CARTESIAN_POINT('',(1.,0.));
#8006 = VECTOR('',#8007,1.);
#8007 = DIRECTION('',(0.,-1.));
#8008 = ( GEOMETRIC_REPRESENTATION_CONTEXT(2) 
PARAMETRIC_REPRESENTATION_CONTEXT() REPRESENTATION_CONTEXT('2D SPACE',''
  ) );
#8009 = ORIENTED_EDGE('',*,*,#2799,.F.);
#8010 = ORIENTED_EDGE('',*,*,#7940,.F.);
#8011 = ADVANCED_FACE('',(#8012),#2776,.F.);
#8012 = FACE_BOUND('',#8013,.F.);
#8013 = EDGE_LOOP('',(#8014,#8037,#8058,#8059));
#8014 = ORIENTED_EDGE('',*,*,#8015,.F.);
#8015 = EDGE_CURVE('',#8016,#7967,#8018,.T.);
#8016 = VERTEX_POINT('',#8017);
#8017 = CARTESIAN_POINT('',(10.8193358875,-12.65747070312,17.8));
#8018 = SURFACE_CURVE('',#8019,(#8023,#8030),.PCURVE_S1.);
#8019 = B_SPLINE_CURVE_WITH_KNOTS('',2,(#8020,#8021,#8022),
  .UNSPECIFIED.,.F.,.F.,(3,3),(0.,1.),.PIECEWISE_BEZIER_KNOTS.);
#8020 = CARTESIAN_POINT('',(10.8193358875,-12.65747070312,17.8));
#8021 = CARTESIAN_POINT('',(10.75341791875,-12.04663085937,17.8));
#8022 = CARTESIAN_POINT('',(10.373290965625,-11.73461914062,17.8));
#8023 = PCURVE('',#2776,#8024);
#8024 = DEFINITIONAL_REPRESENTATION('',(#8025),#8029);
#8025 = LINE('',#8026,#8027);
#8026 = CARTESIAN_POINT('',(0.,0.));
#8027 = VECTOR('',#8028,1.);
#8028 = DIRECTION('',(1.,0.));
#8029 = ( GEOMETRIC_REPRESENTATION_CONTEXT(2) 
PARAMETRIC_REPRESENTATION_CONTEXT() REPRESENTATION_CONTEXT('2D SPACE',''
  ) );
#8030 = PCURVE('',#7271,#8031);
#8031 = DEFINITIONAL_REPRESENTATION('',(#8032),#8036);
#8032 = B_SPLINE_CURVE_WITH_KNOTS('',2,(#8033,#8034,#8035),
  .UNSPECIFIED.,.F.,.F.,(3,3),(0.,1.),.PIECEWISE_BEZIER_KNOTS.);
#8033 = CARTESIAN_POINT('',(4.52197265625,4.56591796875));
#8034 = CARTESIAN_POINT('',(4.4560546875,5.1767578125));
#8035 = CARTESIAN_POINT('',(4.075927734375,5.48876953125));
#8036 = ( GEOMETRIC_REPRESENTATION_CONTEXT(2) 
PARAMETRIC_REPRESENTATION_CONTEXT() REPRESENTATION_CONTEXT('2D SPACE',''
  ) );
#8037 = ORIENTED_EDGE('',*,*,#8038,.T.);
#8038 = EDGE_CURVE('',#8016,#2717,#8039,.T.);
#8039 = SURFACE_CURVE('',#8040,(#8044,#8051),.PCURVE_S1.);
#8040 = LINE('',#8041,#8042);
#8041 = CARTESIAN_POINT('',(10.8193358875,-12.65747070312,17.8));
#8042 = VECTOR('',#8043,1.);
#8043 = DIRECTION('',(0.,0.,1.));
#8044 = PCURVE('',#2776,#8045);
#8045 = DEFINITIONAL_REPRESENTATION('',(#8046),#8050);
#8046 = LINE('',#8047,#8048);
#8047 = CARTESIAN_POINT('',(0.,0.));
#8048 = VECTOR('',#8049,1.);
#8049 = DIRECTION('',(0.,-1.));
#8050 = ( GEOMETRIC_REPRESENTATION_CONTEXT(2) 
PARAMETRIC_REPRESENTATION_CONTEXT() REPRESENTATION_CONTEXT('2D SPACE',''
  ) );
#8051 = PCURVE('',#2731,#8052);
#8052 = DEFINITIONAL_REPRESENTATION('',(#8053),#8057);
#8053 = LINE('',#8054,#8055);
#8054 = CARTESIAN_POINT('',(0.819694940531,0.));
#8055 = VECTOR('',#8056,1.);
#8056 = DIRECTION('',(0.,-1.));
#8057 = ( GEOMETRIC_REPRESENTATION_CONTEXT(2) 
PARAMETRIC_REPRESENTATION_CONTEXT() REPRESENTATION_CONTEXT('2D SPACE',''
  ) );
#8058 = ORIENTED_EDGE('',*,*,#2742,.F.);
#8059 = ORIENTED_EDGE('',*,*,#7989,.F.);
#8060 = ADVANCED_FACE('',(#8061),#2731,.F.);
#8061 = FACE_BOUND('',#8062,.F.);
#8062 = EDGE_LOOP('',(#8063,#8086,#8107,#8108));
#8063 = ORIENTED_EDGE('',*,*,#8064,.F.);
#8064 = EDGE_CURVE('',#8065,#8016,#8067,.T.);
#8065 = VERTEX_POINT('',#8066);
#8066 = CARTESIAN_POINT('',(11.6367187,-12.59594726562,17.8));
#8067 = SURFACE_CURVE('',#8068,(#8072,#8079),.PCURVE_S1.);
#8068 = LINE('',#8069,#8070);
#8069 = CARTESIAN_POINT('',(11.6367187,-12.59594726562,17.8));
#8070 = VECTOR('',#8071,1.);
#8071 = DIRECTION('',(-0.997179282295,-7.505650511901E-02,0.));
#8072 = PCURVE('',#2731,#8073);
#8073 = DEFINITIONAL_REPRESENTATION('',(#8074),#8078);
#8074 = LINE('',#8075,#8076);
#8075 = CARTESIAN_POINT('',(0.,0.));
#8076 = VECTOR('',#8077,1.);
#8077 = DIRECTION('',(1.,0.));
#8078 = ( GEOMETRIC_REPRESENTATION_CONTEXT(2) 
PARAMETRIC_REPRESENTATION_CONTEXT() REPRESENTATION_CONTEXT('2D SPACE',''
  ) );
#8079 = PCURVE('',#7271,#8080);
#8080 = DEFINITIONAL_REPRESENTATION('',(#8081),#8085);
#8081 = LINE('',#8082,#8083);
#8082 = CARTESIAN_POINT('',(5.33935546875,4.62744140625));
#8083 = VECTOR('',#8084,1.);
#8084 = DIRECTION('',(-0.997179282295,-7.505650511901E-02));
#8085 = ( GEOMETRIC_REPRESENTATION_CONTEXT(2) 
PARAMETRIC_REPRESENTATION_CONTEXT() REPRESENTATION_CONTEXT('2D SPACE',''
  ) );
#8086 = ORIENTED_EDGE('',*,*,#8087,.T.);
#8087 = EDGE_CURVE('',#8065,#2666,#8088,.T.);
#8088 = SURFACE_CURVE('',#8089,(#8093,#8100),.PCURVE_S1.);
#8089 = LINE('',#8090,#8091);
#8090 = CARTESIAN_POINT('',(11.6367187,-12.59594726562,17.8));
#8091 = VECTOR('',#8092,1.);
#8092 = DIRECTION('',(0.,0.,1.));
#8093 = PCURVE('',#2731,#8094);
#8094 = DEFINITIONAL_REPRESENTATION('',(#8095),#8099);
#8095 = LINE('',#8096,#8097);
#8096 = CARTESIAN_POINT('',(0.,0.));
#8097 = VECTOR('',#8098,1.);
#8098 = DIRECTION('',(0.,-1.));
#8099 = ( GEOMETRIC_REPRESENTATION_CONTEXT(2) 
PARAMETRIC_REPRESENTATION_CONTEXT() REPRESENTATION_CONTEXT('2D SPACE',''
  ) );
#8100 = PCURVE('',#2695,#8101);
#8101 = DEFINITIONAL_REPRESENTATION('',(#8102),#8106);
#8102 = LINE('',#8103,#8104);
#8103 = CARTESIAN_POINT('',(1.,0.));
#8104 = VECTOR('',#8105,1.);
#8105 = DIRECTION('',(0.,-1.));
#8106 = ( GEOMETRIC_REPRESENTATION_CONTEXT(2) 
PARAMETRIC_REPRESENTATION_CONTEXT() REPRESENTATION_CONTEXT('2D SPACE',''
  ) );
#8107 = ORIENTED_EDGE('',*,*,#2716,.F.);
#8108 = ORIENTED_EDGE('',*,*,#8038,.F.);
#8109 = ADVANCED_FACE('',(#8110),#2695,.F.);
#8110 = FACE_BOUND('',#8111,.F.);
#8111 = EDGE_LOOP('',(#8112,#8135,#8156,#8157));
#8112 = ORIENTED_EDGE('',*,*,#8113,.F.);
#8113 = EDGE_CURVE('',#8114,#8065,#8116,.T.);
#8114 = VERTEX_POINT('',#8115);
#8115 = CARTESIAN_POINT('',(11.32031245,-11.58081054687,17.8));
#8116 = SURFACE_CURVE('',#8117,(#8121,#8128),.PCURVE_S1.);
#8117 = B_SPLINE_CURVE_WITH_KNOTS('',2,(#8118,#8119,#8120),
  .UNSPECIFIED.,.F.,.F.,(3,3),(0.,1.),.PIECEWISE_BEZIER_KNOTS.);
#8118 = CARTESIAN_POINT('',(11.32031245,-11.58081054687,17.8));
#8119 = CARTESIAN_POINT('',(11.61474604375,-12.02905273437,17.8));
#8120 = CARTESIAN_POINT('',(11.6367187,-12.59594726562,17.8));
#8121 = PCURVE('',#2695,#8122);
#8122 = DEFINITIONAL_REPRESENTATION('',(#8123),#8127);
#8123 = LINE('',#8124,#8125);
#8124 = CARTESIAN_POINT('',(0.,0.));
#8125 = VECTOR('',#8126,1.);
#8126 = DIRECTION('',(1.,0.));
#8127 = ( GEOMETRIC_REPRESENTATION_CONTEXT(2) 
PARAMETRIC_REPRESENTATION_CONTEXT() REPRESENTATION_CONTEXT('2D SPACE',''
  ) );
#8128 = PCURVE('',#7271,#8129);
#8129 = DEFINITIONAL_REPRESENTATION('',(#8130),#8134);
#8130 = B_SPLINE_CURVE_WITH_KNOTS('',2,(#8131,#8132,#8133),
  .UNSPECIFIED.,.F.,.F.,(3,3),(0.,1.),.PIECEWISE_BEZIER_KNOTS.);
#8131 = CARTESIAN_POINT('',(5.02294921875,5.642578125));
#8132 = CARTESIAN_POINT('',(5.3173828125,5.1943359375));
#8133 = CARTESIAN_POINT('',(5.33935546875,4.62744140625));
#8134 = ( GEOMETRIC_REPRESENTATION_CONTEXT(2) 
PARAMETRIC_REPRESENTATION_CONTEXT() REPRESENTATION_CONTEXT('2D SPACE',''
  ) );
#8135 = ORIENTED_EDGE('',*,*,#8136,.T.);
#8136 = EDGE_CURVE('',#8114,#2609,#8137,.T.);
#8137 = SURFACE_CURVE('',#8138,(#8142,#8149),.PCURVE_S1.);
#8138 = LINE('',#8139,#8140);
#8139 = CARTESIAN_POINT('',(11.32031245,-11.58081054687,17.8));
#8140 = VECTOR('',#8141,1.);
#8141 = DIRECTION('',(0.,0.,1.));
#8142 = PCURVE('',#2695,#8143);
#8143 = DEFINITIONAL_REPRESENTATION('',(#8144),#8148);
#8144 = LINE('',#8145,#8146);
#8145 = CARTESIAN_POINT('',(0.,0.));
#8146 = VECTOR('',#8147,1.);
#8147 = DIRECTION('',(0.,-1.));
#8148 = ( GEOMETRIC_REPRESENTATION_CONTEXT(2) 
PARAMETRIC_REPRESENTATION_CONTEXT() REPRESENTATION_CONTEXT('2D SPACE',''
  ) );
#8149 = PCURVE('',#2642,#8150);
#8150 = DEFINITIONAL_REPRESENTATION('',(#8151),#8155);
#8151 = LINE('',#8152,#8153);
#8152 = CARTESIAN_POINT('',(1.,0.));
#8153 = VECTOR('',#8154,1.);
#8154 = DIRECTION('',(0.,-1.));
#8155 = ( GEOMETRIC_REPRESENTATION_CONTEXT(2) 
PARAMETRIC_REPRESENTATION_CONTEXT() REPRESENTATION_CONTEXT('2D SPACE',''
  ) );
#8156 = ORIENTED_EDGE('',*,*,#2665,.F.);
#8157 = ORIENTED_EDGE('',*,*,#8087,.F.);
#8158 = ADVANCED_FACE('',(#8159),#2642,.F.);
#8159 = FACE_BOUND('',#8160,.F.);
#8160 = EDGE_LOOP('',(#8161,#8184,#8205,#8206));
#8161 = ORIENTED_EDGE('',*,*,#8162,.F.);
#8162 = EDGE_CURVE('',#8163,#8114,#8165,.T.);
#8163 = VERTEX_POINT('',#8164);
#8164 = CARTESIAN_POINT('',(10.478759715625,-10.90185546875,17.8));
#8165 = SURFACE_CURVE('',#8166,(#8170,#8177),.PCURVE_S1.);
#8166 = B_SPLINE_CURVE_WITH_KNOTS('',2,(#8167,#8168,#8169),
  .UNSPECIFIED.,.F.,.F.,(3,3),(0.,1.),.PIECEWISE_BEZIER_KNOTS.);
#8167 = CARTESIAN_POINT('',(10.478759715625,-10.90185546875,17.8));
#8168 = CARTESIAN_POINT('',(11.02587885625,-11.13256835937,17.8));
#8169 = CARTESIAN_POINT('',(11.32031245,-11.58081054687,17.8));
#8170 = PCURVE('',#2642,#8171);
#8171 = DEFINITIONAL_REPRESENTATION('',(#8172),#8176);
#8172 = LINE('',#8173,#8174);
#8173 = CARTESIAN_POINT('',(0.,0.));
#8174 = VECTOR('',#8175,1.);
#8175 = DIRECTION('',(1.,0.));
#8176 = ( GEOMETRIC_REPRESENTATION_CONTEXT(2) 
PARAMETRIC_REPRESENTATION_CONTEXT() REPRESENTATION_CONTEXT('2D SPACE',''
  ) );
#8177 = PCURVE('',#7271,#8178);
#8178 = DEFINITIONAL_REPRESENTATION('',(#8179),#8183);
#8179 = B_SPLINE_CURVE_WITH_KNOTS('',2,(#8180,#8181,#8182),
  .UNSPECIFIED.,.F.,.F.,(3,3),(0.,1.),.PIECEWISE_BEZIER_KNOTS.);
#8180 = CARTESIAN_POINT('',(4.181396484375,6.321533203125));
#8181 = CARTESIAN_POINT('',(4.728515625,6.0908203125));
#8182 = CARTESIAN_POINT('',(5.02294921875,5.642578125));
#8183 = ( GEOMETRIC_REPRESENTATION_CONTEXT(2) 
PARAMETRIC_REPRESENTATION_CONTEXT() REPRESENTATION_CONTEXT('2D SPACE',''
  ) );
#8184 = ORIENTED_EDGE('',*,*,#8185,.T.);
#8185 = EDGE_CURVE('',#8163,#2558,#8186,.T.);
#8186 = SURFACE_CURVE('',#8187,(#8191,#8198),.PCURVE_S1.);
#8187 = LINE('',#8188,#8189);
#8188 = CARTESIAN_POINT('',(10.478759715625,-10.90185546875,17.8));
#8189 = VECTOR('',#8190,1.);
#8190 = DIRECTION('',(0.,0.,1.));
#8191 = PCURVE('',#2642,#8192);
#8192 = DEFINITIONAL_REPRESENTATION('',(#8193),#8197);
#8193 = LINE('',#8194,#8195);
#8194 = CARTESIAN_POINT('',(0.,0.));
#8195 = VECTOR('',#8196,1.);
#8196 = DIRECTION('',(0.,-1.));
#8197 = ( GEOMETRIC_REPRESENTATION_CONTEXT(2) 
PARAMETRIC_REPRESENTATION_CONTEXT() REPRESENTATION_CONTEXT('2D SPACE',''
  ) );
#8198 = PCURVE('',#2587,#8199);
#8199 = DEFINITIONAL_REPRESENTATION('',(#8200),#8204);
#8200 = LINE('',#8201,#8202);
#8201 = CARTESIAN_POINT('',(1.,0.));
#8202 = VECTOR('',#8203,1.);
#8203 = DIRECTION('',(0.,-1.));
#8204 = ( GEOMETRIC_REPRESENTATION_CONTEXT(2) 
PARAMETRIC_REPRESENTATION_CONTEXT() REPRESENTATION_CONTEXT('2D SPACE',''
  ) );
#8205 = ORIENTED_EDGE('',*,*,#2608,.F.);
#8206 = ORIENTED_EDGE('',*,*,#8136,.F.);
#8207 = ADVANCED_FACE('',(#8208),#2587,.F.);
#8208 = FACE_BOUND('',#8209,.F.);
#8209 = EDGE_LOOP('',(#8210,#8233,#8254,#8255));
#8210 = ORIENTED_EDGE('',*,*,#8211,.F.);
#8211 = EDGE_CURVE('',#8212,#8163,#8214,.T.);
#8212 = VERTEX_POINT('',#8213);
#8213 = CARTESIAN_POINT('',(9.21533198125,-10.67114257812,17.8));
#8214 = SURFACE_CURVE('',#8215,(#8219,#8226),.PCURVE_S1.);
#8215 = B_SPLINE_CURVE_WITH_KNOTS('',2,(#8216,#8217,#8218),
  .UNSPECIFIED.,.F.,.F.,(3,3),(0.,1.),.PIECEWISE_BEZIER_KNOTS.);
#8216 = CARTESIAN_POINT('',(9.21533198125,-10.67114257812,17.8));
#8217 = CARTESIAN_POINT('',(9.931640575,-10.67114257812,17.8));
#8218 = CARTESIAN_POINT('',(10.478759715625,-10.90185546875,17.8));
#8219 = PCURVE('',#2587,#8220);
#8220 = DEFINITIONAL_REPRESENTATION('',(#8221),#8225);
#8221 = LINE('',#8222,#8223);
#8222 = CARTESIAN_POINT('',(0.,0.));
#8223 = VECTOR('',#8224,1.);
#8224 = DIRECTION('',(1.,0.));
#8225 = ( GEOMETRIC_REPRESENTATION_CONTEXT(2) 
PARAMETRIC_REPRESENTATION_CONTEXT() REPRESENTATION_CONTEXT('2D SPACE',''
  ) );
#8226 = PCURVE('',#7271,#8227);
#8227 = DEFINITIONAL_REPRESENTATION('',(#8228),#8232);
#8228 = B_SPLINE_CURVE_WITH_KNOTS('',2,(#8229,#8230,#8231),
  .UNSPECIFIED.,.F.,.F.,(3,3),(0.,1.),.PIECEWISE_BEZIER_KNOTS.);
#8229 = CARTESIAN_POINT('',(2.91796875,6.55224609375));
#8230 = CARTESIAN_POINT('',(3.63427734375,6.55224609375));
#8231 = CARTESIAN_POINT('',(4.181396484375,6.321533203125));
#8232 = ( GEOMETRIC_REPRESENTATION_CONTEXT(2) 
PARAMETRIC_REPRESENTATION_CONTEXT() REPRESENTATION_CONTEXT('2D SPACE',''
  ) );
#8233 = ORIENTED_EDGE('',*,*,#8234,.T.);
#8234 = EDGE_CURVE('',#8212,#2507,#8235,.T.);
#8235 = SURFACE_CURVE('',#8236,(#8240,#8247),.PCURVE_S1.);
#8236 = LINE('',#8237,#8238);
#8237 = CARTESIAN_POINT('',(9.21533198125,-10.67114257812,17.8));
#8238 = VECTOR('',#8239,1.);
#8239 = DIRECTION('',(0.,0.,1.));
#8240 = PCURVE('',#2587,#8241);
#8241 = DEFINITIONAL_REPRESENTATION('',(#8242),#8246);
#8242 = LINE('',#8243,#8244);
#8243 = CARTESIAN_POINT('',(0.,0.));
#8244 = VECTOR('',#8245,1.);
#8245 = DIRECTION('',(0.,-1.));
#8246 = ( GEOMETRIC_REPRESENTATION_CONTEXT(2) 
PARAMETRIC_REPRESENTATION_CONTEXT() REPRESENTATION_CONTEXT('2D SPACE',''
  ) );
#8247 = PCURVE('',#2536,#8248);
#8248 = DEFINITIONAL_REPRESENTATION('',(#8249),#8253);
#8249 = LINE('',#8250,#8251);
#8250 = CARTESIAN_POINT('',(1.,0.));
#8251 = VECTOR('',#8252,1.);
#8252 = DIRECTION('',(0.,-1.));
#8253 = ( GEOMETRIC_REPRESENTATION_CONTEXT(2) 
PARAMETRIC_REPRESENTATION_CONTEXT() REPRESENTATION_CONTEXT('2D SPACE',''
  ) );
#8254 = ORIENTED_EDGE('',*,*,#2557,.F.);
#8255 = ORIENTED_EDGE('',*,*,#8185,.F.);
#8256 = ADVANCED_FACE('',(#8257),#2536,.F.);
#8257 = FACE_BOUND('',#8258,.F.);
#8258 = EDGE_LOOP('',(#8259,#8282,#8303,#8304));
#8259 = ORIENTED_EDGE('',*,*,#8260,.F.);
#8260 = EDGE_CURVE('',#8261,#8212,#8263,.T.);
#8261 = VERTEX_POINT('',#8262);
#8262 = CARTESIAN_POINT('',(8.033203075,-10.89086914062,17.8));
#8263 = SURFACE_CURVE('',#8264,(#8268,#8275),.PCURVE_S1.);
#8264 = B_SPLINE_CURVE_WITH_KNOTS('',2,(#8265,#8266,#8267),
  .UNSPECIFIED.,.F.,.F.,(3,3),(0.,1.),.PIECEWISE_BEZIER_KNOTS.);
#8265 = CARTESIAN_POINT('',(8.033203075,-10.89086914062,17.8));
#8266 = CARTESIAN_POINT('',(8.56494135625,-10.67114257812,17.8));
#8267 = CARTESIAN_POINT('',(9.21533198125,-10.67114257812,17.8));
#8268 = PCURVE('',#2536,#8269);
#8269 = DEFINITIONAL_REPRESENTATION('',(#8270),#8274);
#8270 = LINE('',#8271,#8272);
#8271 = CARTESIAN_POINT('',(0.,0.));
#8272 = VECTOR('',#8273,1.);
#8273 = DIRECTION('',(1.,0.));
#8274 = ( GEOMETRIC_REPRESENTATION_CONTEXT(2) 
PARAMETRIC_REPRESENTATION_CONTEXT() REPRESENTATION_CONTEXT('2D SPACE',''
  ) );
#8275 = PCURVE('',#7271,#8276);
#8276 = DEFINITIONAL_REPRESENTATION('',(#8277),#8281);
#8277 = B_SPLINE_CURVE_WITH_KNOTS('',2,(#8278,#8279,#8280),
  .UNSPECIFIED.,.F.,.F.,(3,3),(0.,1.),.PIECEWISE_BEZIER_KNOTS.);
#8278 = CARTESIAN_POINT('',(1.73583984375,6.33251953125));
#8279 = CARTESIAN_POINT('',(2.267578125,6.55224609375));
#8280 = CARTESIAN_POINT('',(2.91796875,6.55224609375));
#8281 = ( GEOMETRIC_REPRESENTATION_CONTEXT(2) 
PARAMETRIC_REPRESENTATION_CONTEXT() REPRESENTATION_CONTEXT('2D SPACE',''
  ) );
#8282 = ORIENTED_EDGE('',*,*,#8283,.T.);
#8283 = EDGE_CURVE('',#8261,#2450,#8284,.T.);
#8284 = SURFACE_CURVE('',#8285,(#8289,#8296),.PCURVE_S1.);
#8285 = LINE('',#8286,#8287);
#8286 = CARTESIAN_POINT('',(8.033203075,-10.89086914062,17.8));
#8287 = VECTOR('',#8288,1.);
#8288 = DIRECTION('',(0.,0.,1.));
#8289 = PCURVE('',#2536,#8290);
#8290 = DEFINITIONAL_REPRESENTATION('',(#8291),#8295);
#8291 = LINE('',#8292,#8293);
#8292 = CARTESIAN_POINT('',(0.,0.));
#8293 = VECTOR('',#8294,1.);
#8294 = DIRECTION('',(0.,-1.));
#8295 = ( GEOMETRIC_REPRESENTATION_CONTEXT(2) 
PARAMETRIC_REPRESENTATION_CONTEXT() REPRESENTATION_CONTEXT('2D SPACE',''
  ) );
#8296 = PCURVE('',#2483,#8297);
#8297 = DEFINITIONAL_REPRESENTATION('',(#8298),#8302);
#8298 = LINE('',#8299,#8300);
#8299 = CARTESIAN_POINT('',(1.,0.));
#8300 = VECTOR('',#8301,1.);
#8301 = DIRECTION('',(0.,-1.));
#8302 = ( GEOMETRIC_REPRESENTATION_CONTEXT(2) 
PARAMETRIC_REPRESENTATION_CONTEXT() REPRESENTATION_CONTEXT('2D SPACE',''
  ) );
#8303 = ORIENTED_EDGE('',*,*,#2506,.F.);
#8304 = ORIENTED_EDGE('',*,*,#8234,.F.);
#8305 = ADVANCED_FACE('',(#8306),#2483,.F.);
#8306 = FACE_BOUND('',#8307,.F.);
#8307 = EDGE_LOOP('',(#8308,#8331,#8352,#8353));
#8308 = ORIENTED_EDGE('',*,*,#8309,.F.);
#8309 = EDGE_CURVE('',#8310,#8261,#8312,.T.);
#8310 = VERTEX_POINT('',#8311);
#8311 = CARTESIAN_POINT('',(7.224609325,-11.53466796875,17.8));
#8312 = SURFACE_CURVE('',#8313,(#8317,#8324),.PCURVE_S1.);
#8313 = B_SPLINE_CURVE_WITH_KNOTS('',2,(#8314,#8315,#8316),
  .UNSPECIFIED.,.F.,.F.,(3,3),(0.,1.),.PIECEWISE_BEZIER_KNOTS.);
#8314 = CARTESIAN_POINT('',(7.224609325,-11.53466796875,17.8));
#8315 = CARTESIAN_POINT('',(7.50146479375,-11.11059570312,17.8));
#8316 = CARTESIAN_POINT('',(8.033203075,-10.89086914062,17.8));
#8317 = PCURVE('',#2483,#8318);
#8318 = DEFINITIONAL_REPRESENTATION('',(#8319),#8323);
#8319 = LINE('',#8320,#8321);
#8320 = CARTESIAN_POINT('',(0.,0.));
#8321 = VECTOR('',#8322,1.);
#8322 = DIRECTION('',(1.,0.));
#8323 = ( GEOMETRIC_REPRESENTATION_CONTEXT(2) 
PARAMETRIC_REPRESENTATION_CONTEXT() REPRESENTATION_CONTEXT('2D SPACE',''
  ) );
#8324 = PCURVE('',#7271,#8325);
#8325 = DEFINITIONAL_REPRESENTATION('',(#8326),#8330);
#8326 = B_SPLINE_CURVE_WITH_KNOTS('',2,(#8327,#8328,#8329),
  .UNSPECIFIED.,.F.,.F.,(3,3),(0.,1.),.PIECEWISE_BEZIER_KNOTS.);
#8327 = CARTESIAN_POINT('',(0.92724609375,5.688720703125));
#8328 = CARTESIAN_POINT('',(1.2041015625,6.11279296875));
#8329 = CARTESIAN_POINT('',(1.73583984375,6.33251953125));
#8330 = ( GEOMETRIC_REPRESENTATION_CONTEXT(2) 
PARAMETRIC_REPRESENTATION_CONTEXT() REPRESENTATION_CONTEXT('2D SPACE',''
  ) );
#8331 = ORIENTED_EDGE('',*,*,#8332,.T.);
#8332 = EDGE_CURVE('',#8310,#2399,#8333,.T.);
#8333 = SURFACE_CURVE('',#8334,(#8338,#8345),.PCURVE_S1.);
#8334 = LINE('',#8335,#8336);
#8335 = CARTESIAN_POINT('',(7.224609325,-11.53466796875,17.8));
#8336 = VECTOR('',#8337,1.);
#8337 = DIRECTION('',(0.,0.,1.));
#8338 = PCURVE('',#2483,#8339);
#8339 = DEFINITIONAL_REPRESENTATION('',(#8340),#8344);
#8340 = LINE('',#8341,#8342);
#8341 = CARTESIAN_POINT('',(0.,0.));
#8342 = VECTOR('',#8343,1.);
#8343 = DIRECTION('',(0.,-1.));
#8344 = ( GEOMETRIC_REPRESENTATION_CONTEXT(2) 
PARAMETRIC_REPRESENTATION_CONTEXT() REPRESENTATION_CONTEXT('2D SPACE',''
  ) );
#8345 = PCURVE('',#2428,#8346);
#8346 = DEFINITIONAL_REPRESENTATION('',(#8347),#8351);
#8347 = LINE('',#8348,#8349);
#8348 = CARTESIAN_POINT('',(1.,0.));
#8349 = VECTOR('',#8350,1.);
#8350 = DIRECTION('',(0.,-1.));
#8351 = ( GEOMETRIC_REPRESENTATION_CONTEXT(2) 
PARAMETRIC_REPRESENTATION_CONTEXT() REPRESENTATION_CONTEXT('2D SPACE',''
  ) );
#8352 = ORIENTED_EDGE('',*,*,#2449,.F.);
#8353 = ORIENTED_EDGE('',*,*,#8283,.F.);
#8354 = ADVANCED_FACE('',(#8355),#2428,.F.);
#8355 = FACE_BOUND('',#8356,.F.);
#8356 = EDGE_LOOP('',(#8357,#8380,#8401,#8402));
#8357 = ORIENTED_EDGE('',*,*,#8358,.F.);
#8358 = EDGE_CURVE('',#8359,#8310,#8361,.T.);
#8359 = VERTEX_POINT('',#8360);
#8360 = CARTESIAN_POINT('',(6.94775385625,-12.44653320312,17.8));
#8361 = SURFACE_CURVE('',#8362,(#8366,#8373),.PCURVE_S1.);
#8362 = B_SPLINE_CURVE_WITH_KNOTS('',2,(#8363,#8364,#8365),
  .UNSPECIFIED.,.F.,.F.,(3,3),(0.,1.),.PIECEWISE_BEZIER_KNOTS.);
#8363 = CARTESIAN_POINT('',(6.94775385625,-12.44653320312,17.8));
#8364 = CARTESIAN_POINT('',(6.94775385625,-11.95874023437,17.8));
#8365 = CARTESIAN_POINT('',(7.224609325,-11.53466796875,17.8));
#8366 = PCURVE('',#2428,#8367);
#8367 = DEFINITIONAL_REPRESENTATION('',(#8368),#8372);
#8368 = LINE('',#8369,#8370);
#8369 = CARTESIAN_POINT('',(0.,0.));
#8370 = VECTOR('',#8371,1.);
#8371 = DIRECTION('',(1.,0.));
#8372 = ( GEOMETRIC_REPRESENTATION_CONTEXT(2) 
PARAMETRIC_REPRESENTATION_CONTEXT() REPRESENTATION_CONTEXT('2D SPACE',''
  ) );
#8373 = PCURVE('',#7271,#8374);
#8374 = DEFINITIONAL_REPRESENTATION('',(#8375),#8379);
#8375 = B_SPLINE_CURVE_WITH_KNOTS('',2,(#8376,#8377,#8378),
  .UNSPECIFIED.,.F.,.F.,(3,3),(0.,1.),.PIECEWISE_BEZIER_KNOTS.);
#8376 = CARTESIAN_POINT('',(0.650390625,4.77685546875));
#8377 = CARTESIAN_POINT('',(0.650390625,5.2646484375));
#8378 = CARTESIAN_POINT('',(0.92724609375,5.688720703125));
#8379 = ( GEOMETRIC_REPRESENTATION_CONTEXT(2) 
PARAMETRIC_REPRESENTATION_CONTEXT() REPRESENTATION_CONTEXT('2D SPACE',''
  ) );
#8380 = ORIENTED_EDGE('',*,*,#8381,.T.);
#8381 = EDGE_CURVE('',#8359,#2348,#8382,.T.);
#8382 = SURFACE_CURVE('',#8383,(#8387,#8394),.PCURVE_S1.);
#8383 = LINE('',#8384,#8385);
#8384 = CARTESIAN_POINT('',(6.94775385625,-12.44653320312,17.8));
#8385 = VECTOR('',#8386,1.);
#8386 = DIRECTION('',(0.,0.,1.));
#8387 = PCURVE('',#2428,#8388);
#8388 = DEFINITIONAL_REPRESENTATION('',(#8389),#8393);
#8389 = LINE('',#8390,#8391);
#8390 = CARTESIAN_POINT('',(0.,0.));
#8391 = VECTOR('',#8392,1.);
#8392 = DIRECTION('',(0.,-1.));
#8393 = ( GEOMETRIC_REPRESENTATION_CONTEXT(2) 
PARAMETRIC_REPRESENTATION_CONTEXT() REPRESENTATION_CONTEXT('2D SPACE',''
  ) );
#8394 = PCURVE('',#2377,#8395);
#8395 = DEFINITIONAL_REPRESENTATION('',(#8396),#8400);
#8396 = LINE('',#8397,#8398);
#8397 = CARTESIAN_POINT('',(1.,0.));
#8398 = VECTOR('',#8399,1.);
#8399 = DIRECTION('',(0.,-1.));
#8400 = ( GEOMETRIC_REPRESENTATION_CONTEXT(2) 
PARAMETRIC_REPRESENTATION_CONTEXT() REPRESENTATION_CONTEXT('2D SPACE',''
  ) );
#8401 = ORIENTED_EDGE('',*,*,#2398,.F.);
#8402 = ORIENTED_EDGE('',*,*,#8332,.F.);
#8403 = ADVANCED_FACE('',(#8404),#2377,.F.);
#8404 = FACE_BOUND('',#8405,.F.);
#8405 = EDGE_LOOP('',(#8406,#8429,#8450,#8451));
#8406 = ORIENTED_EDGE('',*,*,#8407,.F.);
#8407 = EDGE_CURVE('',#8408,#8359,#8410,.T.);
#8408 = VERTEX_POINT('',#8409);
#8409 = CARTESIAN_POINT('',(7.174072215625,-13.24853515625,17.8));
#8410 = SURFACE_CURVE('',#8411,(#8415,#8422),.PCURVE_S1.);
#8411 = B_SPLINE_CURVE_WITH_KNOTS('',2,(#8412,#8413,#8414),
  .UNSPECIFIED.,.F.,.F.,(3,3),(0.,1.),.PIECEWISE_BEZIER_KNOTS.);
#8412 = CARTESIAN_POINT('',(7.174072215625,-13.24853515625,17.8));
#8413 = CARTESIAN_POINT('',(6.94775385625,-12.89038085937,17.8));
#8414 = CARTESIAN_POINT('',(6.94775385625,-12.44653320312,17.8));
#8415 = PCURVE('',#2377,#8416);
#8416 = DEFINITIONAL_REPRESENTATION('',(#8417),#8421);
#8417 = LINE('',#8418,#8419);
#8418 = CARTESIAN_POINT('',(0.,0.));
#8419 = VECTOR('',#8420,1.);
#8420 = DIRECTION('',(1.,0.));
#8421 = ( GEOMETRIC_REPRESENTATION_CONTEXT(2) 
PARAMETRIC_REPRESENTATION_CONTEXT() REPRESENTATION_CONTEXT('2D SPACE',''
  ) );
#8422 = PCURVE('',#7271,#8423);
#8423 = DEFINITIONAL_REPRESENTATION('',(#8424),#8428);
#8424 = B_SPLINE_CURVE_WITH_KNOTS('',2,(#8425,#8426,#8427),
  .UNSPECIFIED.,.F.,.F.,(3,3),(0.,1.),.PIECEWISE_BEZIER_KNOTS.);
#8425 = CARTESIAN_POINT('',(0.876708984375,3.974853515625));
#8426 = CARTESIAN_POINT('',(0.650390625,4.3330078125));
#8427 = CARTESIAN_POINT('',(0.650390625,4.77685546875));
#8428 = ( GEOMETRIC_REPRESENTATION_CONTEXT(2) 
PARAMETRIC_REPRESENTATION_CONTEXT() REPRESENTATION_CONTEXT('2D SPACE',''
  ) );
#8429 = ORIENTED_EDGE('',*,*,#8430,.T.);
#8430 = EDGE_CURVE('',#8408,#2297,#8431,.T.);
#8431 = SURFACE_CURVE('',#8432,(#8436,#8443),.PCURVE_S1.);
#8432 = LINE('',#8433,#8434);
#8433 = CARTESIAN_POINT('',(7.174072215625,-13.24853515625,17.8));
#8434 = VECTOR('',#8435,1.);
#8435 = DIRECTION('',(0.,0.,1.));
#8436 = PCURVE('',#2377,#8437);
#8437 = DEFINITIONAL_REPRESENTATION('',(#8438),#8442);
#8438 = LINE('',#8439,#8440);
#8439 = CARTESIAN_POINT('',(0.,0.));
#8440 = VECTOR('',#8441,1.);
#8441 = DIRECTION('',(0.,-1.));
#8442 = ( GEOMETRIC_REPRESENTATION_CONTEXT(2) 
PARAMETRIC_REPRESENTATION_CONTEXT() REPRESENTATION_CONTEXT('2D SPACE',''
  ) );
#8443 = PCURVE('',#2326,#8444);
#8444 = DEFINITIONAL_REPRESENTATION('',(#8445),#8449);
#8445 = LINE('',#8446,#8447);
#8446 = CARTESIAN_POINT('',(1.,0.));
#8447 = VECTOR('',#8448,1.);
#8448 = DIRECTION('',(0.,-1.));
#8449 = ( GEOMETRIC_REPRESENTATION_CONTEXT(2) 
PARAMETRIC_REPRESENTATION_CONTEXT() REPRESENTATION_CONTEXT('2D SPACE',''
  ) );
#8450 = ORIENTED_EDGE('',*,*,#2347,.F.);
#8451 = ORIENTED_EDGE('',*,*,#8381,.F.);
#8452 = ADVANCED_FACE('',(#8453),#2326,.F.);
#8453 = FACE_BOUND('',#8454,.F.);
#8454 = EDGE_LOOP('',(#8455,#8478,#8499,#8500));
#8455 = ORIENTED_EDGE('',*,*,#8456,.F.);
#8456 = EDGE_CURVE('',#8457,#8408,#8459,.T.);
#8457 = VERTEX_POINT('',#8458);
#8458 = CARTESIAN_POINT('',(7.86181635625,-13.84838867187,17.8));
#8459 = SURFACE_CURVE('',#8460,(#8464,#8471),.PCURVE_S1.);
#8460 = B_SPLINE_CURVE_WITH_KNOTS('',2,(#8461,#8462,#8463),
  .UNSPECIFIED.,.F.,.F.,(3,3),(0.,1.),.PIECEWISE_BEZIER_KNOTS.);
#8461 = CARTESIAN_POINT('',(7.86181635625,-13.84838867187,17.8));
#8462 = CARTESIAN_POINT('',(7.400390575,-13.60668945312,17.8));
#8463 = CARTESIAN_POINT('',(7.174072215625,-13.24853515625,17.8));
#8464 = PCURVE('',#2326,#8465);
#8465 = DEFINITIONAL_REPRESENTATION('',(#8466),#8470);
#8466 = LINE('',#8467,#8468);
#8467 = CARTESIAN_POINT('',(0.,0.));
#8468 = VECTOR('',#8469,1.);
#8469 = DIRECTION('',(1.,0.));
#8470 = ( GEOMETRIC_REPRESENTATION_CONTEXT(2) 
PARAMETRIC_REPRESENTATION_CONTEXT() REPRESENTATION_CONTEXT('2D SPACE',''
  ) );
#8471 = PCURVE('',#7271,#8472);
#8472 = DEFINITIONAL_REPRESENTATION('',(#8473),#8477);
#8473 = B_SPLINE_CURVE_WITH_KNOTS('',2,(#8474,#8475,#8476),
  .UNSPECIFIED.,.F.,.F.,(3,3),(0.,1.),.PIECEWISE_BEZIER_KNOTS.);
#8474 = CARTESIAN_POINT('',(1.564453125,3.375));
#8475 = CARTESIAN_POINT('',(1.10302734375,3.61669921875));
#8476 = CARTESIAN_POINT('',(0.876708984375,3.974853515625));
#8477 = ( GEOMETRIC_REPRESENTATION_CONTEXT(2) 
PARAMETRIC_REPRESENTATION_CONTEXT() REPRESENTATION_CONTEXT('2D SPACE',''
  ) );
#8478 = ORIENTED_EDGE('',*,*,#8479,.T.);
#8479 = EDGE_CURVE('',#8457,#2234,#8480,.T.);
#8480 = SURFACE_CURVE('',#8481,(#8485,#8492),.PCURVE_S1.);
#8481 = LINE('',#8482,#8483);
#8482 = CARTESIAN_POINT('',(7.86181635625,-13.84838867187,17.8));
#8483 = VECTOR('',#8484,1.);
#8484 = DIRECTION('',(0.,0.,1.));
#8485 = PCURVE('',#2326,#8486);
#8486 = DEFINITIONAL_REPRESENTATION('',(#8487),#8491);
#8487 = LINE('',#8488,#8489);
#8488 = CARTESIAN_POINT('',(0.,0.));
#8489 = VECTOR('',#8490,1.);
#8490 = DIRECTION('',(0.,-1.));
#8491 = ( GEOMETRIC_REPRESENTATION_CONTEXT(2) 
PARAMETRIC_REPRESENTATION_CONTEXT() REPRESENTATION_CONTEXT('2D SPACE',''
  ) );
#8492 = PCURVE('',#2271,#8493);
#8493 = DEFINITIONAL_REPRESENTATION('',(#8494),#8498);
#8494 = LINE('',#8495,#8496);
#8495 = CARTESIAN_POINT('',(1.,0.));
#8496 = VECTOR('',#8497,1.);
#8497 = DIRECTION('',(0.,-1.));
#8498 = ( GEOMETRIC_REPRESENTATION_CONTEXT(2) 
PARAMETRIC_REPRESENTATION_CONTEXT() REPRESENTATION_CONTEXT('2D SPACE',''
  ) );
#8499 = ORIENTED_EDGE('',*,*,#2296,.F.);
#8500 = ORIENTED_EDGE('',*,*,#8430,.F.);
#8501 = ADVANCED_FACE('',(#8502),#2271,.F.);
#8502 = FACE_BOUND('',#8503,.F.);
#8503 = EDGE_LOOP('',(#8504,#8527,#8548,#8549));
#8504 = ORIENTED_EDGE('',*,*,#8505,.F.);
#8505 = EDGE_CURVE('',#8506,#8457,#8508,.T.);
#8506 = VERTEX_POINT('',#8507);
#8507 = CARTESIAN_POINT('',(9.1054687,-14.25048828125,17.8));
#8508 = SURFACE_CURVE('',#8509,(#8513,#8520),.PCURVE_S1.);
#8509 = B_SPLINE_CURVE_WITH_KNOTS('',2,(#8510,#8511,#8512),
  .UNSPECIFIED.,.F.,.F.,(3,3),(0.,1.),.PIECEWISE_BEZIER_KNOTS.);
#8510 = CARTESIAN_POINT('',(9.1054687,-14.25048828125,17.8));
#8511 = CARTESIAN_POINT('',(8.2177733875,-14.03735351562,17.8));
#8512 = CARTESIAN_POINT('',(7.86181635625,-13.84838867187,17.8));
#8513 = PCURVE('',#2271,#8514);
#8514 = DEFINITIONAL_REPRESENTATION('',(#8515),#8519);
#8515 = LINE('',#8516,#8517);
#8516 = CARTESIAN_POINT('',(0.,0.));
#8517 = VECTOR('',#8518,1.);
#8518 = DIRECTION('',(1.,0.));
#8519 = ( GEOMETRIC_REPRESENTATION_CONTEXT(2) 
PARAMETRIC_REPRESENTATION_CONTEXT() REPRESENTATION_CONTEXT('2D SPACE',''
  ) );
#8520 = PCURVE('',#7271,#8521);
#8521 = DEFINITIONAL_REPRESENTATION('',(#8522),#8526);
#8522 = B_SPLINE_CURVE_WITH_KNOTS('',2,(#8523,#8524,#8525),
  .UNSPECIFIED.,.F.,.F.,(3,3),(0.,1.),.PIECEWISE_BEZIER_KNOTS.);
#8523 = CARTESIAN_POINT('',(2.80810546875,2.972900390625));
#8524 = CARTESIAN_POINT('',(1.92041015625,3.18603515625));
#8525 = CARTESIAN_POINT('',(1.564453125,3.375));
#8526 = ( GEOMETRIC_REPRESENTATION_CONTEXT(2) 
PARAMETRIC_REPRESENTATION_CONTEXT() REPRESENTATION_CONTEXT('2D SPACE',''
  ) );
#8527 = ORIENTED_EDGE('',*,*,#8528,.T.);
#8528 = EDGE_CURVE('',#8506,#2165,#8529,.T.);
#8529 = SURFACE_CURVE('',#8530,(#8534,#8541),.PCURVE_S1.);
#8530 = LINE('',#8531,#8532);
#8531 = CARTESIAN_POINT('',(9.1054687,-14.25048828125,17.8));
#8532 = VECTOR('',#8533,1.);
#8533 = DIRECTION('',(0.,0.,1.));
#8534 = PCURVE('',#2271,#8535);
#8535 = DEFINITIONAL_REPRESENTATION('',(#8536),#8540);
#8536 = LINE('',#8537,#8538);
#8537 = CARTESIAN_POINT('',(0.,0.));
#8538 = VECTOR('',#8539,1.);
#8539 = DIRECTION('',(0.,-1.));
#8540 = ( GEOMETRIC_REPRESENTATION_CONTEXT(2) 
PARAMETRIC_REPRESENTATION_CONTEXT() REPRESENTATION_CONTEXT('2D SPACE',''
  ) );
#8541 = PCURVE('',#2206,#8542);
#8542 = DEFINITIONAL_REPRESENTATION('',(#8543),#8547);
#8543 = LINE('',#8544,#8545);
#8544 = CARTESIAN_POINT('',(1.,0.));
#8545 = VECTOR('',#8546,1.);
#8546 = DIRECTION('',(0.,-1.));
#8547 = ( GEOMETRIC_REPRESENTATION_CONTEXT(2) 
PARAMETRIC_REPRESENTATION_CONTEXT() REPRESENTATION_CONTEXT('2D SPACE',''
  ) );
#8548 = ORIENTED_EDGE('',*,*,#2233,.F.);
#8549 = ORIENTED_EDGE('',*,*,#8479,.F.);
#8550 = ADVANCED_FACE('',(#8551),#2206,.F.);
#8551 = FACE_BOUND('',#8552,.F.);
#8552 = EDGE_LOOP('',(#8553,#8576,#8597,#8598));
#8553 = ORIENTED_EDGE('',*,*,#8554,.F.);
#8554 = EDGE_CURVE('',#8555,#8506,#8557,.T.);
#8555 = VERTEX_POINT('',#8556);
#8556 = CARTESIAN_POINT('',(10.25244135625,-14.56469726562,17.8));
#8557 = SURFACE_CURVE('',#8558,(#8562,#8569),.PCURVE_S1.);
#8558 = B_SPLINE_CURVE_WITH_KNOTS('',2,(#8559,#8560,#8561),
  .UNSPECIFIED.,.F.,.F.,(3,3),(0.,1.),.PIECEWISE_BEZIER_KNOTS.);
#8559 = CARTESIAN_POINT('',(10.25244135625,-14.56469726562,17.8));
#8560 = CARTESIAN_POINT('',(9.9931640125,-14.46362304687,17.8));
#8561 = CARTESIAN_POINT('',(9.1054687,-14.25048828125,17.8));
#8562 = PCURVE('',#2206,#8563);
#8563 = DEFINITIONAL_REPRESENTATION('',(#8564),#8568);
#8564 = LINE('',#8565,#8566);
#8565 = CARTESIAN_POINT('',(0.,0.));
#8566 = VECTOR('',#8567,1.);
#8567 = DIRECTION('',(1.,0.));
#8568 = ( GEOMETRIC_REPRESENTATION_CONTEXT(2) 
PARAMETRIC_REPRESENTATION_CONTEXT() REPRESENTATION_CONTEXT('2D SPACE',''
  ) );
#8569 = PCURVE('',#7271,#8570);
#8570 = DEFINITIONAL_REPRESENTATION('',(#8571),#8575);
#8571 = B_SPLINE_CURVE_WITH_KNOTS('',2,(#8572,#8573,#8574),
  .UNSPECIFIED.,.F.,.F.,(3,3),(0.,1.),.PIECEWISE_BEZIER_KNOTS.);
#8572 = CARTESIAN_POINT('',(3.955078125,2.65869140625));
#8573 = CARTESIAN_POINT('',(3.69580078125,2.759765625));
#8574 = CARTESIAN_POINT('',(2.80810546875,2.972900390625));
#8575 = ( GEOMETRIC_REPRESENTATION_CONTEXT(2) 
PARAMETRIC_REPRESENTATION_CONTEXT() REPRESENTATION_CONTEXT('2D SPACE',''
  ) );
#8576 = ORIENTED_EDGE('',*,*,#8577,.T.);
#8577 = EDGE_CURVE('',#8555,#2114,#8578,.T.);
#8578 = SURFACE_CURVE('',#8579,(#8583,#8590),.PCURVE_S1.);
#8579 = LINE('',#8580,#8581);
#8580 = CARTESIAN_POINT('',(10.25244135625,-14.56469726562,17.8));
#8581 = VECTOR('',#8582,1.);
#8582 = DIRECTION('',(0.,0.,1.));
#8583 = PCURVE('',#2206,#8584);
#8584 = DEFINITIONAL_REPRESENTATION('',(#8585),#8589);
#8585 = LINE('',#8586,#8587);
#8586 = CARTESIAN_POINT('',(0.,0.));
#8587 = VECTOR('',#8588,1.);
#8588 = DIRECTION('',(0.,-1.));
#8589 = ( GEOMETRIC_REPRESENTATION_CONTEXT(2) 
PARAMETRIC_REPRESENTATION_CONTEXT() REPRESENTATION_CONTEXT('2D SPACE',''
  ) );
#8590 = PCURVE('',#2143,#8591);
#8591 = DEFINITIONAL_REPRESENTATION('',(#8592),#8596);
#8592 = LINE('',#8593,#8594);
#8593 = CARTESIAN_POINT('',(1.,0.));
#8594 = VECTOR('',#8595,1.);
#8595 = DIRECTION('',(0.,-1.));
#8596 = ( GEOMETRIC_REPRESENTATION_CONTEXT(2) 
PARAMETRIC_REPRESENTATION_CONTEXT() REPRESENTATION_CONTEXT('2D SPACE',''
  ) );
#8597 = ORIENTED_EDGE('',*,*,#2164,.F.);
#8598 = ORIENTED_EDGE('',*,*,#8528,.F.);
#8599 = ADVANCED_FACE('',(#8600),#2143,.F.);
#8600 = FACE_BOUND('',#8601,.F.);
#8601 = EDGE_LOOP('',(#8602,#8625,#8646,#8647));
#8602 = ORIENTED_EDGE('',*,*,#8603,.F.);
#8603 = EDGE_CURVE('',#8604,#8555,#8606,.T.);
#8604 = VERTEX_POINT('',#8605);
#8605 = CARTESIAN_POINT('',(10.83251948125,-14.94482421875,17.8));
#8606 = SURFACE_CURVE('',#8607,(#8611,#8618),.PCURVE_S1.);
#8607 = B_SPLINE_CURVE_WITH_KNOTS('',2,(#8608,#8609,#8610),
  .UNSPECIFIED.,.F.,.F.,(3,3),(0.,1.),.PIECEWISE_BEZIER_KNOTS.);
#8608 = CARTESIAN_POINT('',(10.83251948125,-14.94482421875,17.8));
#8609 = CARTESIAN_POINT('',(10.65673823125,-14.71850585937,17.8));
#8610 = CARTESIAN_POINT('',(10.25244135625,-14.56469726562,17.8));
#8611 = PCURVE('',#2143,#8612);
#8612 = DEFINITIONAL_REPRESENTATION('',(#8613),#8617);
#8613 = LINE('',#8614,#8615);
#8614 = CARTESIAN_POINT('',(0.,0.));
#8615 = VECTOR('',#8616,1.);
#8616 = DIRECTION('',(1.,0.));
#8617 = ( GEOMETRIC_REPRESENTATION_CONTEXT(2) 
PARAMETRIC_REPRESENTATION_CONTEXT() REPRESENTATION_CONTEXT('2D SPACE',''
  ) );
#8618 = PCURVE('',#7271,#8619);
#8619 = DEFINITIONAL_REPRESENTATION('',(#8620),#8624);
#8620 = B_SPLINE_CURVE_WITH_KNOTS('',2,(#8621,#8622,#8623),
  .UNSPECIFIED.,.F.,.F.,(3,3),(0.,1.),.PIECEWISE_BEZIER_KNOTS.);
#8621 = CARTESIAN_POINT('',(4.53515625,2.278564453125));
#8622 = CARTESIAN_POINT('',(4.359375,2.5048828125));
#8623 = CARTESIAN_POINT('',(3.955078125,2.65869140625));
#8624 = ( GEOMETRIC_REPRESENTATION_CONTEXT(2) 
PARAMETRIC_REPRESENTATION_CONTEXT() REPRESENTATION_CONTEXT('2D SPACE',''
  ) );
#8625 = ORIENTED_EDGE('',*,*,#8626,.T.);
#8626 = EDGE_CURVE('',#8604,#2063,#8627,.T.);
#8627 = SURFACE_CURVE('',#8628,(#8632,#8639),.PCURVE_S1.);
#8628 = LINE('',#8629,#8630);
#8629 = CARTESIAN_POINT('',(10.83251948125,-14.94482421875,17.8));
#8630 = VECTOR('',#8631,1.);
#8631 = DIRECTION('',(0.,0.,1.));
#8632 = PCURVE('',#2143,#8633);
#8633 = DEFINITIONAL_REPRESENTATION('',(#8634),#8638);
#8634 = LINE('',#8635,#8636);
#8635 = CARTESIAN_POINT('',(0.,0.));
#8636 = VECTOR('',#8637,1.);
#8637 = DIRECTION('',(0.,-1.));
#8638 = ( GEOMETRIC_REPRESENTATION_CONTEXT(2) 
PARAMETRIC_REPRESENTATION_CONTEXT() REPRESENTATION_CONTEXT('2D SPACE',''
  ) );
#8639 = PCURVE('',#2092,#8640);
#8640 = DEFINITIONAL_REPRESENTATION('',(#8641),#8645);
#8641 = LINE('',#8642,#8643);
#8642 = CARTESIAN_POINT('',(1.,0.));
#8643 = VECTOR('',#8644,1.);
#8644 = DIRECTION('',(0.,-1.));
#8645 = ( GEOMETRIC_REPRESENTATION_CONTEXT(2) 
PARAMETRIC_REPRESENTATION_CONTEXT() REPRESENTATION_CONTEXT('2D SPACE',''
  ) );
#8646 = ORIENTED_EDGE('',*,*,#2113,.F.);
#8647 = ORIENTED_EDGE('',*,*,#8577,.F.);
#8648 = ADVANCED_FACE('',(#8649),#2092,.F.);
#8649 = FACE_BOUND('',#8650,.F.);
#8650 = EDGE_LOOP('',(#8651,#8674,#8695,#8696));
#8651 = ORIENTED_EDGE('',*,*,#8652,.F.);
#8652 = EDGE_CURVE('',#8653,#8604,#8655,.T.);
#8653 = VERTEX_POINT('',#8654);
#8654 = CARTESIAN_POINT('',(11.00830073125,-15.47436523437,17.8));
#8655 = SURFACE_CURVE('',#8656,(#8660,#8667),.PCURVE_S1.);
#8656 = B_SPLINE_CURVE_WITH_KNOTS('',2,(#8657,#8658,#8659),
  .UNSPECIFIED.,.F.,.F.,(3,3),(0.,1.),.PIECEWISE_BEZIER_KNOTS.);
#8657 = CARTESIAN_POINT('',(11.00830073125,-15.47436523437,17.8));
#8658 = CARTESIAN_POINT('',(11.00830073125,-15.17114257812,17.8));
#8659 = CARTESIAN_POINT('',(10.83251948125,-14.94482421875,17.8));
#8660 = PCURVE('',#2092,#8661);
#8661 = DEFINITIONAL_REPRESENTATION('',(#8662),#8666);
#8662 = LINE('',#8663,#8664);
#8663 = CARTESIAN_POINT('',(0.,0.));
#8664 = VECTOR('',#8665,1.);
#8665 = DIRECTION('',(1.,0.));
#8666 = ( GEOMETRIC_REPRESENTATION_CONTEXT(2) 
PARAMETRIC_REPRESENTATION_CONTEXT() REPRESENTATION_CONTEXT('2D SPACE',''
  ) );
#8667 = PCURVE('',#7271,#8668);
#8668 = DEFINITIONAL_REPRESENTATION('',(#8669),#8673);
#8669 = B_SPLINE_CURVE_WITH_KNOTS('',2,(#8670,#8671,#8672),
  .UNSPECIFIED.,.F.,.F.,(3,3),(0.,1.),.PIECEWISE_BEZIER_KNOTS.);
#8670 = CARTESIAN_POINT('',(4.7109375,1.7490234375));
#8671 = CARTESIAN_POINT('',(4.7109375,2.05224609375));
#8672 = CARTESIAN_POINT('',(4.53515625,2.278564453125));
#8673 = ( GEOMETRIC_REPRESENTATION_CONTEXT(2) 
PARAMETRIC_REPRESENTATION_CONTEXT() REPRESENTATION_CONTEXT('2D SPACE',''
  ) );
#8674 = ORIENTED_EDGE('',*,*,#8675,.T.);
#8675 = EDGE_CURVE('',#8653,#2012,#8676,.T.);
#8676 = SURFACE_CURVE('',#8677,(#8681,#8688),.PCURVE_S1.);
#8677 = LINE('',#8678,#8679);
#8678 = CARTESIAN_POINT('',(11.00830073125,-15.47436523437,17.8));
#8679 = VECTOR('',#8680,1.);
#8680 = DIRECTION('',(0.,0.,1.));
#8681 = PCURVE('',#2092,#8682);
#8682 = DEFINITIONAL_REPRESENTATION('',(#8683),#8687);
#8683 = LINE('',#8684,#8685);
#8684 = CARTESIAN_POINT('',(0.,0.));
#8685 = VECTOR('',#8686,1.);
#8686 = DIRECTION('',(0.,-1.));
#8687 = ( GEOMETRIC_REPRESENTATION_CONTEXT(2) 
PARAMETRIC_REPRESENTATION_CONTEXT() REPRESENTATION_CONTEXT('2D SPACE',''
  ) );
#8688 = PCURVE('',#2041,#8689);
#8689 = DEFINITIONAL_REPRESENTATION('',(#8690),#8694);
#8690 = LINE('',#8691,#8692);
#8691 = CARTESIAN_POINT('',(1.,0.));
#8692 = VECTOR('',#8693,1.);
#8693 = DIRECTION('',(0.,-1.));
#8694 = ( GEOMETRIC_REPRESENTATION_CONTEXT(2) 
PARAMETRIC_REPRESENTATION_CONTEXT() REPRESENTATION_CONTEXT('2D SPACE',''
  ) );
#8695 = ORIENTED_EDGE('',*,*,#2062,.F.);
#8696 = ORIENTED_EDGE('',*,*,#8626,.F.);
#8697 = ADVANCED_FACE('',(#8698),#2041,.F.);
#8698 = FACE_BOUND('',#8699,.F.);
#8699 = EDGE_LOOP('',(#8700,#8723,#8744,#8745));
#8700 = ORIENTED_EDGE('',*,*,#8701,.F.);
#8701 = EDGE_CURVE('',#8702,#8653,#8704,.T.);
#8702 = VERTEX_POINT('',#8703);
#8703 = CARTESIAN_POINT('',(10.825927684375,-16.02587890625,17.8));
#8704 = SURFACE_CURVE('',#8705,(#8709,#8716),.PCURVE_S1.);
#8705 = B_SPLINE_CURVE_WITH_KNOTS('',2,(#8706,#8707,#8708),
  .UNSPECIFIED.,.F.,.F.,(3,3),(0.,1.),.PIECEWISE_BEZIER_KNOTS.);
#8706 = CARTESIAN_POINT('',(10.825927684375,-16.02587890625,17.8));
#8707 = CARTESIAN_POINT('',(11.00830073125,-15.77319335937,17.8));
#8708 = CARTESIAN_POINT('',(11.00830073125,-15.47436523437,17.8));
#8709 = PCURVE('',#2041,#8710);
#8710 = DEFINITIONAL_REPRESENTATION('',(#8711),#8715);
#8711 = LINE('',#8712,#8713);
#8712 = CARTESIAN_POINT('',(0.,0.));
#8713 = VECTOR('',#8714,1.);
#8714 = DIRECTION('',(1.,0.));
#8715 = ( GEOMETRIC_REPRESENTATION_CONTEXT(2) 
PARAMETRIC_REPRESENTATION_CONTEXT() REPRESENTATION_CONTEXT('2D SPACE',''
  ) );
#8716 = PCURVE('',#7271,#8717);
#8717 = DEFINITIONAL_REPRESENTATION('',(#8718),#8722);
#8718 = B_SPLINE_CURVE_WITH_KNOTS('',2,(#8719,#8720,#8721),
  .UNSPECIFIED.,.F.,.F.,(3,3),(0.,1.),.PIECEWISE_BEZIER_KNOTS.);
#8719 = CARTESIAN_POINT('',(4.528564453125,1.197509765625));
#8720 = CARTESIAN_POINT('',(4.7109375,1.4501953125));
#8721 = CARTESIAN_POINT('',(4.7109375,1.7490234375));
#8722 = ( GEOMETRIC_REPRESENTATION_CONTEXT(2) 
PARAMETRIC_REPRESENTATION_CONTEXT() REPRESENTATION_CONTEXT('2D SPACE',''
  ) );
#8723 = ORIENTED_EDGE('',*,*,#8724,.T.);
#8724 = EDGE_CURVE('',#8702,#1961,#8725,.T.);
#8725 = SURFACE_CURVE('',#8726,(#8730,#8737),.PCURVE_S1.);
#8726 = LINE('',#8727,#8728);
#8727 = CARTESIAN_POINT('',(10.825927684375,-16.02587890625,17.8));
#8728 = VECTOR('',#8729,1.);
#8729 = DIRECTION('',(0.,0.,1.));
#8730 = PCURVE('',#2041,#8731);
#8731 = DEFINITIONAL_REPRESENTATION('',(#8732),#8736);
#8732 = LINE('',#8733,#8734);
#8733 = CARTESIAN_POINT('',(0.,0.));
#8734 = VECTOR('',#8735,1.);
#8735 = DIRECTION('',(0.,-1.));
#8736 = ( GEOMETRIC_REPRESENTATION_CONTEXT(2) 
PARAMETRIC_REPRESENTATION_CONTEXT() REPRESENTATION_CONTEXT('2D SPACE',''
  ) );
#8737 = PCURVE('',#1990,#8738);
#8738 = DEFINITIONAL_REPRESENTATION('',(#8739),#8743);
#8739 = LINE('',#8740,#8741);
#8740 = CARTESIAN_POINT('',(1.,0.));
#8741 = VECTOR('',#8742,1.);
#8742 = DIRECTION('',(0.,-1.));
#8743 = ( GEOMETRIC_REPRESENTATION_CONTEXT(2) 
PARAMETRIC_REPRESENTATION_CONTEXT() REPRESENTATION_CONTEXT('2D SPACE',''
  ) );
#8744 = ORIENTED_EDGE('',*,*,#2011,.F.);
#8745 = ORIENTED_EDGE('',*,*,#8675,.F.);
#8746 = ADVANCED_FACE('',(#8747),#1990,.F.);
#8747 = FACE_BOUND('',#8748,.F.);
#8748 = EDGE_LOOP('',(#8749,#8772,#8793,#8794));
#8749 = ORIENTED_EDGE('',*,*,#8750,.F.);
#8750 = EDGE_CURVE('',#8751,#8702,#8753,.T.);
#8751 = VERTEX_POINT('',#8752);
#8752 = CARTESIAN_POINT('',(10.27001948125,-16.42358398437,17.8));
#8753 = SURFACE_CURVE('',#8754,(#8758,#8765),.PCURVE_S1.);
#8754 = B_SPLINE_CURVE_WITH_KNOTS('',2,(#8755,#8756,#8757),
  .UNSPECIFIED.,.F.,.F.,(3,3),(0.,1.),.PIECEWISE_BEZIER_KNOTS.);
#8755 = CARTESIAN_POINT('',(10.27001948125,-16.42358398437,17.8));
#8756 = CARTESIAN_POINT('',(10.6435546375,-16.27856445312,17.8));
#8757 = CARTESIAN_POINT('',(10.825927684375,-16.02587890625,17.8));
#8758 = PCURVE('',#1990,#8759);
#8759 = DEFINITIONAL_REPRESENTATION('',(#8760),#8764);
#8760 = LINE('',#8761,#8762);
#8761 = CARTESIAN_POINT('',(0.,0.));
#8762 = VECTOR('',#8763,1.);
#8763 = DIRECTION('',(1.,0.));
#8764 = ( GEOMETRIC_REPRESENTATION_CONTEXT(2) 
PARAMETRIC_REPRESENTATION_CONTEXT() REPRESENTATION_CONTEXT('2D SPACE',''
  ) );
#8765 = PCURVE('',#7271,#8766);
#8766 = DEFINITIONAL_REPRESENTATION('',(#8767),#8771);
#8767 = B_SPLINE_CURVE_WITH_KNOTS('',2,(#8768,#8769,#8770),
  .UNSPECIFIED.,.F.,.F.,(3,3),(0.,1.),.PIECEWISE_BEZIER_KNOTS.);
#8768 = CARTESIAN_POINT('',(3.97265625,0.7998046875));
#8769 = CARTESIAN_POINT('',(4.34619140625,0.94482421875));
#8770 = CARTESIAN_POINT('',(4.528564453125,1.197509765625));
#8771 = ( GEOMETRIC_REPRESENTATION_CONTEXT(2) 
PARAMETRIC_REPRESENTATION_CONTEXT() REPRESENTATION_CONTEXT('2D SPACE',''
  ) );
#8772 = ORIENTED_EDGE('',*,*,#8773,.T.);
#8773 = EDGE_CURVE('',#8751,#1919,#8774,.T.);
#8774 = SURFACE_CURVE('',#8775,(#8779,#8786),.PCURVE_S1.);
#8775 = LINE('',#8776,#8777);
#8776 = CARTESIAN_POINT('',(10.27001948125,-16.42358398437,17.8));
#8777 = VECTOR('',#8778,1.);
#8778 = DIRECTION('',(0.,0.,1.));
#8779 = PCURVE('',#1990,#8780);
#8780 = DEFINITIONAL_REPRESENTATION('',(#8781),#8785);
#8781 = LINE('',#8782,#8783);
#8782 = CARTESIAN_POINT('',(0.,0.));
#8783 = VECTOR('',#8784,1.);
#8784 = DIRECTION('',(0.,-1.));
#8785 = ( GEOMETRIC_REPRESENTATION_CONTEXT(2) 
PARAMETRIC_REPRESENTATION_CONTEXT() REPRESENTATION_CONTEXT('2D SPACE',''
  ) );
#8786 = PCURVE('',#1942,#8787);
#8787 = DEFINITIONAL_REPRESENTATION('',(#8788),#8792);
#8788 = LINE('',#8789,#8790);
#8789 = CARTESIAN_POINT('',(1.,0.));
#8790 = VECTOR('',#8791,1.);
#8791 = DIRECTION('',(0.,-1.));
#8792 = ( GEOMETRIC_REPRESENTATION_CONTEXT(2) 
PARAMETRIC_REPRESENTATION_CONTEXT() REPRESENTATION_CONTEXT('2D SPACE',''
  ) );
#8793 = ORIENTED_EDGE('',*,*,#1960,.F.);
#8794 = ORIENTED_EDGE('',*,*,#8724,.F.);
#8795 = ADVANCED_FACE('',(#8796),#1942,.F.);
#8796 = FACE_BOUND('',#8797,.F.);
#8797 = EDGE_LOOP('',(#8798,#8821,#8842,#8843));
#8798 = ORIENTED_EDGE('',*,*,#8799,.F.);
#8799 = EDGE_CURVE('',#8800,#8751,#8802,.T.);
#8800 = VERTEX_POINT('',#8801);
#8801 = CARTESIAN_POINT('',(9.40869135625,-16.56860351562,17.8));
#8802 = SURFACE_CURVE('',#8803,(#8807,#8814),.PCURVE_S1.);
#8803 = B_SPLINE_CURVE_WITH_KNOTS('',2,(#8804,#8805,#8806),
  .UNSPECIFIED.,.F.,.F.,(3,3),(0.,1.),.PIECEWISE_BEZIER_KNOTS.);
#8804 = CARTESIAN_POINT('',(9.40869135625,-16.56860351562,17.8));
#8805 = CARTESIAN_POINT('',(9.896484325,-16.56860351562,17.8));
#8806 = CARTESIAN_POINT('',(10.27001948125,-16.42358398437,17.8));
#8807 = PCURVE('',#1942,#8808);
#8808 = DEFINITIONAL_REPRESENTATION('',(#8809),#8813);
#8809 = LINE('',#8810,#8811);
#8810 = CARTESIAN_POINT('',(0.,0.));
#8811 = VECTOR('',#8812,1.);
#8812 = DIRECTION('',(1.,0.));
#8813 = ( GEOMETRIC_REPRESENTATION_CONTEXT(2) 
PARAMETRIC_REPRESENTATION_CONTEXT() REPRESENTATION_CONTEXT('2D SPACE',''
  ) );
#8814 = PCURVE('',#7271,#8815);
#8815 = DEFINITIONAL_REPRESENTATION('',(#8816),#8820);
#8816 = B_SPLINE_CURVE_WITH_KNOTS('',2,(#8817,#8818,#8819),
  .UNSPECIFIED.,.F.,.F.,(3,3),(0.,1.),.PIECEWISE_BEZIER_KNOTS.);
#8817 = CARTESIAN_POINT('',(3.111328125,0.65478515625));
#8818 = CARTESIAN_POINT('',(3.59912109375,0.65478515625));
#8819 = CARTESIAN_POINT('',(3.97265625,0.7998046875));
#8820 = ( GEOMETRIC_REPRESENTATION_CONTEXT(2) 
PARAMETRIC_REPRESENTATION_CONTEXT() REPRESENTATION_CONTEXT('2D SPACE',''
  ) );
#8821 = ORIENTED_EDGE('',*,*,#8822,.T.);
#8822 = EDGE_CURVE('',#8800,#1868,#8823,.T.);
#8823 = SURFACE_CURVE('',#8824,(#8828,#8835),.PCURVE_S1.);
#8824 = LINE('',#8825,#8826);
#8825 = CARTESIAN_POINT('',(9.40869135625,-16.56860351562,17.8));
#8826 = VECTOR('',#8827,1.);
#8827 = DIRECTION('',(0.,0.,1.));
#8828 = PCURVE('',#1942,#8829);
#8829 = DEFINITIONAL_REPRESENTATION('',(#8830),#8834);
#8830 = LINE('',#8831,#8832);
#8831 = CARTESIAN_POINT('',(0.,0.));
#8832 = VECTOR('',#8833,1.);
#8833 = DIRECTION('',(0.,-1.));
#8834 = ( GEOMETRIC_REPRESENTATION_CONTEXT(2) 
PARAMETRIC_REPRESENTATION_CONTEXT() REPRESENTATION_CONTEXT('2D SPACE',''
  ) );
#8835 = PCURVE('',#1897,#8836);
#8836 = DEFINITIONAL_REPRESENTATION('',(#8837),#8841);
#8837 = LINE('',#8838,#8839);
#8838 = CARTESIAN_POINT('',(1.,0.));
#8839 = VECTOR('',#8840,1.);
#8840 = DIRECTION('',(0.,-1.));
#8841 = ( GEOMETRIC_REPRESENTATION_CONTEXT(2) 
PARAMETRIC_REPRESENTATION_CONTEXT() REPRESENTATION_CONTEXT('2D SPACE',''
  ) );
#8842 = ORIENTED_EDGE('',*,*,#1918,.F.);
#8843 = ORIENTED_EDGE('',*,*,#8773,.F.);
#8844 = ADVANCED_FACE('',(#8845),#1897,.F.);
#8845 = FACE_BOUND('',#8846,.F.);
#8846 = EDGE_LOOP('',(#8847,#8870,#8891,#8892));
#8847 = ORIENTED_EDGE('',*,*,#8848,.F.);
#8848 = EDGE_CURVE('',#8849,#8800,#8851,.T.);
#8849 = VERTEX_POINT('',#8850);
#8850 = CARTESIAN_POINT('',(8.419921825,-16.37744140625,17.8));
#8851 = SURFACE_CURVE('',#8852,(#8856,#8863),.PCURVE_S1.);
#8852 = B_SPLINE_CURVE_WITH_KNOTS('',2,(#8853,#8854,#8855),
  .UNSPECIFIED.,.F.,.F.,(3,3),(0.,1.),.PIECEWISE_BEZIER_KNOTS.);
#8853 = CARTESIAN_POINT('',(8.419921825,-16.37744140625,17.8));
#8854 = CARTESIAN_POINT('',(8.85937495,-16.56860351562,17.8));
#8855 = CARTESIAN_POINT('',(9.40869135625,-16.56860351562,17.8));
#8856 = PCURVE('',#1897,#8857);
#8857 = DEFINITIONAL_REPRESENTATION('',(#8858),#8862);
#8858 = LINE('',#8859,#8860);
#8859 = CARTESIAN_POINT('',(0.,0.));
#8860 = VECTOR('',#8861,1.);
#8861 = DIRECTION('',(1.,0.));
#8862 = ( GEOMETRIC_REPRESENTATION_CONTEXT(2) 
PARAMETRIC_REPRESENTATION_CONTEXT() REPRESENTATION_CONTEXT('2D SPACE',''
  ) );
#8863 = PCURVE('',#7271,#8864);
#8864 = DEFINITIONAL_REPRESENTATION('',(#8865),#8869);
#8865 = B_SPLINE_CURVE_WITH_KNOTS('',2,(#8866,#8867,#8868),
  .UNSPECIFIED.,.F.,.F.,(3,3),(0.,1.),.PIECEWISE_BEZIER_KNOTS.);
#8866 = CARTESIAN_POINT('',(2.12255859375,0.845947265625));
#8867 = CARTESIAN_POINT('',(2.56201171875,0.65478515625));
#8868 = CARTESIAN_POINT('',(3.111328125,0.65478515625));
#8869 = ( GEOMETRIC_REPRESENTATION_CONTEXT(2) 
PARAMETRIC_REPRESENTATION_CONTEXT() REPRESENTATION_CONTEXT('2D SPACE',''
  ) );
#8870 = ORIENTED_EDGE('',*,*,#8871,.T.);
#8871 = EDGE_CURVE('',#8849,#1817,#8872,.T.);
#8872 = SURFACE_CURVE('',#8873,(#8877,#8884),.PCURVE_S1.);
#8873 = LINE('',#8874,#8875);
#8874 = CARTESIAN_POINT('',(8.419921825,-16.37744140625,17.8));
#8875 = VECTOR('',#8876,1.);
#8876 = DIRECTION('',(0.,0.,1.));
#8877 = PCURVE('',#1897,#8878);
#8878 = DEFINITIONAL_REPRESENTATION('',(#8879),#8883);
#8879 = LINE('',#8880,#8881);
#8880 = CARTESIAN_POINT('',(0.,0.));
#8881 = VECTOR('',#8882,1.);
#8882 = DIRECTION('',(0.,-1.));
#8883 = ( GEOMETRIC_REPRESENTATION_CONTEXT(2) 
PARAMETRIC_REPRESENTATION_CONTEXT() REPRESENTATION_CONTEXT('2D SPACE',''
  ) );
#8884 = PCURVE('',#1846,#8885);
#8885 = DEFINITIONAL_REPRESENTATION('',(#8886),#8890);
#8886 = LINE('',#8887,#8888);
#8887 = CARTESIAN_POINT('',(1.,0.));
#8888 = VECTOR('',#8889,1.);
#8889 = DIRECTION('',(0.,-1.));
#8890 = ( GEOMETRIC_REPRESENTATION_CONTEXT(2) 
PARAMETRIC_REPRESENTATION_CONTEXT() REPRESENTATION_CONTEXT('2D SPACE',''
  ) );
#8891 = ORIENTED_EDGE('',*,*,#1867,.F.);
#8892 = ORIENTED_EDGE('',*,*,#8822,.F.);
#8893 = ADVANCED_FACE('',(#8894),#1846,.F.);
#8894 = FACE_BOUND('',#8895,.F.);
#8895 = EDGE_LOOP('',(#8896,#8919,#8940,#8941));
#8896 = ORIENTED_EDGE('',*,*,#8897,.F.);
#8897 = EDGE_CURVE('',#8898,#8849,#8900,.T.);
#8898 = VERTEX_POINT('',#8899);
#8899 = CARTESIAN_POINT('',(7.771728465625,-15.87646484375,17.8));
#8900 = SURFACE_CURVE('',#8901,(#8905,#8912),.PCURVE_S1.);
#8901 = B_SPLINE_CURVE_WITH_KNOTS('',2,(#8902,#8903,#8904),
  .UNSPECIFIED.,.F.,.F.,(3,3),(0.,1.),.PIECEWISE_BEZIER_KNOTS.);
#8902 = CARTESIAN_POINT('',(7.771728465625,-15.87646484375,17.8));
#8903 = CARTESIAN_POINT('',(7.9804687,-16.18627929687,17.8));
#8904 = CARTESIAN_POINT('',(8.419921825,-16.37744140625,17.8));
#8905 = PCURVE('',#1846,#8906);
#8906 = DEFINITIONAL_REPRESENTATION('',(#8907),#8911);
#8907 = LINE('',#8908,#8909);
#8908 = CARTESIAN_POINT('',(0.,0.));
#8909 = VECTOR('',#8910,1.);
#8910 = DIRECTION('',(1.,0.));
#8911 = ( GEOMETRIC_REPRESENTATION_CONTEXT(2) 
PARAMETRIC_REPRESENTATION_CONTEXT() REPRESENTATION_CONTEXT('2D SPACE',''
  ) );
#8912 = PCURVE('',#7271,#8913);
#8913 = DEFINITIONAL_REPRESENTATION('',(#8914),#8918);
#8914 = B_SPLINE_CURVE_WITH_KNOTS('',2,(#8915,#8916,#8917),
  .UNSPECIFIED.,.F.,.F.,(3,3),(0.,1.),.PIECEWISE_BEZIER_KNOTS.);
#8915 = CARTESIAN_POINT('',(1.474365234375,1.346923828125));
#8916 = CARTESIAN_POINT('',(1.68310546875,1.037109375));
#8917 = CARTESIAN_POINT('',(2.12255859375,0.845947265625));
#8918 = ( GEOMETRIC_REPRESENTATION_CONTEXT(2) 
PARAMETRIC_REPRESENTATION_CONTEXT() REPRESENTATION_CONTEXT('2D SPACE',''
  ) );
#8919 = ORIENTED_EDGE('',*,*,#8920,.T.);
#8920 = EDGE_CURVE('',#8898,#1766,#8921,.T.);
#8921 = SURFACE_CURVE('',#8922,(#8926,#8933),.PCURVE_S1.);
#8922 = LINE('',#8923,#8924);
#8923 = CARTESIAN_POINT('',(7.771728465625,-15.87646484375,17.8));
#8924 = VECTOR('',#8925,1.);
#8925 = DIRECTION('',(0.,0.,1.));
#8926 = PCURVE('',#1846,#8927);
#8927 = DEFINITIONAL_REPRESENTATION('',(#8928),#8932);
#8928 = LINE('',#8929,#8930);
#8929 = CARTESIAN_POINT('',(0.,0.));
#8930 = VECTOR('',#8931,1.);
#8931 = DIRECTION('',(0.,-1.));
#8932 = ( GEOMETRIC_REPRESENTATION_CONTEXT(2) 
PARAMETRIC_REPRESENTATION_CONTEXT() REPRESENTATION_CONTEXT('2D SPACE',''
  ) );
#8933 = PCURVE('',#1795,#8934);
#8934 = DEFINITIONAL_REPRESENTATION('',(#8935),#8939);
#8935 = LINE('',#8936,#8937);
#8936 = CARTESIAN_POINT('',(1.,0.));
#8937 = VECTOR('',#8938,1.);
#8938 = DIRECTION('',(0.,-1.));
#8939 = ( GEOMETRIC_REPRESENTATION_CONTEXT(2) 
PARAMETRIC_REPRESENTATION_CONTEXT() REPRESENTATION_CONTEXT('2D SPACE',''
  ) );
#8940 = ORIENTED_EDGE('',*,*,#1816,.F.);
#8941 = ORIENTED_EDGE('',*,*,#8871,.F.);
#8942 = ADVANCED_FACE('',(#8943),#1795,.F.);
#8943 = FACE_BOUND('',#8944,.F.);
#8944 = EDGE_LOOP('',(#8945,#8966,#8967,#8968));
#8945 = ORIENTED_EDGE('',*,*,#8946,.F.);
#8946 = EDGE_CURVE('',#7256,#8898,#8947,.T.);
#8947 = SURFACE_CURVE('',#8948,(#8952,#8959),.PCURVE_S1.);
#8948 = B_SPLINE_CURVE_WITH_KNOTS('',2,(#8949,#8950,#8951),
  .UNSPECIFIED.,.F.,.F.,(3,3),(0.,1.),.PIECEWISE_BEZIER_KNOTS.);
#8949 = CARTESIAN_POINT('',(7.505859325,-15.08325195312,17.8));
#8950 = CARTESIAN_POINT('',(7.56298823125,-15.56665039062,17.8));
#8951 = CARTESIAN_POINT('',(7.771728465625,-15.87646484375,17.8));
#8952 = PCURVE('',#1795,#8953);
#8953 = DEFINITIONAL_REPRESENTATION('',(#8954),#8958);
#8954 = LINE('',#8955,#8956);
#8955 = CARTESIAN_POINT('',(0.,0.));
#8956 = VECTOR('',#8957,1.);
#8957 = DIRECTION('',(1.,0.));
#8958 = ( GEOMETRIC_REPRESENTATION_CONTEXT(2) 
PARAMETRIC_REPRESENTATION_CONTEXT() REPRESENTATION_CONTEXT('2D SPACE',''
  ) );
#8959 = PCURVE('',#7271,#8960);
#8960 = DEFINITIONAL_REPRESENTATION('',(#8961),#8965);
#8961 = B_SPLINE_CURVE_WITH_KNOTS('',2,(#8962,#8963,#8964),
  .UNSPECIFIED.,.F.,.F.,(3,3),(0.,1.),.PIECEWISE_BEZIER_KNOTS.);
#8962 = CARTESIAN_POINT('',(1.20849609375,2.14013671875));
#8963 = CARTESIAN_POINT('',(1.265625,1.65673828125));
#8964 = CARTESIAN_POINT('',(1.474365234375,1.346923828125));
#8965 = ( GEOMETRIC_REPRESENTATION_CONTEXT(2) 
PARAMETRIC_REPRESENTATION_CONTEXT() REPRESENTATION_CONTEXT('2D SPACE',''
  ) );
#8966 = ORIENTED_EDGE('',*,*,#7305,.T.);
#8967 = ORIENTED_EDGE('',*,*,#1765,.F.);
#8968 = ORIENTED_EDGE('',*,*,#8920,.F.);
#8969 = ADVANCED_FACE('',(#8970),#3584,.F.);
#8970 = FACE_BOUND('',#8971,.F.);
#8971 = EDGE_LOOP('',(#8972,#9002,#9023,#9024));
#8972 = ORIENTED_EDGE('',*,*,#8973,.F.);
#8973 = EDGE_CURVE('',#8974,#8976,#8978,.T.);
#8974 = VERTEX_POINT('',#8975);
#8975 = CARTESIAN_POINT('',(-9.309814453125,10.77880859375,17.8));
#8976 = VERTEX_POINT('',#8977);
#8977 = CARTESIAN_POINT('',(-10.16235351562,10.77880859375,17.8));
#8978 = SURFACE_CURVE('',#8979,(#8983,#8990),.PCURVE_S1.);
#8979 = LINE('',#8980,#8981);
#8980 = CARTESIAN_POINT('',(-9.309814453125,10.77880859375,17.8));
#8981 = VECTOR('',#8982,1.);
#8982 = DIRECTION('',(-1.,0.,0.));
#8983 = PCURVE('',#3584,#8984);
#8984 = DEFINITIONAL_REPRESENTATION('',(#8985),#8989);
#8985 = LINE('',#8986,#8987);
#8986 = CARTESIAN_POINT('',(0.,-0.));
#8987 = VECTOR('',#8988,1.);
#8988 = DIRECTION('',(1.,0.));
#8989 = ( GEOMETRIC_REPRESENTATION_CONTEXT(2) 
PARAMETRIC_REPRESENTATION_CONTEXT() REPRESENTATION_CONTEXT('2D SPACE',''
  ) );
#8990 = PCURVE('',#8991,#8996);
#8991 = PLANE('',#8992);
#8992 = AXIS2_PLACEMENT_3D('',#8993,#8994,#8995);
#8993 = CARTESIAN_POINT('',(-10.85668945312,10.77880859375,17.8));
#8994 = DIRECTION('',(0.,0.,1.));
#8995 = DIRECTION('',(1.,0.,0.));
#8996 = DEFINITIONAL_REPRESENTATION('',(#8997),#9001);
#8997 = LINE('',#8998,#8999);
#8998 = CARTESIAN_POINT('',(1.546875,0.));
#8999 = VECTOR('',#9000,1.);
#9000 = DIRECTION('',(-1.,0.));
#9001 = ( GEOMETRIC_REPRESENTATION_CONTEXT(2) 
PARAMETRIC_REPRESENTATION_CONTEXT() REPRESENTATION_CONTEXT('2D SPACE',''
  ) );
#9002 = ORIENTED_EDGE('',*,*,#9003,.T.);
#9003 = EDGE_CURVE('',#8974,#3570,#9004,.T.);
#9004 = SURFACE_CURVE('',#9005,(#9009,#9016),.PCURVE_S1.);
#9005 = LINE('',#9006,#9007);
#9006 = CARTESIAN_POINT('',(-9.309814453125,10.77880859375,17.8));
#9007 = VECTOR('',#9008,1.);
#9008 = DIRECTION('',(0.,0.,1.));
#9009 = PCURVE('',#3584,#9010);
#9010 = DEFINITIONAL_REPRESENTATION('',(#9011),#9015);
#9011 = LINE('',#9012,#9013);
#9012 = CARTESIAN_POINT('',(0.,-0.));
#9013 = VECTOR('',#9014,1.);
#9014 = DIRECTION('',(0.,-1.));
#9015 = ( GEOMETRIC_REPRESENTATION_CONTEXT(2) 
PARAMETRIC_REPRESENTATION_CONTEXT() REPRESENTATION_CONTEXT('2D SPACE',''
  ) );
#9016 = PCURVE('',#4016,#9017);
#9017 = DEFINITIONAL_REPRESENTATION('',(#9018),#9022);
#9018 = LINE('',#9019,#9020);
#9019 = CARTESIAN_POINT('',(2.619140625,0.));
#9020 = VECTOR('',#9021,1.);
#9021 = DIRECTION('',(0.,-1.));
#9022 = ( GEOMETRIC_REPRESENTATION_CONTEXT(2) 
PARAMETRIC_REPRESENTATION_CONTEXT() REPRESENTATION_CONTEXT('2D SPACE',''
  ) );
#9023 = ORIENTED_EDGE('',*,*,#3567,.F.);
#9024 = ORIENTED_EDGE('',*,*,#9025,.F.);
#9025 = EDGE_CURVE('',#8976,#3568,#9026,.T.);
#9026 = SURFACE_CURVE('',#9027,(#9031,#9038),.PCURVE_S1.);
#9027 = LINE('',#9028,#9029);
#9028 = CARTESIAN_POINT('',(-10.16235351562,10.77880859375,17.8));
#9029 = VECTOR('',#9030,1.);
#9030 = DIRECTION('',(0.,0.,1.));
#9031 = PCURVE('',#3584,#9032);
#9032 = DEFINITIONAL_REPRESENTATION('',(#9033),#9037);
#9033 = LINE('',#9034,#9035);
#9034 = CARTESIAN_POINT('',(0.8525390625,0.));
#9035 = VECTOR('',#9036,1.);
#9036 = DIRECTION('',(0.,-1.));
#9037 = ( GEOMETRIC_REPRESENTATION_CONTEXT(2) 
PARAMETRIC_REPRESENTATION_CONTEXT() REPRESENTATION_CONTEXT('2D SPACE',''
  ) );
#9038 = PCURVE('',#3610,#9039);
#9039 = DEFINITIONAL_REPRESENTATION('',(#9040),#9044);
#9040 = LINE('',#9041,#9042);
#9041 = CARTESIAN_POINT('',(0.,0.));
#9042 = VECTOR('',#9043,1.);
#9043 = DIRECTION('',(0.,-1.));
#9044 = ( GEOMETRIC_REPRESENTATION_CONTEXT(2) 
PARAMETRIC_REPRESENTATION_CONTEXT() REPRESENTATION_CONTEXT('2D SPACE',''
  ) );
#9045 = ADVANCED_FACE('',(#9046),#3610,.F.);
#9046 = FACE_BOUND('',#9047,.F.);
#9047 = EDGE_LOOP('',(#9048,#9071,#9072,#9073));
#9048 = ORIENTED_EDGE('',*,*,#9049,.F.);
#9049 = EDGE_CURVE('',#8976,#9050,#9052,.T.);
#9050 = VERTEX_POINT('',#9051);
#9051 = CARTESIAN_POINT('',(-10.16235351562,17.22119140625,17.8));
#9052 = SURFACE_CURVE('',#9053,(#9057,#9064),.PCURVE_S1.);
#9053 = LINE('',#9054,#9055);
#9054 = CARTESIAN_POINT('',(-10.16235351562,10.77880859375,17.8));
#9055 = VECTOR('',#9056,1.);
#9056 = DIRECTION('',(0.,1.,0.));
#9057 = PCURVE('',#3610,#9058);
#9058 = DEFINITIONAL_REPRESENTATION('',(#9059),#9063);
#9059 = LINE('',#9060,#9061);
#9060 = CARTESIAN_POINT('',(0.,0.));
#9061 = VECTOR('',#9062,1.);
#9062 = DIRECTION('',(1.,0.));
#9063 = ( GEOMETRIC_REPRESENTATION_CONTEXT(2) 
PARAMETRIC_REPRESENTATION_CONTEXT() REPRESENTATION_CONTEXT('2D SPACE',''
  ) );
#9064 = PCURVE('',#8991,#9065);
#9065 = DEFINITIONAL_REPRESENTATION('',(#9066),#9070);
#9066 = LINE('',#9067,#9068);
#9067 = CARTESIAN_POINT('',(0.6943359375,0.));
#9068 = VECTOR('',#9069,1.);
#9069 = DIRECTION('',(0.,1.));
#9070 = ( GEOMETRIC_REPRESENTATION_CONTEXT(2) 
PARAMETRIC_REPRESENTATION_CONTEXT() REPRESENTATION_CONTEXT('2D SPACE',''
  ) );
#9071 = ORIENTED_EDGE('',*,*,#9025,.T.);
#9072 = ORIENTED_EDGE('',*,*,#3595,.F.);
#9073 = ORIENTED_EDGE('',*,*,#9074,.F.);
#9074 = EDGE_CURVE('',#9050,#3596,#9075,.T.);
#9075 = SURFACE_CURVE('',#9076,(#9080,#9087),.PCURVE_S1.);
#9076 = LINE('',#9077,#9078);
#9077 = CARTESIAN_POINT('',(-10.16235351562,17.22119140625,17.8));
#9078 = VECTOR('',#9079,1.);
#9079 = DIRECTION('',(0.,0.,1.));
#9080 = PCURVE('',#3610,#9081);
#9081 = DEFINITIONAL_REPRESENTATION('',(#9082),#9086);
#9082 = LINE('',#9083,#9084);
#9083 = CARTESIAN_POINT('',(6.4423828125,0.));
#9084 = VECTOR('',#9085,1.);
#9085 = DIRECTION('',(0.,-1.));
#9086 = ( GEOMETRIC_REPRESENTATION_CONTEXT(2) 
PARAMETRIC_REPRESENTATION_CONTEXT() REPRESENTATION_CONTEXT('2D SPACE',''
  ) );
#9087 = PCURVE('',#3636,#9088);
#9088 = DEFINITIONAL_REPRESENTATION('',(#9089),#9093);
#9089 = LINE('',#9090,#9091);
#9090 = CARTESIAN_POINT('',(0.,0.));
#9091 = VECTOR('',#9092,1.);
#9092 = DIRECTION('',(0.,-1.));
#9093 = ( GEOMETRIC_REPRESENTATION_CONTEXT(2) 
PARAMETRIC_REPRESENTATION_CONTEXT() REPRESENTATION_CONTEXT('2D SPACE',''
  ) );
#9094 = ADVANCED_FACE('',(#9095),#4016,.F.);
#9095 = FACE_BOUND('',#9096,.F.);
#9096 = EDGE_LOOP('',(#9097,#9120,#9141,#9142));
#9097 = ORIENTED_EDGE('',*,*,#9098,.F.);
#9098 = EDGE_CURVE('',#9099,#8974,#9101,.T.);
#9099 = VERTEX_POINT('',#9100);
#9100 = CARTESIAN_POINT('',(-9.309814453125,13.39794921875,17.8));
#9101 = SURFACE_CURVE('',#9102,(#9106,#9113),.PCURVE_S1.);
#9102 = LINE('',#9103,#9104);
#9103 = CARTESIAN_POINT('',(-9.309814453125,13.39794921875,17.8));
#9104 = VECTOR('',#9105,1.);
#9105 = DIRECTION('',(0.,-1.,0.));
#9106 = PCURVE('',#4016,#9107);
#9107 = DEFINITIONAL_REPRESENTATION('',(#9108),#9112);
#9108 = LINE('',#9109,#9110);
#9109 = CARTESIAN_POINT('',(0.,0.));
#9110 = VECTOR('',#9111,1.);
#9111 = DIRECTION('',(1.,0.));
#9112 = ( GEOMETRIC_REPRESENTATION_CONTEXT(2) 
PARAMETRIC_REPRESENTATION_CONTEXT() REPRESENTATION_CONTEXT('2D SPACE',''
  ) );
#9113 = PCURVE('',#8991,#9114);
#9114 = DEFINITIONAL_REPRESENTATION('',(#9115),#9119);
#9115 = LINE('',#9116,#9117);
#9116 = CARTESIAN_POINT('',(1.546875,2.619140625));
#9117 = VECTOR('',#9118,1.);
#9118 = DIRECTION('',(0.,-1.));
#9119 = ( GEOMETRIC_REPRESENTATION_CONTEXT(2) 
PARAMETRIC_REPRESENTATION_CONTEXT() REPRESENTATION_CONTEXT('2D SPACE',''
  ) );
#9120 = ORIENTED_EDGE('',*,*,#9121,.T.);
#9121 = EDGE_CURVE('',#9099,#3978,#9122,.T.);
#9122 = SURFACE_CURVE('',#9123,(#9127,#9134),.PCURVE_S1.);
#9123 = LINE('',#9124,#9125);
#9124 = CARTESIAN_POINT('',(-9.309814453125,13.39794921875,17.8));
#9125 = VECTOR('',#9126,1.);
#9126 = DIRECTION('',(0.,0.,1.));
#9127 = PCURVE('',#4016,#9128);
#9128 = DEFINITIONAL_REPRESENTATION('',(#9129),#9133);
#9129 = LINE('',#9130,#9131);
#9130 = CARTESIAN_POINT('',(0.,0.));
#9131 = VECTOR('',#9132,1.);
#9132 = DIRECTION('',(0.,-1.));
#9133 = ( GEOMETRIC_REPRESENTATION_CONTEXT(2) 
PARAMETRIC_REPRESENTATION_CONTEXT() REPRESENTATION_CONTEXT('2D SPACE',''
  ) );
#9134 = PCURVE('',#3992,#9135);
#9135 = DEFINITIONAL_REPRESENTATION('',(#9136),#9140);
#9136 = LINE('',#9137,#9138);
#9137 = CARTESIAN_POINT('',(1.65234375,0.));
#9138 = VECTOR('',#9139,1.);
#9139 = DIRECTION('',(0.,-1.));
#9140 = ( GEOMETRIC_REPRESENTATION_CONTEXT(2) 
PARAMETRIC_REPRESENTATION_CONTEXT() REPRESENTATION_CONTEXT('2D SPACE',''
  ) );
#9141 = ORIENTED_EDGE('',*,*,#4003,.F.);
#9142 = ORIENTED_EDGE('',*,*,#9003,.F.);
#9143 = ADVANCED_FACE('',(#9144),#3636,.F.);
#9144 = FACE_BOUND('',#9145,.F.);
#9145 = EDGE_LOOP('',(#9146,#9169,#9170,#9171));
#9146 = ORIENTED_EDGE('',*,*,#9147,.F.);
#9147 = EDGE_CURVE('',#9050,#9148,#9150,.T.);
#9148 = VERTEX_POINT('',#9149);
#9149 = CARTESIAN_POINT('',(-7.732177734375,17.22119140625,17.8));
#9150 = SURFACE_CURVE('',#9151,(#9155,#9162),.PCURVE_S1.);
#9151 = LINE('',#9152,#9153);
#9152 = CARTESIAN_POINT('',(-10.16235351562,17.22119140625,17.8));
#9153 = VECTOR('',#9154,1.);
#9154 = DIRECTION('',(1.,0.,0.));
#9155 = PCURVE('',#3636,#9156);
#9156 = DEFINITIONAL_REPRESENTATION('',(#9157),#9161);
#9157 = LINE('',#9158,#9159);
#9158 = CARTESIAN_POINT('',(0.,0.));
#9159 = VECTOR('',#9160,1.);
#9160 = DIRECTION('',(1.,0.));
#9161 = ( GEOMETRIC_REPRESENTATION_CONTEXT(2) 
PARAMETRIC_REPRESENTATION_CONTEXT() REPRESENTATION_CONTEXT('2D SPACE',''
  ) );
#9162 = PCURVE('',#8991,#9163);
#9163 = DEFINITIONAL_REPRESENTATION('',(#9164),#9168);
#9164 = LINE('',#9165,#9166);
#9165 = CARTESIAN_POINT('',(0.6943359375,6.4423828125));
#9166 = VECTOR('',#9167,1.);
#9167 = DIRECTION('',(1.,0.));
#9168 = ( GEOMETRIC_REPRESENTATION_CONTEXT(2) 
PARAMETRIC_REPRESENTATION_CONTEXT() REPRESENTATION_CONTEXT('2D SPACE',''
  ) );
#9169 = ORIENTED_EDGE('',*,*,#9074,.T.);
#9170 = ORIENTED_EDGE('',*,*,#3621,.F.);
#9171 = ORIENTED_EDGE('',*,*,#9172,.F.);
#9172 = EDGE_CURVE('',#9148,#3622,#9173,.T.);
#9173 = SURFACE_CURVE('',#9174,(#9178,#9185),.PCURVE_S1.);
#9174 = LINE('',#9175,#9176);
#9175 = CARTESIAN_POINT('',(-7.732177734375,17.22119140625,17.8));
#9176 = VECTOR('',#9177,1.);
#9177 = DIRECTION('',(0.,0.,1.));
#9178 = PCURVE('',#3636,#9179);
#9179 = DEFINITIONAL_REPRESENTATION('',(#9180),#9184);
#9180 = LINE('',#9181,#9182);
#9181 = CARTESIAN_POINT('',(2.43017578125,0.));
#9182 = VECTOR('',#9183,1.);
#9183 = DIRECTION('',(0.,-1.));
#9184 = ( GEOMETRIC_REPRESENTATION_CONTEXT(2) 
PARAMETRIC_REPRESENTATION_CONTEXT() REPRESENTATION_CONTEXT('2D SPACE',''
  ) );
#9185 = PCURVE('',#3671,#9186);
#9186 = DEFINITIONAL_REPRESENTATION('',(#9187),#9191);
#9187 = LINE('',#9188,#9189);
#9188 = CARTESIAN_POINT('',(0.,0.));
#9189 = VECTOR('',#9190,1.);
#9190 = DIRECTION('',(0.,-1.));
#9191 = ( GEOMETRIC_REPRESENTATION_CONTEXT(2) 
PARAMETRIC_REPRESENTATION_CONTEXT() REPRESENTATION_CONTEXT('2D SPACE',''
  ) );
#9192 = ADVANCED_FACE('',(#9193),#3992,.F.);
#9193 = FACE_BOUND('',#9194,.F.);
#9194 = EDGE_LOOP('',(#9195,#9218,#9239,#9240));
#9195 = ORIENTED_EDGE('',*,*,#9196,.F.);
#9196 = EDGE_CURVE('',#9197,#9099,#9199,.T.);
#9197 = VERTEX_POINT('',#9198);
#9198 = CARTESIAN_POINT('',(-7.657470703125,13.39794921875,17.8));
#9199 = SURFACE_CURVE('',#9200,(#9204,#9211),.PCURVE_S1.);
#9200 = LINE('',#9201,#9202);
#9201 = CARTESIAN_POINT('',(-7.657470703125,13.39794921875,17.8));
#9202 = VECTOR('',#9203,1.);
#9203 = DIRECTION('',(-1.,0.,0.));
#9204 = PCURVE('',#3992,#9205);
#9205 = DEFINITIONAL_REPRESENTATION('',(#9206),#9210);
#9206 = LINE('',#9207,#9208);
#9207 = CARTESIAN_POINT('',(0.,-0.));
#9208 = VECTOR('',#9209,1.);
#9209 = DIRECTION('',(1.,0.));
#9210 = ( GEOMETRIC_REPRESENTATION_CONTEXT(2) 
PARAMETRIC_REPRESENTATION_CONTEXT() REPRESENTATION_CONTEXT('2D SPACE',''
  ) );
#9211 = PCURVE('',#8991,#9212);
#9212 = DEFINITIONAL_REPRESENTATION('',(#9213),#9217);
#9213 = LINE('',#9214,#9215);
#9214 = CARTESIAN_POINT('',(3.19921875,2.619140625));
#9215 = VECTOR('',#9216,1.);
#9216 = DIRECTION('',(-1.,0.));
#9217 = ( GEOMETRIC_REPRESENTATION_CONTEXT(2) 
PARAMETRIC_REPRESENTATION_CONTEXT() REPRESENTATION_CONTEXT('2D SPACE',''
  ) );
#9218 = ORIENTED_EDGE('',*,*,#9219,.T.);
#9219 = EDGE_CURVE('',#9197,#3906,#9220,.T.);
#9220 = SURFACE_CURVE('',#9221,(#9225,#9232),.PCURVE_S1.);
#9221 = LINE('',#9222,#9223);
#9222 = CARTESIAN_POINT('',(-7.657470703125,13.39794921875,17.8));
#9223 = VECTOR('',#9224,1.);
#9224 = DIRECTION('',(0.,0.,1.));
#9225 = PCURVE('',#3992,#9226);
#9226 = DEFINITIONAL_REPRESENTATION('',(#9227),#9231);
#9227 = LINE('',#9228,#9229);
#9228 = CARTESIAN_POINT('',(0.,-0.));
#9229 = VECTOR('',#9230,1.);
#9230 = DIRECTION('',(0.,-1.));
#9231 = ( GEOMETRIC_REPRESENTATION_CONTEXT(2) 
PARAMETRIC_REPRESENTATION_CONTEXT() REPRESENTATION_CONTEXT('2D SPACE',''
  ) );
#9232 = PCURVE('',#3949,#9233);
#9233 = DEFINITIONAL_REPRESENTATION('',(#9234),#9238);
#9234 = LINE('',#9235,#9236);
#9235 = CARTESIAN_POINT('',(1.,0.));
#9236 = VECTOR('',#9237,1.);
#9237 = DIRECTION('',(0.,-1.));
#9238 = ( GEOMETRIC_REPRESENTATION_CONTEXT(2) 
PARAMETRIC_REPRESENTATION_CONTEXT() REPRESENTATION_CONTEXT('2D SPACE',''
  ) );
#9239 = ORIENTED_EDGE('',*,*,#3977,.F.);
#9240 = ORIENTED_EDGE('',*,*,#9121,.F.);
#9241 = ADVANCED_FACE('',(#9242),#3671,.F.);
#9242 = FACE_BOUND('',#9243,.F.);
#9243 = EDGE_LOOP('',(#9244,#9267,#9268,#9269));
#9244 = ORIENTED_EDGE('',*,*,#9245,.F.);
#9245 = EDGE_CURVE('',#9148,#9246,#9248,.T.);
#9246 = VERTEX_POINT('',#9247);
#9247 = CARTESIAN_POINT('',(-6.752197265625,17.15966796875,17.8));
#9248 = SURFACE_CURVE('',#9249,(#9253,#9260),.PCURVE_S1.);
#9249 = B_SPLINE_CURVE_WITH_KNOTS('',2,(#9250,#9251,#9252),
  .UNSPECIFIED.,.F.,.F.,(3,3),(0.,1.),.PIECEWISE_BEZIER_KNOTS.);
#9250 = CARTESIAN_POINT('',(-7.732177734375,17.22119140625,17.8));
#9251 = CARTESIAN_POINT('',(-7.090576171875,17.22119140625,17.8));
#9252 = CARTESIAN_POINT('',(-6.752197265625,17.15966796875,17.8));
#9253 = PCURVE('',#3671,#9254);
#9254 = DEFINITIONAL_REPRESENTATION('',(#9255),#9259);
#9255 = LINE('',#9256,#9257);
#9256 = CARTESIAN_POINT('',(0.,0.));
#9257 = VECTOR('',#9258,1.);
#9258 = DIRECTION('',(1.,0.));
#9259 = ( GEOMETRIC_REPRESENTATION_CONTEXT(2) 
PARAMETRIC_REPRESENTATION_CONTEXT() REPRESENTATION_CONTEXT('2D SPACE',''
  ) );
#9260 = PCURVE('',#8991,#9261);
#9261 = DEFINITIONAL_REPRESENTATION('',(#9262),#9266);
#9262 = B_SPLINE_CURVE_WITH_KNOTS('',2,(#9263,#9264,#9265),
  .UNSPECIFIED.,.F.,.F.,(3,3),(0.,1.),.PIECEWISE_BEZIER_KNOTS.);
#9263 = CARTESIAN_POINT('',(3.12451171875,6.4423828125));
#9264 = CARTESIAN_POINT('',(3.76611328125,6.4423828125));
#9265 = CARTESIAN_POINT('',(4.1044921875,6.380859375));
#9266 = ( GEOMETRIC_REPRESENTATION_CONTEXT(2) 
PARAMETRIC_REPRESENTATION_CONTEXT() REPRESENTATION_CONTEXT('2D SPACE',''
  ) );
#9267 = ORIENTED_EDGE('',*,*,#9172,.T.);
#9268 = ORIENTED_EDGE('',*,*,#3647,.F.);
#9269 = ORIENTED_EDGE('',*,*,#9270,.F.);
#9270 = EDGE_CURVE('',#9246,#3648,#9271,.T.);
#9271 = SURFACE_CURVE('',#9272,(#9276,#9283),.PCURVE_S1.);
#9272 = LINE('',#9273,#9274);
#9273 = CARTESIAN_POINT('',(-6.752197265625,17.15966796875,17.8));
#9274 = VECTOR('',#9275,1.);
#9275 = DIRECTION('',(0.,0.,1.));
#9276 = PCURVE('',#3671,#9277);
#9277 = DEFINITIONAL_REPRESENTATION('',(#9278),#9282);
#9278 = LINE('',#9279,#9280);
#9279 = CARTESIAN_POINT('',(1.,0.));
#9280 = VECTOR('',#9281,1.);
#9281 = DIRECTION('',(0.,-1.));
#9282 = ( GEOMETRIC_REPRESENTATION_CONTEXT(2) 
PARAMETRIC_REPRESENTATION_CONTEXT() REPRESENTATION_CONTEXT('2D SPACE',''
  ) );
#9283 = PCURVE('',#3719,#9284);
#9284 = DEFINITIONAL_REPRESENTATION('',(#9285),#9289);
#9285 = LINE('',#9286,#9287);
#9286 = CARTESIAN_POINT('',(0.,0.));
#9287 = VECTOR('',#9288,1.);
#9288 = DIRECTION('',(0.,-1.));
#9289 = ( GEOMETRIC_REPRESENTATION_CONTEXT(2) 
PARAMETRIC_REPRESENTATION_CONTEXT() REPRESENTATION_CONTEXT('2D SPACE',''
  ) );
#9290 = ADVANCED_FACE('',(#9291),#3949,.F.);
#9291 = FACE_BOUND('',#9292,.F.);
#9292 = EDGE_LOOP('',(#9293,#9316,#9337,#9338));
#9293 = ORIENTED_EDGE('',*,*,#9294,.F.);
#9294 = EDGE_CURVE('',#9295,#9197,#9297,.T.);
#9295 = VERTEX_POINT('',#9296);
#9296 = CARTESIAN_POINT('',(-5.767822265625,13.967041015625,17.8));
#9297 = SURFACE_CURVE('',#9298,(#9302,#9309),.PCURVE_S1.);
#9298 = B_SPLINE_CURVE_WITH_KNOTS('',2,(#9299,#9300,#9301),
  .UNSPECIFIED.,.F.,.F.,(3,3),(0.,1.),.PIECEWISE_BEZIER_KNOTS.);
#9299 = CARTESIAN_POINT('',(-5.767822265625,13.967041015625,17.8));
#9300 = CARTESIAN_POINT('',(-6.290771484375,13.39794921875,17.8));
#9301 = CARTESIAN_POINT('',(-7.657470703125,13.39794921875,17.8));
#9302 = PCURVE('',#3949,#9303);
#9303 = DEFINITIONAL_REPRESENTATION('',(#9304),#9308);
#9304 = LINE('',#9305,#9306);
#9305 = CARTESIAN_POINT('',(0.,0.));
#9306 = VECTOR('',#9307,1.);
#9307 = DIRECTION('',(1.,0.));
#9308 = ( GEOMETRIC_REPRESENTATION_CONTEXT(2) 
PARAMETRIC_REPRESENTATION_CONTEXT() REPRESENTATION_CONTEXT('2D SPACE',''
  ) );
#9309 = PCURVE('',#8991,#9310);
#9310 = DEFINITIONAL_REPRESENTATION('',(#9311),#9315);
#9311 = B_SPLINE_CURVE_WITH_KNOTS('',2,(#9312,#9313,#9314),
  .UNSPECIFIED.,.F.,.F.,(3,3),(0.,1.),.PIECEWISE_BEZIER_KNOTS.);
#9312 = CARTESIAN_POINT('',(5.0888671875,3.188232421875));
#9313 = CARTESIAN_POINT('',(4.56591796875,2.619140625));
#9314 = CARTESIAN_POINT('',(3.19921875,2.619140625));
#9315 = ( GEOMETRIC_REPRESENTATION_CONTEXT(2) 
PARAMETRIC_REPRESENTATION_CONTEXT() REPRESENTATION_CONTEXT('2D SPACE',''
  ) );
#9316 = ORIENTED_EDGE('',*,*,#9317,.T.);
#9317 = EDGE_CURVE('',#9295,#3843,#9318,.T.);
#9318 = SURFACE_CURVE('',#9319,(#9323,#9330),.PCURVE_S1.);
#9319 = LINE('',#9320,#9321);
#9320 = CARTESIAN_POINT('',(-5.767822265625,13.967041015625,17.8));
#9321 = VECTOR('',#9322,1.);
#9322 = DIRECTION('',(0.,0.,1.));
#9323 = PCURVE('',#3949,#9324);
#9324 = DEFINITIONAL_REPRESENTATION('',(#9325),#9329);
#9325 = LINE('',#9326,#9327);
#9326 = CARTESIAN_POINT('',(0.,0.));
#9327 = VECTOR('',#9328,1.);
#9328 = DIRECTION('',(0.,-1.));
#9329 = ( GEOMETRIC_REPRESENTATION_CONTEXT(2) 
PARAMETRIC_REPRESENTATION_CONTEXT() REPRESENTATION_CONTEXT('2D SPACE',''
  ) );
#9330 = PCURVE('',#3880,#9331);
#9331 = DEFINITIONAL_REPRESENTATION('',(#9332),#9336);
#9332 = LINE('',#9333,#9334);
#9333 = CARTESIAN_POINT('',(1.,0.));
#9334 = VECTOR('',#9335,1.);
#9335 = DIRECTION('',(0.,-1.));
#9336 = ( GEOMETRIC_REPRESENTATION_CONTEXT(2) 
PARAMETRIC_REPRESENTATION_CONTEXT() REPRESENTATION_CONTEXT('2D SPACE',''
  ) );
#9337 = ORIENTED_EDGE('',*,*,#3905,.F.);
#9338 = ORIENTED_EDGE('',*,*,#9219,.F.);
#9339 = ADVANCED_FACE('',(#9340),#3719,.F.);
#9340 = FACE_BOUND('',#9341,.F.);
#9341 = EDGE_LOOP('',(#9342,#9365,#9366,#9367));
#9342 = ORIENTED_EDGE('',*,*,#9343,.F.);
#9343 = EDGE_CURVE('',#9246,#9344,#9346,.T.);
#9344 = VERTEX_POINT('',#9345);
#9345 = CARTESIAN_POINT('',(-5.956787109375,16.858642578125,17.8));
#9346 = SURFACE_CURVE('',#9347,(#9351,#9358),.PCURVE_S1.);
#9347 = B_SPLINE_CURVE_WITH_KNOTS('',2,(#9348,#9349,#9350),
  .UNSPECIFIED.,.F.,.F.,(3,3),(0.,1.),.PIECEWISE_BEZIER_KNOTS.);
#9348 = CARTESIAN_POINT('',(-6.752197265625,17.15966796875,17.8));
#9349 = CARTESIAN_POINT('',(-6.277587890625,17.08056640625,17.8));
#9350 = CARTESIAN_POINT('',(-5.956787109375,16.858642578125,17.8));
#9351 = PCURVE('',#3719,#9352);
#9352 = DEFINITIONAL_REPRESENTATION('',(#9353),#9357);
#9353 = LINE('',#9354,#9355);
#9354 = CARTESIAN_POINT('',(0.,0.));
#9355 = VECTOR('',#9356,1.);
#9356 = DIRECTION('',(1.,0.));
#9357 = ( GEOMETRIC_REPRESENTATION_CONTEXT(2) 
PARAMETRIC_REPRESENTATION_CONTEXT() REPRESENTATION_CONTEXT('2D SPACE',''
  ) );
#9358 = PCURVE('',#8991,#9359);
#9359 = DEFINITIONAL_REPRESENTATION('',(#9360),#9364);
#9360 = B_SPLINE_CURVE_WITH_KNOTS('',2,(#9361,#9362,#9363),
  .UNSPECIFIED.,.F.,.F.,(3,3),(0.,1.),.PIECEWISE_BEZIER_KNOTS.);
#9361 = CARTESIAN_POINT('',(4.1044921875,6.380859375));
#9362 = CARTESIAN_POINT('',(4.5791015625,6.3017578125));
#9363 = CARTESIAN_POINT('',(4.89990234375,6.079833984375));
#9364 = ( GEOMETRIC_REPRESENTATION_CONTEXT(2) 
PARAMETRIC_REPRESENTATION_CONTEXT() REPRESENTATION_CONTEXT('2D SPACE',''
  ) );
#9365 = ORIENTED_EDGE('',*,*,#9270,.T.);
#9366 = ORIENTED_EDGE('',*,*,#3689,.F.);
#9367 = ORIENTED_EDGE('',*,*,#9368,.F.);
#9368 = EDGE_CURVE('',#9344,#3690,#9369,.T.);
#9369 = SURFACE_CURVE('',#9370,(#9374,#9381),.PCURVE_S1.);
#9370 = LINE('',#9371,#9372);
#9371 = CARTESIAN_POINT('',(-5.956787109375,16.858642578125,17.8));
#9372 = VECTOR('',#9373,1.);
#9373 = DIRECTION('',(0.,0.,1.));
#9374 = PCURVE('',#3719,#9375);
#9375 = DEFINITIONAL_REPRESENTATION('',(#9376),#9380);
#9376 = LINE('',#9377,#9378);
#9377 = CARTESIAN_POINT('',(1.,0.));
#9378 = VECTOR('',#9379,1.);
#9379 = DIRECTION('',(0.,-1.));
#9380 = ( GEOMETRIC_REPRESENTATION_CONTEXT(2) 
PARAMETRIC_REPRESENTATION_CONTEXT() REPRESENTATION_CONTEXT('2D SPACE',''
  ) );
#9381 = PCURVE('',#3770,#9382);
#9382 = DEFINITIONAL_REPRESENTATION('',(#9383),#9387);
#9383 = LINE('',#9384,#9385);
#9384 = CARTESIAN_POINT('',(0.,0.));
#9385 = VECTOR('',#9386,1.);
#9386 = DIRECTION('',(0.,-1.));
#9387 = ( GEOMETRIC_REPRESENTATION_CONTEXT(2) 
PARAMETRIC_REPRESENTATION_CONTEXT() REPRESENTATION_CONTEXT('2D SPACE',''
  ) );
#9388 = ADVANCED_FACE('',(#9389),#3880,.F.);
#9389 = FACE_BOUND('',#9390,.F.);
#9390 = EDGE_LOOP('',(#9391,#9414,#9435,#9436));
#9391 = ORIENTED_EDGE('',*,*,#9392,.F.);
#9392 = EDGE_CURVE('',#9393,#9295,#9395,.T.);
#9393 = VERTEX_POINT('',#9394);
#9394 = CARTESIAN_POINT('',(-5.244873046875,15.35791015625,17.8));
#9395 = SURFACE_CURVE('',#9396,(#9400,#9407),.PCURVE_S1.);
#9396 = B_SPLINE_CURVE_WITH_KNOTS('',2,(#9397,#9398,#9399),
  .UNSPECIFIED.,.F.,.F.,(3,3),(0.,1.),.PIECEWISE_BEZIER_KNOTS.);
#9397 = CARTESIAN_POINT('',(-5.244873046875,15.35791015625,17.8));
#9398 = CARTESIAN_POINT('',(-5.244873046875,14.5361328125,17.8));
#9399 = CARTESIAN_POINT('',(-5.767822265625,13.967041015625,17.8));
#9400 = PCURVE('',#3880,#9401);
#9401 = DEFINITIONAL_REPRESENTATION('',(#9402),#9406);
#9402 = LINE('',#9403,#9404);
#9403 = CARTESIAN_POINT('',(0.,0.));
#9404 = VECTOR('',#9405,1.);
#9405 = DIRECTION('',(1.,0.));
#9406 = ( GEOMETRIC_REPRESENTATION_CONTEXT(2) 
PARAMETRIC_REPRESENTATION_CONTEXT() REPRESENTATION_CONTEXT('2D SPACE',''
  ) );
#9407 = PCURVE('',#8991,#9408);
#9408 = DEFINITIONAL_REPRESENTATION('',(#9409),#9413);
#9409 = B_SPLINE_CURVE_WITH_KNOTS('',2,(#9410,#9411,#9412),
  .UNSPECIFIED.,.F.,.F.,(3,3),(0.,1.),.PIECEWISE_BEZIER_KNOTS.);
#9410 = CARTESIAN_POINT('',(5.61181640625,4.5791015625));
#9411 = CARTESIAN_POINT('',(5.61181640625,3.75732421875));
#9412 = CARTESIAN_POINT('',(5.0888671875,3.188232421875));
#9413 = ( GEOMETRIC_REPRESENTATION_CONTEXT(2) 
PARAMETRIC_REPRESENTATION_CONTEXT() REPRESENTATION_CONTEXT('2D SPACE',''
  ) );
#9414 = ORIENTED_EDGE('',*,*,#9415,.T.);
#9415 = EDGE_CURVE('',#9393,#3792,#9416,.T.);
#9416 = SURFACE_CURVE('',#9417,(#9421,#9428),.PCURVE_S1.);
#9417 = LINE('',#9418,#9419);
#9418 = CARTESIAN_POINT('',(-5.244873046875,15.35791015625,17.8));
#9419 = VECTOR('',#9420,1.);
#9420 = DIRECTION('',(0.,0.,1.));
#9421 = PCURVE('',#3880,#9422);
#9422 = DEFINITIONAL_REPRESENTATION('',(#9423),#9427);
#9423 = LINE('',#9424,#9425);
#9424 = CARTESIAN_POINT('',(0.,0.));
#9425 = VECTOR('',#9426,1.);
#9426 = DIRECTION('',(0.,-1.));
#9427 = ( GEOMETRIC_REPRESENTATION_CONTEXT(2) 
PARAMETRIC_REPRESENTATION_CONTEXT() REPRESENTATION_CONTEXT('2D SPACE',''
  ) );
#9428 = PCURVE('',#3821,#9429);
#9429 = DEFINITIONAL_REPRESENTATION('',(#9430),#9434);
#9430 = LINE('',#9431,#9432);
#9431 = CARTESIAN_POINT('',(1.,0.));
#9432 = VECTOR('',#9433,1.);
#9433 = DIRECTION('',(0.,-1.));
#9434 = ( GEOMETRIC_REPRESENTATION_CONTEXT(2) 
PARAMETRIC_REPRESENTATION_CONTEXT() REPRESENTATION_CONTEXT('2D SPACE',''
  ) );
#9435 = ORIENTED_EDGE('',*,*,#3842,.F.);
#9436 = ORIENTED_EDGE('',*,*,#9317,.F.);
#9437 = ADVANCED_FACE('',(#9438),#3770,.F.);
#9438 = FACE_BOUND('',#9439,.F.);
#9439 = EDGE_LOOP('',(#9440,#9463,#9464,#9465));
#9440 = ORIENTED_EDGE('',*,*,#9441,.F.);
#9441 = EDGE_CURVE('',#9344,#9442,#9444,.T.);
#9442 = VERTEX_POINT('',#9443);
#9443 = CARTESIAN_POINT('',(-5.4404296875,16.23681640625,17.8));
#9444 = SURFACE_CURVE('',#9445,(#9449,#9456),.PCURVE_S1.);
#9445 = B_SPLINE_CURVE_WITH_KNOTS('',2,(#9446,#9447,#9448),
  .UNSPECIFIED.,.F.,.F.,(3,3),(0.,1.),.PIECEWISE_BEZIER_KNOTS.);
#9446 = CARTESIAN_POINT('',(-5.956787109375,16.858642578125,17.8));
#9447 = CARTESIAN_POINT('',(-5.635986328125,16.63671875,17.8));
#9448 = CARTESIAN_POINT('',(-5.4404296875,16.23681640625,17.8));
#9449 = PCURVE('',#3770,#9450);
#9450 = DEFINITIONAL_REPRESENTATION('',(#9451),#9455);
#9451 = LINE('',#9452,#9453);
#9452 = CARTESIAN_POINT('',(0.,0.));
#9453 = VECTOR('',#9454,1.);
#9454 = DIRECTION('',(1.,0.));
#9455 = ( GEOMETRIC_REPRESENTATION_CONTEXT(2) 
PARAMETRIC_REPRESENTATION_CONTEXT() REPRESENTATION_CONTEXT('2D SPACE',''
  ) );
#9456 = PCURVE('',#8991,#9457);
#9457 = DEFINITIONAL_REPRESENTATION('',(#9458),#9462);
#9458 = B_SPLINE_CURVE_WITH_KNOTS('',2,(#9459,#9460,#9461),
  .UNSPECIFIED.,.F.,.F.,(3,3),(0.,1.),.PIECEWISE_BEZIER_KNOTS.);
#9459 = CARTESIAN_POINT('',(4.89990234375,6.079833984375));
#9460 = CARTESIAN_POINT('',(5.220703125,5.85791015625));
#9461 = CARTESIAN_POINT('',(5.416259765625,5.4580078125));
#9462 = ( GEOMETRIC_REPRESENTATION_CONTEXT(2) 
PARAMETRIC_REPRESENTATION_CONTEXT() REPRESENTATION_CONTEXT('2D SPACE',''
  ) );
#9463 = ORIENTED_EDGE('',*,*,#9368,.T.);
#9464 = ORIENTED_EDGE('',*,*,#3740,.F.);
#9465 = ORIENTED_EDGE('',*,*,#9466,.F.);
#9466 = EDGE_CURVE('',#9442,#3741,#9467,.T.);
#9467 = SURFACE_CURVE('',#9468,(#9472,#9479),.PCURVE_S1.);
#9468 = LINE('',#9469,#9470);
#9469 = CARTESIAN_POINT('',(-5.4404296875,16.23681640625,17.8));
#9470 = VECTOR('',#9471,1.);
#9471 = DIRECTION('',(0.,0.,1.));
#9472 = PCURVE('',#3770,#9473);
#9473 = DEFINITIONAL_REPRESENTATION('',(#9474),#9478);
#9474 = LINE('',#9475,#9476);
#9475 = CARTESIAN_POINT('',(1.,0.));
#9476 = VECTOR('',#9477,1.);
#9477 = DIRECTION('',(0.,-1.));
#9478 = ( GEOMETRIC_REPRESENTATION_CONTEXT(2) 
PARAMETRIC_REPRESENTATION_CONTEXT() REPRESENTATION_CONTEXT('2D SPACE',''
  ) );
#9479 = PCURVE('',#3821,#9480);
#9480 = DEFINITIONAL_REPRESENTATION('',(#9481),#9485);
#9481 = LINE('',#9482,#9483);
#9482 = CARTESIAN_POINT('',(0.,0.));
#9483 = VECTOR('',#9484,1.);
#9484 = DIRECTION('',(0.,-1.));
#9485 = ( GEOMETRIC_REPRESENTATION_CONTEXT(2) 
PARAMETRIC_REPRESENTATION_CONTEXT() REPRESENTATION_CONTEXT('2D SPACE',''
  ) );
#9486 = ADVANCED_FACE('',(#9487),#3821,.F.);
#9487 = FACE_BOUND('',#9488,.F.);
#9488 = EDGE_LOOP('',(#9489,#9510,#9511,#9512));
#9489 = ORIENTED_EDGE('',*,*,#9490,.F.);
#9490 = EDGE_CURVE('',#9442,#9393,#9491,.T.);
#9491 = SURFACE_CURVE('',#9492,(#9496,#9503),.PCURVE_S1.);
#9492 = B_SPLINE_CURVE_WITH_KNOTS('',2,(#9493,#9494,#9495),
  .UNSPECIFIED.,.F.,.F.,(3,3),(0.,1.),.PIECEWISE_BEZIER_KNOTS.);
#9493 = CARTESIAN_POINT('',(-5.4404296875,16.23681640625,17.8));
#9494 = CARTESIAN_POINT('',(-5.244873046875,15.8369140625,17.8));
#9495 = CARTESIAN_POINT('',(-5.244873046875,15.35791015625,17.8));
#9496 = PCURVE('',#3821,#9497);
#9497 = DEFINITIONAL_REPRESENTATION('',(#9498),#9502);
#9498 = LINE('',#9499,#9500);
#9499 = CARTESIAN_POINT('',(0.,0.));
#9500 = VECTOR('',#9501,1.);
#9501 = DIRECTION('',(1.,0.));
#9502 = ( GEOMETRIC_REPRESENTATION_CONTEXT(2) 
PARAMETRIC_REPRESENTATION_CONTEXT() REPRESENTATION_CONTEXT('2D SPACE',''
  ) );
#9503 = PCURVE('',#8991,#9504);
#9504 = DEFINITIONAL_REPRESENTATION('',(#9505),#9509);
#9505 = B_SPLINE_CURVE_WITH_KNOTS('',2,(#9506,#9507,#9508),
  .UNSPECIFIED.,.F.,.F.,(3,3),(0.,1.),.PIECEWISE_BEZIER_KNOTS.);
#9506 = CARTESIAN_POINT('',(5.416259765625,5.4580078125));
#9507 = CARTESIAN_POINT('',(5.61181640625,5.05810546875));
#9508 = CARTESIAN_POINT('',(5.61181640625,4.5791015625));
#9509 = ( GEOMETRIC_REPRESENTATION_CONTEXT(2) 
PARAMETRIC_REPRESENTATION_CONTEXT() REPRESENTATION_CONTEXT('2D SPACE',''
  ) );
#9510 = ORIENTED_EDGE('',*,*,#9466,.T.);
#9511 = ORIENTED_EDGE('',*,*,#3791,.F.);
#9512 = ORIENTED_EDGE('',*,*,#9415,.F.);
#9513 = ADVANCED_FACE('',(#9514),#4046,.F.);
#9514 = FACE_BOUND('',#9515,.F.);
#9515 = EDGE_LOOP('',(#9516,#9546,#9567,#9568));
#9516 = ORIENTED_EDGE('',*,*,#9517,.F.);
#9517 = EDGE_CURVE('',#9518,#9520,#9522,.T.);
#9518 = VERTEX_POINT('',#9519);
#9519 = CARTESIAN_POINT('',(-3.161865234375,10.77880859375,17.8));
#9520 = VERTEX_POINT('',#9521);
#9521 = CARTESIAN_POINT('',(-4.014404296875,10.77880859375,17.8));
#9522 = SURFACE_CURVE('',#9523,(#9527,#9534),.PCURVE_S1.);
#9523 = LINE('',#9524,#9525);
#9524 = CARTESIAN_POINT('',(-3.161865234375,10.77880859375,17.8));
#9525 = VECTOR('',#9526,1.);
#9526 = DIRECTION('',(-1.,0.,0.));
#9527 = PCURVE('',#4046,#9528);
#9528 = DEFINITIONAL_REPRESENTATION('',(#9529),#9533);
#9529 = LINE('',#9530,#9531);
#9530 = CARTESIAN_POINT('',(0.,-0.));
#9531 = VECTOR('',#9532,1.);
#9532 = DIRECTION('',(1.,0.));
#9533 = ( GEOMETRIC_REPRESENTATION_CONTEXT(2) 
PARAMETRIC_REPRESENTATION_CONTEXT() REPRESENTATION_CONTEXT('2D SPACE',''
  ) );
#9534 = PCURVE('',#9535,#9540);
#9535 = PLANE('',#9536);
#9536 = AXIS2_PLACEMENT_3D('',#9537,#9538,#9539);
#9537 = CARTESIAN_POINT('',(-4.853759765625,10.77880859375,17.8));
#9538 = DIRECTION('',(0.,0.,1.));
#9539 = DIRECTION('',(1.,0.,0.));
#9540 = DEFINITIONAL_REPRESENTATION('',(#9541),#9545);
#9541 = LINE('',#9542,#9543);
#9542 = CARTESIAN_POINT('',(1.69189453125,0.));
#9543 = VECTOR('',#9544,1.);
#9544 = DIRECTION('',(-1.,0.));
#9545 = ( GEOMETRIC_REPRESENTATION_CONTEXT(2) 
PARAMETRIC_REPRESENTATION_CONTEXT() REPRESENTATION_CONTEXT('2D SPACE',''
  ) );
#9546 = ORIENTED_EDGE('',*,*,#9547,.T.);
#9547 = EDGE_CURVE('',#9518,#4032,#9548,.T.);
#9548 = SURFACE_CURVE('',#9549,(#9553,#9560),.PCURVE_S1.);
#9549 = LINE('',#9550,#9551);
#9550 = CARTESIAN_POINT('',(-3.161865234375,10.77880859375,17.8));
#9551 = VECTOR('',#9552,1.);
#9552 = DIRECTION('',(0.,0.,1.));
#9553 = PCURVE('',#4046,#9554);
#9554 = DEFINITIONAL_REPRESENTATION('',(#9555),#9559);
#9555 = LINE('',#9556,#9557);
#9556 = CARTESIAN_POINT('',(0.,-0.));
#9557 = VECTOR('',#9558,1.);
#9558 = DIRECTION('',(0.,-1.));
#9559 = ( GEOMETRIC_REPRESENTATION_CONTEXT(2) 
PARAMETRIC_REPRESENTATION_CONTEXT() REPRESENTATION_CONTEXT('2D SPACE',''
  ) );
#9560 = PCURVE('',#4122,#9561);
#9561 = DEFINITIONAL_REPRESENTATION('',(#9562),#9566);
#9562 = LINE('',#9563,#9564);
#9563 = CARTESIAN_POINT('',(6.4423828125,0.));
#9564 = VECTOR('',#9565,1.);
#9565 = DIRECTION('',(0.,-1.));
#9566 = ( GEOMETRIC_REPRESENTATION_CONTEXT(2) 
PARAMETRIC_REPRESENTATION_CONTEXT() REPRESENTATION_CONTEXT('2D SPACE',''
  ) );
#9567 = ORIENTED_EDGE('',*,*,#4029,.F.);
#9568 = ORIENTED_EDGE('',*,*,#9569,.F.);
#9569 = EDGE_CURVE('',#9520,#4030,#9570,.T.);
#9570 = SURFACE_CURVE('',#9571,(#9575,#9582),.PCURVE_S1.);
#9571 = LINE('',#9572,#9573);
#9572 = CARTESIAN_POINT('',(-4.014404296875,10.77880859375,17.8));
#9573 = VECTOR('',#9574,1.);
#9574 = DIRECTION('',(0.,0.,1.));
#9575 = PCURVE('',#4046,#9576);
#9576 = DEFINITIONAL_REPRESENTATION('',(#9577),#9581);
#9577 = LINE('',#9578,#9579);
#9578 = CARTESIAN_POINT('',(0.8525390625,0.));
#9579 = VECTOR('',#9580,1.);
#9580 = DIRECTION('',(0.,-1.));
#9581 = ( GEOMETRIC_REPRESENTATION_CONTEXT(2) 
PARAMETRIC_REPRESENTATION_CONTEXT() REPRESENTATION_CONTEXT('2D SPACE',''
  ) );
#9582 = PCURVE('',#4072,#9583);
#9583 = DEFINITIONAL_REPRESENTATION('',(#9584),#9588);
#9584 = LINE('',#9585,#9586);
#9585 = CARTESIAN_POINT('',(0.,0.));
#9586 = VECTOR('',#9587,1.);
#9587 = DIRECTION('',(0.,-1.));
#9588 = ( GEOMETRIC_REPRESENTATION_CONTEXT(2) 
PARAMETRIC_REPRESENTATION_CONTEXT() REPRESENTATION_CONTEXT('2D SPACE',''
  ) );
#9589 = ADVANCED_FACE('',(#9590),#4072,.F.);
#9590 = FACE_BOUND('',#9591,.F.);
#9591 = EDGE_LOOP('',(#9592,#9615,#9616,#9617));
#9592 = ORIENTED_EDGE('',*,*,#9593,.F.);
#9593 = EDGE_CURVE('',#9520,#9594,#9596,.T.);
#9594 = VERTEX_POINT('',#9595);
#9595 = CARTESIAN_POINT('',(-4.014404296875,17.22119140625,17.8));
#9596 = SURFACE_CURVE('',#9597,(#9601,#9608),.PCURVE_S1.);
#9597 = LINE('',#9598,#9599);
#9598 = CARTESIAN_POINT('',(-4.014404296875,10.77880859375,17.8));
#9599 = VECTOR('',#9600,1.);
#9600 = DIRECTION('',(0.,1.,0.));
#9601 = PCURVE('',#4072,#9602);
#9602 = DEFINITIONAL_REPRESENTATION('',(#9603),#9607);
#9603 = LINE('',#9604,#9605);
#9604 = CARTESIAN_POINT('',(0.,0.));
#9605 = VECTOR('',#9606,1.);
#9606 = DIRECTION('',(1.,0.));
#9607 = ( GEOMETRIC_REPRESENTATION_CONTEXT(2) 
PARAMETRIC_REPRESENTATION_CONTEXT() REPRESENTATION_CONTEXT('2D SPACE',''
  ) );
#9608 = PCURVE('',#9535,#9609);
#9609 = DEFINITIONAL_REPRESENTATION('',(#9610),#9614);
#9610 = LINE('',#9611,#9612);
#9611 = CARTESIAN_POINT('',(0.83935546875,0.));
#9612 = VECTOR('',#9613,1.);
#9613 = DIRECTION('',(0.,1.));
#9614 = ( GEOMETRIC_REPRESENTATION_CONTEXT(2) 
PARAMETRIC_REPRESENTATION_CONTEXT() REPRESENTATION_CONTEXT('2D SPACE',''
  ) );
#9615 = ORIENTED_EDGE('',*,*,#9569,.T.);
#9616 = ORIENTED_EDGE('',*,*,#4057,.F.);
#9617 = ORIENTED_EDGE('',*,*,#9618,.F.);
#9618 = EDGE_CURVE('',#9594,#4058,#9619,.T.);
#9619 = SURFACE_CURVE('',#9620,(#9624,#9631),.PCURVE_S1.);
#9620 = LINE('',#9621,#9622);
#9621 = CARTESIAN_POINT('',(-4.014404296875,17.22119140625,17.8));
#9622 = VECTOR('',#9623,1.);
#9623 = DIRECTION('',(0.,0.,1.));
#9624 = PCURVE('',#4072,#9625);
#9625 = DEFINITIONAL_REPRESENTATION('',(#9626),#9630);
#9626 = LINE('',#9627,#9628);
#9627 = CARTESIAN_POINT('',(6.4423828125,0.));
#9628 = VECTOR('',#9629,1.);
#9629 = DIRECTION('',(0.,-1.));
#9630 = ( GEOMETRIC_REPRESENTATION_CONTEXT(2) 
PARAMETRIC_REPRESENTATION_CONTEXT() REPRESENTATION_CONTEXT('2D SPACE',''
  ) );
#9631 = PCURVE('',#4098,#9632);
#9632 = DEFINITIONAL_REPRESENTATION('',(#9633),#9637);
#9633 = LINE('',#9634,#9635);
#9634 = CARTESIAN_POINT('',(0.,0.));
#9635 = VECTOR('',#9636,1.);
#9636 = DIRECTION('',(0.,-1.));
#9637 = ( GEOMETRIC_REPRESENTATION_CONTEXT(2) 
PARAMETRIC_REPRESENTATION_CONTEXT() REPRESENTATION_CONTEXT('2D SPACE',''
  ) );
#9638 = ADVANCED_FACE('',(#9639),#4122,.F.);
#9639 = FACE_BOUND('',#9640,.F.);
#9640 = EDGE_LOOP('',(#9641,#9664,#9685,#9686));
#9641 = ORIENTED_EDGE('',*,*,#9642,.F.);
#9642 = EDGE_CURVE('',#9643,#9518,#9645,.T.);
#9643 = VERTEX_POINT('',#9644);
#9644 = CARTESIAN_POINT('',(-3.161865234375,17.22119140625,17.8));
#9645 = SURFACE_CURVE('',#9646,(#9650,#9657),.PCURVE_S1.);
#9646 = LINE('',#9647,#9648);
#9647 = CARTESIAN_POINT('',(-3.161865234375,17.22119140625,17.8));
#9648 = VECTOR('',#9649,1.);
#9649 = DIRECTION('',(0.,-1.,0.));
#9650 = PCURVE('',#4122,#9651);
#9651 = DEFINITIONAL_REPRESENTATION('',(#9652),#9656);
#9652 = LINE('',#9653,#9654);
#9653 = CARTESIAN_POINT('',(0.,0.));
#9654 = VECTOR('',#9655,1.);
#9655 = DIRECTION('',(1.,0.));
#9656 = ( GEOMETRIC_REPRESENTATION_CONTEXT(2) 
PARAMETRIC_REPRESENTATION_CONTEXT() REPRESENTATION_CONTEXT('2D SPACE',''
  ) );
#9657 = PCURVE('',#9535,#9658);
#9658 = DEFINITIONAL_REPRESENTATION('',(#9659),#9663);
#9659 = LINE('',#9660,#9661);
#9660 = CARTESIAN_POINT('',(1.69189453125,6.4423828125));
#9661 = VECTOR('',#9662,1.);
#9662 = DIRECTION('',(0.,-1.));
#9663 = ( GEOMETRIC_REPRESENTATION_CONTEXT(2) 
PARAMETRIC_REPRESENTATION_CONTEXT() REPRESENTATION_CONTEXT('2D SPACE',''
  ) );
#9664 = ORIENTED_EDGE('',*,*,#9665,.T.);
#9665 = EDGE_CURVE('',#9643,#4084,#9666,.T.);
#9666 = SURFACE_CURVE('',#9667,(#9671,#9678),.PCURVE_S1.);
#9667 = LINE('',#9668,#9669);
#9668 = CARTESIAN_POINT('',(-3.161865234375,17.22119140625,17.8));
#9669 = VECTOR('',#9670,1.);
#9670 = DIRECTION('',(0.,0.,1.));
#9671 = PCURVE('',#4122,#9672);
#9672 = DEFINITIONAL_REPRESENTATION('',(#9673),#9677);
#9673 = LINE('',#9674,#9675);
#9674 = CARTESIAN_POINT('',(0.,0.));
#9675 = VECTOR('',#9676,1.);
#9676 = DIRECTION('',(0.,-1.));
#9677 = ( GEOMETRIC_REPRESENTATION_CONTEXT(2) 
PARAMETRIC_REPRESENTATION_CONTEXT() REPRESENTATION_CONTEXT('2D SPACE',''
  ) );
#9678 = PCURVE('',#4098,#9679);
#9679 = DEFINITIONAL_REPRESENTATION('',(#9680),#9684);
#9680 = LINE('',#9681,#9682);
#9681 = CARTESIAN_POINT('',(0.8525390625,0.));
#9682 = VECTOR('',#9683,1.);
#9683 = DIRECTION('',(0.,-1.));
#9684 = ( GEOMETRIC_REPRESENTATION_CONTEXT(2) 
PARAMETRIC_REPRESENTATION_CONTEXT() REPRESENTATION_CONTEXT('2D SPACE',''
  ) );
#9685 = ORIENTED_EDGE('',*,*,#4109,.F.);
#9686 = ORIENTED_EDGE('',*,*,#9547,.F.);
#9687 = ADVANCED_FACE('',(#9688),#4098,.F.);
#9688 = FACE_BOUND('',#9689,.F.);
#9689 = EDGE_LOOP('',(#9690,#9711,#9712,#9713));
#9690 = ORIENTED_EDGE('',*,*,#9691,.F.);
#9691 = EDGE_CURVE('',#9594,#9643,#9692,.T.);
#9692 = SURFACE_CURVE('',#9693,(#9697,#9704),.PCURVE_S1.);
#9693 = LINE('',#9694,#9695);
#9694 = CARTESIAN_POINT('',(-4.014404296875,17.22119140625,17.8));
#9695 = VECTOR('',#9696,1.);
#9696 = DIRECTION('',(1.,0.,0.));
#9697 = PCURVE('',#4098,#9698);
#9698 = DEFINITIONAL_REPRESENTATION('',(#9699),#9703);
#9699 = LINE('',#9700,#9701);
#9700 = CARTESIAN_POINT('',(0.,0.));
#9701 = VECTOR('',#9702,1.);
#9702 = DIRECTION('',(1.,0.));
#9703 = ( GEOMETRIC_REPRESENTATION_CONTEXT(2) 
PARAMETRIC_REPRESENTATION_CONTEXT() REPRESENTATION_CONTEXT('2D SPACE',''
  ) );
#9704 = PCURVE('',#9535,#9705);
#9705 = DEFINITIONAL_REPRESENTATION('',(#9706),#9710);
#9706 = LINE('',#9707,#9708);
#9707 = CARTESIAN_POINT('',(0.83935546875,6.4423828125));
#9708 = VECTOR('',#9709,1.);
#9709 = DIRECTION('',(1.,0.));
#9710 = ( GEOMETRIC_REPRESENTATION_CONTEXT(2) 
PARAMETRIC_REPRESENTATION_CONTEXT() REPRESENTATION_CONTEXT('2D SPACE',''
  ) );
#9711 = ORIENTED_EDGE('',*,*,#9618,.T.);
#9712 = ORIENTED_EDGE('',*,*,#4083,.F.);
#9713 = ORIENTED_EDGE('',*,*,#9665,.F.);
#9714 = ADVANCED_FACE('',(#9715),#4152,.T.);
#9715 = FACE_BOUND('',#9716,.T.);
#9716 = EDGE_LOOP('',(#9717,#9747,#9768,#9769));
#9717 = ORIENTED_EDGE('',*,*,#9718,.F.);
#9718 = EDGE_CURVE('',#9719,#9721,#9723,.T.);
#9719 = VERTEX_POINT('',#9720);
#9720 = CARTESIAN_POINT('',(2.944486372867,5.1,15.9));
#9721 = VERTEX_POINT('',#9722);
#9722 = CARTESIAN_POINT('',(-2.944486372867,5.1,15.9));
#9723 = SURFACE_CURVE('',#9724,(#9728,#9735),.PCURVE_S1.);
#9724 = LINE('',#9725,#9726);
#9725 = CARTESIAN_POINT('',(2.944486372867,5.1,15.9));
#9726 = VECTOR('',#9727,1.);
#9727 = DIRECTION('',(-1.,1.508206028536E-16,0.));
#9728 = PCURVE('',#4152,#9729);
#9729 = DEFINITIONAL_REPRESENTATION('',(#9730),#9734);
#9730 = LINE('',#9731,#9732);
#9731 = CARTESIAN_POINT('',(0.,0.));
#9732 = VECTOR('',#9733,1.);
#9733 = DIRECTION('',(1.,0.));
#9734 = ( GEOMETRIC_REPRESENTATION_CONTEXT(2) 
PARAMETRIC_REPRESENTATION_CONTEXT() REPRESENTATION_CONTEXT('2D SPACE',''
  ) );
#9735 = PCURVE('',#9736,#9741);
#9736 = PLANE('',#9737);
#9737 = AXIS2_PLACEMENT_3D('',#9738,#9739,#9740);
#9738 = CARTESIAN_POINT('',(-1.005470685691E-16,-1.509306779056E-16,15.9
    ));
#9739 = DIRECTION('',(0.,0.,1.));
#9740 = DIRECTION('',(1.,0.,-0.));
#9741 = DEFINITIONAL_REPRESENTATION('',(#9742),#9746);
#9742 = LINE('',#9743,#9744);
#9743 = CARTESIAN_POINT('',(2.944486372867,5.1));
#9744 = VECTOR('',#9745,1.);
#9745 = DIRECTION('',(-1.,1.508206028536E-16));
#9746 = ( GEOMETRIC_REPRESENTATION_CONTEXT(2) 
PARAMETRIC_REPRESENTATION_CONTEXT() REPRESENTATION_CONTEXT('2D SPACE',''
  ) );
#9747 = ORIENTED_EDGE('',*,*,#9748,.T.);
#9748 = EDGE_CURVE('',#9719,#4138,#9749,.T.);
#9749 = SURFACE_CURVE('',#9750,(#9754,#9761),.PCURVE_S1.);
#9750 = LINE('',#9751,#9752);
#9751 = CARTESIAN_POINT('',(2.944486372867,5.1,15.9));
#9752 = VECTOR('',#9753,1.);
#9753 = DIRECTION('',(0.,0.,1.));
#9754 = PCURVE('',#4152,#9755);
#9755 = DEFINITIONAL_REPRESENTATION('',(#9756),#9760);
#9756 = LINE('',#9757,#9758);
#9757 = CARTESIAN_POINT('',(0.,0.));
#9758 = VECTOR('',#9759,1.);
#9759 = DIRECTION('',(0.,-1.));
#9760 = ( GEOMETRIC_REPRESENTATION_CONTEXT(2) 
PARAMETRIC_REPRESENTATION_CONTEXT() REPRESENTATION_CONTEXT('2D SPACE',''
  ) );
#9761 = PCURVE('',#4178,#9762);
#9762 = DEFINITIONAL_REPRESENTATION('',(#9763),#9767);
#9763 = LINE('',#9764,#9765);
#9764 = CARTESIAN_POINT('',(5.888972745734,0.));
#9765 = VECTOR('',#9766,1.);
#9766 = DIRECTION('',(0.,-1.));
#9767 = ( GEOMETRIC_REPRESENTATION_CONTEXT(2) 
PARAMETRIC_REPRESENTATION_CONTEXT() REPRESENTATION_CONTEXT('2D SPACE',''
  ) );
#9768 = ORIENTED_EDGE('',*,*,#4135,.F.);
#9769 = ORIENTED_EDGE('',*,*,#9770,.F.);
#9770 = EDGE_CURVE('',#9721,#4136,#9771,.T.);
#9771 = SURFACE_CURVE('',#9772,(#9776,#9783),.PCURVE_S1.);
#9772 = LINE('',#9773,#9774);
#9773 = CARTESIAN_POINT('',(-2.944486372867,5.1,15.9));
#9774 = VECTOR('',#9775,1.);
#9775 = DIRECTION('',(0.,0.,1.));
#9776 = PCURVE('',#4152,#9777);
#9777 = DEFINITIONAL_REPRESENTATION('',(#9778),#9782);
#9778 = LINE('',#9779,#9780);
#9779 = CARTESIAN_POINT('',(5.888972745734,0.));
#9780 = VECTOR('',#9781,1.);
#9781 = DIRECTION('',(0.,-1.));
#9782 = ( GEOMETRIC_REPRESENTATION_CONTEXT(2) 
PARAMETRIC_REPRESENTATION_CONTEXT() REPRESENTATION_CONTEXT('2D SPACE',''
  ) );
#9783 = PCURVE('',#4280,#9784);
#9784 = DEFINITIONAL_REPRESENTATION('',(#9785),#9789);
#9785 = LINE('',#9786,#9787);
#9786 = CARTESIAN_POINT('',(0.,0.));
#9787 = VECTOR('',#9788,1.);
#9788 = DIRECTION('',(0.,-1.));
#9789 = ( GEOMETRIC_REPRESENTATION_CONTEXT(2) 
PARAMETRIC_REPRESENTATION_CONTEXT() REPRESENTATION_CONTEXT('2D SPACE',''
  ) );
#9790 = ADVANCED_FACE('',(#9791),#4280,.T.);
#9791 = FACE_BOUND('',#9792,.T.);
#9792 = EDGE_LOOP('',(#9793,#9816,#9817,#9818));
#9793 = ORIENTED_EDGE('',*,*,#9794,.F.);
#9794 = EDGE_CURVE('',#9721,#9795,#9797,.T.);
#9795 = VERTEX_POINT('',#9796);
#9796 = CARTESIAN_POINT('',(-5.888972745734,7.211911623329E-16,15.9));
#9797 = SURFACE_CURVE('',#9798,(#9802,#9809),.PCURVE_S1.);
#9798 = LINE('',#9799,#9800);
#9799 = CARTESIAN_POINT('',(-2.944486372867,5.1,15.9));
#9800 = VECTOR('',#9801,1.);
#9801 = DIRECTION('',(-0.5,-0.866025403784,0.));
#9802 = PCURVE('',#4280,#9803);
#9803 = DEFINITIONAL_REPRESENTATION('',(#9804),#9808);
#9804 = LINE('',#9805,#9806);
#9805 = CARTESIAN_POINT('',(0.,0.));
#9806 = VECTOR('',#9807,1.);
#9807 = DIRECTION('',(1.,0.));
#9808 = ( GEOMETRIC_REPRESENTATION_CONTEXT(2) 
PARAMETRIC_REPRESENTATION_CONTEXT() REPRESENTATION_CONTEXT('2D SPACE',''
  ) );
#9809 = PCURVE('',#9736,#9810);
#9810 = DEFINITIONAL_REPRESENTATION('',(#9811),#9815);
#9811 = LINE('',#9812,#9813);
#9812 = CARTESIAN_POINT('',(-2.944486372867,5.1));
#9813 = VECTOR('',#9814,1.);
#9814 = DIRECTION('',(-0.5,-0.866025403784));
#9815 = ( GEOMETRIC_REPRESENTATION_CONTEXT(2) 
PARAMETRIC_REPRESENTATION_CONTEXT() REPRESENTATION_CONTEXT('2D SPACE',''
  ) );
#9816 = ORIENTED_EDGE('',*,*,#9770,.T.);
#9817 = ORIENTED_EDGE('',*,*,#4267,.F.);
#9818 = ORIENTED_EDGE('',*,*,#9819,.F.);
#9819 = EDGE_CURVE('',#9795,#4242,#9820,.T.);
#9820 = SURFACE_CURVE('',#9821,(#9825,#9832),.PCURVE_S1.);
#9821 = LINE('',#9822,#9823);
#9822 = CARTESIAN_POINT('',(-5.888972745734,7.211911623329E-16,15.9));
#9823 = VECTOR('',#9824,1.);
#9824 = DIRECTION('',(0.,0.,1.));
#9825 = PCURVE('',#4280,#9826);
#9826 = DEFINITIONAL_REPRESENTATION('',(#9827),#9831);
#9827 = LINE('',#9828,#9829);
#9828 = CARTESIAN_POINT('',(5.888972745734,0.));
#9829 = VECTOR('',#9830,1.);
#9830 = DIRECTION('',(0.,-1.));
#9831 = ( GEOMETRIC_REPRESENTATION_CONTEXT(2) 
PARAMETRIC_REPRESENTATION_CONTEXT() REPRESENTATION_CONTEXT('2D SPACE',''
  ) );
#9832 = PCURVE('',#4256,#9833);
#9833 = DEFINITIONAL_REPRESENTATION('',(#9834),#9838);
#9834 = LINE('',#9835,#9836);
#9835 = CARTESIAN_POINT('',(0.,0.));
#9836 = VECTOR('',#9837,1.);
#9837 = DIRECTION('',(0.,-1.));
#9838 = ( GEOMETRIC_REPRESENTATION_CONTEXT(2) 
PARAMETRIC_REPRESENTATION_CONTEXT() REPRESENTATION_CONTEXT('2D SPACE',''
  ) );
#9839 = ADVANCED_FACE('',(#9840),#4178,.T.);
#9840 = FACE_BOUND('',#9841,.T.);
#9841 = EDGE_LOOP('',(#9842,#9865,#9886,#9887));
#9842 = ORIENTED_EDGE('',*,*,#9843,.F.);
#9843 = EDGE_CURVE('',#9844,#9719,#9846,.T.);
#9844 = VERTEX_POINT('',#9845);
#9845 = CARTESIAN_POINT('',(5.888972745734,0.,15.9));
#9846 = SURFACE_CURVE('',#9847,(#9851,#9858),.PCURVE_S1.);
#9847 = LINE('',#9848,#9849);
#9848 = CARTESIAN_POINT('',(5.888972745734,0.,15.9));
#9849 = VECTOR('',#9850,1.);
#9850 = DIRECTION('',(-0.5,0.866025403784,0.));
#9851 = PCURVE('',#4178,#9852);
#9852 = DEFINITIONAL_REPRESENTATION('',(#9853),#9857);
#9853 = LINE('',#9854,#9855);
#9854 = CARTESIAN_POINT('',(0.,0.));
#9855 = VECTOR('',#9856,1.);
#9856 = DIRECTION('',(1.,0.));
#9857 = ( GEOMETRIC_REPRESENTATION_CONTEXT(2) 
PARAMETRIC_REPRESENTATION_CONTEXT() REPRESENTATION_CONTEXT('2D SPACE',''
  ) );
#9858 = PCURVE('',#9736,#9859);
#9859 = DEFINITIONAL_REPRESENTATION('',(#9860),#9864);
#9860 = LINE('',#9861,#9862);
#9861 = CARTESIAN_POINT('',(5.888972745734,1.509306779056E-16));
#9862 = VECTOR('',#9863,1.);
#9863 = DIRECTION('',(-0.5,0.866025403784));
#9864 = ( GEOMETRIC_REPRESENTATION_CONTEXT(2) 
PARAMETRIC_REPRESENTATION_CONTEXT() REPRESENTATION_CONTEXT('2D SPACE',''
  ) );
#9865 = ORIENTED_EDGE('',*,*,#9866,.T.);
#9866 = EDGE_CURVE('',#9844,#4164,#9867,.T.);
#9867 = SURFACE_CURVE('',#9868,(#9872,#9879),.PCURVE_S1.);
#9868 = LINE('',#9869,#9870);
#9869 = CARTESIAN_POINT('',(5.888972745734,0.,15.9));
#9870 = VECTOR('',#9871,1.);
#9871 = DIRECTION('',(0.,0.,1.));
#9872 = PCURVE('',#4178,#9873);
#9873 = DEFINITIONAL_REPRESENTATION('',(#9874),#9878);
#9874 = LINE('',#9875,#9876);
#9875 = CARTESIAN_POINT('',(0.,0.));
#9876 = VECTOR('',#9877,1.);
#9877 = DIRECTION('',(0.,-1.));
#9878 = ( GEOMETRIC_REPRESENTATION_CONTEXT(2) 
PARAMETRIC_REPRESENTATION_CONTEXT() REPRESENTATION_CONTEXT('2D SPACE',''
  ) );
#9879 = PCURVE('',#4204,#9880);
#9880 = DEFINITIONAL_REPRESENTATION('',(#9881),#9885);
#9881 = LINE('',#9882,#9883);
#9882 = CARTESIAN_POINT('',(5.888972745734,0.));
#9883 = VECTOR('',#9884,1.);
#9884 = DIRECTION('',(0.,-1.));
#9885 = ( GEOMETRIC_REPRESENTATION_CONTEXT(2) 
PARAMETRIC_REPRESENTATION_CONTEXT() REPRESENTATION_CONTEXT('2D SPACE',''
  ) );
#9886 = ORIENTED_EDGE('',*,*,#4163,.F.);
#9887 = ORIENTED_EDGE('',*,*,#9748,.F.);
#9888 = ADVANCED_FACE('',(#9889),#4256,.T.);
#9889 = FACE_BOUND('',#9890,.T.);
#9890 = EDGE_LOOP('',(#9891,#9914,#9915,#9916));
#9891 = ORIENTED_EDGE('',*,*,#9892,.F.);
#9892 = EDGE_CURVE('',#9795,#9893,#9895,.T.);
#9893 = VERTEX_POINT('',#9894);
#9894 = CARTESIAN_POINT('',(-2.944486372867,-5.1,15.9));
#9895 = SURFACE_CURVE('',#9896,(#9900,#9907),.PCURVE_S1.);
#9896 = LINE('',#9897,#9898);
#9897 = CARTESIAN_POINT('',(-5.888972745734,7.211911623329E-16,15.9));
#9898 = VECTOR('',#9899,1.);
#9899 = DIRECTION('',(0.5,-0.866025403784,0.));
#9900 = PCURVE('',#4256,#9901);
#9901 = DEFINITIONAL_REPRESENTATION('',(#9902),#9906);
#9902 = LINE('',#9903,#9904);
#9903 = CARTESIAN_POINT('',(0.,0.));
#9904 = VECTOR('',#9905,1.);
#9905 = DIRECTION('',(1.,0.));
#9906 = ( GEOMETRIC_REPRESENTATION_CONTEXT(2) 
PARAMETRIC_REPRESENTATION_CONTEXT() REPRESENTATION_CONTEXT('2D SPACE',''
  ) );
#9907 = PCURVE('',#9736,#9908);
#9908 = DEFINITIONAL_REPRESENTATION('',(#9909),#9913);
#9909 = LINE('',#9910,#9911);
#9910 = CARTESIAN_POINT('',(-5.888972745734,8.721218402385E-16));
#9911 = VECTOR('',#9912,1.);
#9912 = DIRECTION('',(0.5,-0.866025403784));
#9913 = ( GEOMETRIC_REPRESENTATION_CONTEXT(2) 
PARAMETRIC_REPRESENTATION_CONTEXT() REPRESENTATION_CONTEXT('2D SPACE',''
  ) );
#9914 = ORIENTED_EDGE('',*,*,#9819,.T.);
#9915 = ORIENTED_EDGE('',*,*,#4241,.F.);
#9916 = ORIENTED_EDGE('',*,*,#9917,.F.);
#9917 = EDGE_CURVE('',#9893,#4216,#9918,.T.);
#9918 = SURFACE_CURVE('',#9919,(#9923,#9930),.PCURVE_S1.);
#9919 = LINE('',#9920,#9921);
#9920 = CARTESIAN_POINT('',(-2.944486372867,-5.1,15.9));
#9921 = VECTOR('',#9922,1.);
#9922 = DIRECTION('',(0.,0.,1.));
#9923 = PCURVE('',#4256,#9924);
#9924 = DEFINITIONAL_REPRESENTATION('',(#9925),#9929);
#9925 = LINE('',#9926,#9927);
#9926 = CARTESIAN_POINT('',(5.888972745734,0.));
#9927 = VECTOR('',#9928,1.);
#9928 = DIRECTION('',(0.,-1.));
#9929 = ( GEOMETRIC_REPRESENTATION_CONTEXT(2) 
PARAMETRIC_REPRESENTATION_CONTEXT() REPRESENTATION_CONTEXT('2D SPACE',''
  ) );
#9930 = PCURVE('',#4230,#9931);
#9931 = DEFINITIONAL_REPRESENTATION('',(#9932),#9936);
#9932 = LINE('',#9933,#9934);
#9933 = CARTESIAN_POINT('',(0.,0.));
#9934 = VECTOR('',#9935,1.);
#9935 = DIRECTION('',(0.,-1.));
#9936 = ( GEOMETRIC_REPRESENTATION_CONTEXT(2) 
PARAMETRIC_REPRESENTATION_CONTEXT() REPRESENTATION_CONTEXT('2D SPACE',''
  ) );
#9937 = ADVANCED_FACE('',(#9938),#4204,.T.);
#9938 = FACE_BOUND('',#9939,.T.);
#9939 = EDGE_LOOP('',(#9940,#9963,#9984,#9985));
#9940 = ORIENTED_EDGE('',*,*,#9941,.F.);
#9941 = EDGE_CURVE('',#9942,#9844,#9944,.T.);
#9942 = VERTEX_POINT('',#9943);
#9943 = CARTESIAN_POINT('',(2.944486372867,-5.1,15.9));
#9944 = SURFACE_CURVE('',#9945,(#9949,#9956),.PCURVE_S1.);
#9945 = LINE('',#9946,#9947);
#9946 = CARTESIAN_POINT('',(2.944486372867,-5.1,15.9));
#9947 = VECTOR('',#9948,1.);
#9948 = DIRECTION('',(0.5,0.866025403784,0.));
#9949 = PCURVE('',#4204,#9950);
#9950 = DEFINITIONAL_REPRESENTATION('',(#9951),#9955);
#9951 = LINE('',#9952,#9953);
#9952 = CARTESIAN_POINT('',(0.,0.));
#9953 = VECTOR('',#9954,1.);
#9954 = DIRECTION('',(1.,0.));
#9955 = ( GEOMETRIC_REPRESENTATION_CONTEXT(2) 
PARAMETRIC_REPRESENTATION_CONTEXT() REPRESENTATION_CONTEXT('2D SPACE',''
  ) );
#9956 = PCURVE('',#9736,#9957);
#9957 = DEFINITIONAL_REPRESENTATION('',(#9958),#9962);
#9958 = LINE('',#9959,#9960);
#9959 = CARTESIAN_POINT('',(2.944486372867,-5.1));
#9960 = VECTOR('',#9961,1.);
#9961 = DIRECTION('',(0.5,0.866025403784));
#9962 = ( GEOMETRIC_REPRESENTATION_CONTEXT(2) 
PARAMETRIC_REPRESENTATION_CONTEXT() REPRESENTATION_CONTEXT('2D SPACE',''
  ) );
#9963 = ORIENTED_EDGE('',*,*,#9964,.T.);
#9964 = EDGE_CURVE('',#9942,#4190,#9965,.T.);
#9965 = SURFACE_CURVE('',#9966,(#9970,#9977),.PCURVE_S1.);
#9966 = LINE('',#9967,#9968);
#9967 = CARTESIAN_POINT('',(2.944486372867,-5.1,15.9));
#9968 = VECTOR('',#9969,1.);
#9969 = DIRECTION('',(0.,0.,1.));
#9970 = PCURVE('',#4204,#9971);
#9971 = DEFINITIONAL_REPRESENTATION('',(#9972),#9976);
#9972 = LINE('',#9973,#9974);
#9973 = CARTESIAN_POINT('',(0.,0.));
#9974 = VECTOR('',#9975,1.);
#9975 = DIRECTION('',(0.,-1.));
#9976 = ( GEOMETRIC_REPRESENTATION_CONTEXT(2) 
PARAMETRIC_REPRESENTATION_CONTEXT() REPRESENTATION_CONTEXT('2D SPACE',''
  ) );
#9977 = PCURVE('',#4230,#9978);
#9978 = DEFINITIONAL_REPRESENTATION('',(#9979),#9983);
#9979 = LINE('',#9980,#9981);
#9980 = CARTESIAN_POINT('',(5.888972745734,0.));
#9981 = VECTOR('',#9982,1.);
#9982 = DIRECTION('',(0.,-1.));
#9983 = ( GEOMETRIC_REPRESENTATION_CONTEXT(2) 
PARAMETRIC_REPRESENTATION_CONTEXT() REPRESENTATION_CONTEXT('2D SPACE',''
  ) );
#9984 = ORIENTED_EDGE('',*,*,#4189,.F.);
#9985 = ORIENTED_EDGE('',*,*,#9866,.F.);
#9986 = ADVANCED_FACE('',(#9987),#4230,.T.);
#9987 = FACE_BOUND('',#9988,.T.);
#9988 = EDGE_LOOP('',(#9989,#10010,#10011,#10012));
#9989 = ORIENTED_EDGE('',*,*,#9990,.F.);
#9990 = EDGE_CURVE('',#9893,#9942,#9991,.T.);
#9991 = SURFACE_CURVE('',#9992,(#9996,#10003),.PCURVE_S1.);
#9992 = LINE('',#9993,#9994);
#9993 = CARTESIAN_POINT('',(-2.944486372867,-5.1,15.9));
#9994 = VECTOR('',#9995,1.);
#9995 = DIRECTION('',(1.,-1.508206028536E-16,0.));
#9996 = PCURVE('',#4230,#9997);
#9997 = DEFINITIONAL_REPRESENTATION('',(#9998),#10002);
#9998 = LINE('',#9999,#10000);
#9999 = CARTESIAN_POINT('',(0.,0.));
#10000 = VECTOR('',#10001,1.);
#10001 = DIRECTION('',(1.,0.));
#10002 = ( GEOMETRIC_REPRESENTATION_CONTEXT(2) 
PARAMETRIC_REPRESENTATION_CONTEXT() REPRESENTATION_CONTEXT('2D SPACE',''
  ) );
#10003 = PCURVE('',#9736,#10004);
#10004 = DEFINITIONAL_REPRESENTATION('',(#10005),#10009);
#10005 = LINE('',#10006,#10007);
#10006 = CARTESIAN_POINT('',(-2.944486372867,-5.1));
#10007 = VECTOR('',#10008,1.);
#10008 = DIRECTION('',(1.,-1.508206028536E-16));
#10009 = ( GEOMETRIC_REPRESENTATION_CONTEXT(2) 
PARAMETRIC_REPRESENTATION_CONTEXT() REPRESENTATION_CONTEXT('2D SPACE',''
  ) );
#10010 = ORIENTED_EDGE('',*,*,#9917,.T.);
#10011 = ORIENTED_EDGE('',*,*,#4215,.F.);
#10012 = ORIENTED_EDGE('',*,*,#9964,.F.);
#10013 = ADVANCED_FACE('',(#10014),#4310,.F.);
#10014 = FACE_BOUND('',#10015,.F.);
#10015 = EDGE_LOOP('',(#10016,#10046,#10067,#10068));
#10016 = ORIENTED_EDGE('',*,*,#10017,.F.);
#10017 = EDGE_CURVE('',#10018,#10020,#10022,.T.);
#10018 = VERTEX_POINT('',#10019);
#10019 = CARTESIAN_POINT('',(2.937744140625,13.03759765625,17.8));
#10020 = VERTEX_POINT('',#10021);
#10021 = CARTESIAN_POINT('',(3.790283203125,12.822265625,17.8));
#10022 = SURFACE_CURVE('',#10023,(#10027,#10034),.PCURVE_S1.);
#10023 = LINE('',#10024,#10025);
#10024 = CARTESIAN_POINT('',(2.937744140625,13.03759765625,17.8));
#10025 = VECTOR('',#10026,1.);
#10026 = DIRECTION('',(0.969551685994,-0.24488676605,0.));
#10027 = PCURVE('',#4310,#10028);
#10028 = DEFINITIONAL_REPRESENTATION('',(#10029),#10033);
#10029 = LINE('',#10030,#10031);
#10030 = CARTESIAN_POINT('',(0.,0.));
#10031 = VECTOR('',#10032,1.);
#10032 = DIRECTION('',(1.,0.));
#10033 = ( GEOMETRIC_REPRESENTATION_CONTEXT(2) 
PARAMETRIC_REPRESENTATION_CONTEXT() REPRESENTATION_CONTEXT('2D SPACE',''
  ) );
#10034 = PCURVE('',#10035,#10040);
#10035 = PLANE('',#10036);
#10036 = AXIS2_PLACEMENT_3D('',#10037,#10038,#10039);
#10037 = CARTESIAN_POINT('',(-2.353271484375,10.77880859375,17.8));
#10038 = DIRECTION('',(0.,0.,1.));
#10039 = DIRECTION('',(1.,0.,0.));
#10040 = DEFINITIONAL_REPRESENTATION('',(#10041),#10045);
#10041 = LINE('',#10042,#10043);
#10042 = CARTESIAN_POINT('',(5.291015625,2.2587890625));
#10043 = VECTOR('',#10044,1.);
#10044 = DIRECTION('',(0.969551685994,-0.24488676605));
#10045 = ( GEOMETRIC_REPRESENTATION_CONTEXT(2) 
PARAMETRIC_REPRESENTATION_CONTEXT() REPRESENTATION_CONTEXT('2D SPACE',''
  ) );
#10046 = ORIENTED_EDGE('',*,*,#10047,.T.);
#10047 = EDGE_CURVE('',#10018,#4296,#10048,.T.);
#10048 = SURFACE_CURVE('',#10049,(#10053,#10060),.PCURVE_S1.);
#10049 = LINE('',#10050,#10051);
#10050 = CARTESIAN_POINT('',(2.937744140625,13.03759765625,17.8));
#10051 = VECTOR('',#10052,1.);
#10052 = DIRECTION('',(0.,0.,1.));
#10053 = PCURVE('',#4310,#10054);
#10054 = DEFINITIONAL_REPRESENTATION('',(#10055),#10059);
#10055 = LINE('',#10056,#10057);
#10056 = CARTESIAN_POINT('',(0.,0.));
#10057 = VECTOR('',#10058,1.);
#10058 = DIRECTION('',(0.,-1.));
#10059 = ( GEOMETRIC_REPRESENTATION_CONTEXT(2) 
PARAMETRIC_REPRESENTATION_CONTEXT() REPRESENTATION_CONTEXT('2D SPACE',''
  ) );
#10060 = PCURVE('',#5477,#10061);
#10061 = DEFINITIONAL_REPRESENTATION('',(#10062),#10066);
#10062 = LINE('',#10063,#10064);
#10063 = CARTESIAN_POINT('',(1.,0.));
#10064 = VECTOR('',#10065,1.);
#10065 = DIRECTION('',(0.,-1.));
#10066 = ( GEOMETRIC_REPRESENTATION_CONTEXT(2) 
PARAMETRIC_REPRESENTATION_CONTEXT() REPRESENTATION_CONTEXT('2D SPACE',''
  ) );
#10067 = ORIENTED_EDGE('',*,*,#4293,.F.);
#10068 = ORIENTED_EDGE('',*,*,#10069,.F.);
#10069 = EDGE_CURVE('',#10020,#4294,#10070,.T.);
#10070 = SURFACE_CURVE('',#10071,(#10075,#10082),.PCURVE_S1.);
#10071 = LINE('',#10072,#10073);
#10072 = CARTESIAN_POINT('',(3.790283203125,12.822265625,17.8));
#10073 = VECTOR('',#10074,1.);
#10074 = DIRECTION('',(0.,0.,1.));
#10075 = PCURVE('',#4310,#10076);
#10076 = DEFINITIONAL_REPRESENTATION('',(#10077),#10081);
#10077 = LINE('',#10078,#10079);
#10078 = CARTESIAN_POINT('',(0.879312650182,0.));
#10079 = VECTOR('',#10080,1.);
#10080 = DIRECTION('',(0.,-1.));
#10081 = ( GEOMETRIC_REPRESENTATION_CONTEXT(2) 
PARAMETRIC_REPRESENTATION_CONTEXT() REPRESENTATION_CONTEXT('2D SPACE',''
  ) );
#10082 = PCURVE('',#4375,#10083);
#10083 = DEFINITIONAL_REPRESENTATION('',(#10084),#10088);
#10084 = LINE('',#10085,#10086);
#10085 = CARTESIAN_POINT('',(0.,0.));
#10086 = VECTOR('',#10087,1.);
#10087 = DIRECTION('',(0.,-1.));
#10088 = ( GEOMETRIC_REPRESENTATION_CONTEXT(2) 
PARAMETRIC_REPRESENTATION_CONTEXT() REPRESENTATION_CONTEXT('2D SPACE',''
  ) );
#10089 = ADVANCED_FACE('',(#10090),#4375,.F.);
#10090 = FACE_BOUND('',#10091,.F.);
#10091 = EDGE_LOOP('',(#10092,#10115,#10116,#10117));
#10092 = ORIENTED_EDGE('',*,*,#10093,.F.);
#10093 = EDGE_CURVE('',#10020,#10094,#10096,.T.);
#10094 = VERTEX_POINT('',#10095);
#10095 = CARTESIAN_POINT('',(2.82568359375,11.220458984375,17.8));
#10096 = SURFACE_CURVE('',#10097,(#10101,#10108),.PCURVE_S1.);
#10097 = B_SPLINE_CURVE_WITH_KNOTS('',2,(#10098,#10099,#10100),
  .UNSPECIFIED.,.F.,.F.,(3,3),(0.,1.),.PIECEWISE_BEZIER_KNOTS.);
#10098 = CARTESIAN_POINT('',(3.790283203125,12.822265625,17.8));
#10099 = CARTESIAN_POINT('',(3.522216796875,11.77197265625,17.8));
#10100 = CARTESIAN_POINT('',(2.82568359375,11.220458984375,17.8));
#10101 = PCURVE('',#4375,#10102);
#10102 = DEFINITIONAL_REPRESENTATION('',(#10103),#10107);
#10103 = LINE('',#10104,#10105);
#10104 = CARTESIAN_POINT('',(0.,0.));
#10105 = VECTOR('',#10106,1.);
#10106 = DIRECTION('',(1.,0.));
#10107 = ( GEOMETRIC_REPRESENTATION_CONTEXT(2) 
PARAMETRIC_REPRESENTATION_CONTEXT() REPRESENTATION_CONTEXT('2D SPACE',''
  ) );
#10108 = PCURVE('',#10035,#10109);
#10109 = DEFINITIONAL_REPRESENTATION('',(#10110),#10114);
#10110 = B_SPLINE_CURVE_WITH_KNOTS('',2,(#10111,#10112,#10113),
  .UNSPECIFIED.,.F.,.F.,(3,3),(0.,1.),.PIECEWISE_BEZIER_KNOTS.);
#10111 = CARTESIAN_POINT('',(6.1435546875,2.04345703125));
#10112 = CARTESIAN_POINT('',(5.87548828125,0.9931640625));
#10113 = CARTESIAN_POINT('',(5.178955078125,0.441650390625));
#10114 = ( GEOMETRIC_REPRESENTATION_CONTEXT(2) 
PARAMETRIC_REPRESENTATION_CONTEXT() REPRESENTATION_CONTEXT('2D SPACE',''
  ) );
#10115 = ORIENTED_EDGE('',*,*,#10069,.T.);
#10116 = ORIENTED_EDGE('',*,*,#4321,.F.);
#10117 = ORIENTED_EDGE('',*,*,#10118,.F.);
#10118 = EDGE_CURVE('',#10094,#4322,#10119,.T.);
#10119 = SURFACE_CURVE('',#10120,(#10124,#10131),.PCURVE_S1.);
#10120 = LINE('',#10121,#10122);
#10121 = CARTESIAN_POINT('',(2.82568359375,11.220458984375,17.8));
#10122 = VECTOR('',#10123,1.);
#10123 = DIRECTION('',(0.,0.,1.));
#10124 = PCURVE('',#4375,#10125);
#10125 = DEFINITIONAL_REPRESENTATION('',(#10126),#10130);
#10126 = LINE('',#10127,#10128);
#10127 = CARTESIAN_POINT('',(1.,0.));
#10128 = VECTOR('',#10129,1.);
#10129 = DIRECTION('',(0.,-1.));
#10130 = ( GEOMETRIC_REPRESENTATION_CONTEXT(2) 
PARAMETRIC_REPRESENTATION_CONTEXT() REPRESENTATION_CONTEXT('2D SPACE',''
  ) );
#10131 = PCURVE('',#4446,#10132);
#10132 = DEFINITIONAL_REPRESENTATION('',(#10133),#10137);
#10133 = LINE('',#10134,#10135);
#10134 = CARTESIAN_POINT('',(0.,0.));
#10135 = VECTOR('',#10136,1.);
#10136 = DIRECTION('',(0.,-1.));
#10137 = ( GEOMETRIC_REPRESENTATION_CONTEXT(2) 
PARAMETRIC_REPRESENTATION_CONTEXT() REPRESENTATION_CONTEXT('2D SPACE',''
  ) );
#10138 = ADVANCED_FACE('',(#10139),#5477,.F.);
#10139 = FACE_BOUND('',#10140,.F.);
#10140 = EDGE_LOOP('',(#10141,#10164,#10185,#10186));
#10141 = ORIENTED_EDGE('',*,*,#10142,.F.);
#10142 = EDGE_CURVE('',#10143,#10018,#10145,.T.);
#10143 = VERTEX_POINT('',#10144);
#10144 = CARTESIAN_POINT('',(2.265380859375,11.8115234375,17.8));
#10145 = SURFACE_CURVE('',#10146,(#10150,#10157),.PCURVE_S1.);
#10146 = B_SPLINE_CURVE_WITH_KNOTS('',2,(#10147,#10148,#10149),
  .UNSPECIFIED.,.F.,.F.,(3,3),(0.,1.),.PIECEWISE_BEZIER_KNOTS.);
#10147 = CARTESIAN_POINT('',(2.265380859375,11.8115234375,17.8));
#10148 = CARTESIAN_POINT('',(2.761962890625,12.224609375,17.8));
#10149 = CARTESIAN_POINT('',(2.937744140625,13.03759765625,17.8));
#10150 = PCURVE('',#5477,#10151);
#10151 = DEFINITIONAL_REPRESENTATION('',(#10152),#10156);
#10152 = LINE('',#10153,#10154);
#10153 = CARTESIAN_POINT('',(0.,0.));
#10154 = VECTOR('',#10155,1.);
#10155 = DIRECTION('',(1.,0.));
#10156 = ( GEOMETRIC_REPRESENTATION_CONTEXT(2) 
PARAMETRIC_REPRESENTATION_CONTEXT() REPRESENTATION_CONTEXT('2D SPACE',''
  ) );
#10157 = PCURVE('',#10035,#10158);
#10158 = DEFINITIONAL_REPRESENTATION('',(#10159),#10163);
#10159 = B_SPLINE_CURVE_WITH_KNOTS('',2,(#10160,#10161,#10162),
  .UNSPECIFIED.,.F.,.F.,(3,3),(0.,1.),.PIECEWISE_BEZIER_KNOTS.);
#10160 = CARTESIAN_POINT('',(4.61865234375,1.03271484375));
#10161 = CARTESIAN_POINT('',(5.115234375,1.44580078125));
#10162 = CARTESIAN_POINT('',(5.291015625,2.2587890625));
#10163 = ( GEOMETRIC_REPRESENTATION_CONTEXT(2) 
PARAMETRIC_REPRESENTATION_CONTEXT() REPRESENTATION_CONTEXT('2D SPACE',''
  ) );
#10164 = ORIENTED_EDGE('',*,*,#10165,.T.);
#10165 = EDGE_CURVE('',#10143,#5389,#10166,.T.);
#10166 = SURFACE_CURVE('',#10167,(#10171,#10178),.PCURVE_S1.);
#10167 = LINE('',#10168,#10169);
#10168 = CARTESIAN_POINT('',(2.265380859375,11.8115234375,17.8));
#10169 = VECTOR('',#10170,1.);
#10170 = DIRECTION('',(0.,0.,1.));
#10171 = PCURVE('',#5477,#10172);
#10172 = DEFINITIONAL_REPRESENTATION('',(#10173),#10177);
#10173 = LINE('',#10174,#10175);
#10174 = CARTESIAN_POINT('',(0.,0.));
#10175 = VECTOR('',#10176,1.);
#10176 = DIRECTION('',(0.,-1.));
#10177 = ( GEOMETRIC_REPRESENTATION_CONTEXT(2) 
PARAMETRIC_REPRESENTATION_CONTEXT() REPRESENTATION_CONTEXT('2D SPACE',''
  ) );
#10178 = PCURVE('',#5422,#10179);
#10179 = DEFINITIONAL_REPRESENTATION('',(#10180),#10184);
#10180 = LINE('',#10181,#10182);
#10181 = CARTESIAN_POINT('',(1.,0.));
#10182 = VECTOR('',#10183,1.);
#10183 = DIRECTION('',(0.,-1.));
#10184 = ( GEOMETRIC_REPRESENTATION_CONTEXT(2) 
PARAMETRIC_REPRESENTATION_CONTEXT() REPRESENTATION_CONTEXT('2D SPACE',''
  ) );
#10185 = ORIENTED_EDGE('',*,*,#5445,.F.);
#10186 = ORIENTED_EDGE('',*,*,#10047,.F.);
#10187 = ADVANCED_FACE('',(#10188),#4446,.F.);
#10188 = FACE_BOUND('',#10189,.F.);
#10189 = EDGE_LOOP('',(#10190,#10213,#10214,#10215));
#10190 = ORIENTED_EDGE('',*,*,#10191,.F.);
#10191 = EDGE_CURVE('',#10094,#10192,#10194,.T.);
#10192 = VERTEX_POINT('',#10193);
#10193 = CARTESIAN_POINT('',(1.122802734375,10.6689453125,17.8));
#10194 = SURFACE_CURVE('',#10195,(#10199,#10206),.PCURVE_S1.);
#10195 = B_SPLINE_CURVE_WITH_KNOTS('',2,(#10196,#10197,#10198),
  .UNSPECIFIED.,.F.,.F.,(3,3),(0.,1.),.PIECEWISE_BEZIER_KNOTS.);
#10196 = CARTESIAN_POINT('',(2.82568359375,11.220458984375,17.8));
#10197 = CARTESIAN_POINT('',(2.129150390625,10.6689453125,17.8));
#10198 = CARTESIAN_POINT('',(1.122802734375,10.6689453125,17.8));
#10199 = PCURVE('',#4446,#10200);
#10200 = DEFINITIONAL_REPRESENTATION('',(#10201),#10205);
#10201 = LINE('',#10202,#10203);
#10202 = CARTESIAN_POINT('',(0.,0.));
#10203 = VECTOR('',#10204,1.);
#10204 = DIRECTION('',(1.,0.));
#10205 = ( GEOMETRIC_REPRESENTATION_CONTEXT(2) 
PARAMETRIC_REPRESENTATION_CONTEXT() REPRESENTATION_CONTEXT('2D SPACE',''
  ) );
#10206 = PCURVE('',#10035,#10207);
#10207 = DEFINITIONAL_REPRESENTATION('',(#10208),#10212);
#10208 = B_SPLINE_CURVE_WITH_KNOTS('',2,(#10209,#10210,#10211),
  .UNSPECIFIED.,.F.,.F.,(3,3),(0.,1.),.PIECEWISE_BEZIER_KNOTS.);
#10209 = CARTESIAN_POINT('',(5.178955078125,0.441650390625));
#10210 = CARTESIAN_POINT('',(4.482421875,-0.10986328125));
#10211 = CARTESIAN_POINT('',(3.47607421875,-0.10986328125));
#10212 = ( GEOMETRIC_REPRESENTATION_CONTEXT(2) 
PARAMETRIC_REPRESENTATION_CONTEXT() REPRESENTATION_CONTEXT('2D SPACE',''
  ) );
#10213 = ORIENTED_EDGE('',*,*,#10118,.T.);
#10214 = ORIENTED_EDGE('',*,*,#4408,.F.);
#10215 = ORIENTED_EDGE('',*,*,#10216,.F.);
#10216 = EDGE_CURVE('',#10192,#4409,#10217,.T.);
#10217 = SURFACE_CURVE('',#10218,(#10222,#10229),.PCURVE_S1.);
#10218 = LINE('',#10219,#10220);
#10219 = CARTESIAN_POINT('',(1.122802734375,10.6689453125,17.8));
#10220 = VECTOR('',#10221,1.);
#10221 = DIRECTION('',(0.,0.,1.));
#10222 = PCURVE('',#4446,#10223);
#10223 = DEFINITIONAL_REPRESENTATION('',(#10224),#10228);
#10224 = LINE('',#10225,#10226);
#10225 = CARTESIAN_POINT('',(1.,0.));
#10226 = VECTOR('',#10227,1.);
#10227 = DIRECTION('',(0.,-1.));
#10228 = ( GEOMETRIC_REPRESENTATION_CONTEXT(2) 
PARAMETRIC_REPRESENTATION_CONTEXT() REPRESENTATION_CONTEXT('2D SPACE',''
  ) );
#10229 = PCURVE('',#4505,#10230);
#10230 = DEFINITIONAL_REPRESENTATION('',(#10231),#10235);
#10231 = LINE('',#10232,#10233);
#10232 = CARTESIAN_POINT('',(0.,0.));
#10233 = VECTOR('',#10234,1.);
#10234 = DIRECTION('',(0.,-1.));
#10235 = ( GEOMETRIC_REPRESENTATION_CONTEXT(2) 
PARAMETRIC_REPRESENTATION_CONTEXT() REPRESENTATION_CONTEXT('2D SPACE',''
  ) );
#10236 = ADVANCED_FACE('',(#10237),#5422,.F.);
#10237 = FACE_BOUND('',#10238,.F.);
#10238 = EDGE_LOOP('',(#10239,#10262,#10283,#10284));
#10239 = ORIENTED_EDGE('',*,*,#10240,.F.);
#10240 = EDGE_CURVE('',#10241,#10143,#10243,.T.);
#10241 = VERTEX_POINT('',#10242);
#10242 = CARTESIAN_POINT('',(1.052490234375,11.3984375,17.8));
#10243 = SURFACE_CURVE('',#10244,(#10248,#10255),.PCURVE_S1.);
#10244 = B_SPLINE_CURVE_WITH_KNOTS('',2,(#10245,#10246,#10247),
  .UNSPECIFIED.,.F.,.F.,(3,3),(0.,1.),.PIECEWISE_BEZIER_KNOTS.);
#10245 = CARTESIAN_POINT('',(1.052490234375,11.3984375,17.8));
#10246 = CARTESIAN_POINT('',(1.768798828125,11.3984375,17.8));
#10247 = CARTESIAN_POINT('',(2.265380859375,11.8115234375,17.8));
#10248 = PCURVE('',#5422,#10249);
#10249 = DEFINITIONAL_REPRESENTATION('',(#10250),#10254);
#10250 = LINE('',#10251,#10252);
#10251 = CARTESIAN_POINT('',(0.,0.));
#10252 = VECTOR('',#10253,1.);
#10253 = DIRECTION('',(1.,0.));
#10254 = ( GEOMETRIC_REPRESENTATION_CONTEXT(2) 
PARAMETRIC_REPRESENTATION_CONTEXT() REPRESENTATION_CONTEXT('2D SPACE',''
  ) );
#10255 = PCURVE('',#10035,#10256);
#10256 = DEFINITIONAL_REPRESENTATION('',(#10257),#10261);
#10257 = B_SPLINE_CURVE_WITH_KNOTS('',2,(#10258,#10259,#10260),
  .UNSPECIFIED.,.F.,.F.,(3,3),(0.,1.),.PIECEWISE_BEZIER_KNOTS.);
#10258 = CARTESIAN_POINT('',(3.40576171875,0.61962890625));
#10259 = CARTESIAN_POINT('',(4.1220703125,0.61962890625));
#10260 = CARTESIAN_POINT('',(4.61865234375,1.03271484375));
#10261 = ( GEOMETRIC_REPRESENTATION_CONTEXT(2) 
PARAMETRIC_REPRESENTATION_CONTEXT() REPRESENTATION_CONTEXT('2D SPACE',''
  ) );
#10262 = ORIENTED_EDGE('',*,*,#10263,.T.);
#10263 = EDGE_CURVE('',#10241,#5338,#10264,.T.);
#10264 = SURFACE_CURVE('',#10265,(#10269,#10276),.PCURVE_S1.);
#10265 = LINE('',#10266,#10267);
#10266 = CARTESIAN_POINT('',(1.052490234375,11.3984375,17.8));
#10267 = VECTOR('',#10268,1.);
#10268 = DIRECTION('',(0.,0.,1.));
#10269 = PCURVE('',#5422,#10270);
#10270 = DEFINITIONAL_REPRESENTATION('',(#10271),#10275);
#10271 = LINE('',#10272,#10273);
#10272 = CARTESIAN_POINT('',(0.,0.));
#10273 = VECTOR('',#10274,1.);
#10274 = DIRECTION('',(0.,-1.));
#10275 = ( GEOMETRIC_REPRESENTATION_CONTEXT(2) 
PARAMETRIC_REPRESENTATION_CONTEXT() REPRESENTATION_CONTEXT('2D SPACE',''
  ) );
#10276 = PCURVE('',#5367,#10277);
#10277 = DEFINITIONAL_REPRESENTATION('',(#10278),#10282);
#10278 = LINE('',#10279,#10280);
#10279 = CARTESIAN_POINT('',(1.,0.));
#10280 = VECTOR('',#10281,1.);
#10281 = DIRECTION('',(0.,-1.));
#10282 = ( GEOMETRIC_REPRESENTATION_CONTEXT(2) 
PARAMETRIC_REPRESENTATION_CONTEXT() REPRESENTATION_CONTEXT('2D SPACE',''
  ) );
#10283 = ORIENTED_EDGE('',*,*,#5388,.F.);
#10284 = ORIENTED_EDGE('',*,*,#10165,.F.);
#10285 = ADVANCED_FACE('',(#10286),#4505,.F.);
#10286 = FACE_BOUND('',#10287,.F.);
#10287 = EDGE_LOOP('',(#10288,#10311,#10312,#10313));
#10288 = ORIENTED_EDGE('',*,*,#10289,.F.);
#10289 = EDGE_CURVE('',#10192,#10290,#10292,.T.);
#10290 = VERTEX_POINT('',#10291);
#10291 = CARTESIAN_POINT('',(-0.5712890625,11.093017578125,17.8));
#10292 = SURFACE_CURVE('',#10293,(#10297,#10304),.PCURVE_S1.);
#10293 = B_SPLINE_CURVE_WITH_KNOTS('',2,(#10294,#10295,#10296),
  .UNSPECIFIED.,.F.,.F.,(3,3),(0.,1.),.PIECEWISE_BEZIER_KNOTS.);
#10294 = CARTESIAN_POINT('',(1.122802734375,10.6689453125,17.8));
#10295 = CARTESIAN_POINT('',(8.1298828125E-02,10.6689453125,17.8));
#10296 = CARTESIAN_POINT('',(-0.5712890625,11.093017578125,17.8));
#10297 = PCURVE('',#4505,#10298);
#10298 = DEFINITIONAL_REPRESENTATION('',(#10299),#10303);
#10299 = LINE('',#10300,#10301);
#10300 = CARTESIAN_POINT('',(0.,0.));
#10301 = VECTOR('',#10302,1.);
#10302 = DIRECTION('',(1.,0.));
#10303 = ( GEOMETRIC_REPRESENTATION_CONTEXT(2) 
PARAMETRIC_REPRESENTATION_CONTEXT() REPRESENTATION_CONTEXT('2D SPACE',''
  ) );
#10304 = PCURVE('',#10035,#10305);
#10305 = DEFINITIONAL_REPRESENTATION('',(#10306),#10310);
#10306 = B_SPLINE_CURVE_WITH_KNOTS('',2,(#10307,#10308,#10309),
  .UNSPECIFIED.,.F.,.F.,(3,3),(0.,1.),.PIECEWISE_BEZIER_KNOTS.);
#10307 = CARTESIAN_POINT('',(3.47607421875,-0.10986328125));
#10308 = CARTESIAN_POINT('',(2.4345703125,-0.10986328125));
#10309 = CARTESIAN_POINT('',(1.781982421875,0.314208984375));
#10310 = ( GEOMETRIC_REPRESENTATION_CONTEXT(2) 
PARAMETRIC_REPRESENTATION_CONTEXT() REPRESENTATION_CONTEXT('2D SPACE',''
  ) );
#10311 = ORIENTED_EDGE('',*,*,#10216,.T.);
#10312 = ORIENTED_EDGE('',*,*,#4471,.F.);
#10313 = ORIENTED_EDGE('',*,*,#10314,.F.);
#10314 = EDGE_CURVE('',#10290,#4472,#10315,.T.);
#10315 = SURFACE_CURVE('',#10316,(#10320,#10327),.PCURVE_S1.);
#10316 = LINE('',#10317,#10318);
#10317 = CARTESIAN_POINT('',(-0.5712890625,11.093017578125,17.8));
#10318 = VECTOR('',#10319,1.);
#10319 = DIRECTION('',(0.,0.,1.));
#10320 = PCURVE('',#4505,#10321);
#10321 = DEFINITIONAL_REPRESENTATION('',(#10322),#10326);
#10322 = LINE('',#10323,#10324);
#10323 = CARTESIAN_POINT('',(1.,0.));
#10324 = VECTOR('',#10325,1.);
#10325 = DIRECTION('',(0.,-1.));
#10326 = ( GEOMETRIC_REPRESENTATION_CONTEXT(2) 
PARAMETRIC_REPRESENTATION_CONTEXT() REPRESENTATION_CONTEXT('2D SPACE',''
  ) );
#10327 = PCURVE('',#4562,#10328);
#10328 = DEFINITIONAL_REPRESENTATION('',(#10329),#10333);
#10329 = LINE('',#10330,#10331);
#10330 = CARTESIAN_POINT('',(0.,0.));
#10331 = VECTOR('',#10332,1.);
#10332 = DIRECTION('',(0.,-1.));
#10333 = ( GEOMETRIC_REPRESENTATION_CONTEXT(2) 
PARAMETRIC_REPRESENTATION_CONTEXT() REPRESENTATION_CONTEXT('2D SPACE',''
  ) );
#10334 = ADVANCED_FACE('',(#10335),#5367,.F.);
#10335 = FACE_BOUND('',#10336,.F.);
#10336 = EDGE_LOOP('',(#10337,#10360,#10381,#10382));
#10337 = ORIENTED_EDGE('',*,*,#10338,.F.);
#10338 = EDGE_CURVE('',#10339,#10241,#10341,.T.);
#10339 = VERTEX_POINT('',#10340);
#10340 = CARTESIAN_POINT('',(-4.1748046875E-02,11.70166015625,17.8));
#10341 = SURFACE_CURVE('',#10342,(#10346,#10353),.PCURVE_S1.);
#10342 = B_SPLINE_CURVE_WITH_KNOTS('',2,(#10343,#10344,#10345),
  .UNSPECIFIED.,.F.,.F.,(3,3),(0.,1.),.PIECEWISE_BEZIER_KNOTS.);
#10343 = CARTESIAN_POINT('',(-4.1748046875E-02,11.70166015625,17.8));
#10344 = CARTESIAN_POINT('',(0.463623046875,11.3984375,17.8));
#10345 = CARTESIAN_POINT('',(1.052490234375,11.3984375,17.8));
#10346 = PCURVE('',#5367,#10347);
#10347 = DEFINITIONAL_REPRESENTATION('',(#10348),#10352);
#10348 = LINE('',#10349,#10350);
#10349 = CARTESIAN_POINT('',(0.,0.));
#10350 = VECTOR('',#10351,1.);
#10351 = DIRECTION('',(1.,0.));
#10352 = ( GEOMETRIC_REPRESENTATION_CONTEXT(2) 
PARAMETRIC_REPRESENTATION_CONTEXT() REPRESENTATION_CONTEXT('2D SPACE',''
  ) );
#10353 = PCURVE('',#10035,#10354);
#10354 = DEFINITIONAL_REPRESENTATION('',(#10355),#10359);
#10355 = B_SPLINE_CURVE_WITH_KNOTS('',2,(#10356,#10357,#10358),
  .UNSPECIFIED.,.F.,.F.,(3,3),(0.,1.),.PIECEWISE_BEZIER_KNOTS.);
#10356 = CARTESIAN_POINT('',(2.3115234375,0.9228515625));
#10357 = CARTESIAN_POINT('',(2.81689453125,0.61962890625));
#10358 = CARTESIAN_POINT('',(3.40576171875,0.61962890625));
#10359 = ( GEOMETRIC_REPRESENTATION_CONTEXT(2) 
PARAMETRIC_REPRESENTATION_CONTEXT() REPRESENTATION_CONTEXT('2D SPACE',''
  ) );
#10360 = ORIENTED_EDGE('',*,*,#10361,.T.);
#10361 = EDGE_CURVE('',#10339,#5281,#10362,.T.);
#10362 = SURFACE_CURVE('',#10363,(#10367,#10374),.PCURVE_S1.);
#10363 = LINE('',#10364,#10365);
#10364 = CARTESIAN_POINT('',(-4.1748046875E-02,11.70166015625,17.8));
#10365 = VECTOR('',#10366,1.);
#10366 = DIRECTION('',(0.,0.,1.));
#10367 = PCURVE('',#5367,#10368);
#10368 = DEFINITIONAL_REPRESENTATION('',(#10369),#10373);
#10369 = LINE('',#10370,#10371);
#10370 = CARTESIAN_POINT('',(0.,0.));
#10371 = VECTOR('',#10372,1.);
#10372 = DIRECTION('',(0.,-1.));
#10373 = ( GEOMETRIC_REPRESENTATION_CONTEXT(2) 
PARAMETRIC_REPRESENTATION_CONTEXT() REPRESENTATION_CONTEXT('2D SPACE',''
  ) );
#10374 = PCURVE('',#5314,#10375);
#10375 = DEFINITIONAL_REPRESENTATION('',(#10376),#10380);
#10376 = LINE('',#10377,#10378);
#10377 = CARTESIAN_POINT('',(1.,0.));
#10378 = VECTOR('',#10379,1.);
#10379 = DIRECTION('',(0.,-1.));
#10380 = ( GEOMETRIC_REPRESENTATION_CONTEXT(2) 
PARAMETRIC_REPRESENTATION_CONTEXT() REPRESENTATION_CONTEXT('2D SPACE',''
  ) );
#10381 = ORIENTED_EDGE('',*,*,#5337,.F.);
#10382 = ORIENTED_EDGE('',*,*,#10263,.F.);
#10383 = ADVANCED_FACE('',(#10384),#4562,.F.);
#10384 = FACE_BOUND('',#10385,.F.);
#10385 = EDGE_LOOP('',(#10386,#10409,#10410,#10411));
#10386 = ORIENTED_EDGE('',*,*,#10387,.F.);
#10387 = EDGE_CURVE('',#10290,#10388,#10390,.T.);
#10388 = VERTEX_POINT('',#10389);
#10389 = CARTESIAN_POINT('',(-1.564453125,12.3212890625,17.8));
#10390 = SURFACE_CURVE('',#10391,(#10395,#10402),.PCURVE_S1.);
#10391 = B_SPLINE_CURVE_WITH_KNOTS('',2,(#10392,#10393,#10394),
  .UNSPECIFIED.,.F.,.F.,(3,3),(0.,1.),.PIECEWISE_BEZIER_KNOTS.);
#10392 = CARTESIAN_POINT('',(-0.5712890625,11.093017578125,17.8));
#10393 = CARTESIAN_POINT('',(-1.223876953125,11.51708984375,17.8));
#10394 = CARTESIAN_POINT('',(-1.564453125,12.3212890625,17.8));
#10395 = PCURVE('',#4562,#10396);
#10396 = DEFINITIONAL_REPRESENTATION('',(#10397),#10401);
#10397 = LINE('',#10398,#10399);
#10398 = CARTESIAN_POINT('',(0.,0.));
#10399 = VECTOR('',#10400,1.);
#10400 = DIRECTION('',(1.,0.));
#10401 = ( GEOMETRIC_REPRESENTATION_CONTEXT(2) 
PARAMETRIC_REPRESENTATION_CONTEXT() REPRESENTATION_CONTEXT('2D SPACE',''
  ) );
#10402 = PCURVE('',#10035,#10403);
#10403 = DEFINITIONAL_REPRESENTATION('',(#10404),#10408);
#10404 = B_SPLINE_CURVE_WITH_KNOTS('',2,(#10405,#10406,#10407),
  .UNSPECIFIED.,.F.,.F.,(3,3),(0.,1.),.PIECEWISE_BEZIER_KNOTS.);
#10405 = CARTESIAN_POINT('',(1.781982421875,0.314208984375));
#10406 = CARTESIAN_POINT('',(1.12939453125,0.73828125));
#10407 = CARTESIAN_POINT('',(0.788818359375,1.54248046875));
#10408 = ( GEOMETRIC_REPRESENTATION_CONTEXT(2) 
PARAMETRIC_REPRESENTATION_CONTEXT() REPRESENTATION_CONTEXT('2D SPACE',''
  ) );
#10409 = ORIENTED_EDGE('',*,*,#10314,.T.);
#10410 = ORIENTED_EDGE('',*,*,#4528,.F.);
#10411 = ORIENTED_EDGE('',*,*,#10412,.F.);
#10412 = EDGE_CURVE('',#10388,#4529,#10413,.T.);
#10413 = SURFACE_CURVE('',#10414,(#10418,#10425),.PCURVE_S1.);
#10414 = LINE('',#10415,#10416);
#10415 = CARTESIAN_POINT('',(-1.564453125,12.3212890625,17.8));
#10416 = VECTOR('',#10417,1.);
#10417 = DIRECTION('',(0.,0.,1.));
#10418 = PCURVE('',#4562,#10419);
#10419 = DEFINITIONAL_REPRESENTATION('',(#10420),#10424);
#10420 = LINE('',#10421,#10422);
#10421 = CARTESIAN_POINT('',(1.,0.));
#10422 = VECTOR('',#10423,1.);
#10423 = DIRECTION('',(0.,-1.));
#10424 = ( GEOMETRIC_REPRESENTATION_CONTEXT(2) 
PARAMETRIC_REPRESENTATION_CONTEXT() REPRESENTATION_CONTEXT('2D SPACE',''
  ) );
#10425 = PCURVE('',#4615,#10426);
#10426 = DEFINITIONAL_REPRESENTATION('',(#10427),#10431);
#10427 = LINE('',#10428,#10429);
#10428 = CARTESIAN_POINT('',(0.,0.));
#10429 = VECTOR('',#10430,1.);
#10430 = DIRECTION('',(0.,-1.));
#10431 = ( GEOMETRIC_REPRESENTATION_CONTEXT(2) 
PARAMETRIC_REPRESENTATION_CONTEXT() REPRESENTATION_CONTEXT('2D SPACE',''
  ) );
#10432 = ADVANCED_FACE('',(#10433),#5314,.F.);
#10433 = FACE_BOUND('',#10434,.F.);
#10434 = EDGE_LOOP('',(#10435,#10458,#10479,#10480));
#10435 = ORIENTED_EDGE('',*,*,#10436,.F.);
#10436 = EDGE_CURVE('',#10437,#10339,#10439,.T.);
#10437 = VERTEX_POINT('',#10438);
#10438 = CARTESIAN_POINT('',(-0.78662109375,12.617919921875,17.8));
#10439 = SURFACE_CURVE('',#10440,(#10444,#10451),.PCURVE_S1.);
#10440 = B_SPLINE_CURVE_WITH_KNOTS('',2,(#10441,#10442,#10443),
  .UNSPECIFIED.,.F.,.F.,(3,3),(0.,1.),.PIECEWISE_BEZIER_KNOTS.);
#10441 = CARTESIAN_POINT('',(-0.78662109375,12.617919921875,17.8));
#10442 = CARTESIAN_POINT('',(-0.547119140625,12.0048828125,17.8));
#10443 = CARTESIAN_POINT('',(-4.1748046875E-02,11.70166015625,17.8));
#10444 = PCURVE('',#5314,#10445);
#10445 = DEFINITIONAL_REPRESENTATION('',(#10446),#10450);
#10446 = LINE('',#10447,#10448);
#10447 = CARTESIAN_POINT('',(0.,0.));
#10448 = VECTOR('',#10449,1.);
#10449 = DIRECTION('',(1.,0.));
#10450 = ( GEOMETRIC_REPRESENTATION_CONTEXT(2) 
PARAMETRIC_REPRESENTATION_CONTEXT() REPRESENTATION_CONTEXT('2D SPACE',''
  ) );
#10451 = PCURVE('',#10035,#10452);
#10452 = DEFINITIONAL_REPRESENTATION('',(#10453),#10457);
#10453 = B_SPLINE_CURVE_WITH_KNOTS('',2,(#10454,#10455,#10456),
  .UNSPECIFIED.,.F.,.F.,(3,3),(0.,1.),.PIECEWISE_BEZIER_KNOTS.);
#10454 = CARTESIAN_POINT('',(1.566650390625,1.839111328125));
#10455 = CARTESIAN_POINT('',(1.80615234375,1.22607421875));
#10456 = CARTESIAN_POINT('',(2.3115234375,0.9228515625));
#10457 = ( GEOMETRIC_REPRESENTATION_CONTEXT(2) 
PARAMETRIC_REPRESENTATION_CONTEXT() REPRESENTATION_CONTEXT('2D SPACE',''
  ) );
#10458 = ORIENTED_EDGE('',*,*,#10459,.T.);
#10459 = EDGE_CURVE('',#10437,#5230,#10460,.T.);
#10460 = SURFACE_CURVE('',#10461,(#10465,#10472),.PCURVE_S1.);
#10461 = LINE('',#10462,#10463);
#10462 = CARTESIAN_POINT('',(-0.78662109375,12.617919921875,17.8));
#10463 = VECTOR('',#10464,1.);
#10464 = DIRECTION('',(0.,0.,1.));
#10465 = PCURVE('',#5314,#10466);
#10466 = DEFINITIONAL_REPRESENTATION('',(#10467),#10471);
#10467 = LINE('',#10468,#10469);
#10468 = CARTESIAN_POINT('',(0.,0.));
#10469 = VECTOR('',#10470,1.);
#10470 = DIRECTION('',(0.,-1.));
#10471 = ( GEOMETRIC_REPRESENTATION_CONTEXT(2) 
PARAMETRIC_REPRESENTATION_CONTEXT() REPRESENTATION_CONTEXT('2D SPACE',''
  ) );
#10472 = PCURVE('',#5259,#10473);
#10473 = DEFINITIONAL_REPRESENTATION('',(#10474),#10478);
#10474 = LINE('',#10475,#10476);
#10475 = CARTESIAN_POINT('',(1.,0.));
#10476 = VECTOR('',#10477,1.);
#10477 = DIRECTION('',(0.,-1.));
#10478 = ( GEOMETRIC_REPRESENTATION_CONTEXT(2) 
PARAMETRIC_REPRESENTATION_CONTEXT() REPRESENTATION_CONTEXT('2D SPACE',''
  ) );
#10479 = ORIENTED_EDGE('',*,*,#5280,.F.);
#10480 = ORIENTED_EDGE('',*,*,#10361,.F.);
#10481 = ADVANCED_FACE('',(#10482),#4615,.F.);
#10482 = FACE_BOUND('',#10483,.F.);
#10483 = EDGE_LOOP('',(#10484,#10507,#10508,#10509));
#10484 = ORIENTED_EDGE('',*,*,#10485,.F.);
#10485 = EDGE_CURVE('',#10388,#10486,#10488,.T.);
#10486 = VERTEX_POINT('',#10487);
#10487 = CARTESIAN_POINT('',(-1.905029296875,14.04833984375,17.8));
#10488 = SURFACE_CURVE('',#10489,(#10493,#10500),.PCURVE_S1.);
#10489 = B_SPLINE_CURVE_WITH_KNOTS('',2,(#10490,#10491,#10492),
  .UNSPECIFIED.,.F.,.F.,(3,3),(0.,1.),.PIECEWISE_BEZIER_KNOTS.);
#10490 = CARTESIAN_POINT('',(-1.564453125,12.3212890625,17.8));
#10491 = CARTESIAN_POINT('',(-1.905029296875,13.12548828125,17.8));
#10492 = CARTESIAN_POINT('',(-1.905029296875,14.04833984375,17.8));
#10493 = PCURVE('',#4615,#10494);
#10494 = DEFINITIONAL_REPRESENTATION('',(#10495),#10499);
#10495 = LINE('',#10496,#10497);
#10496 = CARTESIAN_POINT('',(0.,0.));
#10497 = VECTOR('',#10498,1.);
#10498 = DIRECTION('',(1.,0.));
#10499 = ( GEOMETRIC_REPRESENTATION_CONTEXT(2) 
PARAMETRIC_REPRESENTATION_CONTEXT() REPRESENTATION_CONTEXT('2D SPACE',''
  ) );
#10500 = PCURVE('',#10035,#10501);
#10501 = DEFINITIONAL_REPRESENTATION('',(#10502),#10506);
#10502 = B_SPLINE_CURVE_WITH_KNOTS('',2,(#10503,#10504,#10505),
  .UNSPECIFIED.,.F.,.F.,(3,3),(0.,1.),.PIECEWISE_BEZIER_KNOTS.);
#10503 = CARTESIAN_POINT('',(0.788818359375,1.54248046875));
#10504 = CARTESIAN_POINT('',(0.4482421875,2.3466796875));
#10505 = CARTESIAN_POINT('',(0.4482421875,3.26953125));
#10506 = ( GEOMETRIC_REPRESENTATION_CONTEXT(2) 
PARAMETRIC_REPRESENTATION_CONTEXT() REPRESENTATION_CONTEXT('2D SPACE',''
  ) );
#10507 = ORIENTED_EDGE('',*,*,#10412,.T.);
#10508 = ORIENTED_EDGE('',*,*,#4585,.F.);
#10509 = ORIENTED_EDGE('',*,*,#10510,.F.);
#10510 = EDGE_CURVE('',#10486,#4586,#10511,.T.);
#10511 = SURFACE_CURVE('',#10512,(#10516,#10523),.PCURVE_S1.);
#10512 = LINE('',#10513,#10514);
#10513 = CARTESIAN_POINT('',(-1.905029296875,14.04833984375,17.8));
#10514 = VECTOR('',#10515,1.);
#10515 = DIRECTION('',(0.,0.,1.));
#10516 = PCURVE('',#4615,#10517);
#10517 = DEFINITIONAL_REPRESENTATION('',(#10518),#10522);
#10518 = LINE('',#10519,#10520);
#10519 = CARTESIAN_POINT('',(1.,0.));
#10520 = VECTOR('',#10521,1.);
#10521 = DIRECTION('',(0.,-1.));
#10522 = ( GEOMETRIC_REPRESENTATION_CONTEXT(2) 
PARAMETRIC_REPRESENTATION_CONTEXT() REPRESENTATION_CONTEXT('2D SPACE',''
  ) );
#10523 = PCURVE('',#4666,#10524);
#10524 = DEFINITIONAL_REPRESENTATION('',(#10525),#10529);
#10525 = LINE('',#10526,#10527);
#10526 = CARTESIAN_POINT('',(0.,0.));
#10527 = VECTOR('',#10528,1.);
#10528 = DIRECTION('',(0.,-1.));
#10529 = ( GEOMETRIC_REPRESENTATION_CONTEXT(2) 
PARAMETRIC_REPRESENTATION_CONTEXT() REPRESENTATION_CONTEXT('2D SPACE',''
  ) );
#10530 = ADVANCED_FACE('',(#10531),#5259,.F.);
#10531 = FACE_BOUND('',#10532,.F.);
#10532 = EDGE_LOOP('',(#10533,#10556,#10577,#10578));
#10533 = ORIENTED_EDGE('',*,*,#10534,.F.);
#10534 = EDGE_CURVE('',#10535,#10437,#10537,.T.);
#10535 = VERTEX_POINT('',#10536);
#10536 = CARTESIAN_POINT('',(-1.026123046875,14.052734375,17.8));
#10537 = SURFACE_CURVE('',#10538,(#10542,#10549),.PCURVE_S1.);
#10538 = B_SPLINE_CURVE_WITH_KNOTS('',2,(#10539,#10540,#10541),
  .UNSPECIFIED.,.F.,.F.,(3,3),(0.,1.),.PIECEWISE_BEZIER_KNOTS.);
#10539 = CARTESIAN_POINT('',(-1.026123046875,14.052734375,17.8));
#10540 = CARTESIAN_POINT('',(-1.026123046875,13.23095703125,17.8));
#10541 = CARTESIAN_POINT('',(-0.78662109375,12.617919921875,17.8));
#10542 = PCURVE('',#5259,#10543);
#10543 = DEFINITIONAL_REPRESENTATION('',(#10544),#10548);
#10544 = LINE('',#10545,#10546);
#10545 = CARTESIAN_POINT('',(0.,0.));
#10546 = VECTOR('',#10547,1.);
#10547 = DIRECTION('',(1.,0.));
#10548 = ( GEOMETRIC_REPRESENTATION_CONTEXT(2) 
PARAMETRIC_REPRESENTATION_CONTEXT() REPRESENTATION_CONTEXT('2D SPACE',''
  ) );
#10549 = PCURVE('',#10035,#10550);
#10550 = DEFINITIONAL_REPRESENTATION('',(#10551),#10555);
#10551 = B_SPLINE_CURVE_WITH_KNOTS('',2,(#10552,#10553,#10554),
  .UNSPECIFIED.,.F.,.F.,(3,3),(0.,1.),.PIECEWISE_BEZIER_KNOTS.);
#10552 = CARTESIAN_POINT('',(1.3271484375,3.27392578125));
#10553 = CARTESIAN_POINT('',(1.3271484375,2.4521484375));
#10554 = CARTESIAN_POINT('',(1.566650390625,1.839111328125));
#10555 = ( GEOMETRIC_REPRESENTATION_CONTEXT(2) 
PARAMETRIC_REPRESENTATION_CONTEXT() REPRESENTATION_CONTEXT('2D SPACE',''
  ) );
#10556 = ORIENTED_EDGE('',*,*,#10557,.T.);
#10557 = EDGE_CURVE('',#10535,#5179,#10558,.T.);
#10558 = SURFACE_CURVE('',#10559,(#10563,#10570),.PCURVE_S1.);
#10559 = LINE('',#10560,#10561);
#10560 = CARTESIAN_POINT('',(-1.026123046875,14.052734375,17.8));
#10561 = VECTOR('',#10562,1.);
#10562 = DIRECTION('',(0.,0.,1.));
#10563 = PCURVE('',#5259,#10564);
#10564 = DEFINITIONAL_REPRESENTATION('',(#10565),#10569);
#10565 = LINE('',#10566,#10567);
#10566 = CARTESIAN_POINT('',(0.,0.));
#10567 = VECTOR('',#10568,1.);
#10568 = DIRECTION('',(0.,-1.));
#10569 = ( GEOMETRIC_REPRESENTATION_CONTEXT(2) 
PARAMETRIC_REPRESENTATION_CONTEXT() REPRESENTATION_CONTEXT('2D SPACE',''
  ) );
#10570 = PCURVE('',#5208,#10571);
#10571 = DEFINITIONAL_REPRESENTATION('',(#10572),#10576);
#10572 = LINE('',#10573,#10574);
#10573 = CARTESIAN_POINT('',(1.,0.));
#10574 = VECTOR('',#10575,1.);
#10575 = DIRECTION('',(0.,-1.));
#10576 = ( GEOMETRIC_REPRESENTATION_CONTEXT(2) 
PARAMETRIC_REPRESENTATION_CONTEXT() REPRESENTATION_CONTEXT('2D SPACE',''
  ) );
#10577 = ORIENTED_EDGE('',*,*,#5229,.F.);
#10578 = ORIENTED_EDGE('',*,*,#10459,.F.);
#10579 = ADVANCED_FACE('',(#10580),#4666,.F.);
#10580 = FACE_BOUND('',#10581,.F.);
#10581 = EDGE_LOOP('',(#10582,#10605,#10606,#10607));
#10582 = ORIENTED_EDGE('',*,*,#10583,.F.);
#10583 = EDGE_CURVE('',#10486,#10584,#10586,.T.);
#10584 = VERTEX_POINT('',#10585);
#10585 = CARTESIAN_POINT('',(-1.5205078125,15.803955078125,17.8));
#10586 = SURFACE_CURVE('',#10587,(#10591,#10598),.PCURVE_S1.);
#10587 = B_SPLINE_CURVE_WITH_KNOTS('',2,(#10588,#10589,#10590),
  .UNSPECIFIED.,.F.,.F.,(3,3),(0.,1.),.PIECEWISE_BEZIER_KNOTS.);
#10588 = CARTESIAN_POINT('',(-1.905029296875,14.04833984375,17.8));
#10589 = CARTESIAN_POINT('',(-1.905029296875,15.0546875,17.8));
#10590 = CARTESIAN_POINT('',(-1.5205078125,15.803955078125,17.8));
#10591 = PCURVE('',#4666,#10592);
#10592 = DEFINITIONAL_REPRESENTATION('',(#10593),#10597);
#10593 = LINE('',#10594,#10595);
#10594 = CARTESIAN_POINT('',(0.,0.));
#10595 = VECTOR('',#10596,1.);
#10596 = DIRECTION('',(1.,0.));
#10597 = ( GEOMETRIC_REPRESENTATION_CONTEXT(2) 
PARAMETRIC_REPRESENTATION_CONTEXT() REPRESENTATION_CONTEXT('2D SPACE',''
  ) );
#10598 = PCURVE('',#10035,#10599);
#10599 = DEFINITIONAL_REPRESENTATION('',(#10600),#10604);
#10600 = B_SPLINE_CURVE_WITH_KNOTS('',2,(#10601,#10602,#10603),
  .UNSPECIFIED.,.F.,.F.,(3,3),(0.,1.),.PIECEWISE_BEZIER_KNOTS.);
#10601 = CARTESIAN_POINT('',(0.4482421875,3.26953125));
#10602 = CARTESIAN_POINT('',(0.4482421875,4.27587890625));
#10603 = CARTESIAN_POINT('',(0.832763671875,5.025146484375));
#10604 = ( GEOMETRIC_REPRESENTATION_CONTEXT(2) 
PARAMETRIC_REPRESENTATION_CONTEXT() REPRESENTATION_CONTEXT('2D SPACE',''
  ) );
#10605 = ORIENTED_EDGE('',*,*,#10510,.T.);
#10606 = ORIENTED_EDGE('',*,*,#4636,.F.);
#10607 = ORIENTED_EDGE('',*,*,#10608,.F.);
#10608 = EDGE_CURVE('',#10584,#4637,#10609,.T.);
#10609 = SURFACE_CURVE('',#10610,(#10614,#10621),.PCURVE_S1.);
#10610 = LINE('',#10611,#10612);
#10611 = CARTESIAN_POINT('',(-1.5205078125,15.803955078125,17.8));
#10612 = VECTOR('',#10613,1.);
#10613 = DIRECTION('',(0.,0.,1.));
#10614 = PCURVE('',#4666,#10615);
#10615 = DEFINITIONAL_REPRESENTATION('',(#10616),#10620);
#10616 = LINE('',#10617,#10618);
#10617 = CARTESIAN_POINT('',(1.,0.));
#10618 = VECTOR('',#10619,1.);
#10619 = DIRECTION('',(0.,-1.));
#10620 = ( GEOMETRIC_REPRESENTATION_CONTEXT(2) 
PARAMETRIC_REPRESENTATION_CONTEXT() REPRESENTATION_CONTEXT('2D SPACE',''
  ) );
#10621 = PCURVE('',#4717,#10622);
#10622 = DEFINITIONAL_REPRESENTATION('',(#10623),#10627);
#10623 = LINE('',#10624,#10625);
#10624 = CARTESIAN_POINT('',(0.,0.));
#10625 = VECTOR('',#10626,1.);
#10626 = DIRECTION('',(0.,-1.));
#10627 = ( GEOMETRIC_REPRESENTATION_CONTEXT(2) 
PARAMETRIC_REPRESENTATION_CONTEXT() REPRESENTATION_CONTEXT('2D SPACE',''
  ) );
#10628 = ADVANCED_FACE('',(#10629),#5208,.F.);
#10629 = FACE_BOUND('',#10630,.F.);
#10630 = EDGE_LOOP('',(#10631,#10654,#10675,#10676));
#10631 = ORIENTED_EDGE('',*,*,#10632,.F.);
#10632 = EDGE_CURVE('',#10633,#10535,#10635,.T.);
#10633 = VERTEX_POINT('',#10634);
#10634 = CARTESIAN_POINT('',(-0.823974609375,15.289794921875,17.8));
#10635 = SURFACE_CURVE('',#10636,(#10640,#10647),.PCURVE_S1.);
#10636 = B_SPLINE_CURVE_WITH_KNOTS('',2,(#10637,#10638,#10639),
  .UNSPECIFIED.,.F.,.F.,(3,3),(0.,1.),.PIECEWISE_BEZIER_KNOTS.);
#10637 = CARTESIAN_POINT('',(-0.823974609375,15.289794921875,17.8));
#10638 = CARTESIAN_POINT('',(-1.026123046875,14.68994140625,17.8));
#10639 = CARTESIAN_POINT('',(-1.026123046875,14.052734375,17.8));
#10640 = PCURVE('',#5208,#10641);
#10641 = DEFINITIONAL_REPRESENTATION('',(#10642),#10646);
#10642 = LINE('',#10643,#10644);
#10643 = CARTESIAN_POINT('',(0.,0.));
#10644 = VECTOR('',#10645,1.);
#10645 = DIRECTION('',(1.,0.));
#10646 = ( GEOMETRIC_REPRESENTATION_CONTEXT(2) 
PARAMETRIC_REPRESENTATION_CONTEXT() REPRESENTATION_CONTEXT('2D SPACE',''
  ) );
#10647 = PCURVE('',#10035,#10648);
#10648 = DEFINITIONAL_REPRESENTATION('',(#10649),#10653);
#10649 = B_SPLINE_CURVE_WITH_KNOTS('',2,(#10650,#10651,#10652),
  .UNSPECIFIED.,.F.,.F.,(3,3),(0.,1.),.PIECEWISE_BEZIER_KNOTS.);
#10650 = CARTESIAN_POINT('',(1.529296875,4.510986328125));
#10651 = CARTESIAN_POINT('',(1.3271484375,3.9111328125));
#10652 = CARTESIAN_POINT('',(1.3271484375,3.27392578125));
#10653 = ( GEOMETRIC_REPRESENTATION_CONTEXT(2) 
PARAMETRIC_REPRESENTATION_CONTEXT() REPRESENTATION_CONTEXT('2D SPACE',''
  ) );
#10654 = ORIENTED_EDGE('',*,*,#10655,.T.);
#10655 = EDGE_CURVE('',#10633,#5128,#10656,.T.);
#10656 = SURFACE_CURVE('',#10657,(#10661,#10668),.PCURVE_S1.);
#10657 = LINE('',#10658,#10659);
#10658 = CARTESIAN_POINT('',(-0.823974609375,15.289794921875,17.8));
#10659 = VECTOR('',#10660,1.);
#10660 = DIRECTION('',(0.,0.,1.));
#10661 = PCURVE('',#5208,#10662);
#10662 = DEFINITIONAL_REPRESENTATION('',(#10663),#10667);
#10663 = LINE('',#10664,#10665);
#10664 = CARTESIAN_POINT('',(0.,0.));
#10665 = VECTOR('',#10666,1.);
#10666 = DIRECTION('',(0.,-1.));
#10667 = ( GEOMETRIC_REPRESENTATION_CONTEXT(2) 
PARAMETRIC_REPRESENTATION_CONTEXT() REPRESENTATION_CONTEXT('2D SPACE',''
  ) );
#10668 = PCURVE('',#5157,#10669);
#10669 = DEFINITIONAL_REPRESENTATION('',(#10670),#10674);
#10670 = LINE('',#10671,#10672);
#10671 = CARTESIAN_POINT('',(1.,0.));
#10672 = VECTOR('',#10673,1.);
#10673 = DIRECTION('',(0.,-1.));
#10674 = ( GEOMETRIC_REPRESENTATION_CONTEXT(2) 
PARAMETRIC_REPRESENTATION_CONTEXT() REPRESENTATION_CONTEXT('2D SPACE',''
  ) );
#10675 = ORIENTED_EDGE('',*,*,#5178,.F.);
#10676 = ORIENTED_EDGE('',*,*,#10557,.F.);
#10677 = ADVANCED_FACE('',(#10678),#4717,.F.);
#10678 = FACE_BOUND('',#10679,.F.);
#10679 = EDGE_LOOP('',(#10680,#10703,#10704,#10705));
#10680 = ORIENTED_EDGE('',*,*,#10681,.F.);
#10681 = EDGE_CURVE('',#10584,#10682,#10684,.T.);
#10682 = VERTEX_POINT('',#10683);
#10683 = CARTESIAN_POINT('',(-0.42626953125,16.942138671875,17.8));
#10684 = SURFACE_CURVE('',#10685,(#10689,#10696),.PCURVE_S1.);
#10685 = B_SPLINE_CURVE_WITH_KNOTS('',2,(#10686,#10687,#10688),
  .UNSPECIFIED.,.F.,.F.,(3,3),(0.,1.),.PIECEWISE_BEZIER_KNOTS.);
#10686 = CARTESIAN_POINT('',(-1.5205078125,15.803955078125,17.8));
#10687 = CARTESIAN_POINT('',(-1.135986328125,16.55322265625,17.8));
#10688 = CARTESIAN_POINT('',(-0.42626953125,16.942138671875,17.8));
#10689 = PCURVE('',#4717,#10690);
#10690 = DEFINITIONAL_REPRESENTATION('',(#10691),#10695);
#10691 = LINE('',#10692,#10693);
#10692 = CARTESIAN_POINT('',(0.,0.));
#10693 = VECTOR('',#10694,1.);
#10694 = DIRECTION('',(1.,0.));
#10695 = ( GEOMETRIC_REPRESENTATION_CONTEXT(2) 
PARAMETRIC_REPRESENTATION_CONTEXT() REPRESENTATION_CONTEXT('2D SPACE',''
  ) );
#10696 = PCURVE('',#10035,#10697);
#10697 = DEFINITIONAL_REPRESENTATION('',(#10698),#10702);
#10698 = B_SPLINE_CURVE_WITH_KNOTS('',2,(#10699,#10700,#10701),
  .UNSPECIFIED.,.F.,.F.,(3,3),(0.,1.),.PIECEWISE_BEZIER_KNOTS.);
#10699 = CARTESIAN_POINT('',(0.832763671875,5.025146484375));
#10700 = CARTESIAN_POINT('',(1.21728515625,5.7744140625));
#10701 = CARTESIAN_POINT('',(1.927001953125,6.163330078125));
#10702 = ( GEOMETRIC_REPRESENTATION_CONTEXT(2) 
PARAMETRIC_REPRESENTATION_CONTEXT() REPRESENTATION_CONTEXT('2D SPACE',''
  ) );
#10703 = ORIENTED_EDGE('',*,*,#10608,.T.);
#10704 = ORIENTED_EDGE('',*,*,#4687,.F.);
#10705 = ORIENTED_EDGE('',*,*,#10706,.F.);
#10706 = EDGE_CURVE('',#10682,#4688,#10707,.T.);
#10707 = SURFACE_CURVE('',#10708,(#10712,#10719),.PCURVE_S1.);
#10708 = LINE('',#10709,#10710);
#10709 = CARTESIAN_POINT('',(-0.42626953125,16.942138671875,17.8));
#10710 = VECTOR('',#10711,1.);
#10711 = DIRECTION('',(0.,0.,1.));
#10712 = PCURVE('',#4717,#10713);
#10713 = DEFINITIONAL_REPRESENTATION('',(#10714),#10718);
#10714 = LINE('',#10715,#10716);
#10715 = CARTESIAN_POINT('',(1.,0.));
#10716 = VECTOR('',#10717,1.);
#10717 = DIRECTION('',(0.,-1.));
#10718 = ( GEOMETRIC_REPRESENTATION_CONTEXT(2) 
PARAMETRIC_REPRESENTATION_CONTEXT() REPRESENTATION_CONTEXT('2D SPACE',''
  ) );
#10719 = PCURVE('',#4768,#10720);
#10720 = DEFINITIONAL_REPRESENTATION('',(#10721),#10725);
#10721 = LINE('',#10722,#10723);
#10722 = CARTESIAN_POINT('',(0.,0.));
#10723 = VECTOR('',#10724,1.);
#10724 = DIRECTION('',(0.,-1.));
#10725 = ( GEOMETRIC_REPRESENTATION_CONTEXT(2) 
PARAMETRIC_REPRESENTATION_CONTEXT() REPRESENTATION_CONTEXT('2D SPACE',''
  ) );
#10726 = ADVANCED_FACE('',(#10727),#5157,.F.);
#10727 = FACE_BOUND('',#10728,.F.);
#10728 = EDGE_LOOP('',(#10729,#10752,#10773,#10774));
#10729 = ORIENTED_EDGE('',*,*,#10730,.F.);
#10730 = EDGE_CURVE('',#10731,#10633,#10733,.T.);
#10731 = VERTEX_POINT('',#10732);
#10732 = CARTESIAN_POINT('',(-0.123046875,16.24560546875,17.8));
#10733 = SURFACE_CURVE('',#10734,(#10738,#10745),.PCURVE_S1.);
#10734 = B_SPLINE_CURVE_WITH_KNOTS('',2,(#10735,#10736,#10737),
  .UNSPECIFIED.,.F.,.F.,(3,3),(0.,1.),.PIECEWISE_BEZIER_KNOTS.);
#10735 = CARTESIAN_POINT('',(-0.123046875,16.24560546875,17.8));
#10736 = CARTESIAN_POINT('',(-0.621826171875,15.8896484375,17.8));
#10737 = CARTESIAN_POINT('',(-0.823974609375,15.289794921875,17.8));
#10738 = PCURVE('',#5157,#10739);
#10739 = DEFINITIONAL_REPRESENTATION('',(#10740),#10744);
#10740 = LINE('',#10741,#10742);
#10741 = CARTESIAN_POINT('',(0.,0.));
#10742 = VECTOR('',#10743,1.);
#10743 = DIRECTION('',(1.,0.));
#10744 = ( GEOMETRIC_REPRESENTATION_CONTEXT(2) 
PARAMETRIC_REPRESENTATION_CONTEXT() REPRESENTATION_CONTEXT('2D SPACE',''
  ) );
#10745 = PCURVE('',#10035,#10746);
#10746 = DEFINITIONAL_REPRESENTATION('',(#10747),#10751);
#10747 = B_SPLINE_CURVE_WITH_KNOTS('',2,(#10748,#10749,#10750),
  .UNSPECIFIED.,.F.,.F.,(3,3),(0.,1.),.PIECEWISE_BEZIER_KNOTS.);
#10748 = CARTESIAN_POINT('',(2.230224609375,5.466796875));
#10749 = CARTESIAN_POINT('',(1.7314453125,5.11083984375));
#10750 = CARTESIAN_POINT('',(1.529296875,4.510986328125));
#10751 = ( GEOMETRIC_REPRESENTATION_CONTEXT(2) 
PARAMETRIC_REPRESENTATION_CONTEXT() REPRESENTATION_CONTEXT('2D SPACE',''
  ) );
#10752 = ORIENTED_EDGE('',*,*,#10753,.T.);
#10753 = EDGE_CURVE('',#10731,#5071,#10754,.T.);
#10754 = SURFACE_CURVE('',#10755,(#10759,#10766),.PCURVE_S1.);
#10755 = LINE('',#10756,#10757);
#10756 = CARTESIAN_POINT('',(-0.123046875,16.24560546875,17.8));
#10757 = VECTOR('',#10758,1.);
#10758 = DIRECTION('',(0.,0.,1.));
#10759 = PCURVE('',#5157,#10760);
#10760 = DEFINITIONAL_REPRESENTATION('',(#10761),#10765);
#10761 = LINE('',#10762,#10763);
#10762 = CARTESIAN_POINT('',(0.,0.));
#10763 = VECTOR('',#10764,1.);
#10764 = DIRECTION('',(0.,-1.));
#10765 = ( GEOMETRIC_REPRESENTATION_CONTEXT(2) 
PARAMETRIC_REPRESENTATION_CONTEXT() REPRESENTATION_CONTEXT('2D SPACE',''
  ) );
#10766 = PCURVE('',#5104,#10767);
#10767 = DEFINITIONAL_REPRESENTATION('',(#10768),#10772);
#10768 = LINE('',#10769,#10770);
#10769 = CARTESIAN_POINT('',(1.,0.));
#10770 = VECTOR('',#10771,1.);
#10771 = DIRECTION('',(0.,-1.));
#10772 = ( GEOMETRIC_REPRESENTATION_CONTEXT(2) 
PARAMETRIC_REPRESENTATION_CONTEXT() REPRESENTATION_CONTEXT('2D SPACE',''
  ) );
#10773 = ORIENTED_EDGE('',*,*,#5127,.F.);
#10774 = ORIENTED_EDGE('',*,*,#10655,.F.);
#10775 = ADVANCED_FACE('',(#10776),#4768,.F.);
#10776 = FACE_BOUND('',#10777,.F.);
#10777 = EDGE_LOOP('',(#10778,#10801,#10802,#10803));
#10778 = ORIENTED_EDGE('',*,*,#10779,.F.);
#10779 = EDGE_CURVE('',#10682,#10780,#10782,.T.);
#10780 = VERTEX_POINT('',#10781);
#10781 = CARTESIAN_POINT('',(1.135986328125,17.3310546875,17.8));
#10782 = SURFACE_CURVE('',#10783,(#10787,#10794),.PCURVE_S1.);
#10783 = B_SPLINE_CURVE_WITH_KNOTS('',2,(#10784,#10785,#10786),
  .UNSPECIFIED.,.F.,.F.,(3,3),(0.,1.),.PIECEWISE_BEZIER_KNOTS.);
#10784 = CARTESIAN_POINT('',(-0.42626953125,16.942138671875,17.8));
#10785 = CARTESIAN_POINT('',(0.283447265625,17.3310546875,17.8));
#10786 = CARTESIAN_POINT('',(1.135986328125,17.3310546875,17.8));
#10787 = PCURVE('',#4768,#10788);
#10788 = DEFINITIONAL_REPRESENTATION('',(#10789),#10793);
#10789 = LINE('',#10790,#10791);
#10790 = CARTESIAN_POINT('',(0.,0.));
#10791 = VECTOR('',#10792,1.);
#10792 = DIRECTION('',(1.,0.));
#10793 = ( GEOMETRIC_REPRESENTATION_CONTEXT(2) 
PARAMETRIC_REPRESENTATION_CONTEXT() REPRESENTATION_CONTEXT('2D SPACE',''
  ) );
#10794 = PCURVE('',#10035,#10795);
#10795 = DEFINITIONAL_REPRESENTATION('',(#10796),#10800);
#10796 = B_SPLINE_CURVE_WITH_KNOTS('',2,(#10797,#10798,#10799),
  .UNSPECIFIED.,.F.,.F.,(3,3),(0.,1.),.PIECEWISE_BEZIER_KNOTS.);
#10797 = CARTESIAN_POINT('',(1.927001953125,6.163330078125));
#10798 = CARTESIAN_POINT('',(2.63671875,6.55224609375));
#10799 = CARTESIAN_POINT('',(3.4892578125,6.55224609375));
#10800 = ( GEOMETRIC_REPRESENTATION_CONTEXT(2) 
PARAMETRIC_REPRESENTATION_CONTEXT() REPRESENTATION_CONTEXT('2D SPACE',''
  ) );
#10801 = ORIENTED_EDGE('',*,*,#10706,.T.);
#10802 = ORIENTED_EDGE('',*,*,#4738,.F.);
#10803 = ORIENTED_EDGE('',*,*,#10804,.F.);
#10804 = EDGE_CURVE('',#10780,#4739,#10805,.T.);
#10805 = SURFACE_CURVE('',#10806,(#10810,#10817),.PCURVE_S1.);
#10806 = LINE('',#10807,#10808);
#10807 = CARTESIAN_POINT('',(1.135986328125,17.3310546875,17.8));
#10808 = VECTOR('',#10809,1.);
#10809 = DIRECTION('',(0.,0.,1.));
#10810 = PCURVE('',#4768,#10811);
#10811 = DEFINITIONAL_REPRESENTATION('',(#10812),#10816);
#10812 = LINE('',#10813,#10814);
#10813 = CARTESIAN_POINT('',(1.,0.));
#10814 = VECTOR('',#10815,1.);
#10815 = DIRECTION('',(0.,-1.));
#10816 = ( GEOMETRIC_REPRESENTATION_CONTEXT(2) 
PARAMETRIC_REPRESENTATION_CONTEXT() REPRESENTATION_CONTEXT('2D SPACE',''
  ) );
#10817 = PCURVE('',#4833,#10818);
#10818 = DEFINITIONAL_REPRESENTATION('',(#10819),#10823);
#10819 = LINE('',#10820,#10821);
#10820 = CARTESIAN_POINT('',(0.,0.));
#10821 = VECTOR('',#10822,1.);
#10822 = DIRECTION('',(0.,-1.));
#10823 = ( GEOMETRIC_REPRESENTATION_CONTEXT(2) 
PARAMETRIC_REPRESENTATION_CONTEXT() REPRESENTATION_CONTEXT('2D SPACE',''
  ) );
#10824 = ADVANCED_FACE('',(#10825),#5104,.F.);
#10825 = FACE_BOUND('',#10826,.F.);
#10826 = EDGE_LOOP('',(#10827,#10850,#10871,#10872));
#10827 = ORIENTED_EDGE('',*,*,#10828,.F.);
#10828 = EDGE_CURVE('',#10829,#10731,#10831,.T.);
#10829 = VERTEX_POINT('',#10830);
#10830 = CARTESIAN_POINT('',(1.118408203125,16.6015625,17.8));
#10831 = SURFACE_CURVE('',#10832,(#10836,#10843),.PCURVE_S1.);
#10832 = B_SPLINE_CURVE_WITH_KNOTS('',2,(#10833,#10834,#10835),
  .UNSPECIFIED.,.F.,.F.,(3,3),(0.,1.),.PIECEWISE_BEZIER_KNOTS.);
#10833 = CARTESIAN_POINT('',(1.118408203125,16.6015625,17.8));
#10834 = CARTESIAN_POINT('',(0.375732421875,16.6015625,17.8));
#10835 = CARTESIAN_POINT('',(-0.123046875,16.24560546875,17.8));
#10836 = PCURVE('',#5104,#10837);
#10837 = DEFINITIONAL_REPRESENTATION('',(#10838),#10842);
#10838 = LINE('',#10839,#10840);
#10839 = CARTESIAN_POINT('',(0.,0.));
#10840 = VECTOR('',#10841,1.);
#10841 = DIRECTION('',(1.,0.));
#10842 = ( GEOMETRIC_REPRESENTATION_CONTEXT(2) 
PARAMETRIC_REPRESENTATION_CONTEXT() REPRESENTATION_CONTEXT('2D SPACE',''
  ) );
#10843 = PCURVE('',#10035,#10844);
#10844 = DEFINITIONAL_REPRESENTATION('',(#10845),#10849);
#10845 = B_SPLINE_CURVE_WITH_KNOTS('',2,(#10846,#10847,#10848),
  .UNSPECIFIED.,.F.,.F.,(3,3),(0.,1.),.PIECEWISE_BEZIER_KNOTS.);
#10846 = CARTESIAN_POINT('',(3.4716796875,5.82275390625));
#10847 = CARTESIAN_POINT('',(2.72900390625,5.82275390625));
#10848 = CARTESIAN_POINT('',(2.230224609375,5.466796875));
#10849 = ( GEOMETRIC_REPRESENTATION_CONTEXT(2) 
PARAMETRIC_REPRESENTATION_CONTEXT() REPRESENTATION_CONTEXT('2D SPACE',''
  ) );
#10850 = ORIENTED_EDGE('',*,*,#10851,.T.);
#10851 = EDGE_CURVE('',#10829,#5008,#10852,.T.);
#10852 = SURFACE_CURVE('',#10853,(#10857,#10864),.PCURVE_S1.);
#10853 = LINE('',#10854,#10855);
#10854 = CARTESIAN_POINT('',(1.118408203125,16.6015625,17.8));
#10855 = VECTOR('',#10856,1.);
#10856 = DIRECTION('',(0.,0.,1.));
#10857 = PCURVE('',#5104,#10858);
#10858 = DEFINITIONAL_REPRESENTATION('',(#10859),#10863);
#10859 = LINE('',#10860,#10861);
#10860 = CARTESIAN_POINT('',(0.,0.));
#10861 = VECTOR('',#10862,1.);
#10862 = DIRECTION('',(0.,-1.));
#10863 = ( GEOMETRIC_REPRESENTATION_CONTEXT(2) 
PARAMETRIC_REPRESENTATION_CONTEXT() REPRESENTATION_CONTEXT('2D SPACE',''
  ) );
#10864 = PCURVE('',#5045,#10865);
#10865 = DEFINITIONAL_REPRESENTATION('',(#10866),#10870);
#10866 = LINE('',#10867,#10868);
#10867 = CARTESIAN_POINT('',(1.,0.));
#10868 = VECTOR('',#10869,1.);
#10869 = DIRECTION('',(0.,-1.));
#10870 = ( GEOMETRIC_REPRESENTATION_CONTEXT(2) 
PARAMETRIC_REPRESENTATION_CONTEXT() REPRESENTATION_CONTEXT('2D SPACE',''
  ) );
#10871 = ORIENTED_EDGE('',*,*,#5070,.F.);
#10872 = ORIENTED_EDGE('',*,*,#10753,.F.);
#10873 = ADVANCED_FACE('',(#10874),#4833,.F.);
#10874 = FACE_BOUND('',#10875,.F.);
#10875 = EDGE_LOOP('',(#10876,#10899,#10900,#10901));
#10876 = ORIENTED_EDGE('',*,*,#10877,.F.);
#10877 = EDGE_CURVE('',#10780,#10878,#10880,.T.);
#10878 = VERTEX_POINT('',#10879);
#10879 = CARTESIAN_POINT('',(2.761962890625,16.8388671875,17.8));
#10880 = SURFACE_CURVE('',#10881,(#10885,#10892),.PCURVE_S1.);
#10881 = B_SPLINE_CURVE_WITH_KNOTS('',2,(#10882,#10883,#10884),
  .UNSPECIFIED.,.F.,.F.,(3,3),(0.,1.),.PIECEWISE_BEZIER_KNOTS.);
#10882 = CARTESIAN_POINT('',(1.135986328125,17.3310546875,17.8));
#10883 = CARTESIAN_POINT('',(2.102783203125,17.3310546875,17.8));
#10884 = CARTESIAN_POINT('',(2.761962890625,16.8388671875,17.8));
#10885 = PCURVE('',#4833,#10886);
#10886 = DEFINITIONAL_REPRESENTATION('',(#10887),#10891);
#10887 = LINE('',#10888,#10889);
#10888 = CARTESIAN_POINT('',(0.,0.));
#10889 = VECTOR('',#10890,1.);
#10890 = DIRECTION('',(1.,0.));
#10891 = ( GEOMETRIC_REPRESENTATION_CONTEXT(2) 
PARAMETRIC_REPRESENTATION_CONTEXT() REPRESENTATION_CONTEXT('2D SPACE',''
  ) );
#10892 = PCURVE('',#10035,#10893);
#10893 = DEFINITIONAL_REPRESENTATION('',(#10894),#10898);
#10894 = B_SPLINE_CURVE_WITH_KNOTS('',2,(#10895,#10896,#10897),
  .UNSPECIFIED.,.F.,.F.,(3,3),(0.,1.),.PIECEWISE_BEZIER_KNOTS.);
#10895 = CARTESIAN_POINT('',(3.4892578125,6.55224609375));
#10896 = CARTESIAN_POINT('',(4.4560546875,6.55224609375));
#10897 = CARTESIAN_POINT('',(5.115234375,6.06005859375));
#10898 = ( GEOMETRIC_REPRESENTATION_CONTEXT(2) 
PARAMETRIC_REPRESENTATION_CONTEXT() REPRESENTATION_CONTEXT('2D SPACE',''
  ) );
#10899 = ORIENTED_EDGE('',*,*,#10804,.T.);
#10900 = ORIENTED_EDGE('',*,*,#4789,.F.);
#10901 = ORIENTED_EDGE('',*,*,#10902,.F.);
#10902 = EDGE_CURVE('',#10878,#4790,#10903,.T.);
#10903 = SURFACE_CURVE('',#10904,(#10908,#10915),.PCURVE_S1.);
#10904 = LINE('',#10905,#10906);
#10905 = CARTESIAN_POINT('',(2.761962890625,16.8388671875,17.8));
#10906 = VECTOR('',#10907,1.);
#10907 = DIRECTION('',(0.,0.,1.));
#10908 = PCURVE('',#4833,#10909);
#10909 = DEFINITIONAL_REPRESENTATION('',(#10910),#10914);
#10910 = LINE('',#10911,#10912);
#10911 = CARTESIAN_POINT('',(1.,0.));
#10912 = VECTOR('',#10913,1.);
#10913 = DIRECTION('',(0.,-1.));
#10914 = ( GEOMETRIC_REPRESENTATION_CONTEXT(2) 
PARAMETRIC_REPRESENTATION_CONTEXT() REPRESENTATION_CONTEXT('2D SPACE',''
  ) );
#10915 = PCURVE('',#4899,#10916);
#10916 = DEFINITIONAL_REPRESENTATION('',(#10917),#10921);
#10917 = LINE('',#10918,#10919);
#10918 = CARTESIAN_POINT('',(0.,0.));
#10919 = VECTOR('',#10920,1.);
#10920 = DIRECTION('',(0.,-1.));
#10921 = ( GEOMETRIC_REPRESENTATION_CONTEXT(2) 
PARAMETRIC_REPRESENTATION_CONTEXT() REPRESENTATION_CONTEXT('2D SPACE',''
  ) );
#10922 = ADVANCED_FACE('',(#10923),#5045,.F.);
#10923 = FACE_BOUND('',#10924,.F.);
#10924 = EDGE_LOOP('',(#10925,#10948,#10969,#10970));
#10925 = ORIENTED_EDGE('',*,*,#10926,.F.);
#10926 = EDGE_CURVE('',#10927,#10829,#10929,.T.);
#10927 = VERTEX_POINT('',#10928);
#10928 = CARTESIAN_POINT('',(2.190673828125,16.28076171875,17.8));
#10929 = SURFACE_CURVE('',#10930,(#10934,#10941),.PCURVE_S1.);
#10930 = B_SPLINE_CURVE_WITH_KNOTS('',2,(#10931,#10932,#10933),
  .UNSPECIFIED.,.F.,.F.,(3,3),(0.,1.),.PIECEWISE_BEZIER_KNOTS.);
#10931 = CARTESIAN_POINT('',(2.190673828125,16.28076171875,17.8));
#10932 = CARTESIAN_POINT('',(1.764404296875,16.6015625,17.8));
#10933 = CARTESIAN_POINT('',(1.118408203125,16.6015625,17.8));
#10934 = PCURVE('',#5045,#10935);
#10935 = DEFINITIONAL_REPRESENTATION('',(#10936),#10940);
#10936 = LINE('',#10937,#10938);
#10937 = CARTESIAN_POINT('',(0.,0.));
#10938 = VECTOR('',#10939,1.);
#10939 = DIRECTION('',(1.,0.));
#10940 = ( GEOMETRIC_REPRESENTATION_CONTEXT(2) 
PARAMETRIC_REPRESENTATION_CONTEXT() REPRESENTATION_CONTEXT('2D SPACE',''
  ) );
#10941 = PCURVE('',#10035,#10942);
#10942 = DEFINITIONAL_REPRESENTATION('',(#10943),#10947);
#10943 = B_SPLINE_CURVE_WITH_KNOTS('',2,(#10944,#10945,#10946),
  .UNSPECIFIED.,.F.,.F.,(3,3),(0.,1.),.PIECEWISE_BEZIER_KNOTS.);
#10944 = CARTESIAN_POINT('',(4.5439453125,5.501953125));
#10945 = CARTESIAN_POINT('',(4.11767578125,5.82275390625));
#10946 = CARTESIAN_POINT('',(3.4716796875,5.82275390625));
#10947 = ( GEOMETRIC_REPRESENTATION_CONTEXT(2) 
PARAMETRIC_REPRESENTATION_CONTEXT() REPRESENTATION_CONTEXT('2D SPACE',''
  ) );
#10948 = ORIENTED_EDGE('',*,*,#10949,.T.);
#10949 = EDGE_CURVE('',#10927,#4951,#10950,.T.);
#10950 = SURFACE_CURVE('',#10951,(#10955,#10962),.PCURVE_S1.);
#10951 = LINE('',#10952,#10953);
#10952 = CARTESIAN_POINT('',(2.190673828125,16.28076171875,17.8));
#10953 = VECTOR('',#10954,1.);
#10954 = DIRECTION('',(0.,0.,1.));
#10955 = PCURVE('',#5045,#10956);
#10956 = DEFINITIONAL_REPRESENTATION('',(#10957),#10961);
#10957 = LINE('',#10958,#10959);
#10958 = CARTESIAN_POINT('',(0.,0.));
#10959 = VECTOR('',#10960,1.);
#10960 = DIRECTION('',(0.,-1.));
#10961 = ( GEOMETRIC_REPRESENTATION_CONTEXT(2) 
PARAMETRIC_REPRESENTATION_CONTEXT() REPRESENTATION_CONTEXT('2D SPACE',''
  ) );
#10962 = PCURVE('',#4984,#10963);
#10963 = DEFINITIONAL_REPRESENTATION('',(#10964),#10968);
#10964 = LINE('',#10965,#10966);
#10965 = CARTESIAN_POINT('',(1.,0.));
#10966 = VECTOR('',#10967,1.);
#10967 = DIRECTION('',(0.,-1.));
#10968 = ( GEOMETRIC_REPRESENTATION_CONTEXT(2) 
PARAMETRIC_REPRESENTATION_CONTEXT() REPRESENTATION_CONTEXT('2D SPACE',''
  ) );
#10969 = ORIENTED_EDGE('',*,*,#5007,.F.);
#10970 = ORIENTED_EDGE('',*,*,#10851,.F.);
#10971 = ADVANCED_FACE('',(#10972),#4899,.F.);
#10972 = FACE_BOUND('',#10973,.F.);
#10973 = EDGE_LOOP('',(#10974,#10997,#10998,#10999));
#10974 = ORIENTED_EDGE('',*,*,#10975,.F.);
#10975 = EDGE_CURVE('',#10878,#10976,#10978,.T.);
#10976 = VERTEX_POINT('',#10977);
#10977 = CARTESIAN_POINT('',(3.680419921875,15.45458984375,17.8));
#10978 = SURFACE_CURVE('',#10979,(#10983,#10990),.PCURVE_S1.);
#10979 = B_SPLINE_CURVE_WITH_KNOTS('',2,(#10980,#10981,#10982),
  .UNSPECIFIED.,.F.,.F.,(3,3),(0.,1.),.PIECEWISE_BEZIER_KNOTS.);
#10980 = CARTESIAN_POINT('',(2.761962890625,16.8388671875,17.8));
#10981 = CARTESIAN_POINT('',(3.421142578125,16.3466796875,17.8));
#10982 = CARTESIAN_POINT('',(3.680419921875,15.45458984375,17.8));
#10983 = PCURVE('',#4899,#10984);
#10984 = DEFINITIONAL_REPRESENTATION('',(#10985),#10989);
#10985 = LINE('',#10986,#10987);
#10986 = CARTESIAN_POINT('',(0.,0.));
#10987 = VECTOR('',#10988,1.);
#10988 = DIRECTION('',(1.,0.));
#10989 = ( GEOMETRIC_REPRESENTATION_CONTEXT(2) 
PARAMETRIC_REPRESENTATION_CONTEXT() REPRESENTATION_CONTEXT('2D SPACE',''
  ) );
#10990 = PCURVE('',#10035,#10991);
#10991 = DEFINITIONAL_REPRESENTATION('',(#10992),#10996);
#10992 = B_SPLINE_CURVE_WITH_KNOTS('',2,(#10993,#10994,#10995),
  .UNSPECIFIED.,.F.,.F.,(3,3),(0.,1.),.PIECEWISE_BEZIER_KNOTS.);
#10993 = CARTESIAN_POINT('',(5.115234375,6.06005859375));
#10994 = CARTESIAN_POINT('',(5.7744140625,5.56787109375));
#10995 = CARTESIAN_POINT('',(6.03369140625,4.67578125));
#10996 = ( GEOMETRIC_REPRESENTATION_CONTEXT(2) 
PARAMETRIC_REPRESENTATION_CONTEXT() REPRESENTATION_CONTEXT('2D SPACE',''
  ) );
#10997 = ORIENTED_EDGE('',*,*,#10902,.T.);
#10998 = ORIENTED_EDGE('',*,*,#4861,.F.);
#10999 = ORIENTED_EDGE('',*,*,#11000,.F.);
#11000 = EDGE_CURVE('',#10976,#4862,#11001,.T.);
#11001 = SURFACE_CURVE('',#11002,(#11006,#11013),.PCURVE_S1.);
#11002 = LINE('',#11003,#11004);
#11003 = CARTESIAN_POINT('',(3.680419921875,15.45458984375,17.8));
#11004 = VECTOR('',#11005,1.);
#11005 = DIRECTION('',(0.,0.,1.));
#11006 = PCURVE('',#4899,#11007);
#11007 = DEFINITIONAL_REPRESENTATION('',(#11008),#11012);
#11008 = LINE('',#11009,#11010);
#11009 = CARTESIAN_POINT('',(1.,0.));
#11010 = VECTOR('',#11011,1.);
#11011 = DIRECTION('',(0.,-1.));
#11012 = ( GEOMETRIC_REPRESENTATION_CONTEXT(2) 
PARAMETRIC_REPRESENTATION_CONTEXT() REPRESENTATION_CONTEXT('2D SPACE',''
  ) );
#11013 = PCURVE('',#4939,#11014);
#11014 = DEFINITIONAL_REPRESENTATION('',(#11015),#11019);
#11015 = LINE('',#11016,#11017);
#11016 = CARTESIAN_POINT('',(0.,0.));
#11017 = VECTOR('',#11018,1.);
#11018 = DIRECTION('',(0.,-1.));
#11019 = ( GEOMETRIC_REPRESENTATION_CONTEXT(2) 
PARAMETRIC_REPRESENTATION_CONTEXT() REPRESENTATION_CONTEXT('2D SPACE',''
  ) );
#11020 = ADVANCED_FACE('',(#11021),#4984,.F.);
#11021 = FACE_BOUND('',#11022,.F.);
#11022 = EDGE_LOOP('',(#11023,#11046,#11067,#11068));
#11023 = ORIENTED_EDGE('',*,*,#11024,.F.);
#11024 = EDGE_CURVE('',#11025,#10927,#11027,.T.);
#11025 = VERTEX_POINT('',#11026);
#11026 = CARTESIAN_POINT('',(2.841064453125,15.2568359375,17.8));
#11027 = SURFACE_CURVE('',#11028,(#11032,#11039),.PCURVE_S1.);
#11028 = B_SPLINE_CURVE_WITH_KNOTS('',2,(#11029,#11030,#11031),
  .UNSPECIFIED.,.F.,.F.,(3,3),(0.,1.),.PIECEWISE_BEZIER_KNOTS.);
#11029 = CARTESIAN_POINT('',(2.841064453125,15.2568359375,17.8));
#11030 = CARTESIAN_POINT('',(2.616943359375,15.9599609375,17.8));
#11031 = CARTESIAN_POINT('',(2.190673828125,16.28076171875,17.8));
#11032 = PCURVE('',#4984,#11033);
#11033 = DEFINITIONAL_REPRESENTATION('',(#11034),#11038);
#11034 = LINE('',#11035,#11036);
#11035 = CARTESIAN_POINT('',(0.,0.));
#11036 = VECTOR('',#11037,1.);
#11037 = DIRECTION('',(1.,0.));
#11038 = ( GEOMETRIC_REPRESENTATION_CONTEXT(2) 
PARAMETRIC_REPRESENTATION_CONTEXT() REPRESENTATION_CONTEXT('2D SPACE',''
  ) );
#11039 = PCURVE('',#10035,#11040);
#11040 = DEFINITIONAL_REPRESENTATION('',(#11041),#11045);
#11041 = B_SPLINE_CURVE_WITH_KNOTS('',2,(#11042,#11043,#11044),
  .UNSPECIFIED.,.F.,.F.,(3,3),(0.,1.),.PIECEWISE_BEZIER_KNOTS.);
#11042 = CARTESIAN_POINT('',(5.1943359375,4.47802734375));
#11043 = CARTESIAN_POINT('',(4.97021484375,5.18115234375));
#11044 = CARTESIAN_POINT('',(4.5439453125,5.501953125));
#11045 = ( GEOMETRIC_REPRESENTATION_CONTEXT(2) 
PARAMETRIC_REPRESENTATION_CONTEXT() REPRESENTATION_CONTEXT('2D SPACE',''
  ) );
#11046 = ORIENTED_EDGE('',*,*,#11047,.T.);
#11047 = EDGE_CURVE('',#11025,#4925,#11048,.T.);
#11048 = SURFACE_CURVE('',#11049,(#11053,#11060),.PCURVE_S1.);
#11049 = LINE('',#11050,#11051);
#11050 = CARTESIAN_POINT('',(2.841064453125,15.2568359375,17.8));
#11051 = VECTOR('',#11052,1.);
#11052 = DIRECTION('',(0.,0.,1.));
#11053 = PCURVE('',#4984,#11054);
#11054 = DEFINITIONAL_REPRESENTATION('',(#11055),#11059);
#11055 = LINE('',#11056,#11057);
#11056 = CARTESIAN_POINT('',(0.,0.));
#11057 = VECTOR('',#11058,1.);
#11058 = DIRECTION('',(0.,-1.));
#11059 = ( GEOMETRIC_REPRESENTATION_CONTEXT(2) 
PARAMETRIC_REPRESENTATION_CONTEXT() REPRESENTATION_CONTEXT('2D SPACE',''
  ) );
#11060 = PCURVE('',#4939,#11061);
#11061 = DEFINITIONAL_REPRESENTATION('',(#11062),#11066);
#11062 = LINE('',#11063,#11064);
#11063 = CARTESIAN_POINT('',(0.862336483258,0.));
#11064 = VECTOR('',#11065,1.);
#11065 = DIRECTION('',(0.,-1.));
#11066 = ( GEOMETRIC_REPRESENTATION_CONTEXT(2) 
PARAMETRIC_REPRESENTATION_CONTEXT() REPRESENTATION_CONTEXT('2D SPACE',''
  ) );
#11067 = ORIENTED_EDGE('',*,*,#4950,.F.);
#11068 = ORIENTED_EDGE('',*,*,#10949,.F.);
#11069 = ADVANCED_FACE('',(#11070),#4939,.F.);
#11070 = FACE_BOUND('',#11071,.F.);
#11071 = EDGE_LOOP('',(#11072,#11093,#11094,#11095));
#11072 = ORIENTED_EDGE('',*,*,#11073,.F.);
#11073 = EDGE_CURVE('',#10976,#11025,#11074,.T.);
#11074 = SURFACE_CURVE('',#11075,(#11079,#11086),.PCURVE_S1.);
#11075 = LINE('',#11076,#11077);
#11076 = CARTESIAN_POINT('',(3.680419921875,15.45458984375,17.8));
#11077 = VECTOR('',#11078,1.);
#11078 = DIRECTION('',(-0.973350293123,-0.22932336749,0.));
#11079 = PCURVE('',#4939,#11080);
#11080 = DEFINITIONAL_REPRESENTATION('',(#11081),#11085);
#11081 = LINE('',#11082,#11083);
#11082 = CARTESIAN_POINT('',(0.,0.));
#11083 = VECTOR('',#11084,1.);
#11084 = DIRECTION('',(1.,0.));
#11085 = ( GEOMETRIC_REPRESENTATION_CONTEXT(2) 
PARAMETRIC_REPRESENTATION_CONTEXT() REPRESENTATION_CONTEXT('2D SPACE',''
  ) );
#11086 = PCURVE('',#10035,#11087);
#11087 = DEFINITIONAL_REPRESENTATION('',(#11088),#11092);
#11088 = LINE('',#11089,#11090);
#11089 = CARTESIAN_POINT('',(6.03369140625,4.67578125));
#11090 = VECTOR('',#11091,1.);
#11091 = DIRECTION('',(-0.973350293123,-0.22932336749));
#11092 = ( GEOMETRIC_REPRESENTATION_CONTEXT(2) 
PARAMETRIC_REPRESENTATION_CONTEXT() REPRESENTATION_CONTEXT('2D SPACE',''
  ) );
#11093 = ORIENTED_EDGE('',*,*,#11000,.T.);
#11094 = ORIENTED_EDGE('',*,*,#4924,.F.);
#11095 = ORIENTED_EDGE('',*,*,#11047,.F.);
#11096 = ADVANCED_FACE('',(#11097),#5519,.F.);
#11097 = FACE_BOUND('',#11098,.F.);
#11098 = EDGE_LOOP('',(#11099,#11129,#11150,#11151));
#11099 = ORIENTED_EDGE('',*,*,#11100,.F.);
#11100 = EDGE_CURVE('',#11101,#11103,#11105,.T.);
#11101 = VERTEX_POINT('',#11102);
#11102 = CARTESIAN_POINT('',(5.038330078125,10.77880859375,17.8));
#11103 = VERTEX_POINT('',#11104);
#11104 = CARTESIAN_POINT('',(4.133056640625,10.77880859375,17.8));
#11105 = SURFACE_CURVE('',#11106,(#11110,#11117),.PCURVE_S1.);
#11106 = LINE('',#11107,#11108);
#11107 = CARTESIAN_POINT('',(5.038330078125,10.77880859375,17.8));
#11108 = VECTOR('',#11109,1.);
#11109 = DIRECTION('',(-1.,0.,0.));
#11110 = PCURVE('',#5519,#11111);
#11111 = DEFINITIONAL_REPRESENTATION('',(#11112),#11116);
#11112 = LINE('',#11113,#11114);
#11113 = CARTESIAN_POINT('',(0.,-0.));
#11114 = VECTOR('',#11115,1.);
#11115 = DIRECTION('',(1.,0.));
#11116 = ( GEOMETRIC_REPRESENTATION_CONTEXT(2) 
PARAMETRIC_REPRESENTATION_CONTEXT() REPRESENTATION_CONTEXT('2D SPACE',''
  ) );
#11117 = PCURVE('',#11118,#11123);
#11118 = PLANE('',#11119);
#11119 = AXIS2_PLACEMENT_3D('',#11120,#11121,#11122);
#11120 = CARTESIAN_POINT('',(4.146240234375,10.77880859375,17.8));
#11121 = DIRECTION('',(0.,0.,1.));
#11122 = DIRECTION('',(1.,0.,0.));
#11123 = DEFINITIONAL_REPRESENTATION('',(#11124),#11128);
#11124 = LINE('',#11125,#11126);
#11125 = CARTESIAN_POINT('',(0.89208984375,0.));
#11126 = VECTOR('',#11127,1.);
#11127 = DIRECTION('',(-1.,0.));
#11128 = ( GEOMETRIC_REPRESENTATION_CONTEXT(2) 
PARAMETRIC_REPRESENTATION_CONTEXT() REPRESENTATION_CONTEXT('2D SPACE',''
  ) );
#11129 = ORIENTED_EDGE('',*,*,#11130,.T.);
#11130 = EDGE_CURVE('',#11101,#5505,#11131,.T.);
#11131 = SURFACE_CURVE('',#11132,(#11136,#11143),.PCURVE_S1.);
#11132 = LINE('',#11133,#11134);
#11133 = CARTESIAN_POINT('',(5.038330078125,10.77880859375,17.8));
#11134 = VECTOR('',#11135,1.);
#11135 = DIRECTION('',(0.,0.,1.));
#11136 = PCURVE('',#5519,#11137);
#11137 = DEFINITIONAL_REPRESENTATION('',(#11138),#11142);
#11138 = LINE('',#11139,#11140);
#11139 = CARTESIAN_POINT('',(0.,-0.));
#11140 = VECTOR('',#11141,1.);
#11141 = DIRECTION('',(0.,-1.));
#11142 = ( GEOMETRIC_REPRESENTATION_CONTEXT(2) 
PARAMETRIC_REPRESENTATION_CONTEXT() REPRESENTATION_CONTEXT('2D SPACE',''
  ) );
#11143 = PCURVE('',#5699,#11144);
#11144 = DEFINITIONAL_REPRESENTATION('',(#11145),#11149);
#11145 = LINE('',#11146,#11147);
#11146 = CARTESIAN_POINT('',(2.075489236997,0.));
#11147 = VECTOR('',#11148,1.);
#11148 = DIRECTION('',(0.,-1.));
#11149 = ( GEOMETRIC_REPRESENTATION_CONTEXT(2) 
PARAMETRIC_REPRESENTATION_CONTEXT() REPRESENTATION_CONTEXT('2D SPACE',''
  ) );
#11150 = ORIENTED_EDGE('',*,*,#5502,.F.);
#11151 = ORIENTED_EDGE('',*,*,#11152,.F.);
#11152 = EDGE_CURVE('',#11103,#5503,#11153,.T.);
#11153 = SURFACE_CURVE('',#11154,(#11158,#11165),.PCURVE_S1.);
#11154 = LINE('',#11155,#11156);
#11155 = CARTESIAN_POINT('',(4.133056640625,10.77880859375,17.8));
#11156 = VECTOR('',#11157,1.);
#11157 = DIRECTION('',(0.,0.,1.));
#11158 = PCURVE('',#5519,#11159);
#11159 = DEFINITIONAL_REPRESENTATION('',(#11160),#11164);
#11160 = LINE('',#11161,#11162);
#11161 = CARTESIAN_POINT('',(0.9052734375,0.));
#11162 = VECTOR('',#11163,1.);
#11163 = DIRECTION('',(0.,-1.));
#11164 = ( GEOMETRIC_REPRESENTATION_CONTEXT(2) 
PARAMETRIC_REPRESENTATION_CONTEXT() REPRESENTATION_CONTEXT('2D SPACE',''
  ) );
#11165 = PCURVE('',#5545,#11166);
#11166 = DEFINITIONAL_REPRESENTATION('',(#11167),#11171);
#11167 = LINE('',#11168,#11169);
#11168 = CARTESIAN_POINT('',(0.,0.));
#11169 = VECTOR('',#11170,1.);
#11170 = DIRECTION('',(0.,-1.));
#11171 = ( GEOMETRIC_REPRESENTATION_CONTEXT(2) 
PARAMETRIC_REPRESENTATION_CONTEXT() REPRESENTATION_CONTEXT('2D SPACE',''
  ) );
#11172 = ADVANCED_FACE('',(#11173),#5545,.F.);
#11173 = FACE_BOUND('',#11174,.F.);
#11174 = EDGE_LOOP('',(#11175,#11198,#11199,#11200));
#11175 = ORIENTED_EDGE('',*,*,#11176,.F.);
#11176 = EDGE_CURVE('',#11103,#11177,#11179,.T.);
#11177 = VERTEX_POINT('',#11178);
#11178 = CARTESIAN_POINT('',(6.607177734375,17.22119140625,17.8));
#11179 = SURFACE_CURVE('',#11180,(#11184,#11191),.PCURVE_S1.);
#11180 = LINE('',#11181,#11182);
#11181 = CARTESIAN_POINT('',(4.133056640625,10.77880859375,17.8));
#11182 = VECTOR('',#11183,1.);
#11183 = DIRECTION('',(0.358509651553,0.933526019853,0.));
#11184 = PCURVE('',#5545,#11185);
#11185 = DEFINITIONAL_REPRESENTATION('',(#11186),#11190);
#11186 = LINE('',#11187,#11188);
#11187 = CARTESIAN_POINT('',(0.,0.));
#11188 = VECTOR('',#11189,1.);
#11189 = DIRECTION('',(1.,0.));
#11190 = ( GEOMETRIC_REPRESENTATION_CONTEXT(2) 
PARAMETRIC_REPRESENTATION_CONTEXT() REPRESENTATION_CONTEXT('2D SPACE',''
  ) );
#11191 = PCURVE('',#11118,#11192);
#11192 = DEFINITIONAL_REPRESENTATION('',(#11193),#11197);
#11193 = LINE('',#11194,#11195);
#11194 = CARTESIAN_POINT('',(-1.318359375E-02,0.));
#11195 = VECTOR('',#11196,1.);
#11196 = DIRECTION('',(0.358509651553,0.933526019853));
#11197 = ( GEOMETRIC_REPRESENTATION_CONTEXT(2) 
PARAMETRIC_REPRESENTATION_CONTEXT() REPRESENTATION_CONTEXT('2D SPACE',''
  ) );
#11198 = ORIENTED_EDGE('',*,*,#11152,.T.);
#11199 = ORIENTED_EDGE('',*,*,#5530,.F.);
#11200 = ORIENTED_EDGE('',*,*,#11201,.F.);
#11201 = EDGE_CURVE('',#11177,#5531,#11202,.T.);
#11202 = SURFACE_CURVE('',#11203,(#11207,#11214),.PCURVE_S1.);
#11203 = LINE('',#11204,#11205);
#11204 = CARTESIAN_POINT('',(6.607177734375,17.22119140625,17.8));
#11205 = VECTOR('',#11206,1.);
#11206 = DIRECTION('',(0.,0.,1.));
#11207 = PCURVE('',#5545,#11208);
#11208 = DEFINITIONAL_REPRESENTATION('',(#11209),#11213);
#11209 = LINE('',#11210,#11211);
#11210 = CARTESIAN_POINT('',(6.901128276545,0.));
#11211 = VECTOR('',#11212,1.);
#11212 = DIRECTION('',(0.,-1.));
#11213 = ( GEOMETRIC_REPRESENTATION_CONTEXT(2) 
PARAMETRIC_REPRESENTATION_CONTEXT() REPRESENTATION_CONTEXT('2D SPACE',''
  ) );
#11214 = PCURVE('',#5571,#11215);
#11215 = DEFINITIONAL_REPRESENTATION('',(#11216),#11220);
#11216 = LINE('',#11217,#11218);
#11217 = CARTESIAN_POINT('',(0.,0.));
#11218 = VECTOR('',#11219,1.);
#11219 = DIRECTION('',(0.,-1.));
#11220 = ( GEOMETRIC_REPRESENTATION_CONTEXT(2) 
PARAMETRIC_REPRESENTATION_CONTEXT() REPRESENTATION_CONTEXT('2D SPACE',''
  ) );
#11221 = ADVANCED_FACE('',(#11222),#5699,.F.);
#11222 = FACE_BOUND('',#11223,.F.);
#11223 = EDGE_LOOP('',(#11224,#11247,#11268,#11269));
#11224 = ORIENTED_EDGE('',*,*,#11225,.F.);
#11225 = EDGE_CURVE('',#11226,#11101,#11228,.T.);
#11226 = VERTEX_POINT('',#11227);
#11227 = CARTESIAN_POINT('',(5.745849609375,12.72998046875,17.8));
#11228 = SURFACE_CURVE('',#11229,(#11233,#11240),.PCURVE_S1.);
#11229 = LINE('',#11230,#11231);
#11230 = CARTESIAN_POINT('',(5.745849609375,12.72998046875,17.8));
#11231 = VECTOR('',#11232,1.);
#11232 = DIRECTION('',(-0.340892893414,-0.940102140844,0.));
#11233 = PCURVE('',#5699,#11234);
#11234 = DEFINITIONAL_REPRESENTATION('',(#11235),#11239);
#11235 = LINE('',#11236,#11237);
#11236 = CARTESIAN_POINT('',(0.,0.));
#11237 = VECTOR('',#11238,1.);
#11238 = DIRECTION('',(1.,0.));
#11239 = ( GEOMETRIC_REPRESENTATION_CONTEXT(2) 
PARAMETRIC_REPRESENTATION_CONTEXT() REPRESENTATION_CONTEXT('2D SPACE',''
  ) );
#11240 = PCURVE('',#11118,#11241);
#11241 = DEFINITIONAL_REPRESENTATION('',(#11242),#11246);
#11242 = LINE('',#11243,#11244);
#11243 = CARTESIAN_POINT('',(1.599609375,1.951171875));
#11244 = VECTOR('',#11245,1.);
#11245 = DIRECTION('',(-0.340892893414,-0.940102140844));
#11246 = ( GEOMETRIC_REPRESENTATION_CONTEXT(2) 
PARAMETRIC_REPRESENTATION_CONTEXT() REPRESENTATION_CONTEXT('2D SPACE',''
  ) );
#11247 = ORIENTED_EDGE('',*,*,#11248,.T.);
#11248 = EDGE_CURVE('',#11226,#5661,#11249,.T.);
#11249 = SURFACE_CURVE('',#11250,(#11254,#11261),.PCURVE_S1.);
#11250 = LINE('',#11251,#11252);
#11251 = CARTESIAN_POINT('',(5.745849609375,12.72998046875,17.8));
#11252 = VECTOR('',#11253,1.);
#11253 = DIRECTION('',(0.,0.,1.));
#11254 = PCURVE('',#5699,#11255);
#11255 = DEFINITIONAL_REPRESENTATION('',(#11256),#11260);
#11256 = LINE('',#11257,#11258);
#11257 = CARTESIAN_POINT('',(0.,0.));
#11258 = VECTOR('',#11259,1.);
#11259 = DIRECTION('',(0.,-1.));
#11260 = ( GEOMETRIC_REPRESENTATION_CONTEXT(2) 
PARAMETRIC_REPRESENTATION_CONTEXT() REPRESENTATION_CONTEXT('2D SPACE',''
  ) );
#11261 = PCURVE('',#5675,#11262);
#11262 = DEFINITIONAL_REPRESENTATION('',(#11263),#11267);
#11263 = LINE('',#11264,#11265);
#11264 = CARTESIAN_POINT('',(2.69384765625,0.));
#11265 = VECTOR('',#11266,1.);
#11266 = DIRECTION('',(0.,-1.));
#11267 = ( GEOMETRIC_REPRESENTATION_CONTEXT(2) 
PARAMETRIC_REPRESENTATION_CONTEXT() REPRESENTATION_CONTEXT('2D SPACE',''
  ) );
#11268 = ORIENTED_EDGE('',*,*,#5686,.F.);
#11269 = ORIENTED_EDGE('',*,*,#11130,.F.);
#11270 = ADVANCED_FACE('',(#11271),#5571,.F.);
#11271 = FACE_BOUND('',#11272,.F.);
#11272 = EDGE_LOOP('',(#11273,#11296,#11297,#11298));
#11273 = ORIENTED_EDGE('',*,*,#11274,.F.);
#11274 = EDGE_CURVE('',#11177,#11275,#11277,.T.);
#11275 = VERTEX_POINT('',#11276);
#11276 = CARTESIAN_POINT('',(7.525634765625,17.22119140625,17.8));
#11277 = SURFACE_CURVE('',#11278,(#11282,#11289),.PCURVE_S1.);
#11278 = LINE('',#11279,#11280);
#11279 = CARTESIAN_POINT('',(6.607177734375,17.22119140625,17.8));
#11280 = VECTOR('',#11281,1.);
#11281 = DIRECTION('',(1.,0.,0.));
#11282 = PCURVE('',#5571,#11283);
#11283 = DEFINITIONAL_REPRESENTATION('',(#11284),#11288);
#11284 = LINE('',#11285,#11286);
#11285 = CARTESIAN_POINT('',(0.,0.));
#11286 = VECTOR('',#11287,1.);
#11287 = DIRECTION('',(1.,0.));
#11288 = ( GEOMETRIC_REPRESENTATION_CONTEXT(2) 
PARAMETRIC_REPRESENTATION_CONTEXT() REPRESENTATION_CONTEXT('2D SPACE',''
  ) );
#11289 = PCURVE('',#11118,#11290);
#11290 = DEFINITIONAL_REPRESENTATION('',(#11291),#11295);
#11291 = LINE('',#11292,#11293);
#11292 = CARTESIAN_POINT('',(2.4609375,6.4423828125));
#11293 = VECTOR('',#11294,1.);
#11294 = DIRECTION('',(1.,0.));
#11295 = ( GEOMETRIC_REPRESENTATION_CONTEXT(2) 
PARAMETRIC_REPRESENTATION_CONTEXT() REPRESENTATION_CONTEXT('2D SPACE',''
  ) );
#11296 = ORIENTED_EDGE('',*,*,#11201,.T.);
#11297 = ORIENTED_EDGE('',*,*,#5556,.F.);
#11298 = ORIENTED_EDGE('',*,*,#11299,.F.);
#11299 = EDGE_CURVE('',#11275,#5557,#11300,.T.);
#11300 = SURFACE_CURVE('',#11301,(#11305,#11312),.PCURVE_S1.);
#11301 = LINE('',#11302,#11303);
#11302 = CARTESIAN_POINT('',(7.525634765625,17.22119140625,17.8));
#11303 = VECTOR('',#11304,1.);
#11304 = DIRECTION('',(0.,0.,1.));
#11305 = PCURVE('',#5571,#11306);
#11306 = DEFINITIONAL_REPRESENTATION('',(#11307),#11311);
#11307 = LINE('',#11308,#11309);
#11308 = CARTESIAN_POINT('',(0.91845703125,0.));
#11309 = VECTOR('',#11310,1.);
#11310 = DIRECTION('',(0.,-1.));
#11311 = ( GEOMETRIC_REPRESENTATION_CONTEXT(2) 
PARAMETRIC_REPRESENTATION_CONTEXT() REPRESENTATION_CONTEXT('2D SPACE',''
  ) );
#11312 = PCURVE('',#5597,#11313);
#11313 = DEFINITIONAL_REPRESENTATION('',(#11314),#11318);
#11314 = LINE('',#11315,#11316);
#11315 = CARTESIAN_POINT('',(0.,0.));
#11316 = VECTOR('',#11317,1.);
#11317 = DIRECTION('',(0.,-1.));
#11318 = ( GEOMETRIC_REPRESENTATION_CONTEXT(2) 
PARAMETRIC_REPRESENTATION_CONTEXT() REPRESENTATION_CONTEXT('2D SPACE',''
  ) );
#11319 = ADVANCED_FACE('',(#11320),#5675,.F.);
#11320 = FACE_BOUND('',#11321,.F.);
#11321 = EDGE_LOOP('',(#11322,#11345,#11366,#11367));
#11322 = ORIENTED_EDGE('',*,*,#11323,.F.);
#11323 = EDGE_CURVE('',#11324,#11226,#11326,.T.);
#11324 = VERTEX_POINT('',#11325);
#11325 = CARTESIAN_POINT('',(8.439697265625,12.72998046875,17.8));
#11326 = SURFACE_CURVE('',#11327,(#11331,#11338),.PCURVE_S1.);
#11327 = LINE('',#11328,#11329);
#11328 = CARTESIAN_POINT('',(8.439697265625,12.72998046875,17.8));
#11329 = VECTOR('',#11330,1.);
#11330 = DIRECTION('',(-1.,0.,0.));
#11331 = PCURVE('',#5675,#11332);
#11332 = DEFINITIONAL_REPRESENTATION('',(#11333),#11337);
#11333 = LINE('',#11334,#11335);
#11334 = CARTESIAN_POINT('',(0.,-0.));
#11335 = VECTOR('',#11336,1.);
#11336 = DIRECTION('',(1.,0.));
#11337 = ( GEOMETRIC_REPRESENTATION_CONTEXT(2) 
PARAMETRIC_REPRESENTATION_CONTEXT() REPRESENTATION_CONTEXT('2D SPACE',''
  ) );
#11338 = PCURVE('',#11118,#11339);
#11339 = DEFINITIONAL_REPRESENTATION('',(#11340),#11344);
#11340 = LINE('',#11341,#11342);
#11341 = CARTESIAN_POINT('',(4.29345703125,1.951171875));
#11342 = VECTOR('',#11343,1.);
#11343 = DIRECTION('',(-1.,0.));
#11344 = ( GEOMETRIC_REPRESENTATION_CONTEXT(2) 
PARAMETRIC_REPRESENTATION_CONTEXT() REPRESENTATION_CONTEXT('2D SPACE',''
  ) );
#11345 = ORIENTED_EDGE('',*,*,#11346,.T.);
#11346 = EDGE_CURVE('',#11324,#5635,#11347,.T.);
#11347 = SURFACE_CURVE('',#11348,(#11352,#11359),.PCURVE_S1.);
#11348 = LINE('',#11349,#11350);
#11349 = CARTESIAN_POINT('',(8.439697265625,12.72998046875,17.8));
#11350 = VECTOR('',#11351,1.);
#11351 = DIRECTION('',(0.,0.,1.));
#11352 = PCURVE('',#5675,#11353);
#11353 = DEFINITIONAL_REPRESENTATION('',(#11354),#11358);
#11354 = LINE('',#11355,#11356);
#11355 = CARTESIAN_POINT('',(0.,-0.));
#11356 = VECTOR('',#11357,1.);
#11357 = DIRECTION('',(0.,-1.));
#11358 = ( GEOMETRIC_REPRESENTATION_CONTEXT(2) 
PARAMETRIC_REPRESENTATION_CONTEXT() REPRESENTATION_CONTEXT('2D SPACE',''
  ) );
#11359 = PCURVE('',#5649,#11360);
#11360 = DEFINITIONAL_REPRESENTATION('',(#11361),#11365);
#11361 = LINE('',#11362,#11363);
#11362 = CARTESIAN_POINT('',(2.090878068464,0.));
#11363 = VECTOR('',#11364,1.);
#11364 = DIRECTION('',(0.,-1.));
#11365 = ( GEOMETRIC_REPRESENTATION_CONTEXT(2) 
PARAMETRIC_REPRESENTATION_CONTEXT() REPRESENTATION_CONTEXT('2D SPACE',''
  ) );
#11366 = ORIENTED_EDGE('',*,*,#5660,.F.);
#11367 = ORIENTED_EDGE('',*,*,#11248,.F.);
#11368 = ADVANCED_FACE('',(#11369),#5597,.F.);
#11369 = FACE_BOUND('',#11370,.F.);
#11370 = EDGE_LOOP('',(#11371,#11394,#11395,#11396));
#11371 = ORIENTED_EDGE('',*,*,#11372,.F.);
#11372 = EDGE_CURVE('',#11275,#11373,#11375,.T.);
#11373 = VERTEX_POINT('',#11374);
#11374 = CARTESIAN_POINT('',(10.162353515625,10.77880859375,17.8));
#11375 = SURFACE_CURVE('',#11376,(#11380,#11387),.PCURVE_S1.);
#11376 = LINE('',#11377,#11378);
#11377 = CARTESIAN_POINT('',(7.525634765625,17.22119140625,17.8));
#11378 = VECTOR('',#11379,1.);
#11379 = DIRECTION('',(0.378780330599,-0.925486607764,0.));
#11380 = PCURVE('',#5597,#11381);
#11381 = DEFINITIONAL_REPRESENTATION('',(#11382),#11386);
#11382 = LINE('',#11383,#11384);
#11383 = CARTESIAN_POINT('',(0.,0.));
#11384 = VECTOR('',#11385,1.);
#11385 = DIRECTION('',(1.,0.));
#11386 = ( GEOMETRIC_REPRESENTATION_CONTEXT(2) 
PARAMETRIC_REPRESENTATION_CONTEXT() REPRESENTATION_CONTEXT('2D SPACE',''
  ) );
#11387 = PCURVE('',#11118,#11388);
#11388 = DEFINITIONAL_REPRESENTATION('',(#11389),#11393);
#11389 = LINE('',#11390,#11391);
#11390 = CARTESIAN_POINT('',(3.37939453125,6.4423828125));
#11391 = VECTOR('',#11392,1.);
#11392 = DIRECTION('',(0.378780330599,-0.925486607764));
#11393 = ( GEOMETRIC_REPRESENTATION_CONTEXT(2) 
PARAMETRIC_REPRESENTATION_CONTEXT() REPRESENTATION_CONTEXT('2D SPACE',''
  ) );
#11394 = ORIENTED_EDGE('',*,*,#11299,.T.);
#11395 = ORIENTED_EDGE('',*,*,#5582,.F.);
#11396 = ORIENTED_EDGE('',*,*,#11397,.F.);
#11397 = EDGE_CURVE('',#11373,#5583,#11398,.T.);
#11398 = SURFACE_CURVE('',#11399,(#11403,#11410),.PCURVE_S1.);
#11399 = LINE('',#11400,#11401);
#11400 = CARTESIAN_POINT('',(10.162353515625,10.77880859375,17.8));
#11401 = VECTOR('',#11402,1.);
#11402 = DIRECTION('',(0.,0.,1.));
#11403 = PCURVE('',#5597,#11404);
#11404 = DEFINITIONAL_REPRESENTATION('',(#11405),#11409);
#11405 = LINE('',#11406,#11407);
#11406 = CARTESIAN_POINT('',(6.961076214882,0.));
#11407 = VECTOR('',#11408,1.);
#11408 = DIRECTION('',(0.,-1.));
#11409 = ( GEOMETRIC_REPRESENTATION_CONTEXT(2) 
PARAMETRIC_REPRESENTATION_CONTEXT() REPRESENTATION_CONTEXT('2D SPACE',''
  ) );
#11410 = PCURVE('',#5623,#11411);
#11411 = DEFINITIONAL_REPRESENTATION('',(#11412),#11416);
#11412 = LINE('',#11413,#11414);
#11413 = CARTESIAN_POINT('',(0.,-0.));
#11414 = VECTOR('',#11415,1.);
#11415 = DIRECTION('',(0.,-1.));
#11416 = ( GEOMETRIC_REPRESENTATION_CONTEXT(2) 
PARAMETRIC_REPRESENTATION_CONTEXT() REPRESENTATION_CONTEXT('2D SPACE',''
  ) );
#11417 = ADVANCED_FACE('',(#11418),#5649,.F.);
#11418 = FACE_BOUND('',#11419,.F.);
#11419 = EDGE_LOOP('',(#11420,#11443,#11464,#11465));
#11420 = ORIENTED_EDGE('',*,*,#11421,.F.);
#11421 = EDGE_CURVE('',#11422,#11324,#11424,.T.);
#11422 = VERTEX_POINT('',#11423);
#11423 = CARTESIAN_POINT('',(9.191162109375,10.77880859375,17.8));
#11424 = SURFACE_CURVE('',#11425,(#11429,#11436),.PCURVE_S1.);
#11425 = LINE('',#11426,#11427);
#11426 = CARTESIAN_POINT('',(9.191162109375,10.77880859375,17.8));
#11427 = VECTOR('',#11428,1.);
#11428 = DIRECTION('',(-0.359401561996,0.933183003078,0.));
#11429 = PCURVE('',#5649,#11430);
#11430 = DEFINITIONAL_REPRESENTATION('',(#11431),#11435);
#11431 = LINE('',#11432,#11433);
#11432 = CARTESIAN_POINT('',(0.,0.));
#11433 = VECTOR('',#11434,1.);
#11434 = DIRECTION('',(1.,0.));
#11435 = ( GEOMETRIC_REPRESENTATION_CONTEXT(2) 
PARAMETRIC_REPRESENTATION_CONTEXT() REPRESENTATION_CONTEXT('2D SPACE',''
  ) );
#11436 = PCURVE('',#11118,#11437);
#11437 = DEFINITIONAL_REPRESENTATION('',(#11438),#11442);
#11438 = LINE('',#11439,#11440);
#11439 = CARTESIAN_POINT('',(5.044921875,0.));
#11440 = VECTOR('',#11441,1.);
#11441 = DIRECTION('',(-0.359401561996,0.933183003078));
#11442 = ( GEOMETRIC_REPRESENTATION_CONTEXT(2) 
PARAMETRIC_REPRESENTATION_CONTEXT() REPRESENTATION_CONTEXT('2D SPACE',''
  ) );
#11443 = ORIENTED_EDGE('',*,*,#11444,.T.);
#11444 = EDGE_CURVE('',#11422,#5609,#11445,.T.);
#11445 = SURFACE_CURVE('',#11446,(#11450,#11457),.PCURVE_S1.);
#11446 = LINE('',#11447,#11448);
#11447 = CARTESIAN_POINT('',(9.191162109375,10.77880859375,17.8));
#11448 = VECTOR('',#11449,1.);
#11449 = DIRECTION('',(0.,0.,1.));
#11450 = PCURVE('',#5649,#11451);
#11451 = DEFINITIONAL_REPRESENTATION('',(#11452),#11456);
#11452 = LINE('',#11453,#11454);
#11453 = CARTESIAN_POINT('',(0.,0.));
#11454 = VECTOR('',#11455,1.);
#11455 = DIRECTION('',(0.,-1.));
#11456 = ( GEOMETRIC_REPRESENTATION_CONTEXT(2) 
PARAMETRIC_REPRESENTATION_CONTEXT() REPRESENTATION_CONTEXT('2D SPACE',''
  ) );
#11457 = PCURVE('',#5623,#11458);
#11458 = DEFINITIONAL_REPRESENTATION('',(#11459),#11463);
#11459 = LINE('',#11460,#11461);
#11460 = CARTESIAN_POINT('',(0.97119140625,0.));
#11461 = VECTOR('',#11462,1.);
#11462 = DIRECTION('',(0.,-1.));
#11463 = ( GEOMETRIC_REPRESENTATION_CONTEXT(2) 
PARAMETRIC_REPRESENTATION_CONTEXT() REPRESENTATION_CONTEXT('2D SPACE',''
  ) );
#11464 = ORIENTED_EDGE('',*,*,#5634,.F.);
#11465 = ORIENTED_EDGE('',*,*,#11346,.F.);
#11466 = ADVANCED_FACE('',(#11467),#5623,.F.);
#11467 = FACE_BOUND('',#11468,.F.);
#11468 = EDGE_LOOP('',(#11469,#11490,#11491,#11492));
#11469 = ORIENTED_EDGE('',*,*,#11470,.F.);
#11470 = EDGE_CURVE('',#11373,#11422,#11471,.T.);
#11471 = SURFACE_CURVE('',#11472,(#11476,#11483),.PCURVE_S1.);
#11472 = LINE('',#11473,#11474);
#11473 = CARTESIAN_POINT('',(10.162353515625,10.77880859375,17.8));
#11474 = VECTOR('',#11475,1.);
#11475 = DIRECTION('',(-1.,0.,0.));
#11476 = PCURVE('',#5623,#11477);
#11477 = DEFINITIONAL_REPRESENTATION('',(#11478),#11482);
#11478 = LINE('',#11479,#11480);
#11479 = CARTESIAN_POINT('',(0.,-0.));
#11480 = VECTOR('',#11481,1.);
#11481 = DIRECTION('',(1.,0.));
#11482 = ( GEOMETRIC_REPRESENTATION_CONTEXT(2) 
PARAMETRIC_REPRESENTATION_CONTEXT() REPRESENTATION_CONTEXT('2D SPACE',''
  ) );
#11483 = PCURVE('',#11118,#11484);
#11484 = DEFINITIONAL_REPRESENTATION('',(#11485),#11489);
#11485 = LINE('',#11486,#11487);
#11486 = CARTESIAN_POINT('',(6.01611328125,0.));
#11487 = VECTOR('',#11488,1.);
#11488 = DIRECTION('',(-1.,0.));
#11489 = ( GEOMETRIC_REPRESENTATION_CONTEXT(2) 
PARAMETRIC_REPRESENTATION_CONTEXT() REPRESENTATION_CONTEXT('2D SPACE',''
  ) );
#11490 = ORIENTED_EDGE('',*,*,#11397,.T.);
#11491 = ORIENTED_EDGE('',*,*,#5608,.F.);
#11492 = ORIENTED_EDGE('',*,*,#11444,.F.);
#11493 = ADVANCED_FACE('',(#11494,#11497),#5753,.F.);
#11494 = FACE_BOUND('',#11495,.F.);
#11495 = EDGE_LOOP('',(#11496));
#11496 = ORIENTED_EDGE('',*,*,#5738,.T.);
#11497 = FACE_BOUND('',#11498,.F.);
#11498 = EDGE_LOOP('',(#11499));
#11499 = ORIENTED_EDGE('',*,*,#11500,.F.);
#11500 = EDGE_CURVE('',#11501,#11501,#11503,.T.);
#11501 = VERTEX_POINT('',#11502);
#11502 = CARTESIAN_POINT('',(11.15,-2.730962362099E-15,0.));
#11503 = SURFACE_CURVE('',#11504,(#11509,#11516),.PCURVE_S1.);
#11504 = CIRCLE('',#11505,11.15);
#11505 = AXIS2_PLACEMENT_3D('',#11506,#11507,#11508);
#11506 = CARTESIAN_POINT('',(0.,0.,0.));
#11507 = DIRECTION('',(0.,0.,1.));
#11508 = DIRECTION('',(1.,0.,-0.));
#11509 = PCURVE('',#5753,#11510);
#11510 = DEFINITIONAL_REPRESENTATION('',(#11511),#11515);
#11511 = CIRCLE('',#11512,11.15);
#11512 = AXIS2_PLACEMENT_2D('',#11513,#11514);
#11513 = CARTESIAN_POINT('',(0.,0.));
#11514 = DIRECTION('',(1.,0.));
#11515 = ( GEOMETRIC_REPRESENTATION_CONTEXT(2) 
PARAMETRIC_REPRESENTATION_CONTEXT() REPRESENTATION_CONTEXT('2D SPACE',''
  ) );
#11516 = PCURVE('',#11517,#11522);
#11517 = CYLINDRICAL_SURFACE('',#11518,11.15);
#11518 = AXIS2_PLACEMENT_3D('',#11519,#11520,#11521);
#11519 = CARTESIAN_POINT('',(0.,0.,-1.E-02));
#11520 = DIRECTION('',(0.,0.,1.));
#11521 = DIRECTION('',(1.,0.,-0.));
#11522 = DEFINITIONAL_REPRESENTATION('',(#11523),#11527);
#11523 = LINE('',#11524,#11525);
#11524 = CARTESIAN_POINT('',(0.,1.E-02));
#11525 = VECTOR('',#11526,1.);
#11526 = DIRECTION('',(1.,0.));
#11527 = ( GEOMETRIC_REPRESENTATION_CONTEXT(2) 
PARAMETRIC_REPRESENTATION_CONTEXT() REPRESENTATION_CONTEXT('2D SPACE',''
  ) );
#11528 = ADVANCED_FACE('',(#11529),#5786,.T.);
#11529 = FACE_BOUND('',#11530,.F.);
#11530 = EDGE_LOOP('',(#11531,#11532,#11533,#11534,#11535,#11536,#11537,
    #11538));
#11531 = ORIENTED_EDGE('',*,*,#5768,.T.);
#11532 = ORIENTED_EDGE('',*,*,#6138,.T.);
#11533 = ORIENTED_EDGE('',*,*,#6089,.T.);
#11534 = ORIENTED_EDGE('',*,*,#6040,.T.);
#11535 = ORIENTED_EDGE('',*,*,#5991,.T.);
#11536 = ORIENTED_EDGE('',*,*,#5942,.T.);
#11537 = ORIENTED_EDGE('',*,*,#5893,.T.);
#11538 = ORIENTED_EDGE('',*,*,#5844,.T.);
#11539 = ADVANCED_FACE('',(#11540,#11553),#6183,.T.);
#11540 = FACE_BOUND('',#11541,.F.);
#11541 = EDGE_LOOP('',(#11542,#11543,#11544,#11545,#11546,#11547,#11548,
    #11549,#11550,#11551,#11552));
#11542 = ORIENTED_EDGE('',*,*,#6165,.T.);
#11543 = ORIENTED_EDGE('',*,*,#6682,.T.);
#11544 = ORIENTED_EDGE('',*,*,#6633,.T.);
#11545 = ORIENTED_EDGE('',*,*,#6584,.T.);
#11546 = ORIENTED_EDGE('',*,*,#6535,.T.);
#11547 = ORIENTED_EDGE('',*,*,#6486,.T.);
#11548 = ORIENTED_EDGE('',*,*,#6437,.T.);
#11549 = ORIENTED_EDGE('',*,*,#6388,.T.);
#11550 = ORIENTED_EDGE('',*,*,#6339,.T.);
#11551 = ORIENTED_EDGE('',*,*,#6290,.T.);
#11552 = ORIENTED_EDGE('',*,*,#6241,.T.);
#11553 = FACE_BOUND('',#11554,.F.);
#11554 = EDGE_LOOP('',(#11555,#11587,#11617,#11647,#11677,#11707,#11737,
    #11767,#11797));
#11555 = ORIENTED_EDGE('',*,*,#11556,.T.);
#11556 = EDGE_CURVE('',#11557,#11559,#11561,.T.);
#11557 = VERTEX_POINT('',#11558);
#11558 = CARTESIAN_POINT('',(-5.39208989375,-14.09887695312,17.8));
#11559 = VERTEX_POINT('',#11560);
#11560 = CARTESIAN_POINT('',(-4.765869190625,-15.93359375,17.8));
#11561 = SURFACE_CURVE('',#11562,(#11566,#11573),.PCURVE_S1.);
#11562 = B_SPLINE_CURVE_WITH_KNOTS('',2,(#11563,#11564,#11565),
  .UNSPECIFIED.,.F.,.F.,(3,3),(0.,1.),.PIECEWISE_BEZIER_KNOTS.);
#11563 = CARTESIAN_POINT('',(-5.39208989375,-14.09887695312,17.8));
#11564 = CARTESIAN_POINT('',(-5.39208989375,-15.26342773437,17.8));
#11565 = CARTESIAN_POINT('',(-4.765869190625,-15.93359375,17.8));
#11566 = PCURVE('',#6183,#11567);
#11567 = DEFINITIONAL_REPRESENTATION('',(#11568),#11572);
#11568 = B_SPLINE_CURVE_WITH_KNOTS('',2,(#11569,#11570,#11571),
  .UNSPECIFIED.,.F.,.F.,(3,3),(0.,1.),.PIECEWISE_BEZIER_KNOTS.);
#11569 = CARTESIAN_POINT('',(1.31396484375,3.12451171875));
#11570 = CARTESIAN_POINT('',(1.31396484375,1.9599609375));
#11571 = CARTESIAN_POINT('',(1.940185546875,1.289794921875));
#11572 = ( GEOMETRIC_REPRESENTATION_CONTEXT(2) 
PARAMETRIC_REPRESENTATION_CONTEXT() REPRESENTATION_CONTEXT('2D SPACE',''
  ) );
#11573 = PCURVE('',#11574,#11581);
#11574 = SURFACE_OF_LINEAR_EXTRUSION('',#11575,#11579);
#11575 = B_SPLINE_CURVE_WITH_KNOTS('',2,(#11576,#11577,#11578),
  .UNSPECIFIED.,.F.,.F.,(3,3),(0.,1.),.PIECEWISE_BEZIER_KNOTS.);
#11576 = CARTESIAN_POINT('',(-5.39208989375,-14.09887695312,17.8));
#11577 = CARTESIAN_POINT('',(-5.39208989375,-15.26342773437,17.8));
#11578 = CARTESIAN_POINT('',(-4.765869190625,-15.93359375,17.8));
#11579 = VECTOR('',#11580,1.);
#11580 = DIRECTION('',(-0.,-0.,-1.));
#11581 = DEFINITIONAL_REPRESENTATION('',(#11582),#11586);
#11582 = LINE('',#11583,#11584);
#11583 = CARTESIAN_POINT('',(0.,0.));
#11584 = VECTOR('',#11585,1.);
#11585 = DIRECTION('',(1.,0.));
#11586 = ( GEOMETRIC_REPRESENTATION_CONTEXT(2) 
PARAMETRIC_REPRESENTATION_CONTEXT() REPRESENTATION_CONTEXT('2D SPACE',''
  ) );
#11587 = ORIENTED_EDGE('',*,*,#11588,.T.);
#11588 = EDGE_CURVE('',#11559,#11589,#11591,.T.);
#11589 = VERTEX_POINT('',#11590);
#11590 = CARTESIAN_POINT('',(-3.19482426875,-16.60375976562,17.8));
#11591 = SURFACE_CURVE('',#11592,(#11596,#11603),.PCURVE_S1.);
#11592 = B_SPLINE_CURVE_WITH_KNOTS('',2,(#11593,#11594,#11595),
  .UNSPECIFIED.,.F.,.F.,(3,3),(0.,1.),.PIECEWISE_BEZIER_KNOTS.);
#11593 = CARTESIAN_POINT('',(-4.765869190625,-15.93359375,17.8));
#11594 = CARTESIAN_POINT('',(-4.1396484875,-16.60375976562,17.8));
#11595 = CARTESIAN_POINT('',(-3.19482426875,-16.60375976562,17.8));
#11596 = PCURVE('',#6183,#11597);
#11597 = DEFINITIONAL_REPRESENTATION('',(#11598),#11602);
#11598 = B_SPLINE_CURVE_WITH_KNOTS('',2,(#11599,#11600,#11601),
  .UNSPECIFIED.,.F.,.F.,(3,3),(0.,1.),.PIECEWISE_BEZIER_KNOTS.);
#11599 = CARTESIAN_POINT('',(1.940185546875,1.289794921875));
#11600 = CARTESIAN_POINT('',(2.56640625,0.61962890625));
#11601 = CARTESIAN_POINT('',(3.51123046875,0.61962890625));
#11602 = ( GEOMETRIC_REPRESENTATION_CONTEXT(2) 
PARAMETRIC_REPRESENTATION_CONTEXT() REPRESENTATION_CONTEXT('2D SPACE',''
  ) );
#11603 = PCURVE('',#11604,#11611);
#11604 = SURFACE_OF_LINEAR_EXTRUSION('',#11605,#11609);
#11605 = B_SPLINE_CURVE_WITH_KNOTS('',2,(#11606,#11607,#11608),
  .UNSPECIFIED.,.F.,.F.,(3,3),(0.,1.),.PIECEWISE_BEZIER_KNOTS.);
#11606 = CARTESIAN_POINT('',(-4.765869190625,-15.93359375,17.8));
#11607 = CARTESIAN_POINT('',(-4.1396484875,-16.60375976562,17.8));
#11608 = CARTESIAN_POINT('',(-3.19482426875,-16.60375976562,17.8));
#11609 = VECTOR('',#11610,1.);
#11610 = DIRECTION('',(-0.,-0.,-1.));
#11611 = DEFINITIONAL_REPRESENTATION('',(#11612),#11616);
#11612 = LINE('',#11613,#11614);
#11613 = CARTESIAN_POINT('',(0.,0.));
#11614 = VECTOR('',#11615,1.);
#11615 = DIRECTION('',(1.,0.));
#11616 = ( GEOMETRIC_REPRESENTATION_CONTEXT(2) 
PARAMETRIC_REPRESENTATION_CONTEXT() REPRESENTATION_CONTEXT('2D SPACE',''
  ) );
#11617 = ORIENTED_EDGE('',*,*,#11618,.T.);
#11618 = EDGE_CURVE('',#11589,#11619,#11621,.T.);
#11619 = VERTEX_POINT('',#11620);
#11620 = CARTESIAN_POINT('',(-1.610595753125,-15.92700195312,17.8));
#11621 = SURFACE_CURVE('',#11622,(#11626,#11633),.PCURVE_S1.);
#11622 = B_SPLINE_CURVE_WITH_KNOTS('',2,(#11623,#11624,#11625),
  .UNSPECIFIED.,.F.,.F.,(3,3),(0.,1.),.PIECEWISE_BEZIER_KNOTS.);
#11623 = CARTESIAN_POINT('',(-3.19482426875,-16.60375976562,17.8));
#11624 = CARTESIAN_POINT('',(-2.232421925,-16.60375976562,17.8));
#11625 = CARTESIAN_POINT('',(-1.610595753125,-15.92700195312,17.8));
#11626 = PCURVE('',#6183,#11627);
#11627 = DEFINITIONAL_REPRESENTATION('',(#11628),#11632);
#11628 = B_SPLINE_CURVE_WITH_KNOTS('',2,(#11629,#11630,#11631),
  .UNSPECIFIED.,.F.,.F.,(3,3),(0.,1.),.PIECEWISE_BEZIER_KNOTS.);
#11629 = CARTESIAN_POINT('',(3.51123046875,0.61962890625));
#11630 = CARTESIAN_POINT('',(4.4736328125,0.61962890625));
#11631 = CARTESIAN_POINT('',(5.095458984375,1.29638671875));
#11632 = ( GEOMETRIC_REPRESENTATION_CONTEXT(2) 
PARAMETRIC_REPRESENTATION_CONTEXT() REPRESENTATION_CONTEXT('2D SPACE',''
  ) );
#11633 = PCURVE('',#11634,#11641);
#11634 = SURFACE_OF_LINEAR_EXTRUSION('',#11635,#11639);
#11635 = B_SPLINE_CURVE_WITH_KNOTS('',2,(#11636,#11637,#11638),
  .UNSPECIFIED.,.F.,.F.,(3,3),(0.,1.),.PIECEWISE_BEZIER_KNOTS.);
#11636 = CARTESIAN_POINT('',(-3.19482426875,-16.60375976562,17.8));
#11637 = CARTESIAN_POINT('',(-2.232421925,-16.60375976562,17.8));
#11638 = CARTESIAN_POINT('',(-1.610595753125,-15.92700195312,17.8));
#11639 = VECTOR('',#11640,1.);
#11640 = DIRECTION('',(-0.,-0.,-1.));
#11641 = DEFINITIONAL_REPRESENTATION('',(#11642),#11646);
#11642 = LINE('',#11643,#11644);
#11643 = CARTESIAN_POINT('',(0.,0.));
#11644 = VECTOR('',#11645,1.);
#11645 = DIRECTION('',(1.,0.));
#11646 = ( GEOMETRIC_REPRESENTATION_CONTEXT(2) 
PARAMETRIC_REPRESENTATION_CONTEXT() REPRESENTATION_CONTEXT('2D SPACE',''
  ) );
#11647 = ORIENTED_EDGE('',*,*,#11648,.T.);
#11648 = EDGE_CURVE('',#11619,#11649,#11651,.T.);
#11649 = VERTEX_POINT('',#11650);
#11650 = CARTESIAN_POINT('',(-0.98876958125,-14.00659179687,17.8));
#11651 = SURFACE_CURVE('',#11652,(#11656,#11663),.PCURVE_S1.);
#11652 = B_SPLINE_CURVE_WITH_KNOTS('',2,(#11653,#11654,#11655),
  .UNSPECIFIED.,.F.,.F.,(3,3),(0.,1.),.PIECEWISE_BEZIER_KNOTS.);
#11653 = CARTESIAN_POINT('',(-1.610595753125,-15.92700195312,17.8));
#11654 = CARTESIAN_POINT('',(-0.98876958125,-15.25024414062,17.8));
#11655 = CARTESIAN_POINT('',(-0.98876958125,-14.00659179687,17.8));
#11656 = PCURVE('',#6183,#11657);
#11657 = DEFINITIONAL_REPRESENTATION('',(#11658),#11662);
#11658 = B_SPLINE_CURVE_WITH_KNOTS('',2,(#11659,#11660,#11661),
  .UNSPECIFIED.,.F.,.F.,(3,3),(0.,1.),.PIECEWISE_BEZIER_KNOTS.);
#11659 = CARTESIAN_POINT('',(5.095458984375,1.29638671875));
#11660 = CARTESIAN_POINT('',(5.71728515625,1.97314453125));
#11661 = CARTESIAN_POINT('',(5.71728515625,3.216796875));
#11662 = ( GEOMETRIC_REPRESENTATION_CONTEXT(2) 
PARAMETRIC_REPRESENTATION_CONTEXT() REPRESENTATION_CONTEXT('2D SPACE',''
  ) );
#11663 = PCURVE('',#11664,#11671);
#11664 = SURFACE_OF_LINEAR_EXTRUSION('',#11665,#11669);
#11665 = B_SPLINE_CURVE_WITH_KNOTS('',2,(#11666,#11667,#11668),
  .UNSPECIFIED.,.F.,.F.,(3,3),(0.,1.),.PIECEWISE_BEZIER_KNOTS.);
#11666 = CARTESIAN_POINT('',(-1.610595753125,-15.92700195312,17.8));
#11667 = CARTESIAN_POINT('',(-0.98876958125,-15.25024414062,17.8));
#11668 = CARTESIAN_POINT('',(-0.98876958125,-14.00659179687,17.8));
#11669 = VECTOR('',#11670,1.);
#11670 = DIRECTION('',(-0.,-0.,-1.));
#11671 = DEFINITIONAL_REPRESENTATION('',(#11672),#11676);
#11672 = LINE('',#11673,#11674);
#11673 = CARTESIAN_POINT('',(0.,0.));
#11674 = VECTOR('',#11675,1.);
#11675 = DIRECTION('',(1.,0.));
#11676 = ( GEOMETRIC_REPRESENTATION_CONTEXT(2) 
PARAMETRIC_REPRESENTATION_CONTEXT() REPRESENTATION_CONTEXT('2D SPACE',''
  ) );
#11677 = ORIENTED_EDGE('',*,*,#11678,.T.);
#11678 = EDGE_CURVE('',#11649,#11679,#11681,.T.);
#11679 = VERTEX_POINT('',#11680);
#11680 = CARTESIAN_POINT('',(-1.254638721875,-12.63330078125,17.8));
#11681 = SURFACE_CURVE('',#11682,(#11686,#11693),.PCURVE_S1.);
#11682 = B_SPLINE_CURVE_WITH_KNOTS('',2,(#11683,#11684,#11685),
  .UNSPECIFIED.,.F.,.F.,(3,3),(0.,1.),.PIECEWISE_BEZIER_KNOTS.);
#11683 = CARTESIAN_POINT('',(-0.98876958125,-14.00659179687,17.8));
#11684 = CARTESIAN_POINT('',(-0.98876958125,-13.21997070312,17.8));
#11685 = CARTESIAN_POINT('',(-1.254638721875,-12.63330078125,17.8));
#11686 = PCURVE('',#6183,#11687);
#11687 = DEFINITIONAL_REPRESENTATION('',(#11688),#11692);
#11688 = B_SPLINE_CURVE_WITH_KNOTS('',2,(#11689,#11690,#11691),
  .UNSPECIFIED.,.F.,.F.,(3,3),(0.,1.),.PIECEWISE_BEZIER_KNOTS.);
#11689 = CARTESIAN_POINT('',(5.71728515625,3.216796875));
#11690 = CARTESIAN_POINT('',(5.71728515625,4.00341796875));
#11691 = CARTESIAN_POINT('',(5.451416015625,4.590087890625));
#11692 = ( GEOMETRIC_REPRESENTATION_CONTEXT(2) 
PARAMETRIC_REPRESENTATION_CONTEXT() REPRESENTATION_CONTEXT('2D SPACE',''
  ) );
#11693 = PCURVE('',#11694,#11701);
#11694 = SURFACE_OF_LINEAR_EXTRUSION('',#11695,#11699);
#11695 = B_SPLINE_CURVE_WITH_KNOTS('',2,(#11696,#11697,#11698),
  .UNSPECIFIED.,.F.,.F.,(3,3),(0.,1.),.PIECEWISE_BEZIER_KNOTS.);
#11696 = CARTESIAN_POINT('',(-0.98876958125,-14.00659179687,17.8));
#11697 = CARTESIAN_POINT('',(-0.98876958125,-13.21997070312,17.8));
#11698 = CARTESIAN_POINT('',(-1.254638721875,-12.63330078125,17.8));
#11699 = VECTOR('',#11700,1.);
#11700 = DIRECTION('',(-0.,-0.,-1.));
#11701 = DEFINITIONAL_REPRESENTATION('',(#11702),#11706);
#11702 = LINE('',#11703,#11704);
#11703 = CARTESIAN_POINT('',(0.,0.));
#11704 = VECTOR('',#11705,1.);
#11705 = DIRECTION('',(1.,0.));
#11706 = ( GEOMETRIC_REPRESENTATION_CONTEXT(2) 
PARAMETRIC_REPRESENTATION_CONTEXT() REPRESENTATION_CONTEXT('2D SPACE',''
  ) );
#11707 = ORIENTED_EDGE('',*,*,#11708,.T.);
#11708 = EDGE_CURVE('',#11679,#11709,#11711,.T.);
#11709 = VERTEX_POINT('',#11710);
#11710 = CARTESIAN_POINT('',(-2.032470753125,-11.7236328125,17.8));
#11711 = SURFACE_CURVE('',#11712,(#11716,#11723),.PCURVE_S1.);
#11712 = B_SPLINE_CURVE_WITH_KNOTS('',2,(#11713,#11714,#11715),
  .UNSPECIFIED.,.F.,.F.,(3,3),(0.,1.),.PIECEWISE_BEZIER_KNOTS.);
#11713 = CARTESIAN_POINT('',(-1.254638721875,-12.63330078125,17.8));
#11714 = CARTESIAN_POINT('',(-1.5205078625,-12.04663085937,17.8));
#11715 = CARTESIAN_POINT('',(-2.032470753125,-11.7236328125,17.8));
#11716 = PCURVE('',#6183,#11717);
#11717 = DEFINITIONAL_REPRESENTATION('',(#11718),#11722);
#11718 = B_SPLINE_CURVE_WITH_KNOTS('',2,(#11719,#11720,#11721),
  .UNSPECIFIED.,.F.,.F.,(3,3),(0.,1.),.PIECEWISE_BEZIER_KNOTS.);
#11719 = CARTESIAN_POINT('',(5.451416015625,4.590087890625));
#11720 = CARTESIAN_POINT('',(5.185546875,5.1767578125));
#11721 = CARTESIAN_POINT('',(4.673583984375,5.499755859375));
#11722 = ( GEOMETRIC_REPRESENTATION_CONTEXT(2) 
PARAMETRIC_REPRESENTATION_CONTEXT() REPRESENTATION_CONTEXT('2D SPACE',''
  ) );
#11723 = PCURVE('',#11724,#11731);
#11724 = SURFACE_OF_LINEAR_EXTRUSION('',#11725,#11729);
#11725 = B_SPLINE_CURVE_WITH_KNOTS('',2,(#11726,#11727,#11728),
  .UNSPECIFIED.,.F.,.F.,(3,3),(0.,1.),.PIECEWISE_BEZIER_KNOTS.);
#11726 = CARTESIAN_POINT('',(-1.254638721875,-12.63330078125,17.8));
#11727 = CARTESIAN_POINT('',(-1.5205078625,-12.04663085937,17.8));
#11728 = CARTESIAN_POINT('',(-2.032470753125,-11.7236328125,17.8));
#11729 = VECTOR('',#11730,1.);
#11730 = DIRECTION('',(-0.,-0.,-1.));
#11731 = DEFINITIONAL_REPRESENTATION('',(#11732),#11736);
#11732 = LINE('',#11733,#11734);
#11733 = CARTESIAN_POINT('',(0.,0.));
#11734 = VECTOR('',#11735,1.);
#11735 = DIRECTION('',(1.,0.));
#11736 = ( GEOMETRIC_REPRESENTATION_CONTEXT(2) 
PARAMETRIC_REPRESENTATION_CONTEXT() REPRESENTATION_CONTEXT('2D SPACE',''
  ) );
#11737 = ORIENTED_EDGE('',*,*,#11738,.T.);
#11738 = EDGE_CURVE('',#11709,#11739,#11741,.T.);
#11739 = VERTEX_POINT('',#11740);
#11740 = CARTESIAN_POINT('',(-3.181640675,-11.40063476562,17.8));
#11741 = SURFACE_CURVE('',#11742,(#11746,#11753),.PCURVE_S1.);
#11742 = B_SPLINE_CURVE_WITH_KNOTS('',2,(#11743,#11744,#11745),
  .UNSPECIFIED.,.F.,.F.,(3,3),(0.,1.),.PIECEWISE_BEZIER_KNOTS.);
#11743 = CARTESIAN_POINT('',(-2.032470753125,-11.7236328125,17.8));
#11744 = CARTESIAN_POINT('',(-2.54443364375,-11.40063476562,17.8));
#11745 = CARTESIAN_POINT('',(-3.181640675,-11.40063476562,17.8));
#11746 = PCURVE('',#6183,#11747);
#11747 = DEFINITIONAL_REPRESENTATION('',(#11748),#11752);
#11748 = B_SPLINE_CURVE_WITH_KNOTS('',2,(#11749,#11750,#11751),
  .UNSPECIFIED.,.F.,.F.,(3,3),(0.,1.),.PIECEWISE_BEZIER_KNOTS.);
#11749 = CARTESIAN_POINT('',(4.673583984375,5.499755859375));
#11750 = CARTESIAN_POINT('',(4.16162109375,5.82275390625));
#11751 = CARTESIAN_POINT('',(3.5244140625,5.82275390625));
#11752 = ( GEOMETRIC_REPRESENTATION_CONTEXT(2) 
PARAMETRIC_REPRESENTATION_CONTEXT() REPRESENTATION_CONTEXT('2D SPACE',''
  ) );
#11753 = PCURVE('',#11754,#11761);
#11754 = SURFACE_OF_LINEAR_EXTRUSION('',#11755,#11759);
#11755 = B_SPLINE_CURVE_WITH_KNOTS('',2,(#11756,#11757,#11758),
  .UNSPECIFIED.,.F.,.F.,(3,3),(0.,1.),.PIECEWISE_BEZIER_KNOTS.);
#11756 = CARTESIAN_POINT('',(-2.032470753125,-11.7236328125,17.8));
#11757 = CARTESIAN_POINT('',(-2.54443364375,-11.40063476562,17.8));
#11758 = CARTESIAN_POINT('',(-3.181640675,-11.40063476562,17.8));
#11759 = VECTOR('',#11760,1.);
#11760 = DIRECTION('',(-0.,-0.,-1.));
#11761 = DEFINITIONAL_REPRESENTATION('',(#11762),#11766);
#11762 = LINE('',#11763,#11764);
#11763 = CARTESIAN_POINT('',(0.,0.));
#11764 = VECTOR('',#11765,1.);
#11765 = DIRECTION('',(1.,0.));
#11766 = ( GEOMETRIC_REPRESENTATION_CONTEXT(2) 
PARAMETRIC_REPRESENTATION_CONTEXT() REPRESENTATION_CONTEXT('2D SPACE',''
  ) );
#11767 = ORIENTED_EDGE('',*,*,#11768,.T.);
#11768 = EDGE_CURVE('',#11739,#11769,#11771,.T.);
#11769 = VERTEX_POINT('',#11770);
#11770 = CARTESIAN_POINT('',(-4.739502003125,-12.0224609375,17.8));
#11771 = SURFACE_CURVE('',#11772,(#11776,#11783),.PCURVE_S1.);
#11772 = B_SPLINE_CURVE_WITH_KNOTS('',2,(#11773,#11774,#11775),
  .UNSPECIFIED.,.F.,.F.,(3,3),(0.,1.),.PIECEWISE_BEZIER_KNOTS.);
#11773 = CARTESIAN_POINT('',(-3.181640675,-11.40063476562,17.8));
#11774 = CARTESIAN_POINT('',(-4.0869141125,-11.40063476562,17.8));
#11775 = CARTESIAN_POINT('',(-4.739502003125,-12.0224609375,17.8));
#11776 = PCURVE('',#6183,#11777);
#11777 = DEFINITIONAL_REPRESENTATION('',(#11778),#11782);
#11778 = B_SPLINE_CURVE_WITH_KNOTS('',2,(#11779,#11780,#11781),
  .UNSPECIFIED.,.F.,.F.,(3,3),(0.,1.),.PIECEWISE_BEZIER_KNOTS.);
#11779 = CARTESIAN_POINT('',(3.5244140625,5.82275390625));
#11780 = CARTESIAN_POINT('',(2.619140625,5.82275390625));
#11781 = CARTESIAN_POINT('',(1.966552734375,5.200927734375));
#11782 = ( GEOMETRIC_REPRESENTATION_CONTEXT(2) 
PARAMETRIC_REPRESENTATION_CONTEXT() REPRESENTATION_CONTEXT('2D SPACE',''
  ) );
#11783 = PCURVE('',#11784,#11791);
#11784 = SURFACE_OF_LINEAR_EXTRUSION('',#11785,#11789);
#11785 = B_SPLINE_CURVE_WITH_KNOTS('',2,(#11786,#11787,#11788),
  .UNSPECIFIED.,.F.,.F.,(3,3),(0.,1.),.PIECEWISE_BEZIER_KNOTS.);
#11786 = CARTESIAN_POINT('',(-3.181640675,-11.40063476562,17.8));
#11787 = CARTESIAN_POINT('',(-4.0869141125,-11.40063476562,17.8));
#11788 = CARTESIAN_POINT('',(-4.739502003125,-12.0224609375,17.8));
#11789 = VECTOR('',#11790,1.);
#11790 = DIRECTION('',(-0.,-0.,-1.));
#11791 = DEFINITIONAL_REPRESENTATION('',(#11792),#11796);
#11792 = LINE('',#11793,#11794);
#11793 = CARTESIAN_POINT('',(0.,0.));
#11794 = VECTOR('',#11795,1.);
#11795 = DIRECTION('',(1.,0.));
#11796 = ( GEOMETRIC_REPRESENTATION_CONTEXT(2) 
PARAMETRIC_REPRESENTATION_CONTEXT() REPRESENTATION_CONTEXT('2D SPACE',''
  ) );
#11797 = ORIENTED_EDGE('',*,*,#11798,.T.);
#11798 = EDGE_CURVE('',#11769,#11557,#11799,.T.);
#11799 = SURFACE_CURVE('',#11800,(#11804,#11811),.PCURVE_S1.);
#11800 = B_SPLINE_CURVE_WITH_KNOTS('',2,(#11801,#11802,#11803),
  .UNSPECIFIED.,.F.,.F.,(3,3),(0.,1.),.PIECEWISE_BEZIER_KNOTS.);
#11801 = CARTESIAN_POINT('',(-4.739502003125,-12.0224609375,17.8));
#11802 = CARTESIAN_POINT('',(-5.39208989375,-12.64428710937,17.8));
#11803 = CARTESIAN_POINT('',(-5.39208989375,-14.09887695312,17.8));
#11804 = PCURVE('',#6183,#11805);
#11805 = DEFINITIONAL_REPRESENTATION('',(#11806),#11810);
#11806 = B_SPLINE_CURVE_WITH_KNOTS('',2,(#11807,#11808,#11809),
  .UNSPECIFIED.,.F.,.F.,(3,3),(0.,1.),.PIECEWISE_BEZIER_KNOTS.);
#11807 = CARTESIAN_POINT('',(1.966552734375,5.200927734375));
#11808 = CARTESIAN_POINT('',(1.31396484375,4.5791015625));
#11809 = CARTESIAN_POINT('',(1.31396484375,3.12451171875));
#11810 = ( GEOMETRIC_REPRESENTATION_CONTEXT(2) 
PARAMETRIC_REPRESENTATION_CONTEXT() REPRESENTATION_CONTEXT('2D SPACE',''
  ) );
#11811 = PCURVE('',#11812,#11819);
#11812 = SURFACE_OF_LINEAR_EXTRUSION('',#11813,#11817);
#11813 = B_SPLINE_CURVE_WITH_KNOTS('',2,(#11814,#11815,#11816),
  .UNSPECIFIED.,.F.,.F.,(3,3),(0.,1.),.PIECEWISE_BEZIER_KNOTS.);
#11814 = CARTESIAN_POINT('',(-4.739502003125,-12.0224609375,17.8));
#11815 = CARTESIAN_POINT('',(-5.39208989375,-12.64428710937,17.8));
#11816 = CARTESIAN_POINT('',(-5.39208989375,-14.09887695312,17.8));
#11817 = VECTOR('',#11818,1.);
#11818 = DIRECTION('',(-0.,-0.,-1.));
#11819 = DEFINITIONAL_REPRESENTATION('',(#11820),#11824);
#11820 = LINE('',#11821,#11822);
#11821 = CARTESIAN_POINT('',(0.,0.));
#11822 = VECTOR('',#11823,1.);
#11823 = DIRECTION('',(1.,0.));
#11824 = ( GEOMETRIC_REPRESENTATION_CONTEXT(2) 
PARAMETRIC_REPRESENTATION_CONTEXT() REPRESENTATION_CONTEXT('2D SPACE',''
  ) );
#11825 = ADVANCED_FACE('',(#11826),#6727,.T.);
#11826 = FACE_BOUND('',#11827,.F.);
#11827 = EDGE_LOOP('',(#11828,#11829,#11830,#11831,#11832,#11833,#11834,
    #11835,#11836,#11837,#11838));
#11828 = ORIENTED_EDGE('',*,*,#6709,.T.);
#11829 = ORIENTED_EDGE('',*,*,#7226,.T.);
#11830 = ORIENTED_EDGE('',*,*,#7177,.T.);
#11831 = ORIENTED_EDGE('',*,*,#7128,.T.);
#11832 = ORIENTED_EDGE('',*,*,#7079,.T.);
#11833 = ORIENTED_EDGE('',*,*,#7030,.T.);
#11834 = ORIENTED_EDGE('',*,*,#6981,.T.);
#11835 = ORIENTED_EDGE('',*,*,#6932,.T.);
#11836 = ORIENTED_EDGE('',*,*,#6883,.T.);
#11837 = ORIENTED_EDGE('',*,*,#6834,.T.);
#11838 = ORIENTED_EDGE('',*,*,#6785,.T.);
#11839 = ADVANCED_FACE('',(#11840),#7271,.T.);
#11840 = FACE_BOUND('',#11841,.F.);
#11841 = EDGE_LOOP('',(#11842,#11843,#11844,#11845,#11846,#11847,#11848,
    #11849,#11850,#11851,#11852,#11853,#11854,#11855,#11856,#11857,
    #11858,#11859,#11860,#11861,#11862,#11863,#11864,#11865,#11866,
    #11867,#11868,#11869,#11870,#11871,#11872,#11873,#11874,#11875,
    #11876));
#11842 = ORIENTED_EDGE('',*,*,#7253,.T.);
#11843 = ORIENTED_EDGE('',*,*,#8946,.T.);
#11844 = ORIENTED_EDGE('',*,*,#8897,.T.);
#11845 = ORIENTED_EDGE('',*,*,#8848,.T.);
#11846 = ORIENTED_EDGE('',*,*,#8799,.T.);
#11847 = ORIENTED_EDGE('',*,*,#8750,.T.);
#11848 = ORIENTED_EDGE('',*,*,#8701,.T.);
#11849 = ORIENTED_EDGE('',*,*,#8652,.T.);
#11850 = ORIENTED_EDGE('',*,*,#8603,.T.);
#11851 = ORIENTED_EDGE('',*,*,#8554,.T.);
#11852 = ORIENTED_EDGE('',*,*,#8505,.T.);
#11853 = ORIENTED_EDGE('',*,*,#8456,.T.);
#11854 = ORIENTED_EDGE('',*,*,#8407,.T.);
#11855 = ORIENTED_EDGE('',*,*,#8358,.T.);
#11856 = ORIENTED_EDGE('',*,*,#8309,.T.);
#11857 = ORIENTED_EDGE('',*,*,#8260,.T.);
#11858 = ORIENTED_EDGE('',*,*,#8211,.T.);
#11859 = ORIENTED_EDGE('',*,*,#8162,.T.);
#11860 = ORIENTED_EDGE('',*,*,#8113,.T.);
#11861 = ORIENTED_EDGE('',*,*,#8064,.T.);
#11862 = ORIENTED_EDGE('',*,*,#8015,.T.);
#11863 = ORIENTED_EDGE('',*,*,#7966,.T.);
#11864 = ORIENTED_EDGE('',*,*,#7917,.T.);
#11865 = ORIENTED_EDGE('',*,*,#7868,.T.);
#11866 = ORIENTED_EDGE('',*,*,#7819,.T.);
#11867 = ORIENTED_EDGE('',*,*,#7770,.T.);
#11868 = ORIENTED_EDGE('',*,*,#7721,.T.);
#11869 = ORIENTED_EDGE('',*,*,#7672,.T.);
#11870 = ORIENTED_EDGE('',*,*,#7623,.T.);
#11871 = ORIENTED_EDGE('',*,*,#7574,.T.);
#11872 = ORIENTED_EDGE('',*,*,#7525,.T.);
#11873 = ORIENTED_EDGE('',*,*,#7476,.T.);
#11874 = ORIENTED_EDGE('',*,*,#7427,.T.);
#11875 = ORIENTED_EDGE('',*,*,#7378,.T.);
#11876 = ORIENTED_EDGE('',*,*,#7329,.T.);
#11877 = ADVANCED_FACE('',(#11878,#11891),#8991,.T.);
#11878 = FACE_BOUND('',#11879,.F.);
#11879 = EDGE_LOOP('',(#11880,#11881,#11882,#11883,#11884,#11885,#11886,
    #11887,#11888,#11889,#11890));
#11880 = ORIENTED_EDGE('',*,*,#8973,.T.);
#11881 = ORIENTED_EDGE('',*,*,#9049,.T.);
#11882 = ORIENTED_EDGE('',*,*,#9147,.T.);
#11883 = ORIENTED_EDGE('',*,*,#9245,.T.);
#11884 = ORIENTED_EDGE('',*,*,#9343,.T.);
#11885 = ORIENTED_EDGE('',*,*,#9441,.T.);
#11886 = ORIENTED_EDGE('',*,*,#9490,.T.);
#11887 = ORIENTED_EDGE('',*,*,#9392,.T.);
#11888 = ORIENTED_EDGE('',*,*,#9294,.T.);
#11889 = ORIENTED_EDGE('',*,*,#9196,.T.);
#11890 = ORIENTED_EDGE('',*,*,#9098,.T.);
#11891 = FACE_BOUND('',#11892,.F.);
#11892 = EDGE_LOOP('',(#11893,#11923,#11951,#11981,#12011,#12041,#12071,
    #12101));
#11893 = ORIENTED_EDGE('',*,*,#11894,.T.);
#11894 = EDGE_CURVE('',#11895,#11897,#11899,.T.);
#11895 = VERTEX_POINT('',#11896);
#11896 = CARTESIAN_POINT('',(-9.309814453125,16.4609375,17.8));
#11897 = VERTEX_POINT('',#11898);
#11898 = CARTESIAN_POINT('',(-9.309814453125,14.158203125,17.8));
#11899 = SURFACE_CURVE('',#11900,(#11904,#11911),.PCURVE_S1.);
#11900 = LINE('',#11901,#11902);
#11901 = CARTESIAN_POINT('',(-9.309814453125,16.4609375,17.8));
#11902 = VECTOR('',#11903,1.);
#11903 = DIRECTION('',(0.,-1.,0.));
#11904 = PCURVE('',#8991,#11905);
#11905 = DEFINITIONAL_REPRESENTATION('',(#11906),#11910);
#11906 = LINE('',#11907,#11908);
#11907 = CARTESIAN_POINT('',(1.546875,5.68212890625));
#11908 = VECTOR('',#11909,1.);
#11909 = DIRECTION('',(0.,-1.));
#11910 = ( GEOMETRIC_REPRESENTATION_CONTEXT(2) 
PARAMETRIC_REPRESENTATION_CONTEXT() REPRESENTATION_CONTEXT('2D SPACE',''
  ) );
#11911 = PCURVE('',#11912,#11917);
#11912 = PLANE('',#11913);
#11913 = AXIS2_PLACEMENT_3D('',#11914,#11915,#11916);
#11914 = CARTESIAN_POINT('',(-9.309814453125,16.4609375,17.8));
#11915 = DIRECTION('',(1.,0.,-0.));
#11916 = DIRECTION('',(0.,-1.,0.));
#11917 = DEFINITIONAL_REPRESENTATION('',(#11918),#11922);
#11918 = LINE('',#11919,#11920);
#11919 = CARTESIAN_POINT('',(0.,0.));
#11920 = VECTOR('',#11921,1.);
#11921 = DIRECTION('',(1.,0.));
#11922 = ( GEOMETRIC_REPRESENTATION_CONTEXT(2) 
PARAMETRIC_REPRESENTATION_CONTEXT() REPRESENTATION_CONTEXT('2D SPACE',''
  ) );
#11923 = ORIENTED_EDGE('',*,*,#11924,.T.);
#11924 = EDGE_CURVE('',#11897,#11925,#11927,.T.);
#11925 = VERTEX_POINT('',#11926);
#11926 = CARTESIAN_POINT('',(-7.644287109375,14.158203125,17.8));
#11927 = SURFACE_CURVE('',#11928,(#11932,#11939),.PCURVE_S1.);
#11928 = LINE('',#11929,#11930);
#11929 = CARTESIAN_POINT('',(-9.309814453125,14.158203125,17.8));
#11930 = VECTOR('',#11931,1.);
#11931 = DIRECTION('',(1.,0.,0.));
#11932 = PCURVE('',#8991,#11933);
#11933 = DEFINITIONAL_REPRESENTATION('',(#11934),#11938);
#11934 = LINE('',#11935,#11936);
#11935 = CARTESIAN_POINT('',(1.546875,3.37939453125));
#11936 = VECTOR('',#11937,1.);
#11937 = DIRECTION('',(1.,0.));
#11938 = ( GEOMETRIC_REPRESENTATION_CONTEXT(2) 
PARAMETRIC_REPRESENTATION_CONTEXT() REPRESENTATION_CONTEXT('2D SPACE',''
  ) );
#11939 = PCURVE('',#11940,#11945);
#11940 = PLANE('',#11941);
#11941 = AXIS2_PLACEMENT_3D('',#11942,#11943,#11944);
#11942 = CARTESIAN_POINT('',(-9.309814453125,14.158203125,17.8));
#11943 = DIRECTION('',(0.,1.,0.));
#11944 = DIRECTION('',(1.,0.,0.));
#11945 = DEFINITIONAL_REPRESENTATION('',(#11946),#11950);
#11946 = LINE('',#11947,#11948);
#11947 = CARTESIAN_POINT('',(0.,0.));
#11948 = VECTOR('',#11949,1.);
#11949 = DIRECTION('',(1.,0.));
#11950 = ( GEOMETRIC_REPRESENTATION_CONTEXT(2) 
PARAMETRIC_REPRESENTATION_CONTEXT() REPRESENTATION_CONTEXT('2D SPACE',''
  ) );
#11951 = ORIENTED_EDGE('',*,*,#11952,.T.);
#11952 = EDGE_CURVE('',#11925,#11953,#11955,.T.);
#11953 = VERTEX_POINT('',#11954);
#11954 = CARTESIAN_POINT('',(-6.470947265625,14.4658203125,17.8));
#11955 = SURFACE_CURVE('',#11956,(#11960,#11967),.PCURVE_S1.);
#11956 = B_SPLINE_CURVE_WITH_KNOTS('',2,(#11957,#11958,#11959),
  .UNSPECIFIED.,.F.,.F.,(3,3),(0.,1.),.PIECEWISE_BEZIER_KNOTS.);
#11957 = CARTESIAN_POINT('',(-7.644287109375,14.158203125,17.8));
#11958 = CARTESIAN_POINT('',(-6.818115234375,14.158203125,17.8));
#11959 = CARTESIAN_POINT('',(-6.470947265625,14.4658203125,17.8));
#11960 = PCURVE('',#8991,#11961);
#11961 = DEFINITIONAL_REPRESENTATION('',(#11962),#11966);
#11962 = B_SPLINE_CURVE_WITH_KNOTS('',2,(#11963,#11964,#11965),
  .UNSPECIFIED.,.F.,.F.,(3,3),(0.,1.),.PIECEWISE_BEZIER_KNOTS.);
#11963 = CARTESIAN_POINT('',(3.21240234375,3.37939453125));
#11964 = CARTESIAN_POINT('',(4.03857421875,3.37939453125));
#11965 = CARTESIAN_POINT('',(4.3857421875,3.68701171875));
#11966 = ( GEOMETRIC_REPRESENTATION_CONTEXT(2) 
PARAMETRIC_REPRESENTATION_CONTEXT() REPRESENTATION_CONTEXT('2D SPACE',''
  ) );
#11967 = PCURVE('',#11968,#11975);
#11968 = SURFACE_OF_LINEAR_EXTRUSION('',#11969,#11973);
#11969 = B_SPLINE_CURVE_WITH_KNOTS('',2,(#11970,#11971,#11972),
  .UNSPECIFIED.,.F.,.F.,(3,3),(0.,1.),.PIECEWISE_BEZIER_KNOTS.);
#11970 = CARTESIAN_POINT('',(-7.644287109375,14.158203125,17.8));
#11971 = CARTESIAN_POINT('',(-6.818115234375,14.158203125,17.8));
#11972 = CARTESIAN_POINT('',(-6.470947265625,14.4658203125,17.8));
#11973 = VECTOR('',#11974,1.);
#11974 = DIRECTION('',(-0.,-0.,-1.));
#11975 = DEFINITIONAL_REPRESENTATION('',(#11976),#11980);
#11976 = LINE('',#11977,#11978);
#11977 = CARTESIAN_POINT('',(0.,0.));
#11978 = VECTOR('',#11979,1.);
#11979 = DIRECTION('',(1.,0.));
#11980 = ( GEOMETRIC_REPRESENTATION_CONTEXT(2) 
PARAMETRIC_REPRESENTATION_CONTEXT() REPRESENTATION_CONTEXT('2D SPACE',''
  ) );
#11981 = ORIENTED_EDGE('',*,*,#11982,.T.);
#11982 = EDGE_CURVE('',#11953,#11983,#11985,.T.);
#11983 = VERTEX_POINT('',#11984);
#11984 = CARTESIAN_POINT('',(-6.123779296875,15.33154296875,17.8));
#11985 = SURFACE_CURVE('',#11986,(#11990,#11997),.PCURVE_S1.);
#11986 = B_SPLINE_CURVE_WITH_KNOTS('',2,(#11987,#11988,#11989),
  .UNSPECIFIED.,.F.,.F.,(3,3),(0.,1.),.PIECEWISE_BEZIER_KNOTS.);
#11987 = CARTESIAN_POINT('',(-6.470947265625,14.4658203125,17.8));
#11988 = CARTESIAN_POINT('',(-6.123779296875,14.7734375,17.8));
#11989 = CARTESIAN_POINT('',(-6.123779296875,15.33154296875,17.8));
#11990 = PCURVE('',#8991,#11991);
#11991 = DEFINITIONAL_REPRESENTATION('',(#11992),#11996);
#11992 = B_SPLINE_CURVE_WITH_KNOTS('',2,(#11993,#11994,#11995),
  .UNSPECIFIED.,.F.,.F.,(3,3),(0.,1.),.PIECEWISE_BEZIER_KNOTS.);
#11993 = CARTESIAN_POINT('',(4.3857421875,3.68701171875));
#11994 = CARTESIAN_POINT('',(4.73291015625,3.99462890625));
#11995 = CARTESIAN_POINT('',(4.73291015625,4.552734375));
#11996 = ( GEOMETRIC_REPRESENTATION_CONTEXT(2) 
PARAMETRIC_REPRESENTATION_CONTEXT() REPRESENTATION_CONTEXT('2D SPACE',''
  ) );
#11997 = PCURVE('',#11998,#12005);
#11998 = SURFACE_OF_LINEAR_EXTRUSION('',#11999,#12003);
#11999 = B_SPLINE_CURVE_WITH_KNOTS('',2,(#12000,#12001,#12002),
  .UNSPECIFIED.,.F.,.F.,(3,3),(0.,1.),.PIECEWISE_BEZIER_KNOTS.);
#12000 = CARTESIAN_POINT('',(-6.470947265625,14.4658203125,17.8));
#12001 = CARTESIAN_POINT('',(-6.123779296875,14.7734375,17.8));
#12002 = CARTESIAN_POINT('',(-6.123779296875,15.33154296875,17.8));
#12003 = VECTOR('',#12004,1.);
#12004 = DIRECTION('',(-0.,-0.,-1.));
#12005 = DEFINITIONAL_REPRESENTATION('',(#12006),#12010);
#12006 = LINE('',#12007,#12008);
#12007 = CARTESIAN_POINT('',(0.,0.));
#12008 = VECTOR('',#12009,1.);
#12009 = DIRECTION('',(1.,0.));
#12010 = ( GEOMETRIC_REPRESENTATION_CONTEXT(2) 
PARAMETRIC_REPRESENTATION_CONTEXT() REPRESENTATION_CONTEXT('2D SPACE',''
  ) );
#12011 = ORIENTED_EDGE('',*,*,#12012,.T.);
#12012 = EDGE_CURVE('',#11983,#12013,#12015,.T.);
#12013 = VERTEX_POINT('',#12014);
#12014 = CARTESIAN_POINT('',(-6.328125,16.023681640625,17.8));
#12015 = SURFACE_CURVE('',#12016,(#12020,#12027),.PCURVE_S1.);
#12016 = B_SPLINE_CURVE_WITH_KNOTS('',2,(#12017,#12018,#12019),
  .UNSPECIFIED.,.F.,.F.,(3,3),(0.,1.),.PIECEWISE_BEZIER_KNOTS.);
#12017 = CARTESIAN_POINT('',(-6.123779296875,15.33154296875,17.8));
#12018 = CARTESIAN_POINT('',(-6.123779296875,15.73583984375,17.8));
#12019 = CARTESIAN_POINT('',(-6.328125,16.023681640625,17.8));
#12020 = PCURVE('',#8991,#12021);
#12021 = DEFINITIONAL_REPRESENTATION('',(#12022),#12026);
#12022 = B_SPLINE_CURVE_WITH_KNOTS('',2,(#12023,#12024,#12025),
  .UNSPECIFIED.,.F.,.F.,(3,3),(0.,1.),.PIECEWISE_BEZIER_KNOTS.);
#12023 = CARTESIAN_POINT('',(4.73291015625,4.552734375));
#12024 = CARTESIAN_POINT('',(4.73291015625,4.95703125));
#12025 = CARTESIAN_POINT('',(4.528564453125,5.244873046875));
#12026 = ( GEOMETRIC_REPRESENTATION_CONTEXT(2) 
PARAMETRIC_REPRESENTATION_CONTEXT() REPRESENTATION_CONTEXT('2D SPACE',''
  ) );
#12027 = PCURVE('',#12028,#12035);
#12028 = SURFACE_OF_LINEAR_EXTRUSION('',#12029,#12033);
#12029 = B_SPLINE_CURVE_WITH_KNOTS('',2,(#12030,#12031,#12032),
  .UNSPECIFIED.,.F.,.F.,(3,3),(0.,1.),.PIECEWISE_BEZIER_KNOTS.);
#12030 = CARTESIAN_POINT('',(-6.123779296875,15.33154296875,17.8));
#12031 = CARTESIAN_POINT('',(-6.123779296875,15.73583984375,17.8));
#12032 = CARTESIAN_POINT('',(-6.328125,16.023681640625,17.8));
#12033 = VECTOR('',#12034,1.);
#12034 = DIRECTION('',(-0.,-0.,-1.));
#12035 = DEFINITIONAL_REPRESENTATION('',(#12036),#12040);
#12036 = LINE('',#12037,#12038);
#12037 = CARTESIAN_POINT('',(0.,0.));
#12038 = VECTOR('',#12039,1.);
#12039 = DIRECTION('',(1.,0.));
#12040 = ( GEOMETRIC_REPRESENTATION_CONTEXT(2) 
PARAMETRIC_REPRESENTATION_CONTEXT() REPRESENTATION_CONTEXT('2D SPACE',''
  ) );
#12041 = ORIENTED_EDGE('',*,*,#12042,.T.);
#12042 = EDGE_CURVE('',#12013,#12043,#12045,.T.);
#12043 = VERTEX_POINT('',#12044);
#12044 = CARTESIAN_POINT('',(-6.866455078125,16.40380859375,17.8));
#12045 = SURFACE_CURVE('',#12046,(#12050,#12057),.PCURVE_S1.);
#12046 = B_SPLINE_CURVE_WITH_KNOTS('',2,(#12047,#12048,#12049),
  .UNSPECIFIED.,.F.,.F.,(3,3),(0.,1.),.PIECEWISE_BEZIER_KNOTS.);
#12047 = CARTESIAN_POINT('',(-6.328125,16.023681640625,17.8));
#12048 = CARTESIAN_POINT('',(-6.532470703125,16.3115234375,17.8));
#12049 = CARTESIAN_POINT('',(-6.866455078125,16.40380859375,17.8));
#12050 = PCURVE('',#8991,#12051);
#12051 = DEFINITIONAL_REPRESENTATION('',(#12052),#12056);
#12052 = B_SPLINE_CURVE_WITH_KNOTS('',2,(#12053,#12054,#12055),
  .UNSPECIFIED.,.F.,.F.,(3,3),(0.,1.),.PIECEWISE_BEZIER_KNOTS.);
#12053 = CARTESIAN_POINT('',(4.528564453125,5.244873046875));
#12054 = CARTESIAN_POINT('',(4.32421875,5.53271484375));
#12055 = CARTESIAN_POINT('',(3.990234375,5.625));
#12056 = ( GEOMETRIC_REPRESENTATION_CONTEXT(2) 
PARAMETRIC_REPRESENTATION_CONTEXT() REPRESENTATION_CONTEXT('2D SPACE',''
  ) );
#12057 = PCURVE('',#12058,#12065);
#12058 = SURFACE_OF_LINEAR_EXTRUSION('',#12059,#12063);
#12059 = B_SPLINE_CURVE_WITH_KNOTS('',2,(#12060,#12061,#12062),
  .UNSPECIFIED.,.F.,.F.,(3,3),(0.,1.),.PIECEWISE_BEZIER_KNOTS.);
#12060 = CARTESIAN_POINT('',(-6.328125,16.023681640625,17.8));
#12061 = CARTESIAN_POINT('',(-6.532470703125,16.3115234375,17.8));
#12062 = CARTESIAN_POINT('',(-6.866455078125,16.40380859375,17.8));
#12063 = VECTOR('',#12064,1.);
#12064 = DIRECTION('',(-0.,-0.,-1.));
#12065 = DEFINITIONAL_REPRESENTATION('',(#12066),#12070);
#12066 = LINE('',#12067,#12068);
#12067 = CARTESIAN_POINT('',(0.,0.));
#12068 = VECTOR('',#12069,1.);
#12069 = DIRECTION('',(1.,0.));
#12070 = ( GEOMETRIC_REPRESENTATION_CONTEXT(2) 
PARAMETRIC_REPRESENTATION_CONTEXT() REPRESENTATION_CONTEXT('2D SPACE',''
  ) );
#12071 = ORIENTED_EDGE('',*,*,#12072,.T.);
#12072 = EDGE_CURVE('',#12043,#12073,#12075,.T.);
#12073 = VERTEX_POINT('',#12074);
#12074 = CARTESIAN_POINT('',(-7.661865234375,16.4609375,17.8));
#12075 = SURFACE_CURVE('',#12076,(#12080,#12087),.PCURVE_S1.);
#12076 = B_SPLINE_CURVE_WITH_KNOTS('',2,(#12077,#12078,#12079),
  .UNSPECIFIED.,.F.,.F.,(3,3),(0.,1.),.PIECEWISE_BEZIER_KNOTS.);
#12077 = CARTESIAN_POINT('',(-6.866455078125,16.40380859375,17.8));
#12078 = CARTESIAN_POINT('',(-7.081787109375,16.4609375,17.8));
#12079 = CARTESIAN_POINT('',(-7.661865234375,16.4609375,17.8));
#12080 = PCURVE('',#8991,#12081);
#12081 = DEFINITIONAL_REPRESENTATION('',(#12082),#12086);
#12082 = B_SPLINE_CURVE_WITH_KNOTS('',2,(#12083,#12084,#12085),
  .UNSPECIFIED.,.F.,.F.,(3,3),(0.,1.),.PIECEWISE_BEZIER_KNOTS.);
#12083 = CARTESIAN_POINT('',(3.990234375,5.625));
#12084 = CARTESIAN_POINT('',(3.77490234375,5.68212890625));
#12085 = CARTESIAN_POINT('',(3.19482421875,5.68212890625));
#12086 = ( GEOMETRIC_REPRESENTATION_CONTEXT(2) 
PARAMETRIC_REPRESENTATION_CONTEXT() REPRESENTATION_CONTEXT('2D SPACE',''
  ) );
#12087 = PCURVE('',#12088,#12095);
#12088 = SURFACE_OF_LINEAR_EXTRUSION('',#12089,#12093);
#12089 = B_SPLINE_CURVE_WITH_KNOTS('',2,(#12090,#12091,#12092),
  .UNSPECIFIED.,.F.,.F.,(3,3),(0.,1.),.PIECEWISE_BEZIER_KNOTS.);
#12090 = CARTESIAN_POINT('',(-6.866455078125,16.40380859375,17.8));
#12091 = CARTESIAN_POINT('',(-7.081787109375,16.4609375,17.8));
#12092 = CARTESIAN_POINT('',(-7.661865234375,16.4609375,17.8));
#12093 = VECTOR('',#12094,1.);
#12094 = DIRECTION('',(-0.,-0.,-1.));
#12095 = DEFINITIONAL_REPRESENTATION('',(#12096),#12100);
#12096 = LINE('',#12097,#12098);
#12097 = CARTESIAN_POINT('',(0.,0.));
#12098 = VECTOR('',#12099,1.);
#12099 = DIRECTION('',(1.,0.));
#12100 = ( GEOMETRIC_REPRESENTATION_CONTEXT(2) 
PARAMETRIC_REPRESENTATION_CONTEXT() REPRESENTATION_CONTEXT('2D SPACE',''
  ) );
#12101 = ORIENTED_EDGE('',*,*,#12102,.T.);
#12102 = EDGE_CURVE('',#12073,#11895,#12103,.T.);
#12103 = SURFACE_CURVE('',#12104,(#12108,#12115),.PCURVE_S1.);
#12104 = LINE('',#12105,#12106);
#12105 = CARTESIAN_POINT('',(-7.661865234375,16.4609375,17.8));
#12106 = VECTOR('',#12107,1.);
#12107 = DIRECTION('',(-1.,0.,0.));
#12108 = PCURVE('',#8991,#12109);
#12109 = DEFINITIONAL_REPRESENTATION('',(#12110),#12114);
#12110 = LINE('',#12111,#12112);
#12111 = CARTESIAN_POINT('',(3.19482421875,5.68212890625));
#12112 = VECTOR('',#12113,1.);
#12113 = DIRECTION('',(-1.,0.));
#12114 = ( GEOMETRIC_REPRESENTATION_CONTEXT(2) 
PARAMETRIC_REPRESENTATION_CONTEXT() REPRESENTATION_CONTEXT('2D SPACE',''
  ) );
#12115 = PCURVE('',#12116,#12121);
#12116 = PLANE('',#12117);
#12117 = AXIS2_PLACEMENT_3D('',#12118,#12119,#12120);
#12118 = CARTESIAN_POINT('',(-7.661865234375,16.4609375,17.8));
#12119 = DIRECTION('',(0.,-1.,0.));
#12120 = DIRECTION('',(-1.,0.,0.));
#12121 = DEFINITIONAL_REPRESENTATION('',(#12122),#12126);
#12122 = LINE('',#12123,#12124);
#12123 = CARTESIAN_POINT('',(0.,-0.));
#12124 = VECTOR('',#12125,1.);
#12125 = DIRECTION('',(1.,0.));
#12126 = ( GEOMETRIC_REPRESENTATION_CONTEXT(2) 
PARAMETRIC_REPRESENTATION_CONTEXT() REPRESENTATION_CONTEXT('2D SPACE',''
  ) );
#12127 = ADVANCED_FACE('',(#12128),#9535,.T.);
#12128 = FACE_BOUND('',#12129,.F.);
#12129 = EDGE_LOOP('',(#12130,#12131,#12132,#12133));
#12130 = ORIENTED_EDGE('',*,*,#9517,.T.);
#12131 = ORIENTED_EDGE('',*,*,#9593,.T.);
#12132 = ORIENTED_EDGE('',*,*,#9691,.T.);
#12133 = ORIENTED_EDGE('',*,*,#9642,.T.);
#12134 = ADVANCED_FACE('',(#12135,#12143),#9736,.T.);
#12135 = FACE_BOUND('',#12136,.T.);
#12136 = EDGE_LOOP('',(#12137,#12138,#12139,#12140,#12141,#12142));
#12137 = ORIENTED_EDGE('',*,*,#9843,.T.);
#12138 = ORIENTED_EDGE('',*,*,#9718,.T.);
#12139 = ORIENTED_EDGE('',*,*,#9794,.T.);
#12140 = ORIENTED_EDGE('',*,*,#9892,.T.);
#12141 = ORIENTED_EDGE('',*,*,#9990,.T.);
#12142 = ORIENTED_EDGE('',*,*,#9941,.T.);
#12143 = FACE_BOUND('',#12144,.T.);
#12144 = EDGE_LOOP('',(#12145));
#12145 = ORIENTED_EDGE('',*,*,#12146,.F.);
#12146 = EDGE_CURVE('',#12147,#12147,#12149,.T.);
#12147 = VERTEX_POINT('',#12148);
#12148 = CARTESIAN_POINT('',(4.1,-1.004210375301E-15,15.9));
#12149 = SURFACE_CURVE('',#12150,(#12155,#12162),.PCURVE_S1.);
#12150 = CIRCLE('',#12151,4.1);
#12151 = AXIS2_PLACEMENT_3D('',#12152,#12153,#12154);
#12152 = CARTESIAN_POINT('',(0.,0.,15.9));
#12153 = DIRECTION('',(0.,0.,1.));
#12154 = DIRECTION('',(1.,0.,-0.));
#12155 = PCURVE('',#9736,#12156);
#12156 = DEFINITIONAL_REPRESENTATION('',(#12157),#12161);
#12157 = CIRCLE('',#12158,4.1);
#12158 = AXIS2_PLACEMENT_2D('',#12159,#12160);
#12159 = CARTESIAN_POINT('',(1.005470685691E-16,1.509306779056E-16));
#12160 = DIRECTION('',(1.,0.));
#12161 = ( GEOMETRIC_REPRESENTATION_CONTEXT(2) 
PARAMETRIC_REPRESENTATION_CONTEXT() REPRESENTATION_CONTEXT('2D SPACE',''
  ) );
#12162 = PCURVE('',#12163,#12168);
#12163 = CYLINDRICAL_SURFACE('',#12164,4.1);
#12164 = AXIS2_PLACEMENT_3D('',#12165,#12166,#12167);
#12165 = CARTESIAN_POINT('',(0.,0.,-1.));
#12166 = DIRECTION('',(0.,0.,1.));
#12167 = DIRECTION('',(1.,0.,-0.));
#12168 = DEFINITIONAL_REPRESENTATION('',(#12169),#12173);
#12169 = LINE('',#12170,#12171);
#12170 = CARTESIAN_POINT('',(0.,16.9));
#12171 = VECTOR('',#12172,1.);
#12172 = DIRECTION('',(1.,0.));
#12173 = ( GEOMETRIC_REPRESENTATION_CONTEXT(2) 
PARAMETRIC_REPRESENTATION_CONTEXT() REPRESENTATION_CONTEXT('2D SPACE',''
  ) );
#12174 = ADVANCED_FACE('',(#12175),#10035,.T.);
#12175 = FACE_BOUND('',#12176,.F.);
#12176 = EDGE_LOOP('',(#12177,#12178,#12179,#12180,#12181,#12182,#12183,
    #12184,#12185,#12186,#12187,#12188,#12189,#12190,#12191,#12192,
    #12193,#12194,#12195,#12196,#12197,#12198));
#12177 = ORIENTED_EDGE('',*,*,#10017,.T.);
#12178 = ORIENTED_EDGE('',*,*,#10093,.T.);
#12179 = ORIENTED_EDGE('',*,*,#10191,.T.);
#12180 = ORIENTED_EDGE('',*,*,#10289,.T.);
#12181 = ORIENTED_EDGE('',*,*,#10387,.T.);
#12182 = ORIENTED_EDGE('',*,*,#10485,.T.);
#12183 = ORIENTED_EDGE('',*,*,#10583,.T.);
#12184 = ORIENTED_EDGE('',*,*,#10681,.T.);
#12185 = ORIENTED_EDGE('',*,*,#10779,.T.);
#12186 = ORIENTED_EDGE('',*,*,#10877,.T.);
#12187 = ORIENTED_EDGE('',*,*,#10975,.T.);
#12188 = ORIENTED_EDGE('',*,*,#11073,.T.);
#12189 = ORIENTED_EDGE('',*,*,#11024,.T.);
#12190 = ORIENTED_EDGE('',*,*,#10926,.T.);
#12191 = ORIENTED_EDGE('',*,*,#10828,.T.);
#12192 = ORIENTED_EDGE('',*,*,#10730,.T.);
#12193 = ORIENTED_EDGE('',*,*,#10632,.T.);
#12194 = ORIENTED_EDGE('',*,*,#10534,.T.);
#12195 = ORIENTED_EDGE('',*,*,#10436,.T.);
#12196 = ORIENTED_EDGE('',*,*,#10338,.T.);
#12197 = ORIENTED_EDGE('',*,*,#10240,.T.);
#12198 = ORIENTED_EDGE('',*,*,#10142,.T.);
#12199 = ADVANCED_FACE('',(#12200,#12210),#11118,.T.);
#12200 = FACE_BOUND('',#12201,.F.);
#12201 = EDGE_LOOP('',(#12202,#12203,#12204,#12205,#12206,#12207,#12208,
    #12209));
#12202 = ORIENTED_EDGE('',*,*,#11100,.T.);
#12203 = ORIENTED_EDGE('',*,*,#11176,.T.);
#12204 = ORIENTED_EDGE('',*,*,#11274,.T.);
#12205 = ORIENTED_EDGE('',*,*,#11372,.T.);
#12206 = ORIENTED_EDGE('',*,*,#11470,.T.);
#12207 = ORIENTED_EDGE('',*,*,#11421,.T.);
#12208 = ORIENTED_EDGE('',*,*,#11323,.T.);
#12209 = ORIENTED_EDGE('',*,*,#11225,.T.);
#12210 = FACE_BOUND('',#12211,.F.);
#12211 = EDGE_LOOP('',(#12212,#12242,#12270,#12298,#12328));
#12212 = ORIENTED_EDGE('',*,*,#12213,.T.);
#12213 = EDGE_CURVE('',#12214,#12216,#12218,.T.);
#12214 = VERTEX_POINT('',#12215);
#12215 = CARTESIAN_POINT('',(6.699462890625,15.31396484375,17.8));
#12216 = VERTEX_POINT('',#12217);
#12217 = CARTESIAN_POINT('',(5.991943359375,13.42431640625,17.8));
#12218 = SURFACE_CURVE('',#12219,(#12223,#12230),.PCURVE_S1.);
#12219 = LINE('',#12220,#12221);
#12220 = CARTESIAN_POINT('',(6.699462890625,15.31396484375,17.8));
#12221 = VECTOR('',#12222,1.);
#12222 = DIRECTION('',(-0.350646042374,-0.936508063482,0.));
#12223 = PCURVE('',#11118,#12224);
#12224 = DEFINITIONAL_REPRESENTATION('',(#12225),#12229);
#12225 = LINE('',#12226,#12227);
#12226 = CARTESIAN_POINT('',(2.55322265625,4.53515625));
#12227 = VECTOR('',#12228,1.);
#12228 = DIRECTION('',(-0.350646042374,-0.936508063482));
#12229 = ( GEOMETRIC_REPRESENTATION_CONTEXT(2) 
PARAMETRIC_REPRESENTATION_CONTEXT() REPRESENTATION_CONTEXT('2D SPACE',''
  ) );
#12230 = PCURVE('',#12231,#12236);
#12231 = PLANE('',#12232);
#12232 = AXIS2_PLACEMENT_3D('',#12233,#12234,#12235);
#12233 = CARTESIAN_POINT('',(6.699462890625,15.31396484375,17.8));
#12234 = DIRECTION('',(0.936508063482,-0.350646042374,0.));
#12235 = DIRECTION('',(-0.350646042374,-0.936508063482,0.));
#12236 = DEFINITIONAL_REPRESENTATION('',(#12237),#12241);
#12237 = LINE('',#12238,#12239);
#12238 = CARTESIAN_POINT('',(0.,0.));
#12239 = VECTOR('',#12240,1.);
#12240 = DIRECTION('',(1.,0.));
#12241 = ( GEOMETRIC_REPRESENTATION_CONTEXT(2) 
PARAMETRIC_REPRESENTATION_CONTEXT() REPRESENTATION_CONTEXT('2D SPACE',''
  ) );
#12242 = ORIENTED_EDGE('',*,*,#12243,.T.);
#12243 = EDGE_CURVE('',#12216,#12244,#12246,.T.);
#12244 = VERTEX_POINT('',#12245);
#12245 = CARTESIAN_POINT('',(8.176025390625,13.42431640625,17.8));
#12246 = SURFACE_CURVE('',#12247,(#12251,#12258),.PCURVE_S1.);
#12247 = LINE('',#12248,#12249);
#12248 = CARTESIAN_POINT('',(5.991943359375,13.42431640625,17.8));
#12249 = VECTOR('',#12250,1.);
#12250 = DIRECTION('',(1.,0.,0.));
#12251 = PCURVE('',#11118,#12252);
#12252 = DEFINITIONAL_REPRESENTATION('',(#12253),#12257);
#12253 = LINE('',#12254,#12255);
#12254 = CARTESIAN_POINT('',(1.845703125,2.6455078125));
#12255 = VECTOR('',#12256,1.);
#12256 = DIRECTION('',(1.,0.));
#12257 = ( GEOMETRIC_REPRESENTATION_CONTEXT(2) 
PARAMETRIC_REPRESENTATION_CONTEXT() REPRESENTATION_CONTEXT('2D SPACE',''
  ) );
#12258 = PCURVE('',#12259,#12264);
#12259 = PLANE('',#12260);
#12260 = AXIS2_PLACEMENT_3D('',#12261,#12262,#12263);
#12261 = CARTESIAN_POINT('',(5.991943359375,13.42431640625,17.8));
#12262 = DIRECTION('',(0.,1.,0.));
#12263 = DIRECTION('',(1.,0.,0.));
#12264 = DEFINITIONAL_REPRESENTATION('',(#12265),#12269);
#12265 = LINE('',#12266,#12267);
#12266 = CARTESIAN_POINT('',(0.,0.));
#12267 = VECTOR('',#12268,1.);
#12268 = DIRECTION('',(1.,0.));
#12269 = ( GEOMETRIC_REPRESENTATION_CONTEXT(2) 
PARAMETRIC_REPRESENTATION_CONTEXT() REPRESENTATION_CONTEXT('2D SPACE',''
  ) );
#12270 = ORIENTED_EDGE('',*,*,#12271,.T.);
#12271 = EDGE_CURVE('',#12244,#12272,#12274,.T.);
#12272 = VERTEX_POINT('',#12273);
#12273 = CARTESIAN_POINT('',(7.503662109375,15.20849609375,17.8));
#12274 = SURFACE_CURVE('',#12275,(#12279,#12286),.PCURVE_S1.);
#12275 = LINE('',#12276,#12277);
#12276 = CARTESIAN_POINT('',(8.176025390625,13.42431640625,17.8));
#12277 = VECTOR('',#12278,1.);
#12278 = DIRECTION('',(-0.352638484148,0.935759637673,0.));
#12279 = PCURVE('',#11118,#12280);
#12280 = DEFINITIONAL_REPRESENTATION('',(#12281),#12285);
#12281 = LINE('',#12282,#12283);
#12282 = CARTESIAN_POINT('',(4.02978515625,2.6455078125));
#12283 = VECTOR('',#12284,1.);
#12284 = DIRECTION('',(-0.352638484148,0.935759637673));
#12285 = ( GEOMETRIC_REPRESENTATION_CONTEXT(2) 
PARAMETRIC_REPRESENTATION_CONTEXT() REPRESENTATION_CONTEXT('2D SPACE',''
  ) );
#12286 = PCURVE('',#12287,#12292);
#12287 = PLANE('',#12288);
#12288 = AXIS2_PLACEMENT_3D('',#12289,#12290,#12291);
#12289 = CARTESIAN_POINT('',(8.176025390625,13.42431640625,17.8));
#12290 = DIRECTION('',(-0.935759637673,-0.352638484148,0.));
#12291 = DIRECTION('',(-0.352638484148,0.935759637673,0.));
#12292 = DEFINITIONAL_REPRESENTATION('',(#12293),#12297);
#12293 = LINE('',#12294,#12295);
#12294 = CARTESIAN_POINT('',(0.,0.));
#12295 = VECTOR('',#12296,1.);
#12296 = DIRECTION('',(1.,0.));
#12297 = ( GEOMETRIC_REPRESENTATION_CONTEXT(2) 
PARAMETRIC_REPRESENTATION_CONTEXT() REPRESENTATION_CONTEXT('2D SPACE',''
  ) );
#12298 = ORIENTED_EDGE('',*,*,#12299,.T.);
#12299 = EDGE_CURVE('',#12272,#12300,#12302,.T.);
#12300 = VERTEX_POINT('',#12301);
#12301 = CARTESIAN_POINT('',(7.046630859375,16.54443359375,17.8));
#12302 = SURFACE_CURVE('',#12303,(#12307,#12314),.PCURVE_S1.);
#12303 = B_SPLINE_CURVE_WITH_KNOTS('',2,(#12304,#12305,#12306),
  .UNSPECIFIED.,.F.,.F.,(3,3),(0.,1.),.PIECEWISE_BEZIER_KNOTS.);
#12304 = CARTESIAN_POINT('',(7.503662109375,15.20849609375,17.8));
#12305 = CARTESIAN_POINT('',(7.196044921875,16.021484375,17.8));
#12306 = CARTESIAN_POINT('',(7.046630859375,16.54443359375,17.8));
#12307 = PCURVE('',#11118,#12308);
#12308 = DEFINITIONAL_REPRESENTATION('',(#12309),#12313);
#12309 = B_SPLINE_CURVE_WITH_KNOTS('',2,(#12310,#12311,#12312),
  .UNSPECIFIED.,.F.,.F.,(3,3),(0.,1.),.PIECEWISE_BEZIER_KNOTS.);
#12310 = CARTESIAN_POINT('',(3.357421875,4.4296875));
#12311 = CARTESIAN_POINT('',(3.0498046875,5.24267578125));
#12312 = CARTESIAN_POINT('',(2.900390625,5.765625));
#12313 = ( GEOMETRIC_REPRESENTATION_CONTEXT(2) 
PARAMETRIC_REPRESENTATION_CONTEXT() REPRESENTATION_CONTEXT('2D SPACE',''
  ) );
#12314 = PCURVE('',#12315,#12322);
#12315 = SURFACE_OF_LINEAR_EXTRUSION('',#12316,#12320);
#12316 = B_SPLINE_CURVE_WITH_KNOTS('',2,(#12317,#12318,#12319),
  .UNSPECIFIED.,.F.,.F.,(3,3),(0.,1.),.PIECEWISE_BEZIER_KNOTS.);
#12317 = CARTESIAN_POINT('',(7.503662109375,15.20849609375,17.8));
#12318 = CARTESIAN_POINT('',(7.196044921875,16.021484375,17.8));
#12319 = CARTESIAN_POINT('',(7.046630859375,16.54443359375,17.8));
#12320 = VECTOR('',#12321,1.);
#12321 = DIRECTION('',(-0.,-0.,-1.));
#12322 = DEFINITIONAL_REPRESENTATION('',(#12323),#12327);
#12323 = LINE('',#12324,#12325);
#12324 = CARTESIAN_POINT('',(0.,0.));
#12325 = VECTOR('',#12326,1.);
#12326 = DIRECTION('',(1.,0.));
#12327 = ( GEOMETRIC_REPRESENTATION_CONTEXT(2) 
PARAMETRIC_REPRESENTATION_CONTEXT() REPRESENTATION_CONTEXT('2D SPACE',''
  ) );
#12328 = ORIENTED_EDGE('',*,*,#12329,.T.);
#12329 = EDGE_CURVE('',#12300,#12214,#12330,.T.);
#12330 = SURFACE_CURVE('',#12331,(#12335,#12342),.PCURVE_S1.);
#12331 = B_SPLINE_CURVE_WITH_KNOTS('',2,(#12332,#12333,#12334),
  .UNSPECIFIED.,.F.,.F.,(3,3),(0.,1.),.PIECEWISE_BEZIER_KNOTS.);
#12332 = CARTESIAN_POINT('',(7.046630859375,16.54443359375,17.8));
#12333 = CARTESIAN_POINT('',(6.923583984375,15.9248046875,17.8));
#12334 = CARTESIAN_POINT('',(6.699462890625,15.31396484375,17.8));
#12335 = PCURVE('',#11118,#12336);
#12336 = DEFINITIONAL_REPRESENTATION('',(#12337),#12341);
#12337 = B_SPLINE_CURVE_WITH_KNOTS('',2,(#12338,#12339,#12340),
  .UNSPECIFIED.,.F.,.F.,(3,3),(0.,1.),.PIECEWISE_BEZIER_KNOTS.);
#12338 = CARTESIAN_POINT('',(2.900390625,5.765625));
#12339 = CARTESIAN_POINT('',(2.77734375,5.14599609375));
#12340 = CARTESIAN_POINT('',(2.55322265625,4.53515625));
#12341 = ( GEOMETRIC_REPRESENTATION_CONTEXT(2) 
PARAMETRIC_REPRESENTATION_CONTEXT() REPRESENTATION_CONTEXT('2D SPACE',''
  ) );
#12342 = PCURVE('',#12343,#12350);
#12343 = SURFACE_OF_LINEAR_EXTRUSION('',#12344,#12348);
#12344 = B_SPLINE_CURVE_WITH_KNOTS('',2,(#12345,#12346,#12347),
  .UNSPECIFIED.,.F.,.F.,(3,3),(0.,1.),.PIECEWISE_BEZIER_KNOTS.);
#12345 = CARTESIAN_POINT('',(7.046630859375,16.54443359375,17.8));
#12346 = CARTESIAN_POINT('',(6.923583984375,15.9248046875,17.8));
#12347 = CARTESIAN_POINT('',(6.699462890625,15.31396484375,17.8));
#12348 = VECTOR('',#12349,1.);
#12349 = DIRECTION('',(-0.,-0.,-1.));
#12350 = DEFINITIONAL_REPRESENTATION('',(#12351),#12355);
#12351 = LINE('',#12352,#12353);
#12352 = CARTESIAN_POINT('',(0.,0.));
#12353 = VECTOR('',#12354,1.);
#12354 = DIRECTION('',(1.,0.));
#12355 = ( GEOMETRIC_REPRESENTATION_CONTEXT(2) 
PARAMETRIC_REPRESENTATION_CONTEXT() REPRESENTATION_CONTEXT('2D SPACE',''
  ) );
#12356 = ADVANCED_FACE('',(#12357),#11517,.F.);
#12357 = FACE_BOUND('',#12358,.F.);
#12358 = EDGE_LOOP('',(#12359,#12382,#12409,#12410));
#12359 = ORIENTED_EDGE('',*,*,#12360,.T.);
#12360 = EDGE_CURVE('',#11501,#12361,#12363,.T.);
#12361 = VERTEX_POINT('',#12362);
#12362 = CARTESIAN_POINT('',(11.15,-2.730962362099E-15,3.6));
#12363 = SEAM_CURVE('',#12364,(#12368,#12375),.PCURVE_S1.);
#12364 = LINE('',#12365,#12366);
#12365 = CARTESIAN_POINT('',(11.15,-2.730962362099E-15,-1.E-02));
#12366 = VECTOR('',#12367,1.);
#12367 = DIRECTION('',(0.,0.,1.));
#12368 = PCURVE('',#11517,#12369);
#12369 = DEFINITIONAL_REPRESENTATION('',(#12370),#12374);
#12370 = LINE('',#12371,#12372);
#12371 = CARTESIAN_POINT('',(6.28318530718,-0.));
#12372 = VECTOR('',#12373,1.);
#12373 = DIRECTION('',(0.,1.));
#12374 = ( GEOMETRIC_REPRESENTATION_CONTEXT(2) 
PARAMETRIC_REPRESENTATION_CONTEXT() REPRESENTATION_CONTEXT('2D SPACE',''
  ) );
#12375 = PCURVE('',#11517,#12376);
#12376 = DEFINITIONAL_REPRESENTATION('',(#12377),#12381);
#12377 = LINE('',#12378,#12379);
#12378 = CARTESIAN_POINT('',(0.,-0.));
#12379 = VECTOR('',#12380,1.);
#12380 = DIRECTION('',(0.,1.));
#12381 = ( GEOMETRIC_REPRESENTATION_CONTEXT(2) 
PARAMETRIC_REPRESENTATION_CONTEXT() REPRESENTATION_CONTEXT('2D SPACE',''
  ) );
#12382 = ORIENTED_EDGE('',*,*,#12383,.F.);
#12383 = EDGE_CURVE('',#12361,#12361,#12384,.T.);
#12384 = SURFACE_CURVE('',#12385,(#12390,#12397),.PCURVE_S1.);
#12385 = CIRCLE('',#12386,11.15);
#12386 = AXIS2_PLACEMENT_3D('',#12387,#12388,#12389);
#12387 = CARTESIAN_POINT('',(0.,0.,3.6));
#12388 = DIRECTION('',(0.,0.,1.));
#12389 = DIRECTION('',(1.,0.,-0.));
#12390 = PCURVE('',#11517,#12391);
#12391 = DEFINITIONAL_REPRESENTATION('',(#12392),#12396);
#12392 = LINE('',#12393,#12394);
#12393 = CARTESIAN_POINT('',(0.,3.61));
#12394 = VECTOR('',#12395,1.);
#12395 = DIRECTION('',(1.,0.));
#12396 = ( GEOMETRIC_REPRESENTATION_CONTEXT(2) 
PARAMETRIC_REPRESENTATION_CONTEXT() REPRESENTATION_CONTEXT('2D SPACE',''
  ) );
#12397 = PCURVE('',#12398,#12403);
#12398 = PLANE('',#12399);
#12399 = AXIS2_PLACEMENT_3D('',#12400,#12401,#12402);
#12400 = CARTESIAN_POINT('',(0.,0.,3.6));
#12401 = DIRECTION('',(0.,0.,1.));
#12402 = DIRECTION('',(1.,0.,-0.));
#12403 = DEFINITIONAL_REPRESENTATION('',(#12404),#12408);
#12404 = CIRCLE('',#12405,11.15);
#12405 = AXIS2_PLACEMENT_2D('',#12406,#12407);
#12406 = CARTESIAN_POINT('',(0.,0.));
#12407 = DIRECTION('',(1.,0.));
#12408 = ( GEOMETRIC_REPRESENTATION_CONTEXT(2) 
PARAMETRIC_REPRESENTATION_CONTEXT() REPRESENTATION_CONTEXT('2D SPACE',''
  ) );
#12409 = ORIENTED_EDGE('',*,*,#12360,.F.);
#12410 = ORIENTED_EDGE('',*,*,#11500,.T.);
#12411 = ADVANCED_FACE('',(#12412),#11574,.F.);
#12412 = FACE_BOUND('',#12413,.F.);
#12413 = EDGE_LOOP('',(#12414,#12415,#12438,#12523));
#12414 = ORIENTED_EDGE('',*,*,#11556,.F.);
#12415 = ORIENTED_EDGE('',*,*,#12416,.T.);
#12416 = EDGE_CURVE('',#11557,#12417,#12419,.T.);
#12417 = VERTEX_POINT('',#12418);
#12418 = CARTESIAN_POINT('',(-5.39208989375,-14.09887695312,18.4));
#12419 = SURFACE_CURVE('',#12420,(#12424,#12431),.PCURVE_S1.);
#12420 = LINE('',#12421,#12422);
#12421 = CARTESIAN_POINT('',(-5.39208989375,-14.09887695312,17.8));
#12422 = VECTOR('',#12423,1.);
#12423 = DIRECTION('',(0.,0.,1.));
#12424 = PCURVE('',#11574,#12425);
#12425 = DEFINITIONAL_REPRESENTATION('',(#12426),#12430);
#12426 = LINE('',#12427,#12428);
#12427 = CARTESIAN_POINT('',(0.,0.));
#12428 = VECTOR('',#12429,1.);
#12429 = DIRECTION('',(0.,-1.));
#12430 = ( GEOMETRIC_REPRESENTATION_CONTEXT(2) 
PARAMETRIC_REPRESENTATION_CONTEXT() REPRESENTATION_CONTEXT('2D SPACE',''
  ) );
#12431 = PCURVE('',#11812,#12432);
#12432 = DEFINITIONAL_REPRESENTATION('',(#12433),#12437);
#12433 = LINE('',#12434,#12435);
#12434 = CARTESIAN_POINT('',(1.,0.));
#12435 = VECTOR('',#12436,1.);
#12436 = DIRECTION('',(0.,-1.));
#12437 = ( GEOMETRIC_REPRESENTATION_CONTEXT(2) 
PARAMETRIC_REPRESENTATION_CONTEXT() REPRESENTATION_CONTEXT('2D SPACE',''
  ) );
#12438 = ORIENTED_EDGE('',*,*,#12439,.F.);
#12439 = EDGE_CURVE('',#12440,#12417,#12442,.T.);
#12440 = VERTEX_POINT('',#12441);
#12441 = CARTESIAN_POINT('',(-4.765869190625,-15.93359375,18.4));
#12442 = SURFACE_CURVE('',#12443,(#12466,#12492),.PCURVE_S1.);
#12443 = B_SPLINE_CURVE_WITH_KNOTS('',6,(#12444,#12445,#12446,#12447,
    #12448,#12449,#12450,#12451,#12452,#12453,#12454,#12455,#12456,
    #12457,#12458,#12459,#12460,#12461,#12462,#12463,#12464,#12465),
  .UNSPECIFIED.,.F.,.F.,(7,5,5,5,7),(0.,8.997280413636E-02,
    0.353204349825,0.626983890458,1.),.UNSPECIFIED.);
#12444 = CARTESIAN_POINT('',(-4.765869190625,-15.93359375,18.4));
#12445 = CARTESIAN_POINT('',(-4.785872545097,-15.91218665135,18.4));
#12446 = CARTESIAN_POINT('',(-4.805513913455,-15.89045399552,18.4));
#12447 = CARTESIAN_POINT('',(-4.824786463728,-15.8684002152,18.4));
#12448 = CARTESIAN_POINT('',(-4.843683992564,-15.84603035448,18.4));
#12449 = CARTESIAN_POINT('',(-4.862200925233,-15.8233500688,18.4));
#12450 = CARTESIAN_POINT('',(-4.93337894415,-15.7331205199,18.4));
#12451 = CARTESIAN_POINT('',(-4.983128570086,-15.66326811552,18.4));
#12452 = CARTESIAN_POINT('',(-5.029450814417,-15.59097254313,18.4));
#12453 = CARTESIAN_POINT('',(-5.072280968704,-15.51642581823,18.4));
#12454 = CARTESIAN_POINT('',(-5.111609645972,-15.43984117163,18.4));
#12455 = CARTESIAN_POINT('',(-5.184772280844,-15.27991021891,18.4));
#12456 = CARTESIAN_POINT('',(-5.218325428065,-15.19641000151,18.4));
#12457 = CARTESIAN_POINT('',(-5.248175496959,-15.11119329824,18.4));
#12458 = CARTESIAN_POINT('',(-5.274424247145,-15.02449978903,18.4));
#12459 = CARTESIAN_POINT('',(-5.297210203433,-14.9365521301,18.4));
#12460 = CARTESIAN_POINT('',(-5.343224203149,-14.72627985322,18.4));
#12461 = CARTESIAN_POINT('',(-5.363617868993,-14.60305495803,18.4));
#12462 = CARTESIAN_POINT('',(-5.37826571075,-14.47834740349,18.4));
#12463 = CARTESIAN_POINT('',(-5.387613053214,-14.35255719685,18.4));
#12464 = CARTESIAN_POINT('',(-5.39208989375,-14.2259948635,18.4));
#12465 = CARTESIAN_POINT('',(-5.39208989375,-14.09887695312,18.4));
#12466 = PCURVE('',#11574,#12467);
#12467 = DEFINITIONAL_REPRESENTATION('',(#12468),#12491);
#12468 = B_SPLINE_CURVE_WITH_KNOTS('',6,(#12469,#12470,#12471,#12472,
    #12473,#12474,#12475,#12476,#12477,#12478,#12479,#12480,#12481,
    #12482,#12483,#12484,#12485,#12486,#12487,#12488,#12489,#12490),
  .UNSPECIFIED.,.F.,.F.,(7,5,5,5,7),(0.,8.997280413636E-02,
    0.353204349825,0.626983890458,1.),.UNSPECIFIED.);
#12469 = CARTESIAN_POINT('',(1.,-0.6));
#12470 = CARTESIAN_POINT('',(0.984028510738,-0.6));
#12471 = CARTESIAN_POINT('',(0.968039942496,-0.6));
#12472 = CARTESIAN_POINT('',(0.952038514226,-0.6));
#12473 = CARTESIAN_POINT('',(0.936028494296,-0.6));
#12474 = CARTESIAN_POINT('',(0.920014200488,-0.6));
#12475 = CARTESIAN_POINT('',(0.857147589566,-0.6));
#12476 = CARTESIAN_POINT('',(0.810293288913,-0.6));
#12477 = CARTESIAN_POINT('',(0.763551761178,-0.6));
#12478 = CARTESIAN_POINT('',(0.717027381843,-0.6));
#12479 = CARTESIAN_POINT('',(0.670814883399,-0.6));
#12480 = CARTESIAN_POINT('',(0.577349260807,-0.6));
#12481 = CARTESIAN_POINT('',(0.530125238493,-0.6));
#12482 = CARTESIAN_POINT('',(0.483419440478,-0.6));
#12483 = CARTESIAN_POINT('',(0.437300280864,-0.6));
#12484 = CARTESIAN_POINT('',(0.391816402659,-0.6));
#12485 = CARTESIAN_POINT('',(0.285939045171,-0.6));
#12486 = CARTESIAN_POINT('',(0.226119774108,-0.6));
#12487 = CARTESIAN_POINT('',(0.167611531133,-0.6));
#12488 = CARTESIAN_POINT('',(0.110435111831,-0.6));
#12489 = CARTESIAN_POINT('',(5.457808814416E-02,-0.6));
#12490 = CARTESIAN_POINT('',(0.,-0.6));
#12491 = ( GEOMETRIC_REPRESENTATION_CONTEXT(2) 
PARAMETRIC_REPRESENTATION_CONTEXT() REPRESENTATION_CONTEXT('2D SPACE',''
  ) );
#12492 = PCURVE('',#12493,#12498);
#12493 = PLANE('',#12494);
#12494 = AXIS2_PLACEMENT_3D('',#12495,#12496,#12497);
#12495 = CARTESIAN_POINT('',(0.,0.,18.4));
#12496 = DIRECTION('',(0.,0.,1.));
#12497 = DIRECTION('',(1.,0.,-0.));
#12498 = DEFINITIONAL_REPRESENTATION('',(#12499),#12522);
#12499 = B_SPLINE_CURVE_WITH_KNOTS('',6,(#12500,#12501,#12502,#12503,
    #12504,#12505,#12506,#12507,#12508,#12509,#12510,#12511,#12512,
    #12513,#12514,#12515,#12516,#12517,#12518,#12519,#12520,#12521),
  .UNSPECIFIED.,.F.,.F.,(7,5,5,5,7),(0.,8.997280413636E-02,
    0.353204349825,0.626983890458,1.),.UNSPECIFIED.);
#12500 = CARTESIAN_POINT('',(-4.765869190625,-15.93359375));
#12501 = CARTESIAN_POINT('',(-4.785872545097,-15.91218665135));
#12502 = CARTESIAN_POINT('',(-4.805513913455,-15.89045399552));
#12503 = CARTESIAN_POINT('',(-4.824786463728,-15.8684002152));
#12504 = CARTESIAN_POINT('',(-4.843683992564,-15.84603035448));
#12505 = CARTESIAN_POINT('',(-4.862200925233,-15.8233500688));
#12506 = CARTESIAN_POINT('',(-4.93337894415,-15.7331205199));
#12507 = CARTESIAN_POINT('',(-4.983128570086,-15.66326811552));
#12508 = CARTESIAN_POINT('',(-5.029450814417,-15.59097254313));
#12509 = CARTESIAN_POINT('',(-5.072280968704,-15.51642581823));
#12510 = CARTESIAN_POINT('',(-5.111609645972,-15.43984117163));
#12511 = CARTESIAN_POINT('',(-5.184772280844,-15.27991021891));
#12512 = CARTESIAN_POINT('',(-5.218325428065,-15.19641000151));
#12513 = CARTESIAN_POINT('',(-5.248175496959,-15.11119329824));
#12514 = CARTESIAN_POINT('',(-5.274424247145,-15.02449978903));
#12515 = CARTESIAN_POINT('',(-5.297210203433,-14.9365521301));
#12516 = CARTESIAN_POINT('',(-5.343224203149,-14.72627985322));
#12517 = CARTESIAN_POINT('',(-5.363617868993,-14.60305495803));
#12518 = CARTESIAN_POINT('',(-5.37826571075,-14.47834740349));
#12519 = CARTESIAN_POINT('',(-5.387613053214,-14.35255719685));
#12520 = CARTESIAN_POINT('',(-5.39208989375,-14.2259948635));
#12521 = CARTESIAN_POINT('',(-5.39208989375,-14.09887695312));
#12522 = ( GEOMETRIC_REPRESENTATION_CONTEXT(2) 
PARAMETRIC_REPRESENTATION_CONTEXT() REPRESENTATION_CONTEXT('2D SPACE',''
  ) );
#12523 = ORIENTED_EDGE('',*,*,#12524,.F.);
#12524 = EDGE_CURVE('',#11559,#12440,#12525,.T.);
#12525 = SURFACE_CURVE('',#12526,(#12530,#12537),.PCURVE_S1.);
#12526 = LINE('',#12527,#12528);
#12527 = CARTESIAN_POINT('',(-4.765869190625,-15.93359375,17.8));
#12528 = VECTOR('',#12529,1.);
#12529 = DIRECTION('',(0.,0.,1.));
#12530 = PCURVE('',#11574,#12531);
#12531 = DEFINITIONAL_REPRESENTATION('',(#12532),#12536);
#12532 = LINE('',#12533,#12534);
#12533 = CARTESIAN_POINT('',(1.,0.));
#12534 = VECTOR('',#12535,1.);
#12535 = DIRECTION('',(0.,-1.));
#12536 = ( GEOMETRIC_REPRESENTATION_CONTEXT(2) 
PARAMETRIC_REPRESENTATION_CONTEXT() REPRESENTATION_CONTEXT('2D SPACE',''
  ) );
#12537 = PCURVE('',#11604,#12538);
#12538 = DEFINITIONAL_REPRESENTATION('',(#12539),#12543);
#12539 = LINE('',#12540,#12541);
#12540 = CARTESIAN_POINT('',(0.,0.));
#12541 = VECTOR('',#12542,1.);
#12542 = DIRECTION('',(0.,-1.));
#12543 = ( GEOMETRIC_REPRESENTATION_CONTEXT(2) 
PARAMETRIC_REPRESENTATION_CONTEXT() REPRESENTATION_CONTEXT('2D SPACE',''
  ) );
#12544 = ADVANCED_FACE('',(#12545),#11604,.F.);
#12545 = FACE_BOUND('',#12546,.F.);
#12546 = EDGE_LOOP('',(#12547,#12548,#12549,#12617));
#12547 = ORIENTED_EDGE('',*,*,#11588,.F.);
#12548 = ORIENTED_EDGE('',*,*,#12524,.T.);
#12549 = ORIENTED_EDGE('',*,*,#12550,.F.);
#12550 = EDGE_CURVE('',#12551,#12440,#12553,.T.);
#12551 = VERTEX_POINT('',#12552);
#12552 = CARTESIAN_POINT('',(-3.19482426875,-16.60375976562,18.4));
#12553 = SURFACE_CURVE('',#12554,(#12573,#12595),.PCURVE_S1.);
#12554 = B_SPLINE_CURVE_WITH_KNOTS('',5,(#12555,#12556,#12557,#12558,
    #12559,#12560,#12561,#12562,#12563,#12564,#12565,#12566,#12567,
    #12568,#12569,#12570,#12571,#12572),.UNSPECIFIED.,.F.,.F.,(6,4,4,4,6
    ),(0.,0.186013469466,0.549028182391,0.771875707859,1.),
  .UNSPECIFIED.);
#12555 = CARTESIAN_POINT('',(-3.19482426875,-16.60375976562,18.4));
#12556 = CARTESIAN_POINT('',(-3.26139546758,-16.60375976562,18.4));
#12557 = CARTESIAN_POINT('',(-3.327750578885,-16.60168037183,18.4));
#12558 = CARTESIAN_POINT('',(-3.393808233203,-16.59742518013,18.4));
#12559 = CARTESIAN_POINT('',(-3.459473120815,-16.59090393732,18.4));
#12560 = CARTESIAN_POINT('',(-3.651811253785,-16.56476042779,18.4));
#12561 = CARTESIAN_POINT('',(-3.777107741374,-16.53857283729,18.4));
#12562 = CARTESIAN_POINT('',(-3.899667383685,-16.50296407443,18.4));
#12563 = CARTESIAN_POINT('',(-4.018609738445,-16.45772336147,18.4));
#12564 = CARTESIAN_POINT('',(-4.203436435246,-16.36979384649,18.4));
#12565 = CARTESIAN_POINT('',(-4.272083733647,-16.33286025318,18.4));
#12566 = CARTESIAN_POINT('',(-4.338896630654,-16.29252363742,18.4));
#12567 = CARTESIAN_POINT('',(-4.403746419913,-16.24893177508,18.4));
#12568 = CARTESIAN_POINT('',(-4.530829442455,-16.15452233073,18.4));
#12569 = CARTESIAN_POINT('',(-4.592967223193,-16.103555898,18.4));
#12570 = CARTESIAN_POINT('',(-4.652865664761,-16.04958617368,18.4));
#12571 = CARTESIAN_POINT('',(-4.710496374461,-15.99285237782,18.4));
#12572 = CARTESIAN_POINT('',(-4.765869190625,-15.93359375,18.4));
#12573 = PCURVE('',#11604,#12574);
#12574 = DEFINITIONAL_REPRESENTATION('',(#12575),#12594);
#12575 = B_SPLINE_CURVE_WITH_KNOTS('',5,(#12576,#12577,#12578,#12579,
    #12580,#12581,#12582,#12583,#12584,#12585,#12586,#12587,#12588,
    #12589,#12590,#12591,#12592,#12593),.UNSPECIFIED.,.F.,.F.,(6,4,4,4,6
    ),(0.,0.186013469466,0.549028182391,0.771875707859,1.),
  .UNSPECIFIED.);
#12576 = CARTESIAN_POINT('',(1.,-0.6));
#12577 = CARTESIAN_POINT('',(0.964770590386,-0.6));
#12578 = CARTESIAN_POINT('',(0.929132386883,-0.6));
#12579 = CARTESIAN_POINT('',(0.893104196158,-0.6));
#12580 = CARTESIAN_POINT('',(0.856713749545,-0.6));
#12581 = CARTESIAN_POINT('',(0.74835125709,-0.6));
#12582 = CARTESIAN_POINT('',(0.675456043905,-0.6));
#12583 = CARTESIAN_POINT('',(0.601638927632,-0.6));
#12584 = CARTESIAN_POINT('',(0.527312808603,-0.6));
#12585 = CARTESIAN_POINT('',(0.407380842103,-0.6));
#12586 = CARTESIAN_POINT('',(0.361760773189,-0.6));
#12587 = CARTESIAN_POINT('',(0.31625531345,-0.6));
#12588 = CARTESIAN_POINT('',(0.270969752553,-0.6));
#12589 = CARTESIAN_POINT('',(0.179965416724,-0.6));
#12590 = CARTESIAN_POINT('',(0.134259706366,-0.6));
#12591 = CARTESIAN_POINT('',(8.898346467726E-02,-0.6));
#12592 = CARTESIAN_POINT('',(4.421190156074E-02,-0.6));
#12593 = CARTESIAN_POINT('',(0.,-0.6));
#12594 = ( GEOMETRIC_REPRESENTATION_CONTEXT(2) 
PARAMETRIC_REPRESENTATION_CONTEXT() REPRESENTATION_CONTEXT('2D SPACE',''
  ) );
#12595 = PCURVE('',#12493,#12596);
#12596 = DEFINITIONAL_REPRESENTATION('',(#12597),#12616);
#12597 = B_SPLINE_CURVE_WITH_KNOTS('',5,(#12598,#12599,#12600,#12601,
    #12602,#12603,#12604,#12605,#12606,#12607,#12608,#12609,#12610,
    #12611,#12612,#12613,#12614,#12615),.UNSPECIFIED.,.F.,.F.,(6,4,4,4,6
    ),(0.,0.186013469466,0.549028182391,0.771875707859,1.),
  .UNSPECIFIED.);
#12598 = CARTESIAN_POINT('',(-3.19482426875,-16.60375976562));
#12599 = CARTESIAN_POINT('',(-3.26139546758,-16.60375976562));
#12600 = CARTESIAN_POINT('',(-3.327750578885,-16.60168037183));
#12601 = CARTESIAN_POINT('',(-3.393808233203,-16.59742518013));
#12602 = CARTESIAN_POINT('',(-3.459473120815,-16.59090393732));
#12603 = CARTESIAN_POINT('',(-3.651811253785,-16.56476042779));
#12604 = CARTESIAN_POINT('',(-3.777107741374,-16.53857283729));
#12605 = CARTESIAN_POINT('',(-3.899667383685,-16.50296407443));
#12606 = CARTESIAN_POINT('',(-4.018609738445,-16.45772336147));
#12607 = CARTESIAN_POINT('',(-4.203436435246,-16.36979384649));
#12608 = CARTESIAN_POINT('',(-4.272083733647,-16.33286025318));
#12609 = CARTESIAN_POINT('',(-4.338896630654,-16.29252363742));
#12610 = CARTESIAN_POINT('',(-4.403746419913,-16.24893177508));
#12611 = CARTESIAN_POINT('',(-4.530829442455,-16.15452233073));
#12612 = CARTESIAN_POINT('',(-4.592967223193,-16.103555898));
#12613 = CARTESIAN_POINT('',(-4.652865664761,-16.04958617368));
#12614 = CARTESIAN_POINT('',(-4.710496374461,-15.99285237782));
#12615 = CARTESIAN_POINT('',(-4.765869190625,-15.93359375));
#12616 = ( GEOMETRIC_REPRESENTATION_CONTEXT(2) 
PARAMETRIC_REPRESENTATION_CONTEXT() REPRESENTATION_CONTEXT('2D SPACE',''
  ) );
#12617 = ORIENTED_EDGE('',*,*,#12618,.F.);
#12618 = EDGE_CURVE('',#11589,#12551,#12619,.T.);
#12619 = SURFACE_CURVE('',#12620,(#12624,#12631),.PCURVE_S1.);
#12620 = LINE('',#12621,#12622);
#12621 = CARTESIAN_POINT('',(-3.19482426875,-16.60375976562,17.8));
#12622 = VECTOR('',#12623,1.);
#12623 = DIRECTION('',(0.,0.,1.));
#12624 = PCURVE('',#11604,#12625);
#12625 = DEFINITIONAL_REPRESENTATION('',(#12626),#12630);
#12626 = LINE('',#12627,#12628);
#12627 = CARTESIAN_POINT('',(1.,0.));
#12628 = VECTOR('',#12629,1.);
#12629 = DIRECTION('',(0.,-1.));
#12630 = ( GEOMETRIC_REPRESENTATION_CONTEXT(2) 
PARAMETRIC_REPRESENTATION_CONTEXT() REPRESENTATION_CONTEXT('2D SPACE',''
  ) );
#12631 = PCURVE('',#11634,#12632);
#12632 = DEFINITIONAL_REPRESENTATION('',(#12633),#12637);
#12633 = LINE('',#12634,#12635);
#12634 = CARTESIAN_POINT('',(0.,0.));
#12635 = VECTOR('',#12636,1.);
#12636 = DIRECTION('',(0.,-1.));
#12637 = ( GEOMETRIC_REPRESENTATION_CONTEXT(2) 
PARAMETRIC_REPRESENTATION_CONTEXT() REPRESENTATION_CONTEXT('2D SPACE',''
  ) );
#12638 = ADVANCED_FACE('',(#12639),#11634,.F.);
#12639 = FACE_BOUND('',#12640,.F.);
#12640 = EDGE_LOOP('',(#12641,#12642,#12643,#12699));
#12641 = ORIENTED_EDGE('',*,*,#11618,.F.);
#12642 = ORIENTED_EDGE('',*,*,#12618,.T.);
#12643 = ORIENTED_EDGE('',*,*,#12644,.F.);
#12644 = EDGE_CURVE('',#12645,#12551,#12647,.T.);
#12645 = VERTEX_POINT('',#12646);
#12646 = CARTESIAN_POINT('',(-1.610595753125,-15.92700195312,18.4));
#12647 = SURFACE_CURVE('',#12648,(#12663,#12681),.PCURVE_S1.);
#12648 = B_SPLINE_CURVE_WITH_KNOTS('',5,(#12649,#12650,#12651,#12652,
    #12653,#12654,#12655,#12656,#12657,#12658,#12659,#12660,#12661,
    #12662),.UNSPECIFIED.,.F.,.F.,(6,4,4,6),(0.,0.425842305209,
    0.802684969058,1.),.UNSPECIFIED.);
#12649 = CARTESIAN_POINT('',(-1.610595753125,-15.92700195312,18.4));
#12650 = CARTESIAN_POINT('',(-1.713789047688,-16.0393112631,18.4));
#12651 = CARTESIAN_POINT('',(-1.825293205625,-16.14263590338,18.4));
#12652 = CARTESIAN_POINT('',(-1.945093518312,-16.23525520894,18.4));
#12653 = CARTESIAN_POINT('',(-2.07272195935,-16.31563878763,18.4));
#12654 = CARTESIAN_POINT('',(-2.325455198428,-16.4428156837,18.4));
#12655 = CARTESIAN_POINT('',(-2.449212050754,-16.49243598823,18.4));
#12656 = CARTESIAN_POINT('',(-2.577141620617,-16.53149220774,18.4));
#12657 = CARTESIAN_POINT('',(-2.708207333375,-16.56024963497,18.4));
#12658 = CARTESIAN_POINT('',(-2.911149167926,-16.58931867464,18.4));
#12659 = CARTESIAN_POINT('',(-2.981486282093,-16.59665653196,18.4));
#12660 = CARTESIAN_POINT('',(-3.052285445109,-16.60143207093,18.4));
#12661 = CARTESIAN_POINT('',(-3.123430465784,-16.60375976562,18.4));
#12662 = CARTESIAN_POINT('',(-3.19482426875,-16.60375976562,18.4));
#12663 = PCURVE('',#11634,#12664);
#12664 = DEFINITIONAL_REPRESENTATION('',(#12665),#12680);
#12665 = B_SPLINE_CURVE_WITH_KNOTS('',5,(#12666,#12667,#12668,#12669,
    #12670,#12671,#12672,#12673,#12674,#12675,#12676,#12677,#12678,
    #12679),.UNSPECIFIED.,.F.,.F.,(6,4,4,6),(0.,0.425842305209,
    0.802684969058,1.),.UNSPECIFIED.);
#12666 = CARTESIAN_POINT('',(1.,-0.6));
#12667 = CARTESIAN_POINT('',(0.917024001859,-0.6));
#12668 = CARTESIAN_POINT('',(0.832079306562,-0.6));
#12669 = CARTESIAN_POINT('',(0.745623429464,-0.6));
#12670 = CARTESIAN_POINT('',(0.658299652085,-0.6));
#12671 = CARTESIAN_POINT('',(0.493745502167,-0.6));
#12672 = CARTESIAN_POINT('',(0.416476306782,-0.6));
#12673 = CARTESIAN_POINT('',(0.339801262044,-0.6));
#12674 = CARTESIAN_POINT('',(0.264189541236,-0.6));
#12675 = CARTESIAN_POINT('',(0.151154314442,-0.6));
#12676 = CARTESIAN_POINT('',(0.112693338364,-0.6));
#12677 = CARTESIAN_POINT('',(7.46622394311E-02,-0.6));
#12678 = CARTESIAN_POINT('',(3.709145318993E-02,-0.6));
#12679 = CARTESIAN_POINT('',(0.,-0.6));
#12680 = ( GEOMETRIC_REPRESENTATION_CONTEXT(2) 
PARAMETRIC_REPRESENTATION_CONTEXT() REPRESENTATION_CONTEXT('2D SPACE',''
  ) );
#12681 = PCURVE('',#12493,#12682);
#12682 = DEFINITIONAL_REPRESENTATION('',(#12683),#12698);
#12683 = B_SPLINE_CURVE_WITH_KNOTS('',5,(#12684,#12685,#12686,#12687,
    #12688,#12689,#12690,#12691,#12692,#12693,#12694,#12695,#12696,
    #12697),.UNSPECIFIED.,.F.,.F.,(6,4,4,6),(0.,0.425842305209,
    0.802684969058,1.),.UNSPECIFIED.);
#12684 = CARTESIAN_POINT('',(-1.610595753125,-15.92700195312));
#12685 = CARTESIAN_POINT('',(-1.713789047688,-16.0393112631));
#12686 = CARTESIAN_POINT('',(-1.825293205625,-16.14263590338));
#12687 = CARTESIAN_POINT('',(-1.945093518312,-16.23525520894));
#12688 = CARTESIAN_POINT('',(-2.07272195935,-16.31563878763));
#12689 = CARTESIAN_POINT('',(-2.325455198428,-16.4428156837));
#12690 = CARTESIAN_POINT('',(-2.449212050754,-16.49243598823));
#12691 = CARTESIAN_POINT('',(-2.577141620617,-16.53149220774));
#12692 = CARTESIAN_POINT('',(-2.708207333375,-16.56024963497));
#12693 = CARTESIAN_POINT('',(-2.911149167926,-16.58931867464));
#12694 = CARTESIAN_POINT('',(-2.981486282093,-16.59665653196));
#12695 = CARTESIAN_POINT('',(-3.052285445109,-16.60143207093));
#12696 = CARTESIAN_POINT('',(-3.123430465784,-16.60375976562));
#12697 = CARTESIAN_POINT('',(-3.19482426875,-16.60375976562));
#12698 = ( GEOMETRIC_REPRESENTATION_CONTEXT(2) 
PARAMETRIC_REPRESENTATION_CONTEXT() REPRESENTATION_CONTEXT('2D SPACE',''
  ) );
#12699 = ORIENTED_EDGE('',*,*,#12700,.F.);
#12700 = EDGE_CURVE('',#11619,#12645,#12701,.T.);
#12701 = SURFACE_CURVE('',#12702,(#12706,#12713),.PCURVE_S1.);
#12702 = LINE('',#12703,#12704);
#12703 = CARTESIAN_POINT('',(-1.610595753125,-15.92700195312,17.8));
#12704 = VECTOR('',#12705,1.);
#12705 = DIRECTION('',(0.,0.,1.));
#12706 = PCURVE('',#11634,#12707);
#12707 = DEFINITIONAL_REPRESENTATION('',(#12708),#12712);
#12708 = LINE('',#12709,#12710);
#12709 = CARTESIAN_POINT('',(1.,0.));
#12710 = VECTOR('',#12711,1.);
#12711 = DIRECTION('',(0.,-1.));
#12712 = ( GEOMETRIC_REPRESENTATION_CONTEXT(2) 
PARAMETRIC_REPRESENTATION_CONTEXT() REPRESENTATION_CONTEXT('2D SPACE',''
  ) );
#12713 = PCURVE('',#11664,#12714);
#12714 = DEFINITIONAL_REPRESENTATION('',(#12715),#12719);
#12715 = LINE('',#12716,#12717);
#12716 = CARTESIAN_POINT('',(0.,0.));
#12717 = VECTOR('',#12718,1.);
#12718 = DIRECTION('',(0.,-1.));
#12719 = ( GEOMETRIC_REPRESENTATION_CONTEXT(2) 
PARAMETRIC_REPRESENTATION_CONTEXT() REPRESENTATION_CONTEXT('2D SPACE',''
  ) );
#12720 = ADVANCED_FACE('',(#12721),#11664,.F.);
#12721 = FACE_BOUND('',#12722,.F.);
#12722 = EDGE_LOOP('',(#12723,#12724,#12725,#12790));
#12723 = ORIENTED_EDGE('',*,*,#11648,.F.);
#12724 = ORIENTED_EDGE('',*,*,#12700,.T.);
#12725 = ORIENTED_EDGE('',*,*,#12726,.F.);
#12726 = EDGE_CURVE('',#12727,#12645,#12729,.T.);
#12727 = VERTEX_POINT('',#12728);
#12728 = CARTESIAN_POINT('',(-0.98876958125,-14.00659179687,18.4));
#12729 = SURFACE_CURVE('',#12730,(#12748,#12769),.PCURVE_S1.);
#12730 = B_SPLINE_CURVE_WITH_KNOTS('',6,(#12731,#12732,#12733,#12734,
    #12735,#12736,#12737,#12738,#12739,#12740,#12741,#12742,#12743,
    #12744,#12745,#12746,#12747),.UNSPECIFIED.,.F.,.F.,(7,5,5,7),(0.,
    0.440537423106,0.726144630059,1.),.UNSPECIFIED.);
#12731 = CARTESIAN_POINT('',(-0.98876958125,-14.00659179687,18.4));
#12732 = CARTESIAN_POINT('',(-0.98876958125,-14.16310762411,18.4));
#12733 = CARTESIAN_POINT('',(-0.994678792289,-14.31885387364,18.4));
#12734 = CARTESIAN_POINT('',(-1.007151851183,-14.47352709198,18.4));
#12735 = CARTESIAN_POINT('',(-1.026945574989,-14.62661615191,18.4));
#12736 = CARTESIAN_POINT('',(-1.054893213128,-14.77740783111,18.4));
#12737 = CARTESIAN_POINT('',(-1.115685149166,-15.02071807987,18.4));
#12738 = CARTESIAN_POINT('',(-1.143348560912,-15.11507035102,18.4));
#12739 = CARTESIAN_POINT('',(-1.174969747091,-15.20781955566,18.4));
#12740 = CARTESIAN_POINT('',(-1.210739130467,-15.29866450193,18.4));
#12741 = CARTESIAN_POINT('',(-1.250798667453,-15.38727571487,18.4));
#12742 = CARTESIAN_POINT('',(-1.337790040245,-15.55580776125,18.4));
#12743 = CARTESIAN_POINT('',(-1.384375077373,-15.63594420182,18.4));
#12744 = CARTESIAN_POINT('',(-1.435008516942,-15.71340579381,18.4));
#12745 = CARTESIAN_POINT('',(-1.489672429494,-15.78789950285,18.4));
#12746 = CARTESIAN_POINT('',(-1.548267630313,-15.85916781239,18.4));
#12747 = CARTESIAN_POINT('',(-1.610595753125,-15.92700195312,18.4));
#12748 = PCURVE('',#11664,#12749);
#12749 = DEFINITIONAL_REPRESENTATION('',(#12750),#12768);
#12750 = B_SPLINE_CURVE_WITH_KNOTS('',6,(#12751,#12752,#12753,#12754,
    #12755,#12756,#12757,#12758,#12759,#12760,#12761,#12762,#12763,
    #12764,#12765,#12766,#12767),.UNSPECIFIED.,.F.,.F.,(7,5,5,7),(0.,
    0.440537423106,0.726144630059,1.),.UNSPECIFIED.);
#12751 = CARTESIAN_POINT('',(1.,-0.6));
#12752 = CARTESIAN_POINT('',(0.937074123638,-0.6));
#12753 = CARTESIAN_POINT('',(0.872291772578,-0.6));
#12754 = CARTESIAN_POINT('',(0.805535006613,-0.6));
#12755 = CARTESIAN_POINT('',(0.736731927351,-0.6));
#12756 = CARTESIAN_POINT('',(0.665863872624,-0.6));
#12757 = CARTESIAN_POINT('',(0.545761227409,-0.6));
#12758 = CARTESIAN_POINT('',(0.497688339834,-0.6));
#12759 = CARTESIAN_POINT('',(0.448809326167,-0.6));
#12760 = CARTESIAN_POINT('',(0.399175483258,-0.6));
#12761 = CARTESIAN_POINT('',(0.348867243098,-0.6));
#12762 = CARTESIAN_POINT('',(0.249225783743,-0.6));
#12763 = CARTESIAN_POINT('',(0.199932992092,-0.6));
#12764 = CARTESIAN_POINT('',(0.150231757865,-0.6));
#12765 = CARTESIAN_POINT('',(0.100246464678,-0.6));
#12766 = CARTESIAN_POINT('',(5.011699863294E-02,-0.6));
#12767 = CARTESIAN_POINT('',(0.,-0.6));
#12768 = ( GEOMETRIC_REPRESENTATION_CONTEXT(2) 
PARAMETRIC_REPRESENTATION_CONTEXT() REPRESENTATION_CONTEXT('2D SPACE',''
  ) );
#12769 = PCURVE('',#12493,#12770);
#12770 = DEFINITIONAL_REPRESENTATION('',(#12771),#12789);
#12771 = B_SPLINE_CURVE_WITH_KNOTS('',6,(#12772,#12773,#12774,#12775,
    #12776,#12777,#12778,#12779,#12780,#12781,#12782,#12783,#12784,
    #12785,#12786,#12787,#12788),.UNSPECIFIED.,.F.,.F.,(7,5,5,7),(0.,
    0.440537423106,0.726144630059,1.),.UNSPECIFIED.);
#12772 = CARTESIAN_POINT('',(-0.98876958125,-14.00659179687));
#12773 = CARTESIAN_POINT('',(-0.98876958125,-14.16310762411));
#12774 = CARTESIAN_POINT('',(-0.994678792289,-14.31885387364));
#12775 = CARTESIAN_POINT('',(-1.007151851183,-14.47352709198));
#12776 = CARTESIAN_POINT('',(-1.026945574989,-14.62661615191));
#12777 = CARTESIAN_POINT('',(-1.054893213128,-14.77740783111));
#12778 = CARTESIAN_POINT('',(-1.115685149166,-15.02071807987));
#12779 = CARTESIAN_POINT('',(-1.143348560912,-15.11507035102));
#12780 = CARTESIAN_POINT('',(-1.174969747091,-15.20781955566));
#12781 = CARTESIAN_POINT('',(-1.210739130467,-15.29866450193));
#12782 = CARTESIAN_POINT('',(-1.250798667453,-15.38727571487));
#12783 = CARTESIAN_POINT('',(-1.337790040245,-15.55580776125));
#12784 = CARTESIAN_POINT('',(-1.384375077373,-15.63594420182));
#12785 = CARTESIAN_POINT('',(-1.435008516942,-15.71340579381));
#12786 = CARTESIAN_POINT('',(-1.489672429494,-15.78789950285));
#12787 = CARTESIAN_POINT('',(-1.548267630313,-15.85916781239));
#12788 = CARTESIAN_POINT('',(-1.610595753125,-15.92700195312));
#12789 = ( GEOMETRIC_REPRESENTATION_CONTEXT(2) 
PARAMETRIC_REPRESENTATION_CONTEXT() REPRESENTATION_CONTEXT('2D SPACE',''
  ) );
#12790 = ORIENTED_EDGE('',*,*,#12791,.F.);
#12791 = EDGE_CURVE('',#11649,#12727,#12792,.T.);
#12792 = SURFACE_CURVE('',#12793,(#12797,#12804),.PCURVE_S1.);
#12793 = LINE('',#12794,#12795);
#12794 = CARTESIAN_POINT('',(-0.98876958125,-14.00659179687,17.8));
#12795 = VECTOR('',#12796,1.);
#12796 = DIRECTION('',(0.,0.,1.));
#12797 = PCURVE('',#11664,#12798);
#12798 = DEFINITIONAL_REPRESENTATION('',(#12799),#12803);
#12799 = LINE('',#12800,#12801);
#12800 = CARTESIAN_POINT('',(1.,0.));
#12801 = VECTOR('',#12802,1.);
#12802 = DIRECTION('',(0.,-1.));
#12803 = ( GEOMETRIC_REPRESENTATION_CONTEXT(2) 
PARAMETRIC_REPRESENTATION_CONTEXT() REPRESENTATION_CONTEXT('2D SPACE',''
  ) );
#12804 = PCURVE('',#11694,#12805);
#12805 = DEFINITIONAL_REPRESENTATION('',(#12806),#12810);
#12806 = LINE('',#12807,#12808);
#12807 = CARTESIAN_POINT('',(0.,0.));
#12808 = VECTOR('',#12809,1.);
#12809 = DIRECTION('',(0.,-1.));
#12810 = ( GEOMETRIC_REPRESENTATION_CONTEXT(2) 
PARAMETRIC_REPRESENTATION_CONTEXT() REPRESENTATION_CONTEXT('2D SPACE',''
  ) );
#12811 = ADVANCED_FACE('',(#12812),#11694,.F.);
#12812 = FACE_BOUND('',#12813,.F.);
#12813 = EDGE_LOOP('',(#12814,#12815,#12816,#12860));
#12814 = ORIENTED_EDGE('',*,*,#11678,.F.);
#12815 = ORIENTED_EDGE('',*,*,#12791,.T.);
#12816 = ORIENTED_EDGE('',*,*,#12817,.F.);
#12817 = EDGE_CURVE('',#12818,#12727,#12820,.T.);
#12818 = VERTEX_POINT('',#12819);
#12819 = CARTESIAN_POINT('',(-1.254638721875,-12.63330078125,18.4));
#12820 = SURFACE_CURVE('',#12821,(#12832,#12846),.PCURVE_S1.);
#12821 = B_SPLINE_CURVE_WITH_KNOTS('',5,(#12822,#12823,#12824,#12825,
    #12826,#12827,#12828,#12829,#12830,#12831),.UNSPECIFIED.,.F.,.F.,(6,
    4,6),(0.,0.484975135071,1.),.UNSPECIFIED.);
#12822 = CARTESIAN_POINT('',(-1.254638721875,-12.63330078125,18.4));
#12823 = CARTESIAN_POINT('',(-1.199961799943,-12.75395150981,18.4));
#12824 = CARTESIAN_POINT('',(-1.152804726424,-12.87880250536,18.4));
#12825 = CARTESIAN_POINT('',(-1.113094428524,-13.00726293921,18.4));
#12826 = CARTESIAN_POINT('',(-1.080523440922,-13.1387387839,18.4));
#12827 = CARTESIAN_POINT('',(-1.027289269821,-13.41497375831,18.4));
#12828 = CARTESIAN_POINT('',(-1.007488693982,-13.56005296497,18.4));
#12829 = CARTESIAN_POINT('',(-0.994835227224,-13.70733422524,18.4));
#12830 = CARTESIAN_POINT('',(-0.98876958125,-13.85630578023,18.4));
#12831 = CARTESIAN_POINT('',(-0.98876958125,-14.00659179687,18.4));
#12832 = PCURVE('',#11694,#12833);
#12833 = DEFINITIONAL_REPRESENTATION('',(#12834),#12845);
#12834 = B_SPLINE_CURVE_WITH_KNOTS('',5,(#12835,#12836,#12837,#12838,
    #12839,#12840,#12841,#12842,#12843,#12844),.UNSPECIFIED.,.F.,.F.,(6,
    4,6),(0.,0.484975135071,1.),.UNSPECIFIED.);
#12835 = CARTESIAN_POINT('',(1.,-0.6));
#12836 = CARTESIAN_POINT('',(0.897173245072,-0.6));
#12837 = CARTESIAN_POINT('',(0.795271431136,-0.6));
#12838 = CARTESIAN_POINT('',(0.694635175255,-0.6));
#12839 = CARTESIAN_POINT('',(0.59549507969,-0.6));
#12840 = CARTESIAN_POINT('',(0.394463990383,-0.6));
#12841 = CARTESIAN_POINT('',(0.292781903488,-0.6));
#12842 = CARTESIAN_POINT('',(0.193116699289,-0.6));
#12843 = CARTESIAN_POINT('',(9.552630728466E-02,-0.6));
#12844 = CARTESIAN_POINT('',(0.,-0.6));
#12845 = ( GEOMETRIC_REPRESENTATION_CONTEXT(2) 
PARAMETRIC_REPRESENTATION_CONTEXT() REPRESENTATION_CONTEXT('2D SPACE',''
  ) );
#12846 = PCURVE('',#12493,#12847);
#12847 = DEFINITIONAL_REPRESENTATION('',(#12848),#12859);
#12848 = B_SPLINE_CURVE_WITH_KNOTS('',5,(#12849,#12850,#12851,#12852,
    #12853,#12854,#12855,#12856,#12857,#12858),.UNSPECIFIED.,.F.,.F.,(6,
    4,6),(0.,0.484975135071,1.),.UNSPECIFIED.);
#12849 = CARTESIAN_POINT('',(-1.254638721875,-12.63330078125));
#12850 = CARTESIAN_POINT('',(-1.199961799943,-12.75395150981));
#12851 = CARTESIAN_POINT('',(-1.152804726424,-12.87880250536));
#12852 = CARTESIAN_POINT('',(-1.113094428524,-13.00726293921));
#12853 = CARTESIAN_POINT('',(-1.080523440922,-13.1387387839));
#12854 = CARTESIAN_POINT('',(-1.027289269821,-13.41497375831));
#12855 = CARTESIAN_POINT('',(-1.007488693982,-13.56005296497));
#12856 = CARTESIAN_POINT('',(-0.994835227224,-13.70733422524));
#12857 = CARTESIAN_POINT('',(-0.98876958125,-13.85630578023));
#12858 = CARTESIAN_POINT('',(-0.98876958125,-14.00659179687));
#12859 = ( GEOMETRIC_REPRESENTATION_CONTEXT(2) 
PARAMETRIC_REPRESENTATION_CONTEXT() REPRESENTATION_CONTEXT('2D SPACE',''
  ) );
#12860 = ORIENTED_EDGE('',*,*,#12861,.F.);
#12861 = EDGE_CURVE('',#11679,#12818,#12862,.T.);
#12862 = SURFACE_CURVE('',#12863,(#12867,#12874),.PCURVE_S1.);
#12863 = LINE('',#12864,#12865);
#12864 = CARTESIAN_POINT('',(-1.254638721875,-12.63330078125,17.8));
#12865 = VECTOR('',#12866,1.);
#12866 = DIRECTION('',(0.,0.,1.));
#12867 = PCURVE('',#11694,#12868);
#12868 = DEFINITIONAL_REPRESENTATION('',(#12869),#12873);
#12869 = LINE('',#12870,#12871);
#12870 = CARTESIAN_POINT('',(1.,0.));
#12871 = VECTOR('',#12872,1.);
#12872 = DIRECTION('',(0.,-1.));
#12873 = ( GEOMETRIC_REPRESENTATION_CONTEXT(2) 
PARAMETRIC_REPRESENTATION_CONTEXT() REPRESENTATION_CONTEXT('2D SPACE',''
  ) );
#12874 = PCURVE('',#11724,#12875);
#12875 = DEFINITIONAL_REPRESENTATION('',(#12876),#12880);
#12876 = LINE('',#12877,#12878);
#12877 = CARTESIAN_POINT('',(0.,0.));
#12878 = VECTOR('',#12879,1.);
#12879 = DIRECTION('',(0.,-1.));
#12880 = ( GEOMETRIC_REPRESENTATION_CONTEXT(2) 
PARAMETRIC_REPRESENTATION_CONTEXT() REPRESENTATION_CONTEXT('2D SPACE',''
  ) );
#12881 = ADVANCED_FACE('',(#12882),#11724,.F.);
#12882 = FACE_BOUND('',#12883,.F.);
#12883 = EDGE_LOOP('',(#12884,#12885,#12886,#12930));
#12884 = ORIENTED_EDGE('',*,*,#11708,.F.);
#12885 = ORIENTED_EDGE('',*,*,#12861,.T.);
#12886 = ORIENTED_EDGE('',*,*,#12887,.F.);
#12887 = EDGE_CURVE('',#12888,#12818,#12890,.T.);
#12888 = VERTEX_POINT('',#12889);
#12889 = CARTESIAN_POINT('',(-2.032470753125,-11.7236328125,18.4));
#12890 = SURFACE_CURVE('',#12891,(#12902,#12916),.PCURVE_S1.);
#12891 = B_SPLINE_CURVE_WITH_KNOTS('',5,(#12892,#12893,#12894,#12895,
    #12896,#12897,#12898,#12899,#12900,#12901),.UNSPECIFIED.,.F.,.F.,(6,
    4,6),(0.,0.311212262042,1.),.UNSPECIFIED.);
#12892 = CARTESIAN_POINT('',(-2.032470753125,-11.7236328125,18.4));
#12893 = CARTESIAN_POINT('',(-1.968615970863,-11.76391887684,18.4));
#12894 = CARTESIAN_POINT('',(-1.906823092332,-11.80697726231,18.4));
#12895 = CARTESIAN_POINT('',(-1.847244955647,-11.85279599191,18.4));
#12896 = CARTESIAN_POINT('',(-1.790011154526,-11.90132576491,18.4));
#12897 = CARTESIAN_POINT('',(-1.613960130768,-12.06567280213,18.4));
#12898 = CARTESIAN_POINT('',(-1.504637919783,-12.19172575693,18.4));
#12899 = CARTESIAN_POINT('',(-1.408435866526,-12.32954945517,18.4));
#12900 = CARTESIAN_POINT('',(-1.325303576333,-12.47737089579,18.4));
#12901 = CARTESIAN_POINT('',(-1.254638721875,-12.63330078125,18.4));
#12902 = PCURVE('',#11724,#12903);
#12903 = DEFINITIONAL_REPRESENTATION('',(#12904),#12915);
#12904 = B_SPLINE_CURVE_WITH_KNOTS('',5,(#12905,#12906,#12907,#12908,
    #12909,#12910,#12911,#12912,#12913,#12914),.UNSPECIFIED.,.F.,.F.,(6,
    4,6),(0.,0.311212262042,1.),.UNSPECIFIED.);
#12905 = CARTESIAN_POINT('',(1.,-0.6));
#12906 = CARTESIAN_POINT('',(0.937637294196,-0.6));
#12907 = CARTESIAN_POINT('',(0.874951513602,-0.6));
#12908 = CARTESIAN_POINT('',(0.812043476426,-0.6));
#12909 = CARTESIAN_POINT('',(0.749021125708,-0.6));
#12910 = CARTESIAN_POINT('',(0.546519060736,-0.6));
#12911 = CARTESIAN_POINT('',(0.407003510754,-0.6));
#12912 = CARTESIAN_POINT('',(0.268799773995,-0.6));
#12913 = CARTESIAN_POINT('',(0.132894051358,-0.6));
#12914 = CARTESIAN_POINT('',(0.,-0.6));
#12915 = ( GEOMETRIC_REPRESENTATION_CONTEXT(2) 
PARAMETRIC_REPRESENTATION_CONTEXT() REPRESENTATION_CONTEXT('2D SPACE',''
  ) );
#12916 = PCURVE('',#12493,#12917);
#12917 = DEFINITIONAL_REPRESENTATION('',(#12918),#12929);
#12918 = B_SPLINE_CURVE_WITH_KNOTS('',5,(#12919,#12920,#12921,#12922,
    #12923,#12924,#12925,#12926,#12927,#12928),.UNSPECIFIED.,.F.,.F.,(6,
    4,6),(0.,0.311212262042,1.),.UNSPECIFIED.);
#12919 = CARTESIAN_POINT('',(-2.032470753125,-11.7236328125));
#12920 = CARTESIAN_POINT('',(-1.968615970863,-11.76391887684));
#12921 = CARTESIAN_POINT('',(-1.906823092332,-11.80697726231));
#12922 = CARTESIAN_POINT('',(-1.847244955647,-11.85279599191));
#12923 = CARTESIAN_POINT('',(-1.790011154526,-11.90132576491));
#12924 = CARTESIAN_POINT('',(-1.613960130768,-12.06567280213));
#12925 = CARTESIAN_POINT('',(-1.504637919783,-12.19172575693));
#12926 = CARTESIAN_POINT('',(-1.408435866526,-12.32954945517));
#12927 = CARTESIAN_POINT('',(-1.325303576333,-12.47737089579));
#12928 = CARTESIAN_POINT('',(-1.254638721875,-12.63330078125));
#12929 = ( GEOMETRIC_REPRESENTATION_CONTEXT(2) 
PARAMETRIC_REPRESENTATION_CONTEXT() REPRESENTATION_CONTEXT('2D SPACE',''
  ) );
#12930 = ORIENTED_EDGE('',*,*,#12931,.F.);
#12931 = EDGE_CURVE('',#11709,#12888,#12932,.T.);
#12932 = SURFACE_CURVE('',#12933,(#12937,#12944),.PCURVE_S1.);
#12933 = LINE('',#12934,#12935);
#12934 = CARTESIAN_POINT('',(-2.032470753125,-11.7236328125,17.8));
#12935 = VECTOR('',#12936,1.);
#12936 = DIRECTION('',(0.,0.,1.));
#12937 = PCURVE('',#11724,#12938);
#12938 = DEFINITIONAL_REPRESENTATION('',(#12939),#12943);
#12939 = LINE('',#12940,#12941);
#12940 = CARTESIAN_POINT('',(1.,0.));
#12941 = VECTOR('',#12942,1.);
#12942 = DIRECTION('',(0.,-1.));
#12943 = ( GEOMETRIC_REPRESENTATION_CONTEXT(2) 
PARAMETRIC_REPRESENTATION_CONTEXT() REPRESENTATION_CONTEXT('2D SPACE',''
  ) );
#12944 = PCURVE('',#11754,#12945);
#12945 = DEFINITIONAL_REPRESENTATION('',(#12946),#12950);
#12946 = LINE('',#12947,#12948);
#12947 = CARTESIAN_POINT('',(0.,0.));
#12948 = VECTOR('',#12949,1.);
#12949 = DIRECTION('',(0.,-1.));
#12950 = ( GEOMETRIC_REPRESENTATION_CONTEXT(2) 
PARAMETRIC_REPRESENTATION_CONTEXT() REPRESENTATION_CONTEXT('2D SPACE',''
  ) );
#12951 = ADVANCED_FACE('',(#12952),#11754,.F.);
#12952 = FACE_BOUND('',#12953,.F.);
#12953 = EDGE_LOOP('',(#12954,#12955,#12956,#13000));
#12954 = ORIENTED_EDGE('',*,*,#11738,.F.);
#12955 = ORIENTED_EDGE('',*,*,#12931,.T.);
#12956 = ORIENTED_EDGE('',*,*,#12957,.F.);
#12957 = EDGE_CURVE('',#12958,#12888,#12960,.T.);
#12958 = VERTEX_POINT('',#12959);
#12959 = CARTESIAN_POINT('',(-3.181640675,-11.40063476562,18.4));
#12960 = SURFACE_CURVE('',#12961,(#12972,#12986),.PCURVE_S1.);
#12961 = B_SPLINE_CURVE_WITH_KNOTS('',5,(#12962,#12963,#12964,#12965,
    #12966,#12967,#12968,#12969,#12970,#12971),.UNSPECIFIED.,.F.,.F.,(6,
    4,6),(0.,0.666377234207,1.),.UNSPECIFIED.);
#12962 = CARTESIAN_POINT('',(-3.181640675,-11.40063476562,18.4));
#12963 = CARTESIAN_POINT('',(-3.017046962724,-11.40063476562,18.4));
#12964 = CARTESIAN_POINT('',(-2.854398262169,-11.4141043895,18.4));
#12965 = CARTESIAN_POINT('',(-2.69492442327,-11.44211444464,18.4));
#12966 = CARTESIAN_POINT('',(-2.539932599699,-11.48525580063,18.4));
#12967 = CARTESIAN_POINT('',(-2.315910508441,-11.57197471733,18.4));
#12968 = CARTESIAN_POINT('',(-2.24259345317,-11.60458065073,18.4));
#12969 = CARTESIAN_POINT('',(-2.170843600822,-11.64080547709,18.4));
#12970 = CARTESIAN_POINT('',(-2.10077410324,-11.68054014096,18.4));
#12971 = CARTESIAN_POINT('',(-2.032470753125,-11.7236328125,18.4));
#12972 = PCURVE('',#11754,#12973);
#12973 = DEFINITIONAL_REPRESENTATION('',(#12974),#12985);
#12974 = B_SPLINE_CURVE_WITH_KNOTS('',5,(#12975,#12976,#12977,#12978,
    #12979,#12980,#12981,#12982,#12983,#12984),.UNSPECIFIED.,.F.,.F.,(6,
    4,6),(0.,0.666377234207,1.),.UNSPECIFIED.);
#12975 = CARTESIAN_POINT('',(1.,-0.6));
#12976 = CARTESIAN_POINT('',(0.870847539179,-0.6));
#12977 = CARTESIAN_POINT('',(0.739122991503,-0.6));
#12978 = CARTESIAN_POINT('',(0.605465583206,-0.6));
#12979 = CARTESIAN_POINT('',(0.470721225374,-0.6));
#12980 = CARTESIAN_POINT('',(0.268551615642,-0.6));
#12981 = CARTESIAN_POINT('',(0.201100875075,-0.6));
#12982 = CARTESIAN_POINT('',(0.133778788704,-0.6));
#12983 = CARTESIAN_POINT('',(6.670732524356E-02,-0.6));
#12984 = CARTESIAN_POINT('',(0.,-0.6));
#12985 = ( GEOMETRIC_REPRESENTATION_CONTEXT(2) 
PARAMETRIC_REPRESENTATION_CONTEXT() REPRESENTATION_CONTEXT('2D SPACE',''
  ) );
#12986 = PCURVE('',#12493,#12987);
#12987 = DEFINITIONAL_REPRESENTATION('',(#12988),#12999);
#12988 = B_SPLINE_CURVE_WITH_KNOTS('',5,(#12989,#12990,#12991,#12992,
    #12993,#12994,#12995,#12996,#12997,#12998),.UNSPECIFIED.,.F.,.F.,(6,
    4,6),(0.,0.666377234207,1.),.UNSPECIFIED.);
#12989 = CARTESIAN_POINT('',(-3.181640675,-11.40063476562));
#12990 = CARTESIAN_POINT('',(-3.017046962724,-11.40063476562));
#12991 = CARTESIAN_POINT('',(-2.854398262169,-11.4141043895));
#12992 = CARTESIAN_POINT('',(-2.69492442327,-11.44211444464));
#12993 = CARTESIAN_POINT('',(-2.539932599699,-11.48525580063));
#12994 = CARTESIAN_POINT('',(-2.315910508441,-11.57197471733));
#12995 = CARTESIAN_POINT('',(-2.24259345317,-11.60458065073));
#12996 = CARTESIAN_POINT('',(-2.170843600822,-11.64080547709));
#12997 = CARTESIAN_POINT('',(-2.10077410324,-11.68054014096));
#12998 = CARTESIAN_POINT('',(-2.032470753125,-11.7236328125));
#12999 = ( GEOMETRIC_REPRESENTATION_CONTEXT(2) 
PARAMETRIC_REPRESENTATION_CONTEXT() REPRESENTATION_CONTEXT('2D SPACE',''
  ) );
#13000 = ORIENTED_EDGE('',*,*,#13001,.F.);
#13001 = EDGE_CURVE('',#11739,#12958,#13002,.T.);
#13002 = SURFACE_CURVE('',#13003,(#13007,#13014),.PCURVE_S1.);
#13003 = LINE('',#13004,#13005);
#13004 = CARTESIAN_POINT('',(-3.181640675,-11.40063476562,17.8));
#13005 = VECTOR('',#13006,1.);
#13006 = DIRECTION('',(0.,0.,1.));
#13007 = PCURVE('',#11754,#13008);
#13008 = DEFINITIONAL_REPRESENTATION('',(#13009),#13013);
#13009 = LINE('',#13010,#13011);
#13010 = CARTESIAN_POINT('',(1.,0.));
#13011 = VECTOR('',#13012,1.);
#13012 = DIRECTION('',(0.,-1.));
#13013 = ( GEOMETRIC_REPRESENTATION_CONTEXT(2) 
PARAMETRIC_REPRESENTATION_CONTEXT() REPRESENTATION_CONTEXT('2D SPACE',''
  ) );
#13014 = PCURVE('',#11784,#13015);
#13015 = DEFINITIONAL_REPRESENTATION('',(#13016),#13020);
#13016 = LINE('',#13017,#13018);
#13017 = CARTESIAN_POINT('',(0.,0.));
#13018 = VECTOR('',#13019,1.);
#13019 = DIRECTION('',(0.,-1.));
#13020 = ( GEOMETRIC_REPRESENTATION_CONTEXT(2) 
PARAMETRIC_REPRESENTATION_CONTEXT() REPRESENTATION_CONTEXT('2D SPACE',''
  ) );
#13021 = ADVANCED_FACE('',(#13022),#11784,.F.);
#13022 = FACE_BOUND('',#13023,.F.);
#13023 = EDGE_LOOP('',(#13024,#13025,#13026,#13094));
#13024 = ORIENTED_EDGE('',*,*,#11768,.F.);
#13025 = ORIENTED_EDGE('',*,*,#13001,.T.);
#13026 = ORIENTED_EDGE('',*,*,#13027,.F.);
#13027 = EDGE_CURVE('',#13028,#12958,#13030,.T.);
#13028 = VERTEX_POINT('',#13029);
#13029 = CARTESIAN_POINT('',(-4.739502003125,-12.0224609375,18.4));
#13030 = SURFACE_CURVE('',#13031,(#13050,#13072),.PCURVE_S1.);
#13031 = B_SPLINE_CURVE_WITH_KNOTS('',5,(#13032,#13033,#13034,#13035,
    #13036,#13037,#13038,#13039,#13040,#13041,#13042,#13043,#13044,
    #13045,#13046,#13047,#13048,#13049),.UNSPECIFIED.,.F.,.F.,(6,4,4,4,6
    ),(0.,0.249242250103,0.491717109001,0.834305490299,1.),
  .UNSPECIFIED.);
#13032 = CARTESIAN_POINT('',(-4.739502003125,-12.0224609375,18.4));
#13033 = CARTESIAN_POINT('',(-4.676680843911,-11.96260104505,18.4));
#13034 = CARTESIAN_POINT('',(-4.611606162574,-11.90558993608,18.4));
#13035 = CARTESIAN_POINT('',(-4.544282772639,-11.85168308609,18.4));
#13036 = CARTESIAN_POINT('',(-4.474756134378,-11.8011330725,18.4));
#13037 = CARTESIAN_POINT('',(-4.333462936667,-11.70844831394,18.4));
#13038 = CARTESIAN_POINT('',(-4.261805475924,-11.666120329,18.4));
#13039 = CARTESIAN_POINT('',(-4.188270045411,-11.62736755768,18.4));
#13040 = CARTESIAN_POINT('',(-4.113000769809,-11.59233684603,18.4));
#13041 = CARTESIAN_POINT('',(-3.927664100041,-11.51697980946,18.4));
#13042 = CARTESIAN_POINT('',(-3.816045157051,-11.48043254367,18.4));
#13043 = CARTESIAN_POINT('',(-3.701887532715,-11.4516935974,18.4));
#13044 = CARTESIAN_POINT('',(-3.585782509858,-11.43064410458,18.4));
#13045 = CARTESIAN_POINT('',(-3.411505415139,-11.4103326734,18.4));
#13046 = CARTESIAN_POINT('',(-3.354371589367,-11.40543278827,18.4));
#13047 = CARTESIAN_POINT('',(-3.296979008762,-11.40221575499,18.4));
#13048 = CARTESIAN_POINT('',(-3.239384831077,-11.40063476562,18.4));
#13049 = CARTESIAN_POINT('',(-3.181640675,-11.40063476562,18.4));
#13050 = PCURVE('',#11784,#13051);
#13051 = DEFINITIONAL_REPRESENTATION('',(#13052),#13071);
#13052 = B_SPLINE_CURVE_WITH_KNOTS('',5,(#13053,#13054,#13055,#13056,
    #13057,#13058,#13059,#13060,#13061,#13062,#13063,#13064,#13065,
    #13066,#13067,#13068,#13069,#13070),.UNSPECIFIED.,.F.,.F.,(6,4,4,4,6
    ),(0.,0.249242250103,0.491717109001,0.834305490299,1.),
  .UNSPECIFIED.);
#13053 = CARTESIAN_POINT('',(1.,-0.6));
#13054 = CARTESIAN_POINT('',(0.951867664022,-0.6));
#13055 = CARTESIAN_POINT('',(0.903130047245,-0.6));
#13056 = CARTESIAN_POINT('',(0.853847147373,-0.6));
#13057 = CARTESIAN_POINT('',(0.804100761647,-0.6));
#13058 = CARTESIAN_POINT('',(0.705259567324,-0.6));
#13059 = CARTESIAN_POINT('',(0.656181645136,-0.6));
#13060 = CARTESIAN_POINT('',(0.606868907458,-0.6));
#13061 = CARTESIAN_POINT('',(0.55743391537,-0.6));
#13062 = CARTESIAN_POINT('',(0.438155707174,-0.6));
#13063 = CARTESIAN_POINT('',(0.368303715403,-0.6));
#13064 = CARTESIAN_POINT('',(0.298802065672,-0.6));
#13065 = CARTESIAN_POINT('',(0.229950656518,-0.6));
#13066 = CARTESIAN_POINT('',(0.129135339871,-0.6));
#13067 = CARTESIAN_POINT('',(9.647949097487E-02,-0.6));
#13068 = CARTESIAN_POINT('',(6.40584272484E-02,-0.6));
#13069 = CARTESIAN_POINT('',(3.189321241785E-02,-0.6));
#13070 = CARTESIAN_POINT('',(0.,-0.6));
#13071 = ( GEOMETRIC_REPRESENTATION_CONTEXT(2) 
PARAMETRIC_REPRESENTATION_CONTEXT() REPRESENTATION_CONTEXT('2D SPACE',''
  ) );
#13072 = PCURVE('',#12493,#13073);
#13073 = DEFINITIONAL_REPRESENTATION('',(#13074),#13093);
#13074 = B_SPLINE_CURVE_WITH_KNOTS('',5,(#13075,#13076,#13077,#13078,
    #13079,#13080,#13081,#13082,#13083,#13084,#13085,#13086,#13087,
    #13088,#13089,#13090,#13091,#13092),.UNSPECIFIED.,.F.,.F.,(6,4,4,4,6
    ),(0.,0.249242250103,0.491717109001,0.834305490299,1.),
  .UNSPECIFIED.);
#13075 = CARTESIAN_POINT('',(-4.739502003125,-12.0224609375));
#13076 = CARTESIAN_POINT('',(-4.676680843911,-11.96260104505));
#13077 = CARTESIAN_POINT('',(-4.611606162574,-11.90558993608));
#13078 = CARTESIAN_POINT('',(-4.544282772639,-11.85168308609));
#13079 = CARTESIAN_POINT('',(-4.474756134378,-11.8011330725));
#13080 = CARTESIAN_POINT('',(-4.333462936667,-11.70844831394));
#13081 = CARTESIAN_POINT('',(-4.261805475924,-11.666120329));
#13082 = CARTESIAN_POINT('',(-4.188270045411,-11.62736755768));
#13083 = CARTESIAN_POINT('',(-4.113000769809,-11.59233684603));
#13084 = CARTESIAN_POINT('',(-3.927664100041,-11.51697980946));
#13085 = CARTESIAN_POINT('',(-3.816045157051,-11.48043254367));
#13086 = CARTESIAN_POINT('',(-3.701887532715,-11.4516935974));
#13087 = CARTESIAN_POINT('',(-3.585782509858,-11.43064410458));
#13088 = CARTESIAN_POINT('',(-3.411505415139,-11.4103326734));
#13089 = CARTESIAN_POINT('',(-3.354371589367,-11.40543278827));
#13090 = CARTESIAN_POINT('',(-3.296979008762,-11.40221575499));
#13091 = CARTESIAN_POINT('',(-3.239384831077,-11.40063476562));
#13092 = CARTESIAN_POINT('',(-3.181640675,-11.40063476562));
#13093 = ( GEOMETRIC_REPRESENTATION_CONTEXT(2) 
PARAMETRIC_REPRESENTATION_CONTEXT() REPRESENTATION_CONTEXT('2D SPACE',''
  ) );
#13094 = ORIENTED_EDGE('',*,*,#13095,.F.);
#13095 = EDGE_CURVE('',#11769,#13028,#13096,.T.);
#13096 = SURFACE_CURVE('',#13097,(#13101,#13108),.PCURVE_S1.);
#13097 = LINE('',#13098,#13099);
#13098 = CARTESIAN_POINT('',(-4.739502003125,-12.0224609375,17.8));
#13099 = VECTOR('',#13100,1.);
#13100 = DIRECTION('',(0.,0.,1.));
#13101 = PCURVE('',#11784,#13102);
#13102 = DEFINITIONAL_REPRESENTATION('',(#13103),#13107);
#13103 = LINE('',#13104,#13105);
#13104 = CARTESIAN_POINT('',(1.,0.));
#13105 = VECTOR('',#13106,1.);
#13106 = DIRECTION('',(0.,-1.));
#13107 = ( GEOMETRIC_REPRESENTATION_CONTEXT(2) 
PARAMETRIC_REPRESENTATION_CONTEXT() REPRESENTATION_CONTEXT('2D SPACE',''
  ) );
#13108 = PCURVE('',#11812,#13109);
#13109 = DEFINITIONAL_REPRESENTATION('',(#13110),#13114);
#13110 = LINE('',#13111,#13112);
#13111 = CARTESIAN_POINT('',(0.,0.));
#13112 = VECTOR('',#13113,1.);
#13113 = DIRECTION('',(0.,-1.));
#13114 = ( GEOMETRIC_REPRESENTATION_CONTEXT(2) 
PARAMETRIC_REPRESENTATION_CONTEXT() REPRESENTATION_CONTEXT('2D SPACE',''
  ) );
#13115 = ADVANCED_FACE('',(#13116),#11812,.F.);
#13116 = FACE_BOUND('',#13117,.F.);
#13117 = EDGE_LOOP('',(#13118,#13119,#13120,#13186));
#13118 = ORIENTED_EDGE('',*,*,#11798,.F.);
#13119 = ORIENTED_EDGE('',*,*,#13095,.T.);
#13120 = ORIENTED_EDGE('',*,*,#13121,.F.);
#13121 = EDGE_CURVE('',#12417,#13028,#13122,.T.);
#13122 = SURFACE_CURVE('',#13123,(#13142,#13164),.PCURVE_S1.);
#13123 = B_SPLINE_CURVE_WITH_KNOTS('',5,(#13124,#13125,#13126,#13127,
    #13128,#13129,#13130,#13131,#13132,#13133,#13134,#13135,#13136,
    #13137,#13138,#13139,#13140,#13141),.UNSPECIFIED.,.F.,.F.,(6,4,4,4,6
    ),(0.,0.303029515056,0.568149848176,0.791582997749,1.),
  .UNSPECIFIED.);
#13124 = CARTESIAN_POINT('',(-5.39208989375,-14.09887695312,18.4));
#13125 = CARTESIAN_POINT('',(-5.39208989375,-13.95828653575,18.4));
#13126 = CARTESIAN_POINT('',(-5.388279862946,-13.81821998271,18.4));
#13127 = CARTESIAN_POINT('',(-5.380188373705,-13.67885799929,18.4));
#13128 = CARTESIAN_POINT('',(-5.367228721736,-13.5405332277,18.4));
#13129 = CARTESIAN_POINT('',(-5.332397425495,-13.28406095586,18.4));
#13130 = CARTESIAN_POINT('',(-5.311845473748,-13.16557202877,18.4));
#13131 = CARTESIAN_POINT('',(-5.286495367047,-13.0485969213,18.4));
#13132 = CARTESIAN_POINT('',(-5.255754799181,-12.93367173727,18.4));
#13133 = CARTESIAN_POINT('',(-5.188037876355,-12.72700130918,18.4));
#13134 = CARTESIAN_POINT('',(-5.152804864133,-12.63446218485,18.4));
#13135 = CARTESIAN_POINT('',(-5.11294906894,-12.5443433898,18.4));
#13136 = CARTESIAN_POINT('',(-5.068117423979,-12.45724787351,18.4));
#13137 = CARTESIAN_POINT('',(-4.971492496526,-12.29604215533,18.4));
#13138 = CARTESIAN_POINT('',(-4.920366701734,-12.22144728662,18.4));
#13139 = CARTESIAN_POINT('',(-4.864615992315,-12.15062345595,18.4));
#13140 = CARTESIAN_POINT('',(-4.804237124264,-12.08414457144,18.4));
#13141 = CARTESIAN_POINT('',(-4.739502003125,-12.0224609375,18.4));
#13142 = PCURVE('',#11812,#13143);
#13143 = DEFINITIONAL_REPRESENTATION('',(#13144),#13163);
#13144 = B_SPLINE_CURVE_WITH_KNOTS('',5,(#13145,#13146,#13147,#13148,
    #13149,#13150,#13151,#13152,#13153,#13154,#13155,#13156,#13157,
    #13158,#13159,#13160,#13161,#13162),.UNSPECIFIED.,.F.,.F.,(6,4,4,4,6
    ),(0.,0.303029515056,0.568149848176,0.791582997749,1.),
  .UNSPECIFIED.);
#13145 = CARTESIAN_POINT('',(1.,-0.6));
#13146 = CARTESIAN_POINT('',(0.951673518836,-0.6));
#13147 = CARTESIAN_POINT('',(0.90185586331,-0.6));
#13148 = CARTESIAN_POINT('',(0.850402360052,-0.6));
#13149 = CARTESIAN_POINT('',(0.797169997008,-0.6));
#13150 = CARTESIAN_POINT('',(0.693731804137,-0.6));
#13151 = CARTESIAN_POINT('',(0.643987487659,-0.6));
#13152 = CARTESIAN_POINT('',(0.592658848808,-0.6));
#13153 = CARTESIAN_POINT('',(0.539670356077,-0.6));
#13154 = CARTESIAN_POINT('',(0.43892594109,-0.6));
#13155 = CARTESIAN_POINT('',(0.391661837689,-0.6));
#13156 = CARTESIAN_POINT('',(0.343201940981,-0.6));
#13157 = CARTESIAN_POINT('',(0.293598637883,-0.6));
#13158 = CARTESIAN_POINT('',(0.19580191661,-0.6));
#13159 = CARTESIAN_POINT('',(0.14773468879,-0.6));
#13160 = CARTESIAN_POINT('',(9.893502459016E-02,-0.6));
#13161 = CARTESIAN_POINT('',(4.959877594173E-02,-0.6));
#13162 = CARTESIAN_POINT('',(0.,-0.6));
#13163 = ( GEOMETRIC_REPRESENTATION_CONTEXT(2) 
PARAMETRIC_REPRESENTATION_CONTEXT() REPRESENTATION_CONTEXT('2D SPACE',''
  ) );
#13164 = PCURVE('',#12493,#13165);
#13165 = DEFINITIONAL_REPRESENTATION('',(#13166),#13185);
#13166 = B_SPLINE_CURVE_WITH_KNOTS('',5,(#13167,#13168,#13169,#13170,
    #13171,#13172,#13173,#13174,#13175,#13176,#13177,#13178,#13179,
    #13180,#13181,#13182,#13183,#13184),.UNSPECIFIED.,.F.,.F.,(6,4,4,4,6
    ),(0.,0.303029515056,0.568149848176,0.791582997749,1.),
  .UNSPECIFIED.);
#13167 = CARTESIAN_POINT('',(-5.39208989375,-14.09887695312));
#13168 = CARTESIAN_POINT('',(-5.39208989375,-13.95828653575));
#13169 = CARTESIAN_POINT('',(-5.388279862946,-13.81821998271));
#13170 = CARTESIAN_POINT('',(-5.380188373705,-13.67885799929));
#13171 = CARTESIAN_POINT('',(-5.367228721736,-13.5405332277));
#13172 = CARTESIAN_POINT('',(-5.332397425495,-13.28406095586));
#13173 = CARTESIAN_POINT('',(-5.311845473748,-13.16557202877));
#13174 = CARTESIAN_POINT('',(-5.286495367047,-13.0485969213));
#13175 = CARTESIAN_POINT('',(-5.255754799181,-12.93367173727));
#13176 = CARTESIAN_POINT('',(-5.188037876355,-12.72700130918));
#13177 = CARTESIAN_POINT('',(-5.152804864133,-12.63446218485));
#13178 = CARTESIAN_POINT('',(-5.11294906894,-12.5443433898));
#13179 = CARTESIAN_POINT('',(-5.068117423979,-12.45724787351));
#13180 = CARTESIAN_POINT('',(-4.971492496526,-12.29604215533));
#13181 = CARTESIAN_POINT('',(-4.920366701734,-12.22144728662));
#13182 = CARTESIAN_POINT('',(-4.864615992315,-12.15062345595));
#13183 = CARTESIAN_POINT('',(-4.804237124264,-12.08414457144));
#13184 = CARTESIAN_POINT('',(-4.739502003125,-12.0224609375));
#13185 = ( GEOMETRIC_REPRESENTATION_CONTEXT(2) 
PARAMETRIC_REPRESENTATION_CONTEXT() REPRESENTATION_CONTEXT('2D SPACE',''
  ) );
#13186 = ORIENTED_EDGE('',*,*,#12416,.F.);
#13187 = ADVANCED_FACE('',(#13188),#11912,.F.);
#13188 = FACE_BOUND('',#13189,.F.);
#13189 = EDGE_LOOP('',(#13190,#13191,#13214,#13240));
#13190 = ORIENTED_EDGE('',*,*,#11894,.F.);
#13191 = ORIENTED_EDGE('',*,*,#13192,.T.);
#13192 = EDGE_CURVE('',#11895,#13193,#13195,.T.);
#13193 = VERTEX_POINT('',#13194);
#13194 = CARTESIAN_POINT('',(-9.309814453125,16.4609375,18.4));
#13195 = SURFACE_CURVE('',#13196,(#13200,#13207),.PCURVE_S1.);
#13196 = LINE('',#13197,#13198);
#13197 = CARTESIAN_POINT('',(-9.309814453125,16.4609375,17.8));
#13198 = VECTOR('',#13199,1.);
#13199 = DIRECTION('',(0.,0.,1.));
#13200 = PCURVE('',#11912,#13201);
#13201 = DEFINITIONAL_REPRESENTATION('',(#13202),#13206);
#13202 = LINE('',#13203,#13204);
#13203 = CARTESIAN_POINT('',(0.,0.));
#13204 = VECTOR('',#13205,1.);
#13205 = DIRECTION('',(0.,-1.));
#13206 = ( GEOMETRIC_REPRESENTATION_CONTEXT(2) 
PARAMETRIC_REPRESENTATION_CONTEXT() REPRESENTATION_CONTEXT('2D SPACE',''
  ) );
#13207 = PCURVE('',#12116,#13208);
#13208 = DEFINITIONAL_REPRESENTATION('',(#13209),#13213);
#13209 = LINE('',#13210,#13211);
#13210 = CARTESIAN_POINT('',(1.64794921875,0.));
#13211 = VECTOR('',#13212,1.);
#13212 = DIRECTION('',(0.,-1.));
#13213 = ( GEOMETRIC_REPRESENTATION_CONTEXT(2) 
PARAMETRIC_REPRESENTATION_CONTEXT() REPRESENTATION_CONTEXT('2D SPACE',''
  ) );
#13214 = ORIENTED_EDGE('',*,*,#13215,.F.);
#13215 = EDGE_CURVE('',#13216,#13193,#13218,.T.);
#13216 = VERTEX_POINT('',#13217);
#13217 = CARTESIAN_POINT('',(-9.309814453125,14.158203125,18.4));
#13218 = SURFACE_CURVE('',#13219,(#13223,#13229),.PCURVE_S1.);
#13219 = LINE('',#13220,#13221);
#13220 = CARTESIAN_POINT('',(-9.309814453125,8.23046875,18.4));
#13221 = VECTOR('',#13222,1.);
#13222 = DIRECTION('',(-0.,1.,0.));
#13223 = PCURVE('',#11912,#13224);
#13224 = DEFINITIONAL_REPRESENTATION('',(#13225),#13228);
#13225 = B_SPLINE_CURVE_WITH_KNOTS('',1,(#13226,#13227),.UNSPECIFIED.,
  .F.,.F.,(2,2),(5.927734375,8.23046875),.PIECEWISE_BEZIER_KNOTS.);
#13226 = CARTESIAN_POINT('',(2.302734375,-0.6));
#13227 = CARTESIAN_POINT('',(0.,-0.6));
#13228 = ( GEOMETRIC_REPRESENTATION_CONTEXT(2) 
PARAMETRIC_REPRESENTATION_CONTEXT() REPRESENTATION_CONTEXT('2D SPACE',''
  ) );
#13229 = PCURVE('',#13230,#13235);
#13230 = PLANE('',#13231);
#13231 = AXIS2_PLACEMENT_3D('',#13232,#13233,#13234);
#13232 = CARTESIAN_POINT('',(0.,0.,18.4));
#13233 = DIRECTION('',(0.,0.,1.));
#13234 = DIRECTION('',(1.,0.,-0.));
#13235 = DEFINITIONAL_REPRESENTATION('',(#13236),#13239);
#13236 = B_SPLINE_CURVE_WITH_KNOTS('',1,(#13237,#13238),.UNSPECIFIED.,
  .F.,.F.,(2,2),(5.927734375,8.23046875),.PIECEWISE_BEZIER_KNOTS.);
#13237 = CARTESIAN_POINT('',(-9.309814453125,14.158203125));
#13238 = CARTESIAN_POINT('',(-9.309814453125,16.4609375));
#13239 = ( GEOMETRIC_REPRESENTATION_CONTEXT(2) 
PARAMETRIC_REPRESENTATION_CONTEXT() REPRESENTATION_CONTEXT('2D SPACE',''
  ) );
#13240 = ORIENTED_EDGE('',*,*,#13241,.F.);
#13241 = EDGE_CURVE('',#11897,#13216,#13242,.T.);
#13242 = SURFACE_CURVE('',#13243,(#13247,#13254),.PCURVE_S1.);
#13243 = LINE('',#13244,#13245);
#13244 = CARTESIAN_POINT('',(-9.309814453125,14.158203125,17.8));
#13245 = VECTOR('',#13246,1.);
#13246 = DIRECTION('',(0.,0.,1.));
#13247 = PCURVE('',#11912,#13248);
#13248 = DEFINITIONAL_REPRESENTATION('',(#13249),#13253);
#13249 = LINE('',#13250,#13251);
#13250 = CARTESIAN_POINT('',(2.302734375,0.));
#13251 = VECTOR('',#13252,1.);
#13252 = DIRECTION('',(0.,-1.));
#13253 = ( GEOMETRIC_REPRESENTATION_CONTEXT(2) 
PARAMETRIC_REPRESENTATION_CONTEXT() REPRESENTATION_CONTEXT('2D SPACE',''
  ) );
#13254 = PCURVE('',#11940,#13255);
#13255 = DEFINITIONAL_REPRESENTATION('',(#13256),#13260);
#13256 = LINE('',#13257,#13258);
#13257 = CARTESIAN_POINT('',(0.,0.));
#13258 = VECTOR('',#13259,1.);
#13259 = DIRECTION('',(0.,-1.));
#13260 = ( GEOMETRIC_REPRESENTATION_CONTEXT(2) 
PARAMETRIC_REPRESENTATION_CONTEXT() REPRESENTATION_CONTEXT('2D SPACE',''
  ) );
#13261 = ADVANCED_FACE('',(#13262),#11940,.F.);
#13262 = FACE_BOUND('',#13263,.F.);
#13263 = EDGE_LOOP('',(#13264,#13265,#13266,#13287));
#13264 = ORIENTED_EDGE('',*,*,#11924,.F.);
#13265 = ORIENTED_EDGE('',*,*,#13241,.T.);
#13266 = ORIENTED_EDGE('',*,*,#13267,.F.);
#13267 = EDGE_CURVE('',#13268,#13216,#13270,.T.);
#13268 = VERTEX_POINT('',#13269);
#13269 = CARTESIAN_POINT('',(-7.644287109375,14.158203125,18.4));
#13270 = SURFACE_CURVE('',#13271,(#13275,#13281),.PCURVE_S1.);
#13271 = LINE('',#13272,#13273);
#13272 = CARTESIAN_POINT('',(-4.654907226562,14.158203125,18.4));
#13273 = VECTOR('',#13274,1.);
#13274 = DIRECTION('',(-1.,0.,0.));
#13275 = PCURVE('',#11940,#13276);
#13276 = DEFINITIONAL_REPRESENTATION('',(#13277),#13280);
#13277 = B_SPLINE_CURVE_WITH_KNOTS('',1,(#13278,#13279),.UNSPECIFIED.,
  .F.,.F.,(2,2),(2.989379882812,4.654907226562),
  .PIECEWISE_BEZIER_KNOTS.);
#13278 = CARTESIAN_POINT('',(1.66552734375,-0.6));
#13279 = CARTESIAN_POINT('',(0.,-0.6));
#13280 = ( GEOMETRIC_REPRESENTATION_CONTEXT(2) 
PARAMETRIC_REPRESENTATION_CONTEXT() REPRESENTATION_CONTEXT('2D SPACE',''
  ) );
#13281 = PCURVE('',#13230,#13282);
#13282 = DEFINITIONAL_REPRESENTATION('',(#13283),#13286);
#13283 = B_SPLINE_CURVE_WITH_KNOTS('',1,(#13284,#13285),.UNSPECIFIED.,
  .F.,.F.,(2,2),(2.989379882812,4.654907226562),
  .PIECEWISE_BEZIER_KNOTS.);
#13284 = CARTESIAN_POINT('',(-7.644287109375,14.158203125));
#13285 = CARTESIAN_POINT('',(-9.309814453125,14.158203125));
#13286 = ( GEOMETRIC_REPRESENTATION_CONTEXT(2) 
PARAMETRIC_REPRESENTATION_CONTEXT() REPRESENTATION_CONTEXT('2D SPACE',''
  ) );
#13287 = ORIENTED_EDGE('',*,*,#13288,.F.);
#13288 = EDGE_CURVE('',#11925,#13268,#13289,.T.);
#13289 = SURFACE_CURVE('',#13290,(#13294,#13301),.PCURVE_S1.);
#13290 = LINE('',#13291,#13292);
#13291 = CARTESIAN_POINT('',(-7.644287109375,14.158203125,17.8));
#13292 = VECTOR('',#13293,1.);
#13293 = DIRECTION('',(0.,0.,1.));
#13294 = PCURVE('',#11940,#13295);
#13295 = DEFINITIONAL_REPRESENTATION('',(#13296),#13300);
#13296 = LINE('',#13297,#13298);
#13297 = CARTESIAN_POINT('',(1.66552734375,0.));
#13298 = VECTOR('',#13299,1.);
#13299 = DIRECTION('',(0.,-1.));
#13300 = ( GEOMETRIC_REPRESENTATION_CONTEXT(2) 
PARAMETRIC_REPRESENTATION_CONTEXT() REPRESENTATION_CONTEXT('2D SPACE',''
  ) );
#13301 = PCURVE('',#11968,#13302);
#13302 = DEFINITIONAL_REPRESENTATION('',(#13303),#13307);
#13303 = LINE('',#13304,#13305);
#13304 = CARTESIAN_POINT('',(0.,0.));
#13305 = VECTOR('',#13306,1.);
#13306 = DIRECTION('',(0.,-1.));
#13307 = ( GEOMETRIC_REPRESENTATION_CONTEXT(2) 
PARAMETRIC_REPRESENTATION_CONTEXT() REPRESENTATION_CONTEXT('2D SPACE',''
  ) );
#13308 = ADVANCED_FACE('',(#13309),#11968,.F.);
#13309 = FACE_BOUND('',#13310,.F.);
#13310 = EDGE_LOOP('',(#13311,#13312,#13313,#13363));
#13311 = ORIENTED_EDGE('',*,*,#11952,.F.);
#13312 = ORIENTED_EDGE('',*,*,#13288,.T.);
#13313 = ORIENTED_EDGE('',*,*,#13314,.F.);
#13314 = EDGE_CURVE('',#13315,#13268,#13317,.T.);
#13315 = VERTEX_POINT('',#13316);
#13316 = CARTESIAN_POINT('',(-6.470947265625,14.4658203125,18.4));
#13317 = SURFACE_CURVE('',#13318,(#13331,#13347),.PCURVE_S1.);
#13318 = B_SPLINE_CURVE_WITH_KNOTS('',6,(#13319,#13320,#13321,#13322,
    #13323,#13324,#13325,#13326,#13327,#13328,#13329,#13330),
  .UNSPECIFIED.,.F.,.F.,(7,5,7),(0.,0.425110863915,1.),.UNSPECIFIED.);
#13319 = CARTESIAN_POINT('',(-6.470947265625,14.4658203125,18.4));
#13320 = CARTESIAN_POINT('',(-6.52856549138,14.414766188413,18.4));
#13321 = CARTESIAN_POINT('',(-6.593207991114,14.369586829416,18.4));
#13322 = CARTESIAN_POINT('',(-6.663980559333,14.330370083694,18.4));
#13323 = CARTESIAN_POINT('',(-6.739815788244,14.296777057837,18.4));
#13324 = CARTESIAN_POINT('',(-6.819767783054,14.268351703886,18.4));
#13325 = CARTESIAN_POINT('',(-7.015785676643,14.21251000956,18.4));
#13326 = CARTESIAN_POINT('',(-7.134607158731,14.188990755765,18.4));
#13327 = CARTESIAN_POINT('',(-7.257909022258,14.172802085716,18.4));
#13328 = CARTESIAN_POINT('',(-7.384434451203,14.162838375323,18.4));
#13329 = CARTESIAN_POINT('',(-7.513359168371,14.158203125,18.4));
#13330 = CARTESIAN_POINT('',(-7.644287109375,14.158203125,18.4));
#13331 = PCURVE('',#11968,#13332);
#13332 = DEFINITIONAL_REPRESENTATION('',(#13333),#13346);
#13333 = B_SPLINE_CURVE_WITH_KNOTS('',6,(#13334,#13335,#13336,#13337,
    #13338,#13339,#13340,#13341,#13342,#13343,#13344,#13345),
  .UNSPECIFIED.,.F.,.F.,(7,5,7),(0.,0.425110863915,1.),.UNSPECIFIED.);
#13334 = CARTESIAN_POINT('',(1.,-0.6));
#13335 = CARTESIAN_POINT('',(0.917016788786,-0.6));
#13336 = CARTESIAN_POINT('',(0.835318766878,-0.6));
#13337 = CARTESIAN_POINT('',(0.75552989504,-0.6));
#13338 = CARTESIAN_POINT('',(0.67797680164,-0.6));
#13339 = CARTESIAN_POINT('',(0.602802170649,-0.6));
#13340 = CARTESIAN_POINT('',(0.431547618417,-0.6));
#13341 = CARTESIAN_POINT('',(0.337472568876,-0.6));
#13342 = CARTESIAN_POINT('',(0.2475942155,-0.6));
#13343 = CARTESIAN_POINT('',(0.161631261717,-0.6));
#13344 = CARTESIAN_POINT('',(7.923771370434E-02,-0.6));
#13345 = CARTESIAN_POINT('',(0.,-0.6));
#13346 = ( GEOMETRIC_REPRESENTATION_CONTEXT(2) 
PARAMETRIC_REPRESENTATION_CONTEXT() REPRESENTATION_CONTEXT('2D SPACE',''
  ) );
#13347 = PCURVE('',#13230,#13348);
#13348 = DEFINITIONAL_REPRESENTATION('',(#13349),#13362);
#13349 = B_SPLINE_CURVE_WITH_KNOTS('',6,(#13350,#13351,#13352,#13353,
    #13354,#13355,#13356,#13357,#13358,#13359,#13360,#13361),
  .UNSPECIFIED.,.F.,.F.,(7,5,7),(0.,0.425110863915,1.),.UNSPECIFIED.);
#13350 = CARTESIAN_POINT('',(-6.470947265625,14.4658203125));
#13351 = CARTESIAN_POINT('',(-6.52856549138,14.414766188413));
#13352 = CARTESIAN_POINT('',(-6.593207991114,14.369586829416));
#13353 = CARTESIAN_POINT('',(-6.663980559333,14.330370083694));
#13354 = CARTESIAN_POINT('',(-6.739815788244,14.296777057837));
#13355 = CARTESIAN_POINT('',(-6.819767783054,14.268351703886));
#13356 = CARTESIAN_POINT('',(-7.015785676643,14.21251000956));
#13357 = CARTESIAN_POINT('',(-7.134607158731,14.188990755765));
#13358 = CARTESIAN_POINT('',(-7.257909022258,14.172802085716));
#13359 = CARTESIAN_POINT('',(-7.384434451203,14.162838375323));
#13360 = CARTESIAN_POINT('',(-7.513359168371,14.158203125));
#13361 = CARTESIAN_POINT('',(-7.644287109375,14.158203125));
#13362 = ( GEOMETRIC_REPRESENTATION_CONTEXT(2) 
PARAMETRIC_REPRESENTATION_CONTEXT() REPRESENTATION_CONTEXT('2D SPACE',''
  ) );
#13363 = ORIENTED_EDGE('',*,*,#13364,.F.);
#13364 = EDGE_CURVE('',#11953,#13315,#13365,.T.);
#13365 = SURFACE_CURVE('',#13366,(#13370,#13377),.PCURVE_S1.);
#13366 = LINE('',#13367,#13368);
#13367 = CARTESIAN_POINT('',(-6.470947265625,14.4658203125,17.8));
#13368 = VECTOR('',#13369,1.);
#13369 = DIRECTION('',(0.,0.,1.));
#13370 = PCURVE('',#11968,#13371);
#13371 = DEFINITIONAL_REPRESENTATION('',(#13372),#13376);
#13372 = LINE('',#13373,#13374);
#13373 = CARTESIAN_POINT('',(1.,0.));
#13374 = VECTOR('',#13375,1.);
#13375 = DIRECTION('',(0.,-1.));
#13376 = ( GEOMETRIC_REPRESENTATION_CONTEXT(2) 
PARAMETRIC_REPRESENTATION_CONTEXT() REPRESENTATION_CONTEXT('2D SPACE',''
  ) );
#13377 = PCURVE('',#11998,#13378);
#13378 = DEFINITIONAL_REPRESENTATION('',(#13379),#13383);
#13379 = LINE('',#13380,#13381);
#13380 = CARTESIAN_POINT('',(0.,0.));
#13381 = VECTOR('',#13382,1.);
#13382 = DIRECTION('',(0.,-1.));
#13383 = ( GEOMETRIC_REPRESENTATION_CONTEXT(2) 
PARAMETRIC_REPRESENTATION_CONTEXT() REPRESENTATION_CONTEXT('2D SPACE',''
  ) );
#13384 = ADVANCED_FACE('',(#13385),#11998,.F.);
#13385 = FACE_BOUND('',#13386,.F.);
#13386 = EDGE_LOOP('',(#13387,#13388,#13389,#13439));
#13387 = ORIENTED_EDGE('',*,*,#11982,.F.);
#13388 = ORIENTED_EDGE('',*,*,#13364,.T.);
#13389 = ORIENTED_EDGE('',*,*,#13390,.F.);
#13390 = EDGE_CURVE('',#13391,#13315,#13393,.T.);
#13391 = VERTEX_POINT('',#13392);
#13392 = CARTESIAN_POINT('',(-6.123779296875,15.33154296875,18.4));
#13393 = SURFACE_CURVE('',#13394,(#13407,#13423),.PCURVE_S1.);
#13394 = B_SPLINE_CURVE_WITH_KNOTS('',6,(#13395,#13396,#13397,#13398,
    #13399,#13400,#13401,#13402,#13403,#13404,#13405,#13406),
  .UNSPECIFIED.,.F.,.F.,(7,5,7),(0.,0.768006768101,1.),.UNSPECIFIED.);
#13395 = CARTESIAN_POINT('',(-6.123779296875,15.33154296875,18.4));
#13396 = CARTESIAN_POINT('',(-6.123779296875,15.199188643065,18.4));
#13397 = CARTESIAN_POINT('',(-6.135494166522,15.070435790461,18.4));
#13398 = CARTESIAN_POINT('',(-6.160533669345,14.946913108006,18.4));
#13399 = CARTESIAN_POINT('',(-6.200330871777,14.830537266084,18.4));
#13400 = CARTESIAN_POINT('',(-6.255622968091,14.723243108609,18.4));
#13401 = CARTESIAN_POINT('',(-6.346425978855,14.597191671725,18.4));
#13402 = CARTESIAN_POINT('',(-6.368813319485,14.568900898226,18.4));
#13403 = CARTESIAN_POINT('',(-6.392496986972,14.541596673876,18.4));
#13404 = CARTESIAN_POINT('',(-6.417443292372,14.5153048806,18.4));
#13405 = CARTESIAN_POINT('',(-6.44361018764,14.490043039828,18.4));
#13406 = CARTESIAN_POINT('',(-6.470947265625,14.4658203125,18.4));
#13407 = PCURVE('',#11998,#13408);
#13408 = DEFINITIONAL_REPRESENTATION('',(#13409),#13422);
#13409 = B_SPLINE_CURVE_WITH_KNOTS('',6,(#13410,#13411,#13412,#13413,
    #13414,#13415,#13416,#13417,#13418,#13419,#13420,#13421),
  .UNSPECIFIED.,.F.,.F.,(7,5,7),(0.,0.768006768101,1.),.UNSPECIFIED.);
#13410 = CARTESIAN_POINT('',(1.,-0.6));
#13411 = CARTESIAN_POINT('',(0.881425346018,-0.6));
#13412 = CARTESIAN_POINT('',(0.75850471437,-0.6));
#13413 = CARTESIAN_POINT('',(0.631656683754,-0.6));
#13414 = CARTESIAN_POINT('',(0.501672041743,-0.6));
#13415 = CARTESIAN_POINT('',(0.369807669275,-0.6));
#13416 = CARTESIAN_POINT('',(0.198184612357,-0.6));
#13417 = CARTESIAN_POINT('',(0.15836806573,-0.6));
#13418 = CARTESIAN_POINT('',(0.118597410704,-0.6));
#13419 = CARTESIAN_POINT('',(7.891761112554E-02,-0.6));
#13420 = CARTESIAN_POINT('',(3.937154410212E-02,-0.6));
#13421 = CARTESIAN_POINT('',(0.,-0.6));
#13422 = ( GEOMETRIC_REPRESENTATION_CONTEXT(2) 
PARAMETRIC_REPRESENTATION_CONTEXT() REPRESENTATION_CONTEXT('2D SPACE',''
  ) );
#13423 = PCURVE('',#13230,#13424);
#13424 = DEFINITIONAL_REPRESENTATION('',(#13425),#13438);
#13425 = B_SPLINE_CURVE_WITH_KNOTS('',6,(#13426,#13427,#13428,#13429,
    #13430,#13431,#13432,#13433,#13434,#13435,#13436,#13437),
  .UNSPECIFIED.,.F.,.F.,(7,5,7),(0.,0.768006768101,1.),.UNSPECIFIED.);
#13426 = CARTESIAN_POINT('',(-6.123779296875,15.33154296875));
#13427 = CARTESIAN_POINT('',(-6.123779296875,15.199188643065));
#13428 = CARTESIAN_POINT('',(-6.135494166522,15.070435790461));
#13429 = CARTESIAN_POINT('',(-6.160533669345,14.946913108006));
#13430 = CARTESIAN_POINT('',(-6.200330871777,14.830537266084));
#13431 = CARTESIAN_POINT('',(-6.255622968091,14.723243108609));
#13432 = CARTESIAN_POINT('',(-6.346425978855,14.597191671725));
#13433 = CARTESIAN_POINT('',(-6.368813319485,14.568900898226));
#13434 = CARTESIAN_POINT('',(-6.392496986972,14.541596673876));
#13435 = CARTESIAN_POINT('',(-6.417443292372,14.5153048806));
#13436 = CARTESIAN_POINT('',(-6.44361018764,14.490043039828));
#13437 = CARTESIAN_POINT('',(-6.470947265625,14.4658203125));
#13438 = ( GEOMETRIC_REPRESENTATION_CONTEXT(2) 
PARAMETRIC_REPRESENTATION_CONTEXT() REPRESENTATION_CONTEXT('2D SPACE',''
  ) );
#13439 = ORIENTED_EDGE('',*,*,#13440,.F.);
#13440 = EDGE_CURVE('',#11983,#13391,#13441,.T.);
#13441 = SURFACE_CURVE('',#13442,(#13446,#13453),.PCURVE_S1.);
#13442 = LINE('',#13443,#13444);
#13443 = CARTESIAN_POINT('',(-6.123779296875,15.33154296875,17.8));
#13444 = VECTOR('',#13445,1.);
#13445 = DIRECTION('',(0.,0.,1.));
#13446 = PCURVE('',#11998,#13447);
#13447 = DEFINITIONAL_REPRESENTATION('',(#13448),#13452);
#13448 = LINE('',#13449,#13450);
#13449 = CARTESIAN_POINT('',(1.,0.));
#13450 = VECTOR('',#13451,1.);
#13451 = DIRECTION('',(0.,-1.));
#13452 = ( GEOMETRIC_REPRESENTATION_CONTEXT(2) 
PARAMETRIC_REPRESENTATION_CONTEXT() REPRESENTATION_CONTEXT('2D SPACE',''
  ) );
#13453 = PCURVE('',#12028,#13454);
#13454 = DEFINITIONAL_REPRESENTATION('',(#13455),#13459);
#13455 = LINE('',#13456,#13457);
#13456 = CARTESIAN_POINT('',(0.,0.));
#13457 = VECTOR('',#13458,1.);
#13458 = DIRECTION('',(0.,-1.));
#13459 = ( GEOMETRIC_REPRESENTATION_CONTEXT(2) 
PARAMETRIC_REPRESENTATION_CONTEXT() REPRESENTATION_CONTEXT('2D SPACE',''
  ) );
#13460 = ADVANCED_FACE('',(#13461),#12028,.F.);
#13461 = FACE_BOUND('',#13462,.F.);
#13462 = EDGE_LOOP('',(#13463,#13464,#13465,#13509));
#13463 = ORIENTED_EDGE('',*,*,#12012,.F.);
#13464 = ORIENTED_EDGE('',*,*,#13440,.T.);
#13465 = ORIENTED_EDGE('',*,*,#13466,.F.);
#13466 = EDGE_CURVE('',#13467,#13391,#13469,.T.);
#13467 = VERTEX_POINT('',#13468);
#13468 = CARTESIAN_POINT('',(-6.328125,16.023681640625,18.4));
#13469 = SURFACE_CURVE('',#13470,(#13481,#13495),.PCURVE_S1.);
#13470 = B_SPLINE_CURVE_WITH_KNOTS('',5,(#13471,#13472,#13473,#13474,
    #13475,#13476,#13477,#13478,#13479,#13480),.UNSPECIFIED.,.F.,.F.,(6,
    4,6),(0.,0.145888508491,1.),.UNSPECIFIED.);
#13471 = CARTESIAN_POINT('',(-6.328125,16.023681640625,18.4));
#13472 = CARTESIAN_POINT('',(-6.316040905217,16.006659958726,18.4));
#13473 = CARTESIAN_POINT('',(-6.304393608543,15.989369909965,18.4));
#13474 = CARTESIAN_POINT('',(-6.293187790987,15.971815202132,18.4));
#13475 = CARTESIAN_POINT('',(-6.282427202136,15.954000142279,18.4));
#13476 = CARTESIAN_POINT('',(-6.211739372873,15.830134967787,18.4));
#13477 = CARTESIAN_POINT('',(-6.166704820894,15.715554849851,18.4));
#13478 = CARTESIAN_POINT('',(-6.137648361337,15.593269567789,18.4));
#13479 = CARTESIAN_POINT('',(-6.123779296875,15.464769156408,18.4));
#13480 = CARTESIAN_POINT('',(-6.123779296875,15.33154296875,18.4));
#13481 = PCURVE('',#12028,#13482);
#13482 = DEFINITIONAL_REPRESENTATION('',(#13483),#13494);
#13483 = B_SPLINE_CURVE_WITH_KNOTS('',5,(#13484,#13485,#13486,#13487,
    #13488,#13489,#13490,#13491,#13492,#13493),.UNSPECIFIED.,.F.,.F.,(6,
    4,6),(0.,0.145888508491,1.),.UNSPECIFIED.);
#13484 = CARTESIAN_POINT('',(1.,-0.6));
#13485 = CARTESIAN_POINT('',(0.970432226863,-0.6));
#13486 = CARTESIAN_POINT('',(0.940840413338,-0.6));
#13487 = CARTESIAN_POINT('',(0.911232444054,-0.6));
#13488 = CARTESIAN_POINT('',(0.881616288295,-0.6));
#13489 = CARTESIAN_POINT('',(0.678609974766,-0.6));
#13490 = CARTESIAN_POINT('',(0.505166919907,-0.6));
#13491 = CARTESIAN_POINT('',(0.33345604574,-0.6));
#13492 = CARTESIAN_POINT('',(0.164762821452,-0.6));
#13493 = CARTESIAN_POINT('',(0.,-0.6));
#13494 = ( GEOMETRIC_REPRESENTATION_CONTEXT(2) 
PARAMETRIC_REPRESENTATION_CONTEXT() REPRESENTATION_CONTEXT('2D SPACE',''
  ) );
#13495 = PCURVE('',#13230,#13496);
#13496 = DEFINITIONAL_REPRESENTATION('',(#13497),#13508);
#13497 = B_SPLINE_CURVE_WITH_KNOTS('',5,(#13498,#13499,#13500,#13501,
    #13502,#13503,#13504,#13505,#13506,#13507),.UNSPECIFIED.,.F.,.F.,(6,
    4,6),(0.,0.145888508491,1.),.UNSPECIFIED.);
#13498 = CARTESIAN_POINT('',(-6.328125,16.023681640625));
#13499 = CARTESIAN_POINT('',(-6.316040905217,16.006659958726));
#13500 = CARTESIAN_POINT('',(-6.304393608543,15.989369909965));
#13501 = CARTESIAN_POINT('',(-6.293187790987,15.971815202132));
#13502 = CARTESIAN_POINT('',(-6.282427202136,15.954000142279));
#13503 = CARTESIAN_POINT('',(-6.211739372873,15.830134967787));
#13504 = CARTESIAN_POINT('',(-6.166704820894,15.715554849851));
#13505 = CARTESIAN_POINT('',(-6.137648361337,15.593269567789));
#13506 = CARTESIAN_POINT('',(-6.123779296875,15.464769156408));
#13507 = CARTESIAN_POINT('',(-6.123779296875,15.33154296875));
#13508 = ( GEOMETRIC_REPRESENTATION_CONTEXT(2) 
PARAMETRIC_REPRESENTATION_CONTEXT() REPRESENTATION_CONTEXT('2D SPACE',''
  ) );
#13509 = ORIENTED_EDGE('',*,*,#13510,.F.);
#13510 = EDGE_CURVE('',#12013,#13467,#13511,.T.);
#13511 = SURFACE_CURVE('',#13512,(#13516,#13523),.PCURVE_S1.);
#13512 = LINE('',#13513,#13514);
#13513 = CARTESIAN_POINT('',(-6.328125,16.023681640625,17.8));
#13514 = VECTOR('',#13515,1.);
#13515 = DIRECTION('',(0.,0.,1.));
#13516 = PCURVE('',#12028,#13517);
#13517 = DEFINITIONAL_REPRESENTATION('',(#13518),#13522);
#13518 = LINE('',#13519,#13520);
#13519 = CARTESIAN_POINT('',(1.,0.));
#13520 = VECTOR('',#13521,1.);
#13521 = DIRECTION('',(0.,-1.));
#13522 = ( GEOMETRIC_REPRESENTATION_CONTEXT(2) 
PARAMETRIC_REPRESENTATION_CONTEXT() REPRESENTATION_CONTEXT('2D SPACE',''
  ) );
#13523 = PCURVE('',#12058,#13524);
#13524 = DEFINITIONAL_REPRESENTATION('',(#13525),#13529);
#13525 = LINE('',#13526,#13527);
#13526 = CARTESIAN_POINT('',(0.,0.));
#13527 = VECTOR('',#13528,1.);
#13528 = DIRECTION('',(0.,-1.));
#13529 = ( GEOMETRIC_REPRESENTATION_CONTEXT(2) 
PARAMETRIC_REPRESENTATION_CONTEXT() REPRESENTATION_CONTEXT('2D SPACE',''
  ) );
#13530 = ADVANCED_FACE('',(#13531),#12058,.F.);
#13531 = FACE_BOUND('',#13532,.F.);
#13532 = EDGE_LOOP('',(#13533,#13534,#13535,#13579));
#13533 = ORIENTED_EDGE('',*,*,#12042,.F.);
#13534 = ORIENTED_EDGE('',*,*,#13510,.T.);
#13535 = ORIENTED_EDGE('',*,*,#13536,.F.);
#13536 = EDGE_CURVE('',#13537,#13467,#13539,.T.);
#13537 = VERTEX_POINT('',#13538);
#13538 = CARTESIAN_POINT('',(-6.866455078125,16.40380859375,18.4));
#13539 = SURFACE_CURVE('',#13540,(#13551,#13565),.PCURVE_S1.);
#13540 = B_SPLINE_CURVE_WITH_KNOTS('',5,(#13541,#13542,#13543,#13544,
    #13545,#13546,#13547,#13548,#13549,#13550),.UNSPECIFIED.,.F.,.F.,(6,
    4,6),(0.,0.45749021629,1.),.UNSPECIFIED.);
#13541 = CARTESIAN_POINT('',(-6.866455078125,16.40380859375,18.4));
#13542 = CARTESIAN_POINT('',(-6.805911611813,16.387079478058,18.4));
#13543 = CARTESIAN_POINT('',(-6.74756019891,16.366203989868,18.4));
#13544 = CARTESIAN_POINT('',(-6.691625025461,16.341096287255,18.4));
#13545 = CARTESIAN_POINT('',(-6.638297075525,16.311748138768,18.4));
#13546 = CARTESIAN_POINT('',(-6.527741359289,16.238536756067,18.4));
#13547 = CARTESIAN_POINT('',(-6.471623984786,16.192985248923,18.4));
#13548 = CARTESIAN_POINT('',(-6.419609714022,16.141758050956,18.4));
#13549 = CARTESIAN_POINT('',(-6.371784472618,16.085180467646,18.4));
#13550 = CARTESIAN_POINT('',(-6.328125,16.023681640625,18.4));
#13551 = PCURVE('',#12058,#13552);
#13552 = DEFINITIONAL_REPRESENTATION('',(#13553),#13564);
#13553 = B_SPLINE_CURVE_WITH_KNOTS('',5,(#13554,#13555,#13556,#13557,
    #13558,#13559,#13560,#13561,#13562,#13563),.UNSPECIFIED.,.F.,.F.,(6,
    4,6),(0.,0.45749021629,1.),.UNSPECIFIED.);
#13554 = CARTESIAN_POINT('',(1.,-0.6));
#13555 = CARTESIAN_POINT('',(0.909361828211,-0.6));
#13556 = CARTESIAN_POINT('',(0.818019305813,-0.6));
#13557 = CARTESIAN_POINT('',(0.726184092232,-0.6));
#13558 = CARTESIAN_POINT('',(0.634090935717,-0.6));
#13559 = CARTESIAN_POINT('',(0.432794968202,-0.6));
#13560 = CARTESIAN_POINT('',(0.323581022067,-0.6));
#13561 = CARTESIAN_POINT('',(0.214797996635,-0.6));
#13562 = CARTESIAN_POINT('',(0.106827478998,-0.6));
#13563 = CARTESIAN_POINT('',(0.,-0.6));
#13564 = ( GEOMETRIC_REPRESENTATION_CONTEXT(2) 
PARAMETRIC_REPRESENTATION_CONTEXT() REPRESENTATION_CONTEXT('2D SPACE',''
  ) );
#13565 = PCURVE('',#13230,#13566);
#13566 = DEFINITIONAL_REPRESENTATION('',(#13567),#13578);
#13567 = B_SPLINE_CURVE_WITH_KNOTS('',5,(#13568,#13569,#13570,#13571,
    #13572,#13573,#13574,#13575,#13576,#13577),.UNSPECIFIED.,.F.,.F.,(6,
    4,6),(0.,0.45749021629,1.),.UNSPECIFIED.);
#13568 = CARTESIAN_POINT('',(-6.866455078125,16.40380859375));
#13569 = CARTESIAN_POINT('',(-6.805911611813,16.387079478058));
#13570 = CARTESIAN_POINT('',(-6.74756019891,16.366203989868));
#13571 = CARTESIAN_POINT('',(-6.691625025461,16.341096287255));
#13572 = CARTESIAN_POINT('',(-6.638297075525,16.311748138768));
#13573 = CARTESIAN_POINT('',(-6.527741359289,16.238536756067));
#13574 = CARTESIAN_POINT('',(-6.471623984786,16.192985248923));
#13575 = CARTESIAN_POINT('',(-6.419609714022,16.141758050956));
#13576 = CARTESIAN_POINT('',(-6.371784472618,16.085180467646));
#13577 = CARTESIAN_POINT('',(-6.328125,16.023681640625));
#13578 = ( GEOMETRIC_REPRESENTATION_CONTEXT(2) 
PARAMETRIC_REPRESENTATION_CONTEXT() REPRESENTATION_CONTEXT('2D SPACE',''
  ) );
#13579 = ORIENTED_EDGE('',*,*,#13580,.F.);
#13580 = EDGE_CURVE('',#12043,#13537,#13581,.T.);
#13581 = SURFACE_CURVE('',#13582,(#13586,#13593),.PCURVE_S1.);
#13582 = LINE('',#13583,#13584);
#13583 = CARTESIAN_POINT('',(-6.866455078125,16.40380859375,17.8));
#13584 = VECTOR('',#13585,1.);
#13585 = DIRECTION('',(0.,0.,1.));
#13586 = PCURVE('',#12058,#13587);
#13587 = DEFINITIONAL_REPRESENTATION('',(#13588),#13592);
#13588 = LINE('',#13589,#13590);
#13589 = CARTESIAN_POINT('',(1.,0.));
#13590 = VECTOR('',#13591,1.);
#13591 = DIRECTION('',(0.,-1.));
#13592 = ( GEOMETRIC_REPRESENTATION_CONTEXT(2) 
PARAMETRIC_REPRESENTATION_CONTEXT() REPRESENTATION_CONTEXT('2D SPACE',''
  ) );
#13593 = PCURVE('',#12088,#13594);
#13594 = DEFINITIONAL_REPRESENTATION('',(#13595),#13599);
#13595 = LINE('',#13596,#13597);
#13596 = CARTESIAN_POINT('',(0.,0.));
#13597 = VECTOR('',#13598,1.);
#13598 = DIRECTION('',(0.,-1.));
#13599 = ( GEOMETRIC_REPRESENTATION_CONTEXT(2) 
PARAMETRIC_REPRESENTATION_CONTEXT() REPRESENTATION_CONTEXT('2D SPACE',''
  ) );
#13600 = ADVANCED_FACE('',(#13601),#12088,.F.);
#13601 = FACE_BOUND('',#13602,.F.);
#13602 = EDGE_LOOP('',(#13603,#13604,#13605,#13643));
#13603 = ORIENTED_EDGE('',*,*,#12072,.F.);
#13604 = ORIENTED_EDGE('',*,*,#13580,.T.);
#13605 = ORIENTED_EDGE('',*,*,#13606,.F.);
#13606 = EDGE_CURVE('',#13607,#13537,#13609,.T.);
#13607 = VERTEX_POINT('',#13608);
#13608 = CARTESIAN_POINT('',(-7.661865234375,16.4609375,18.4));
#13609 = SURFACE_CURVE('',#13610,(#13619,#13631),.PCURVE_S1.);
#13610 = B_SPLINE_CURVE_WITH_KNOTS('',7,(#13611,#13612,#13613,#13614,
    #13615,#13616,#13617,#13618),.UNSPECIFIED.,.F.,.F.,(8,8),(0.,1.),
  .PIECEWISE_BEZIER_KNOTS.);
#13611 = CARTESIAN_POINT('',(-7.661865234375,16.4609375,18.4));
#13612 = CARTESIAN_POINT('',(-7.522118345344,16.4609375,18.4));
#13613 = CARTESIAN_POINT('',(-7.388003075043,16.459003150394,18.4));
#13614 = CARTESIAN_POINT('',(-7.260148519096,16.454801322156,18.4));
#13615 = CARTESIAN_POINT('',(-7.140464136077,16.447843122029,18.4));
#13616 = CARTESIAN_POINT('',(-7.031999412301,16.437520150675,18.4));
#13617 = CARTESIAN_POINT('',(-6.939065724283,16.423072642731,18.4));
#13618 = CARTESIAN_POINT('',(-6.866455078125,16.40380859375,18.4));
#13619 = PCURVE('',#12088,#13620);
#13620 = DEFINITIONAL_REPRESENTATION('',(#13621),#13630);
#13621 = B_SPLINE_CURVE_WITH_KNOTS('',7,(#13622,#13623,#13624,#13625,
    #13626,#13627,#13628,#13629),.UNSPECIFIED.,.F.,.F.,(8,8),(0.,1.),
  .PIECEWISE_BEZIER_KNOTS.);
#13622 = CARTESIAN_POINT('',(1.,-0.6));
#13623 = CARTESIAN_POINT('',(0.879544769051,-0.6));
#13624 = CARTESIAN_POINT('',(0.753298542689,-0.6));
#13625 = CARTESIAN_POINT('',(0.619970283534,-0.6));
#13626 = CARTESIAN_POINT('',(0.478515359165,-0.6));
#13627 = CARTESIAN_POINT('',(0.328214116986,-0.6));
#13628 = CARTESIAN_POINT('',(0.168601591079,-0.6));
#13629 = CARTESIAN_POINT('',(0.,-0.6));
#13630 = ( GEOMETRIC_REPRESENTATION_CONTEXT(2) 
PARAMETRIC_REPRESENTATION_CONTEXT() REPRESENTATION_CONTEXT('2D SPACE',''
  ) );
#13631 = PCURVE('',#13230,#13632);
#13632 = DEFINITIONAL_REPRESENTATION('',(#13633),#13642);
#13633 = B_SPLINE_CURVE_WITH_KNOTS('',7,(#13634,#13635,#13636,#13637,
    #13638,#13639,#13640,#13641),.UNSPECIFIED.,.F.,.F.,(8,8),(0.,1.),
  .PIECEWISE_BEZIER_KNOTS.);
#13634 = CARTESIAN_POINT('',(-7.661865234375,16.4609375));
#13635 = CARTESIAN_POINT('',(-7.522118345344,16.4609375));
#13636 = CARTESIAN_POINT('',(-7.388003075043,16.459003150394));
#13637 = CARTESIAN_POINT('',(-7.260148519096,16.454801322156));
#13638 = CARTESIAN_POINT('',(-7.140464136077,16.447843122029));
#13639 = CARTESIAN_POINT('',(-7.031999412301,16.437520150675));
#13640 = CARTESIAN_POINT('',(-6.939065724283,16.423072642731));
#13641 = CARTESIAN_POINT('',(-6.866455078125,16.40380859375));
#13642 = ( GEOMETRIC_REPRESENTATION_CONTEXT(2) 
PARAMETRIC_REPRESENTATION_CONTEXT() REPRESENTATION_CONTEXT('2D SPACE',''
  ) );
#13643 = ORIENTED_EDGE('',*,*,#13644,.F.);
#13644 = EDGE_CURVE('',#12073,#13607,#13645,.T.);
#13645 = SURFACE_CURVE('',#13646,(#13650,#13657),.PCURVE_S1.);
#13646 = LINE('',#13647,#13648);
#13647 = CARTESIAN_POINT('',(-7.661865234375,16.4609375,17.8));
#13648 = VECTOR('',#13649,1.);
#13649 = DIRECTION('',(0.,0.,1.));
#13650 = PCURVE('',#12088,#13651);
#13651 = DEFINITIONAL_REPRESENTATION('',(#13652),#13656);
#13652 = LINE('',#13653,#13654);
#13653 = CARTESIAN_POINT('',(1.,0.));
#13654 = VECTOR('',#13655,1.);
#13655 = DIRECTION('',(0.,-1.));
#13656 = ( GEOMETRIC_REPRESENTATION_CONTEXT(2) 
PARAMETRIC_REPRESENTATION_CONTEXT() REPRESENTATION_CONTEXT('2D SPACE',''
  ) );
#13657 = PCURVE('',#12116,#13658);
#13658 = DEFINITIONAL_REPRESENTATION('',(#13659),#13663);
#13659 = LINE('',#13660,#13661);
#13660 = CARTESIAN_POINT('',(0.,-0.));
#13661 = VECTOR('',#13662,1.);
#13662 = DIRECTION('',(0.,-1.));
#13663 = ( GEOMETRIC_REPRESENTATION_CONTEXT(2) 
PARAMETRIC_REPRESENTATION_CONTEXT() REPRESENTATION_CONTEXT('2D SPACE',''
  ) );
#13664 = ADVANCED_FACE('',(#13665),#12116,.F.);
#13665 = FACE_BOUND('',#13666,.F.);
#13666 = EDGE_LOOP('',(#13667,#13668,#13669,#13688));
#13667 = ORIENTED_EDGE('',*,*,#12102,.F.);
#13668 = ORIENTED_EDGE('',*,*,#13644,.T.);
#13669 = ORIENTED_EDGE('',*,*,#13670,.F.);
#13670 = EDGE_CURVE('',#13193,#13607,#13671,.T.);
#13671 = SURFACE_CURVE('',#13672,(#13676,#13682),.PCURVE_S1.);
#13672 = LINE('',#13673,#13674);
#13673 = CARTESIAN_POINT('',(-3.830932617188,16.4609375,18.4));
#13674 = VECTOR('',#13675,1.);
#13675 = DIRECTION('',(1.,0.,-0.));
#13676 = PCURVE('',#12116,#13677);
#13677 = DEFINITIONAL_REPRESENTATION('',(#13678),#13681);
#13678 = B_SPLINE_CURVE_WITH_KNOTS('',1,(#13679,#13680),.UNSPECIFIED.,
  .F.,.F.,(2,2),(-5.478881835938,-3.830932617188),
  .PIECEWISE_BEZIER_KNOTS.);
#13679 = CARTESIAN_POINT('',(1.64794921875,-0.6));
#13680 = CARTESIAN_POINT('',(0.,-0.6));
#13681 = ( GEOMETRIC_REPRESENTATION_CONTEXT(2) 
PARAMETRIC_REPRESENTATION_CONTEXT() REPRESENTATION_CONTEXT('2D SPACE',''
  ) );
#13682 = PCURVE('',#13230,#13683);
#13683 = DEFINITIONAL_REPRESENTATION('',(#13684),#13687);
#13684 = B_SPLINE_CURVE_WITH_KNOTS('',1,(#13685,#13686),.UNSPECIFIED.,
  .F.,.F.,(2,2),(-5.478881835938,-3.830932617188),
  .PIECEWISE_BEZIER_KNOTS.);
#13685 = CARTESIAN_POINT('',(-9.309814453125,16.4609375));
#13686 = CARTESIAN_POINT('',(-7.661865234375,16.4609375));
#13687 = ( GEOMETRIC_REPRESENTATION_CONTEXT(2) 
PARAMETRIC_REPRESENTATION_CONTEXT() REPRESENTATION_CONTEXT('2D SPACE',''
  ) );
#13688 = ORIENTED_EDGE('',*,*,#13192,.F.);
#13689 = ADVANCED_FACE('',(#13690),#12163,.F.);
#13690 = FACE_BOUND('',#13691,.F.);
#13691 = EDGE_LOOP('',(#13692,#13715,#13716,#13717));
#13692 = ORIENTED_EDGE('',*,*,#13693,.T.);
#13693 = EDGE_CURVE('',#13694,#12147,#13696,.T.);
#13694 = VERTEX_POINT('',#13695);
#13695 = CARTESIAN_POINT('',(4.1,-1.004210375301E-15,3.6));
#13696 = SEAM_CURVE('',#13697,(#13701,#13708),.PCURVE_S1.);
#13697 = LINE('',#13698,#13699);
#13698 = CARTESIAN_POINT('',(4.1,-1.004210375301E-15,-1.));
#13699 = VECTOR('',#13700,1.);
#13700 = DIRECTION('',(0.,0.,1.));
#13701 = PCURVE('',#12163,#13702);
#13702 = DEFINITIONAL_REPRESENTATION('',(#13703),#13707);
#13703 = LINE('',#13704,#13705);
#13704 = CARTESIAN_POINT('',(6.28318530718,-0.));
#13705 = VECTOR('',#13706,1.);
#13706 = DIRECTION('',(0.,1.));
#13707 = ( GEOMETRIC_REPRESENTATION_CONTEXT(2) 
PARAMETRIC_REPRESENTATION_CONTEXT() REPRESENTATION_CONTEXT('2D SPACE',''
  ) );
#13708 = PCURVE('',#12163,#13709);
#13709 = DEFINITIONAL_REPRESENTATION('',(#13710),#13714);
#13710 = LINE('',#13711,#13712);
#13711 = CARTESIAN_POINT('',(0.,-0.));
#13712 = VECTOR('',#13713,1.);
#13713 = DIRECTION('',(0.,1.));
#13714 = ( GEOMETRIC_REPRESENTATION_CONTEXT(2) 
PARAMETRIC_REPRESENTATION_CONTEXT() REPRESENTATION_CONTEXT('2D SPACE',''
  ) );
#13715 = ORIENTED_EDGE('',*,*,#12146,.F.);
#13716 = ORIENTED_EDGE('',*,*,#13693,.F.);
#13717 = ORIENTED_EDGE('',*,*,#13718,.T.);
#13718 = EDGE_CURVE('',#13694,#13694,#13719,.T.);
#13719 = SURFACE_CURVE('',#13720,(#13725,#13732),.PCURVE_S1.);
#13720 = CIRCLE('',#13721,4.1);
#13721 = AXIS2_PLACEMENT_3D('',#13722,#13723,#13724);
#13722 = CARTESIAN_POINT('',(0.,0.,3.6));
#13723 = DIRECTION('',(0.,0.,1.));
#13724 = DIRECTION('',(1.,0.,-0.));
#13725 = PCURVE('',#12163,#13726);
#13726 = DEFINITIONAL_REPRESENTATION('',(#13727),#13731);
#13727 = LINE('',#13728,#13729);
#13728 = CARTESIAN_POINT('',(0.,4.6));
#13729 = VECTOR('',#13730,1.);
#13730 = DIRECTION('',(1.,0.));
#13731 = ( GEOMETRIC_REPRESENTATION_CONTEXT(2) 
PARAMETRIC_REPRESENTATION_CONTEXT() REPRESENTATION_CONTEXT('2D SPACE',''
  ) );
#13732 = PCURVE('',#12398,#13733);
#13733 = DEFINITIONAL_REPRESENTATION('',(#13734),#13738);
#13734 = CIRCLE('',#13735,4.1);
#13735 = AXIS2_PLACEMENT_2D('',#13736,#13737);
#13736 = CARTESIAN_POINT('',(0.,0.));
#13737 = DIRECTION('',(1.,0.));
#13738 = ( GEOMETRIC_REPRESENTATION_CONTEXT(2) 
PARAMETRIC_REPRESENTATION_CONTEXT() REPRESENTATION_CONTEXT('2D SPACE',''
  ) );
#13739 = ADVANCED_FACE('',(#13740),#12231,.F.);
#13740 = FACE_BOUND('',#13741,.F.);
#13741 = EDGE_LOOP('',(#13742,#13743,#13766,#13792));
#13742 = ORIENTED_EDGE('',*,*,#12213,.F.);
#13743 = ORIENTED_EDGE('',*,*,#13744,.T.);
#13744 = EDGE_CURVE('',#12214,#13745,#13747,.T.);
#13745 = VERTEX_POINT('',#13746);
#13746 = CARTESIAN_POINT('',(6.699462890625,15.31396484375,18.4));
#13747 = SURFACE_CURVE('',#13748,(#13752,#13759),.PCURVE_S1.);
#13748 = LINE('',#13749,#13750);
#13749 = CARTESIAN_POINT('',(6.699462890625,15.31396484375,17.8));
#13750 = VECTOR('',#13751,1.);
#13751 = DIRECTION('',(0.,0.,1.));
#13752 = PCURVE('',#12231,#13753);
#13753 = DEFINITIONAL_REPRESENTATION('',(#13754),#13758);
#13754 = LINE('',#13755,#13756);
#13755 = CARTESIAN_POINT('',(0.,0.));
#13756 = VECTOR('',#13757,1.);
#13757 = DIRECTION('',(0.,-1.));
#13758 = ( GEOMETRIC_REPRESENTATION_CONTEXT(2) 
PARAMETRIC_REPRESENTATION_CONTEXT() REPRESENTATION_CONTEXT('2D SPACE',''
  ) );
#13759 = PCURVE('',#12343,#13760);
#13760 = DEFINITIONAL_REPRESENTATION('',(#13761),#13765);
#13761 = LINE('',#13762,#13763);
#13762 = CARTESIAN_POINT('',(1.,0.));
#13763 = VECTOR('',#13764,1.);
#13764 = DIRECTION('',(0.,-1.));
#13765 = ( GEOMETRIC_REPRESENTATION_CONTEXT(2) 
PARAMETRIC_REPRESENTATION_CONTEXT() REPRESENTATION_CONTEXT('2D SPACE',''
  ) );
#13766 = ORIENTED_EDGE('',*,*,#13767,.F.);
#13767 = EDGE_CURVE('',#13768,#13745,#13770,.T.);
#13768 = VERTEX_POINT('',#13769);
#13769 = CARTESIAN_POINT('',(5.991943359375,13.42431640625,18.4));
#13770 = SURFACE_CURVE('',#13771,(#13775,#13781),.PCURVE_S1.);
#13771 = LINE('',#13772,#13773);
#13772 = CARTESIAN_POINT('',(3.773182862258,7.498434333205,18.4));
#13773 = VECTOR('',#13774,1.);
#13774 = DIRECTION('',(0.350646042374,0.936508063482,-0.));
#13775 = PCURVE('',#12231,#13776);
#13776 = DEFINITIONAL_REPRESENTATION('',(#13777),#13780);
#13777 = B_SPLINE_CURVE_WITH_KNOTS('',1,(#13778,#13779),.UNSPECIFIED.,
  .F.,.F.,(2,2),(6.327635931942,8.345395854343),
  .PIECEWISE_BEZIER_KNOTS.);
#13778 = CARTESIAN_POINT('',(2.017759922401,-0.6));
#13779 = CARTESIAN_POINT('',(0.,-0.6));
#13780 = ( GEOMETRIC_REPRESENTATION_CONTEXT(2) 
PARAMETRIC_REPRESENTATION_CONTEXT() REPRESENTATION_CONTEXT('2D SPACE',''
  ) );
#13781 = PCURVE('',#13782,#13787);
#13782 = PLANE('',#13783);
#13783 = AXIS2_PLACEMENT_3D('',#13784,#13785,#13786);
#13784 = CARTESIAN_POINT('',(0.,0.,18.4));
#13785 = DIRECTION('',(0.,0.,1.));
#13786 = DIRECTION('',(1.,0.,-0.));
#13787 = DEFINITIONAL_REPRESENTATION('',(#13788),#13791);
#13788 = B_SPLINE_CURVE_WITH_KNOTS('',1,(#13789,#13790),.UNSPECIFIED.,
  .F.,.F.,(2,2),(6.327635931942,8.345395854343),
  .PIECEWISE_BEZIER_KNOTS.);
#13789 = CARTESIAN_POINT('',(5.991943359375,13.42431640625));
#13790 = CARTESIAN_POINT('',(6.699462890625,15.31396484375));
#13791 = ( GEOMETRIC_REPRESENTATION_CONTEXT(2) 
PARAMETRIC_REPRESENTATION_CONTEXT() REPRESENTATION_CONTEXT('2D SPACE',''
  ) );
#13792 = ORIENTED_EDGE('',*,*,#13793,.F.);
#13793 = EDGE_CURVE('',#12216,#13768,#13794,.T.);
#13794 = SURFACE_CURVE('',#13795,(#13799,#13806),.PCURVE_S1.);
#13795 = LINE('',#13796,#13797);
#13796 = CARTESIAN_POINT('',(5.991943359375,13.42431640625,17.8));
#13797 = VECTOR('',#13798,1.);
#13798 = DIRECTION('',(0.,0.,1.));
#13799 = PCURVE('',#12231,#13800);
#13800 = DEFINITIONAL_REPRESENTATION('',(#13801),#13805);
#13801 = LINE('',#13802,#13803);
#13802 = CARTESIAN_POINT('',(2.017759922401,0.));
#13803 = VECTOR('',#13804,1.);
#13804 = DIRECTION('',(0.,-1.));
#13805 = ( GEOMETRIC_REPRESENTATION_CONTEXT(2) 
PARAMETRIC_REPRESENTATION_CONTEXT() REPRESENTATION_CONTEXT('2D SPACE',''
  ) );
#13806 = PCURVE('',#12259,#13807);
#13807 = DEFINITIONAL_REPRESENTATION('',(#13808),#13812);
#13808 = LINE('',#13809,#13810);
#13809 = CARTESIAN_POINT('',(0.,0.));
#13810 = VECTOR('',#13811,1.);
#13811 = DIRECTION('',(0.,-1.));
#13812 = ( GEOMETRIC_REPRESENTATION_CONTEXT(2) 
PARAMETRIC_REPRESENTATION_CONTEXT() REPRESENTATION_CONTEXT('2D SPACE',''
  ) );
#13813 = ADVANCED_FACE('',(#13814),#12259,.F.);
#13814 = FACE_BOUND('',#13815,.F.);
#13815 = EDGE_LOOP('',(#13816,#13817,#13818,#13839));
#13816 = ORIENTED_EDGE('',*,*,#12243,.F.);
#13817 = ORIENTED_EDGE('',*,*,#13793,.T.);
#13818 = ORIENTED_EDGE('',*,*,#13819,.F.);
#13819 = EDGE_CURVE('',#13820,#13768,#13822,.T.);
#13820 = VERTEX_POINT('',#13821);
#13821 = CARTESIAN_POINT('',(8.176025390625,13.42431640625,18.4));
#13822 = SURFACE_CURVE('',#13823,(#13827,#13833),.PCURVE_S1.);
#13823 = LINE('',#13824,#13825);
#13824 = CARTESIAN_POINT('',(2.995971679688,13.42431640625,18.4));
#13825 = VECTOR('',#13826,1.);
#13826 = DIRECTION('',(-1.,0.,0.));
#13827 = PCURVE('',#12259,#13828);
#13828 = DEFINITIONAL_REPRESENTATION('',(#13829),#13832);
#13829 = B_SPLINE_CURVE_WITH_KNOTS('',1,(#13830,#13831),.UNSPECIFIED.,
  .F.,.F.,(2,2),(-5.180053710938,-2.995971679688),
  .PIECEWISE_BEZIER_KNOTS.);
#13830 = CARTESIAN_POINT('',(2.18408203125,-0.6));
#13831 = CARTESIAN_POINT('',(0.,-0.6));
#13832 = ( GEOMETRIC_REPRESENTATION_CONTEXT(2) 
PARAMETRIC_REPRESENTATION_CONTEXT() REPRESENTATION_CONTEXT('2D SPACE',''
  ) );
#13833 = PCURVE('',#13782,#13834);
#13834 = DEFINITIONAL_REPRESENTATION('',(#13835),#13838);
#13835 = B_SPLINE_CURVE_WITH_KNOTS('',1,(#13836,#13837),.UNSPECIFIED.,
  .F.,.F.,(2,2),(-5.180053710938,-2.995971679688),
  .PIECEWISE_BEZIER_KNOTS.);
#13836 = CARTESIAN_POINT('',(8.176025390625,13.42431640625));
#13837 = CARTESIAN_POINT('',(5.991943359375,13.42431640625));
#13838 = ( GEOMETRIC_REPRESENTATION_CONTEXT(2) 
PARAMETRIC_REPRESENTATION_CONTEXT() REPRESENTATION_CONTEXT('2D SPACE',''
  ) );
#13839 = ORIENTED_EDGE('',*,*,#13840,.F.);
#13840 = EDGE_CURVE('',#12244,#13820,#13841,.T.);
#13841 = SURFACE_CURVE('',#13842,(#13846,#13853),.PCURVE_S1.);
#13842 = LINE('',#13843,#13844);
#13843 = CARTESIAN_POINT('',(8.176025390625,13.42431640625,17.8));
#13844 = VECTOR('',#13845,1.);
#13845 = DIRECTION('',(0.,0.,1.));
#13846 = PCURVE('',#12259,#13847);
#13847 = DEFINITIONAL_REPRESENTATION('',(#13848),#13852);
#13848 = LINE('',#13849,#13850);
#13849 = CARTESIAN_POINT('',(2.18408203125,0.));
#13850 = VECTOR('',#13851,1.);
#13851 = DIRECTION('',(0.,-1.));
#13852 = ( GEOMETRIC_REPRESENTATION_CONTEXT(2) 
PARAMETRIC_REPRESENTATION_CONTEXT() REPRESENTATION_CONTEXT('2D SPACE',''
  ) );
#13853 = PCURVE('',#12287,#13854);
#13854 = DEFINITIONAL_REPRESENTATION('',(#13855),#13859);
#13855 = LINE('',#13856,#13857);
#13856 = CARTESIAN_POINT('',(0.,0.));
#13857 = VECTOR('',#13858,1.);
#13858 = DIRECTION('',(0.,-1.));
#13859 = ( GEOMETRIC_REPRESENTATION_CONTEXT(2) 
PARAMETRIC_REPRESENTATION_CONTEXT() REPRESENTATION_CONTEXT('2D SPACE',''
  ) );
#13860 = ADVANCED_FACE('',(#13861),#12287,.F.);
#13861 = FACE_BOUND('',#13862,.F.);
#13862 = EDGE_LOOP('',(#13863,#13864,#13865,#13886));
#13863 = ORIENTED_EDGE('',*,*,#12271,.F.);
#13864 = ORIENTED_EDGE('',*,*,#13840,.T.);
#13865 = ORIENTED_EDGE('',*,*,#13866,.F.);
#13866 = EDGE_CURVE('',#13867,#13820,#13869,.T.);
#13867 = VERTEX_POINT('',#13868);
#13868 = CARTESIAN_POINT('',(7.503662109375,15.20849609375,18.4));
#13869 = SURFACE_CURVE('',#13870,(#13874,#13880),.PCURVE_S1.);
#13870 = LINE('',#13871,#13872);
#13871 = CARTESIAN_POINT('',(9.882575652662,8.895823554047,18.4));
#13872 = VECTOR('',#13873,1.);
#13873 = DIRECTION('',(0.352638484148,-0.935759637673,0.));
#13874 = PCURVE('',#12287,#13875);
#13875 = DEFINITIONAL_REPRESENTATION('',(#13876),#13879);
#13876 = B_SPLINE_CURVE_WITH_KNOTS('',1,(#13877,#13878),.UNSPECIFIED.,
  .F.,.F.,(2,2),(-6.746040634324,-4.839376128109),
  .PIECEWISE_BEZIER_KNOTS.);
#13877 = CARTESIAN_POINT('',(1.906664506215,-0.6));
#13878 = CARTESIAN_POINT('',(0.,-0.6));
#13879 = ( GEOMETRIC_REPRESENTATION_CONTEXT(2) 
PARAMETRIC_REPRESENTATION_CONTEXT() REPRESENTATION_CONTEXT('2D SPACE',''
  ) );
#13880 = PCURVE('',#13782,#13881);
#13881 = DEFINITIONAL_REPRESENTATION('',(#13882),#13885);
#13882 = B_SPLINE_CURVE_WITH_KNOTS('',1,(#13883,#13884),.UNSPECIFIED.,
  .F.,.F.,(2,2),(-6.746040634324,-4.839376128109),
  .PIECEWISE_BEZIER_KNOTS.);
#13883 = CARTESIAN_POINT('',(7.503662109375,15.20849609375));
#13884 = CARTESIAN_POINT('',(8.176025390625,13.42431640625));
#13885 = ( GEOMETRIC_REPRESENTATION_CONTEXT(2) 
PARAMETRIC_REPRESENTATION_CONTEXT() REPRESENTATION_CONTEXT('2D SPACE',''
  ) );
#13886 = ORIENTED_EDGE('',*,*,#13887,.F.);
#13887 = EDGE_CURVE('',#12272,#13867,#13888,.T.);
#13888 = SURFACE_CURVE('',#13889,(#13893,#13900),.PCURVE_S1.);
#13889 = LINE('',#13890,#13891);
#13890 = CARTESIAN_POINT('',(7.503662109375,15.20849609375,17.8));
#13891 = VECTOR('',#13892,1.);
#13892 = DIRECTION('',(0.,0.,1.));
#13893 = PCURVE('',#12287,#13894);
#13894 = DEFINITIONAL_REPRESENTATION('',(#13895),#13899);
#13895 = LINE('',#13896,#13897);
#13896 = CARTESIAN_POINT('',(1.906664506215,0.));
#13897 = VECTOR('',#13898,1.);
#13898 = DIRECTION('',(0.,-1.));
#13899 = ( GEOMETRIC_REPRESENTATION_CONTEXT(2) 
PARAMETRIC_REPRESENTATION_CONTEXT() REPRESENTATION_CONTEXT('2D SPACE',''
  ) );
#13900 = PCURVE('',#12315,#13901);
#13901 = DEFINITIONAL_REPRESENTATION('',(#13902),#13906);
#13902 = LINE('',#13903,#13904);
#13903 = CARTESIAN_POINT('',(0.,0.));
#13904 = VECTOR('',#13905,1.);
#13905 = DIRECTION('',(0.,-1.));
#13906 = ( GEOMETRIC_REPRESENTATION_CONTEXT(2) 
PARAMETRIC_REPRESENTATION_CONTEXT() REPRESENTATION_CONTEXT('2D SPACE',''
  ) );
#13907 = ADVANCED_FACE('',(#13908),#12315,.F.);
#13908 = FACE_BOUND('',#13909,.F.);
#13909 = EDGE_LOOP('',(#13910,#13911,#13912,#13950));
#13910 = ORIENTED_EDGE('',*,*,#12299,.F.);
#13911 = ORIENTED_EDGE('',*,*,#13887,.T.);
#13912 = ORIENTED_EDGE('',*,*,#13913,.F.);
#13913 = EDGE_CURVE('',#13914,#13867,#13916,.T.);
#13914 = VERTEX_POINT('',#13915);
#13915 = CARTESIAN_POINT('',(7.046630859375,16.54443359375,18.4));
#13916 = SURFACE_CURVE('',#13917,(#13926,#13938),.PCURVE_S1.);
#13917 = B_SPLINE_CURVE_WITH_KNOTS('',7,(#13918,#13919,#13920,#13921,
    #13922,#13923,#13924,#13925),.UNSPECIFIED.,.F.,.F.,(8,8),(0.,1.),
  .PIECEWISE_BEZIER_KNOTS.);
#13918 = CARTESIAN_POINT('',(7.046630859375,16.54443359375,18.4));
#13919 = CARTESIAN_POINT('',(7.096737804692,16.369059285141,18.4));
#13920 = CARTESIAN_POINT('',(7.15403483591,16.185816258522,18.4));
#13921 = CARTESIAN_POINT('',(7.216739728278,15.996990752329,18.4));
#13922 = CARTESIAN_POINT('',(7.283750594841,15.804034390972,18.4));
#13923 = CARTESIAN_POINT('',(7.354233323989,15.607976181017,18.4));
#13924 = CARTESIAN_POINT('',(7.427646994648,15.409393182672,18.4));
#13925 = CARTESIAN_POINT('',(7.503662109375,15.20849609375,18.4));
#13926 = PCURVE('',#12315,#13927);
#13927 = DEFINITIONAL_REPRESENTATION('',(#13928),#13937);
#13928 = B_SPLINE_CURVE_WITH_KNOTS('',7,(#13929,#13930,#13931,#13932,
    #13933,#13934,#13935,#13936),.UNSPECIFIED.,.F.,.F.,(8,8),(0.,1.),
  .PIECEWISE_BEZIER_KNOTS.);
#13929 = CARTESIAN_POINT('',(1.,-0.6));
#13930 = CARTESIAN_POINT('',(0.832321856195,-0.6));
#13931 = CARTESIAN_POINT('',(0.675311596093,-0.6));
#13932 = CARTESIAN_POINT('',(0.526999177005,-0.6));
#13933 = CARTESIAN_POINT('',(0.386243136737,-0.6));
#13934 = CARTESIAN_POINT('',(0.252039156074,-0.6));
#13935 = CARTESIAN_POINT('',(0.12355472616,-0.6));
#13936 = CARTESIAN_POINT('',(0.,-0.6));
#13937 = ( GEOMETRIC_REPRESENTATION_CONTEXT(2) 
PARAMETRIC_REPRESENTATION_CONTEXT() REPRESENTATION_CONTEXT('2D SPACE',''
  ) );
#13938 = PCURVE('',#13782,#13939);
#13939 = DEFINITIONAL_REPRESENTATION('',(#13940),#13949);
#13940 = B_SPLINE_CURVE_WITH_KNOTS('',7,(#13941,#13942,#13943,#13944,
    #13945,#13946,#13947,#13948),.UNSPECIFIED.,.F.,.F.,(8,8),(0.,1.),
  .PIECEWISE_BEZIER_KNOTS.);
#13941 = CARTESIAN_POINT('',(7.046630859375,16.54443359375));
#13942 = CARTESIAN_POINT('',(7.096737804692,16.369059285141));
#13943 = CARTESIAN_POINT('',(7.15403483591,16.185816258522));
#13944 = CARTESIAN_POINT('',(7.216739728278,15.996990752329));
#13945 = CARTESIAN_POINT('',(7.283750594841,15.804034390972));
#13946 = CARTESIAN_POINT('',(7.354233323989,15.607976181017));
#13947 = CARTESIAN_POINT('',(7.427646994648,15.409393182672));
#13948 = CARTESIAN_POINT('',(7.503662109375,15.20849609375));
#13949 = ( GEOMETRIC_REPRESENTATION_CONTEXT(2) 
PARAMETRIC_REPRESENTATION_CONTEXT() REPRESENTATION_CONTEXT('2D SPACE',''
  ) );
#13950 = ORIENTED_EDGE('',*,*,#13951,.F.);
#13951 = EDGE_CURVE('',#12300,#13914,#13952,.T.);
#13952 = SURFACE_CURVE('',#13953,(#13957,#13964),.PCURVE_S1.);
#13953 = LINE('',#13954,#13955);
#13954 = CARTESIAN_POINT('',(7.046630859375,16.54443359375,17.8));
#13955 = VECTOR('',#13956,1.);
#13956 = DIRECTION('',(0.,0.,1.));
#13957 = PCURVE('',#12315,#13958);
#13958 = DEFINITIONAL_REPRESENTATION('',(#13959),#13963);
#13959 = LINE('',#13960,#13961);
#13960 = CARTESIAN_POINT('',(1.,0.));
#13961 = VECTOR('',#13962,1.);
#13962 = DIRECTION('',(0.,-1.));
#13963 = ( GEOMETRIC_REPRESENTATION_CONTEXT(2) 
PARAMETRIC_REPRESENTATION_CONTEXT() REPRESENTATION_CONTEXT('2D SPACE',''
  ) );
#13964 = PCURVE('',#12343,#13965);
#13965 = DEFINITIONAL_REPRESENTATION('',(#13966),#13970);
#13966 = LINE('',#13967,#13968);
#13967 = CARTESIAN_POINT('',(0.,0.));
#13968 = VECTOR('',#13969,1.);
#13969 = DIRECTION('',(0.,-1.));
#13970 = ( GEOMETRIC_REPRESENTATION_CONTEXT(2) 
PARAMETRIC_REPRESENTATION_CONTEXT() REPRESENTATION_CONTEXT('2D SPACE',''
  ) );
#13971 = ADVANCED_FACE('',(#13972),#12343,.F.);
#13972 = FACE_BOUND('',#13973,.F.);
#13973 = EDGE_LOOP('',(#13974,#13975,#13976,#14006));
#13974 = ORIENTED_EDGE('',*,*,#12329,.F.);
#13975 = ORIENTED_EDGE('',*,*,#13951,.T.);
#13976 = ORIENTED_EDGE('',*,*,#13977,.F.);
#13977 = EDGE_CURVE('',#13745,#13914,#13978,.T.);
#13978 = SURFACE_CURVE('',#13979,(#13986,#13996),.PCURVE_S1.);
#13979 = B_SPLINE_CURVE_WITH_KNOTS('',5,(#13980,#13981,#13982,#13983,
    #13984,#13985),.UNSPECIFIED.,.F.,.F.,(6,6),(0.,1.),
  .PIECEWISE_BEZIER_KNOTS.);
#13980 = CARTESIAN_POINT('',(6.699462890625,15.31396484375,18.4));
#13981 = CARTESIAN_POINT('',(6.788182909014,15.555770384066,18.4));
#13982 = CARTESIAN_POINT('',(6.867567962868,15.799974442964,18.4));
#13983 = CARTESIAN_POINT('',(6.937272671698,16.046343736384,18.4));
#13984 = CARTESIAN_POINT('',(6.997019323551,16.294604074067,18.4));
#13985 = CARTESIAN_POINT('',(7.046630859375,16.54443359375,18.4));
#13986 = PCURVE('',#12343,#13987);
#13987 = DEFINITIONAL_REPRESENTATION('',(#13988),#13995);
#13988 = B_SPLINE_CURVE_WITH_KNOTS('',5,(#13989,#13990,#13991,#13992,
    #13993,#13994),.UNSPECIFIED.,.F.,.F.,(6,6),(0.,1.),
  .PIECEWISE_BEZIER_KNOTS.);
#13989 = CARTESIAN_POINT('',(1.,-0.6));
#13990 = CARTESIAN_POINT('',(0.802071244378,-0.6));
#13991 = CARTESIAN_POINT('',(0.602883794125,-0.6));
#13992 = CARTESIAN_POINT('',(0.402646522146,-0.6));
#13993 = CARTESIAN_POINT('',(0.201596082077,-0.6));
#13994 = CARTESIAN_POINT('',(0.,-0.6));
#13995 = ( GEOMETRIC_REPRESENTATION_CONTEXT(2) 
PARAMETRIC_REPRESENTATION_CONTEXT() REPRESENTATION_CONTEXT('2D SPACE',''
  ) );
#13996 = PCURVE('',#13782,#13997);
#13997 = DEFINITIONAL_REPRESENTATION('',(#13998),#14005);
#13998 = B_SPLINE_CURVE_WITH_KNOTS('',5,(#13999,#14000,#14001,#14002,
    #14003,#14004),.UNSPECIFIED.,.F.,.F.,(6,6),(0.,1.),
  .PIECEWISE_BEZIER_KNOTS.);
#13999 = CARTESIAN_POINT('',(6.699462890625,15.31396484375));
#14000 = CARTESIAN_POINT('',(6.788182909014,15.555770384066));
#14001 = CARTESIAN_POINT('',(6.867567962868,15.799974442964));
#14002 = CARTESIAN_POINT('',(6.937272671698,16.046343736384));
#14003 = CARTESIAN_POINT('',(6.997019323551,16.294604074067));
#14004 = CARTESIAN_POINT('',(7.046630859375,16.54443359375));
#14005 = ( GEOMETRIC_REPRESENTATION_CONTEXT(2) 
PARAMETRIC_REPRESENTATION_CONTEXT() REPRESENTATION_CONTEXT('2D SPACE',''
  ) );
#14006 = ORIENTED_EDGE('',*,*,#13744,.F.);
#14007 = ADVANCED_FACE('',(#14008,#14011),#12398,.F.);
#14008 = FACE_BOUND('',#14009,.F.);
#14009 = EDGE_LOOP('',(#14010));
#14010 = ORIENTED_EDGE('',*,*,#12383,.T.);
#14011 = FACE_BOUND('',#14012,.F.);
#14012 = EDGE_LOOP('',(#14013));
#14013 = ORIENTED_EDGE('',*,*,#13718,.F.);
#14014 = ADVANCED_FACE('',(#14015),#12493,.T.);
#14015 = FACE_BOUND('',#14016,.T.);
#14016 = EDGE_LOOP('',(#14017,#14018,#14019,#14020,#14021,#14022,#14023,
    #14024,#14025));
#14017 = ORIENTED_EDGE('',*,*,#12439,.F.);
#14018 = ORIENTED_EDGE('',*,*,#12550,.F.);
#14019 = ORIENTED_EDGE('',*,*,#12644,.F.);
#14020 = ORIENTED_EDGE('',*,*,#12726,.F.);
#14021 = ORIENTED_EDGE('',*,*,#12817,.F.);
#14022 = ORIENTED_EDGE('',*,*,#12887,.F.);
#14023 = ORIENTED_EDGE('',*,*,#12957,.F.);
#14024 = ORIENTED_EDGE('',*,*,#13027,.F.);
#14025 = ORIENTED_EDGE('',*,*,#13121,.F.);
#14026 = ADVANCED_FACE('',(#14027),#13230,.T.);
#14027 = FACE_BOUND('',#14028,.T.);
#14028 = EDGE_LOOP('',(#14029,#14030,#14031,#14032,#14033,#14034,#14035,
    #14036));
#14029 = ORIENTED_EDGE('',*,*,#13215,.F.);
#14030 = ORIENTED_EDGE('',*,*,#13267,.F.);
#14031 = ORIENTED_EDGE('',*,*,#13314,.F.);
#14032 = ORIENTED_EDGE('',*,*,#13390,.F.);
#14033 = ORIENTED_EDGE('',*,*,#13466,.F.);
#14034 = ORIENTED_EDGE('',*,*,#13536,.F.);
#14035 = ORIENTED_EDGE('',*,*,#13606,.F.);
#14036 = ORIENTED_EDGE('',*,*,#13670,.F.);
#14037 = ADVANCED_FACE('',(#14038),#13782,.T.);
#14038 = FACE_BOUND('',#14039,.T.);
#14039 = EDGE_LOOP('',(#14040,#14041,#14042,#14043,#14044));
#14040 = ORIENTED_EDGE('',*,*,#13767,.F.);
#14041 = ORIENTED_EDGE('',*,*,#13819,.F.);
#14042 = ORIENTED_EDGE('',*,*,#13866,.F.);
#14043 = ORIENTED_EDGE('',*,*,#13913,.F.);
#14044 = ORIENTED_EDGE('',*,*,#13977,.F.);
#14045 = ( GEOMETRIC_REPRESENTATION_CONTEXT(3) 
GLOBAL_UNCERTAINTY_ASSIGNED_CONTEXT((#14049)) 
GLOBAL_UNIT_ASSIGNED_CONTEXT((#14046,#14047,#14048)) 
REPRESENTATION_CONTEXT('Context #1',
  '3D Context with UNIT and UNCERTAINTY') );
#14046 = ( LENGTH_UNIT() NAMED_UNIT(*) SI_UNIT(.MILLI.,.METRE.) );
#14047 = ( NAMED_UNIT(*) PLANE_ANGLE_UNIT() SI_UNIT($,.RADIAN.) );
#14048 = ( NAMED_UNIT(*) SI_UNIT($,.STERADIAN.) SOLID_ANGLE_UNIT() );
#14049 = UNCERTAINTY_MEASURE_WITH_UNIT(LENGTH_MEASURE(2.E-06),#14046,
  'distance_accuracy_value','confusion accuracy');
#14050 = PRODUCT_RELATED_PRODUCT_CATEGORY('part',$,(#7));
ENDSEC;
END-ISO-10303-21;
