ISO-10303-21;
HEADER;
FILE_DESCRIPTION(('Open CASCADE Model'),'2;1');
FILE_NAME('Open CASCADE Shape Model','2026-08-02T16:45:44',('Author'),(
    'Open CASCADE'),'Open CASCADE STEP processor 7.9','build123d',
  'Unknown');
FILE_SCHEMA(('AUTOMOTIVE_DESIGN { 1 0 10303 214 1 1 1 1 }'));
ENDSEC;
DATA;
#1 = APPLICATION_PROTOCOL_DEFINITION('international standard',
  'automotive_design',2000,#2);
#2 = APPLICATION_CONTEXT(
  'core data for automotive mechanical design processes');
#3 = SHAPE_DEFINITION_REPRESENTATION(#4,#10);
#4 = PRODUCT_DEFINITION_SHAPE('','',#5);
#5 = PRODUCT_DEFINITION('design','',#6,#9);
#6 = PRODUCT_DEFINITION_FORMATION('','',#7);
#7 = PRODUCT('COMPOUND','COMPOUND','',(#8));
#8 = PRODUCT_CONTEXT('',#2,'mechanical');
#9 = PRODUCT_DEFINITION_CONTEXT('part definition',#2,'design');
#10 = ADVANCED_BREP_SHAPE_REPRESENTATION('',(#11,#15),#13669);
#11 = AXIS2_PLACEMENT_3D('',#12,#13,#14);
#12 = CARTESIAN_POINT('',(0.,0.,0.));
#13 = DIRECTION('',(0.,0.,1.));
#14 = DIRECTION('',(1.,0.,-0.));
#15 = MANIFOLD_SOLID_BREP('',#16);
#16 = CLOSED_SHELL('',(#17,#194,#248,#334,#369,#424,#479,#533,#568,#5582
    ,#5637,#5713,#5762,#5811,#5860,#5909,#5958,#6007,#6034,#6110,#6159,
    #6208,#6257,#6306,#6355,#6404,#6453,#6502,#6551,#6578,#6654,#6703,
    #6752,#6801,#6850,#6899,#6948,#6997,#7046,#7095,#7122,#7198,#7247,
    #7296,#7345,#7394,#7443,#7492,#7541,#7590,#7639,#7688,#7737,#7786,
    #7835,#7884,#7933,#7982,#8031,#8080,#8129,#8178,#8227,#8276,#8325,
    #8374,#8423,#8472,#8521,#8570,#8619,#8668,#8717,#8766,#8815,#8842,
    #8918,#8967,#9016,#9065,#9114,#9163,#9212,#9261,#9310,#9359,#9386,
    #9462,#9511,#9560,#9587,#9642,#9718,#9767,#9816,#9865,#9914,#9963,
    #10012,#10061,#10110,#10159,#10208,#10257,#10306,#10355,#10404,
    #10453,#10502,#10551,#10600,#10649,#10698,#10725,#10801,#10850,
    #10899,#10948,#10997,#11046,#11095,#11122,#11157,#11168,#11454,
    #11468,#11506,#11756,#11763,#11798,#11823,#11980,#12035,#12168,
    #12262,#12344,#12435,#12505,#12575,#12645,#12739,#12811,#12885,
    #12932,#13008,#13084,#13154,#13224,#13288,#13313,#13363,#13437,
    #13484,#13531,#13595,#13631,#13638,#13650,#13661));
#17 = ADVANCED_FACE('',(#18),#32,.T.);
#18 = FACE_BOUND('',#19,.T.);
#19 = EDGE_LOOP('',(#20,#50,#166,#167));
#20 = ORIENTED_EDGE('',*,*,#21,.T.);
#21 = EDGE_CURVE('',#22,#24,#26,.T.);
#22 = VERTEX_POINT('',#23);
#23 = CARTESIAN_POINT('',(22.734376656245,-1.392079080134E-15,
    1.175002649992));
#24 = VERTEX_POINT('',#25);
#25 = CARTESIAN_POINT('',(30.619995760013,0.,13.79199321602));
#26 = SEAM_CURVE('',#27,(#31,#43),.PCURVE_S1.);
#27 = LINE('',#28,#29);
#28 = CARTESIAN_POINT('',(22.,-5.388445916248E-15,0.));
#29 = VECTOR('',#30,1.);
#30 = DIRECTION('',(0.529998940003,-1.298123010853E-16,0.847998304005));
#31 = PCURVE('',#32,#37);
#32 = CONICAL_SURFACE('',#33,22.,0.558599315344);
#33 = AXIS2_PLACEMENT_3D('',#34,#35,#36);
#34 = CARTESIAN_POINT('',(0.,0.,0.));
#35 = DIRECTION('',(0.,0.,1.));
#36 = DIRECTION('',(1.,0.,-0.));
#37 = DEFINITIONAL_REPRESENTATION('',(#38),#42);
#38 = LINE('',#39,#40);
#39 = CARTESIAN_POINT('',(6.28318530718,-0.));
#40 = VECTOR('',#41,1.);
#41 = DIRECTION('',(0.,1.));
#42 = ( GEOMETRIC_REPRESENTATION_CONTEXT(2) 
PARAMETRIC_REPRESENTATION_CONTEXT() REPRESENTATION_CONTEXT('2D SPACE',''
  ) );
#43 = PCURVE('',#32,#44);
#44 = DEFINITIONAL_REPRESENTATION('',(#45),#49);
#45 = LINE('',#46,#47);
#46 = CARTESIAN_POINT('',(0.,-0.));
#47 = VECTOR('',#48,1.);
#48 = DIRECTION('',(0.,1.));
#49 = ( GEOMETRIC_REPRESENTATION_CONTEXT(2) 
PARAMETRIC_REPRESENTATION_CONTEXT() REPRESENTATION_CONTEXT('2D SPACE',''
  ) );
#50 = ORIENTED_EDGE('',*,*,#51,.F.);
#51 = EDGE_CURVE('',#24,#24,#52,.T.);
#52 = SURFACE_CURVE('',#53,(#74,#98),.PCURVE_S1.);
#53 = ( BOUNDED_CURVE() B_SPLINE_CURVE(10,(#54,#55,#56,#57,#58,#59,#60,
    #61,#62,#63,#64,#65,#66,#67,#68,#69,#70,#71,#72,#73),.UNSPECIFIED.,
.T.,.F.) B_SPLINE_CURVE_WITH_KNOTS((11,9,11),(4.964347978162E-15,
97.389372261284,194.77874452256),.UNSPECIFIED.) CURVE() 
GEOMETRIC_REPRESENTATION_ITEM() RATIONAL_B_SPLINE_CURVE((1.,1.,1.,
    1.000000000001,0.999999999999,1.000000000001,0.999999999999,
    1.000000000001,1.,1.,1.,1.,1.,1.,1.,1.,1.,1.,1.,1.)) 
REPRESENTATION_ITEM('') );
#54 = CARTESIAN_POINT('',(30.619995760013,0.,13.79199321602));
#55 = CARTESIAN_POINT('',(30.61999576001,9.480401736947,13.79199321602)
  );
#56 = CARTESIAN_POINT('',(27.358115590295,19.104546155482,13.79199321602
    ));
#57 = CARTESIAN_POINT('',(20.671667222999,27.522320611721,13.79199321602
    ));
#58 = CARTESIAN_POINT('',(11.085641701151,33.256861752955,13.79199321602
    ));
#59 = CARTESIAN_POINT('',(-7.922577372908E-03,35.210734365088,
    13.79199321602));
#60 = CARTESIAN_POINT('',(-11.0599760726,33.209918694685,13.79199321602)
  );
#61 = CARTESIAN_POINT('',(-20.54811999596,27.538198673416,13.79199321602
    ));
#62 = CARTESIAN_POINT('',(-27.26183408381,19.239400204412,13.79199321602
    ));
#63 = CARTESIAN_POINT('',(-30.61999576001,9.619555373262,13.79199321602)
  );
#64 = CARTESIAN_POINT('',(-30.61999576001,-9.619555373262,13.79199321602
    ));
#65 = CARTESIAN_POINT('',(-27.2618340838,-19.23940020441,13.79199321602)
  );
#66 = CARTESIAN_POINT('',(-20.54811999597,-27.53819867342,13.79199321602
    ));
#67 = CARTESIAN_POINT('',(-11.05997607259,-33.20991869466,13.79199321602
    ));
#68 = CARTESIAN_POINT('',(-7.922577382554E-03,-35.21073436511,
    13.791993216021));
#69 = CARTESIAN_POINT('',(11.085641701148,-33.25686175293,13.79199321602
    ));
#70 = CARTESIAN_POINT('',(20.671667223008,-27.52232061172,13.79199321602
    ));
#71 = CARTESIAN_POINT('',(27.358115590289,-19.10454615548,13.79199321602
    ));
#72 = CARTESIAN_POINT('',(30.619995760012,-9.480401736946,13.79199321602
    ));
#73 = CARTESIAN_POINT('',(30.619995760013,-7.499735959481E-15,
    13.79199321602));
#74 = PCURVE('',#32,#75);
#75 = DEFINITIONAL_REPRESENTATION('',(#76),#97);
#76 = B_SPLINE_CURVE_WITH_KNOTS('',10,(#77,#78,#79,#80,#81,#82,#83,#84,
    #85,#86,#87,#88,#89,#90,#91,#92,#93,#94,#95,#96),.UNSPECIFIED.,.F.,
  .F.,(11,9,11),(4.964347978162E-15,97.389372261284,194.77874452256),
  .UNSPECIFIED.);
#77 = CARTESIAN_POINT('',(2.22044604925E-16,13.79199321602));
#78 = CARTESIAN_POINT('',(0.309614730559,13.791993216021));
#79 = CARTESIAN_POINT('',(0.623927920447,13.791993216016));
#80 = CARTESIAN_POINT('',(0.940039634481,13.791993216029));
#81 = CARTESIAN_POINT('',(1.255847197979,13.791993216007));
#82 = CARTESIAN_POINT('',(1.5706544044,13.791993216035));
#83 = CARTESIAN_POINT('',(1.884959666759,13.791993216008));
#84 = CARTESIAN_POINT('',(2.199113516779,13.791993216027));
#85 = CARTESIAN_POINT('',(2.513274349252,13.791993216018));
#86 = CARTESIAN_POINT('',(2.827433388231,13.791993216021));
#87 = CARTESIAN_POINT('',(3.455751918949,13.79199321602));
#88 = CARTESIAN_POINT('',(3.769910957927,13.791993216019));
#89 = CARTESIAN_POINT('',(4.084071790403,13.791993216024));
#90 = CARTESIAN_POINT('',(4.398225640416,13.791993216014));
#91 = CARTESIAN_POINT('',(4.712530902784,13.791993216028));
#92 = CARTESIAN_POINT('',(5.027338109196,13.791993216014));
#93 = CARTESIAN_POINT('',(5.343145672701,13.791993216024));
#94 = CARTESIAN_POINT('',(5.659257386731,13.791993216019));
#95 = CARTESIAN_POINT('',(5.973570576621,13.791993216021));
#96 = CARTESIAN_POINT('',(6.28318530718,13.79199321602));
#97 = ( GEOMETRIC_REPRESENTATION_CONTEXT(2) 
PARAMETRIC_REPRESENTATION_CONTEXT() REPRESENTATION_CONTEXT('2D SPACE',''
  ) );
#98 = PCURVE('',#99,#160);
#99 = ( BOUNDED_SURFACE() B_SPLINE_SURFACE(2,10,(
    (#100,#101,#102,#103,#104,#105,#106,#107,#108,#109,#110,#111,#112
      ,#113,#114,#115,#116,#117,#118,#119)
    ,(#120,#121,#122,#123,#124,#125,#126,#127,#128,#129,#130,#131,#132
      ,#133,#134,#135,#136,#137,#138,#139)
    ,(#140,#141,#142,#143,#144,#145,#146,#147,#148,#149,#150,#151,#152
      ,#153,#154,#155,#156,#157,#158,#159
)),.UNSPECIFIED.,.F.,.T.,.F.) B_SPLINE_SURFACE_WITH_KNOTS((3,3),(11,9,11
    ),(0.,194.77874452256),(4.964347978162E-15,97.389372261284,
194.77874452256),.UNSPECIFIED.) GEOMETRIC_REPRESENTATION_ITEM() 
RATIONAL_B_SPLINE_SURFACE((
    (1.,1.,1.,1.000000000001,0.999999999999,1.000000000001
      ,0.999999999999,1.000000000001,1.,1.,1.,1.,1.,1.,1.,1.,1.,1.,1.,1.
      )
    ,(0.961248746164,0.961248746164,0.961248746164,0.961248746165
      ,0.961248746163,0.961248746166,0.961248746163,0.961248746165
      ,0.961248746164,0.961248746164,0.961248746164,0.961248746164
      ,0.961248746165,0.961248746164,0.961248746165,0.961248746164
      ,0.961248746165,0.961248746164,0.961248746164,0.961248746164)
    ,(1.,1.,1.,1.000000000001,0.999999999999,1.000000000001
      ,0.999999999999,1.000000000001,1.,1.,1.,1.,1.,1.,1.,1.,1.,1.,1.,1.
))) REPRESENTATION_ITEM('') SURFACE() );
#100 = CARTESIAN_POINT('',(30.619995760013,0.,13.79199321602));
#101 = CARTESIAN_POINT('',(30.61999576001,9.480401736947,13.79199321602)
  );
#102 = CARTESIAN_POINT('',(27.358115590295,19.104546155482,
    13.79199321602));
#103 = CARTESIAN_POINT('',(20.671667222999,27.522320611721,
    13.79199321602));
#104 = CARTESIAN_POINT('',(11.085641701151,33.256861752955,
    13.79199321602));
#105 = CARTESIAN_POINT('',(-7.922577372908E-03,35.210734365088,
    13.79199321602));
#106 = CARTESIAN_POINT('',(-11.0599760726,33.209918694685,13.79199321602
    ));
#107 = CARTESIAN_POINT('',(-20.54811999596,27.538198673416,
    13.79199321602));
#108 = CARTESIAN_POINT('',(-27.26183408381,19.239400204412,
    13.79199321602));
#109 = CARTESIAN_POINT('',(-30.61999576001,9.619555373262,13.79199321602
    ));
#110 = CARTESIAN_POINT('',(-30.61999576001,-9.619555373262,
    13.79199321602));
#111 = CARTESIAN_POINT('',(-27.2618340838,-19.23940020441,13.79199321602
    ));
#112 = CARTESIAN_POINT('',(-20.54811999597,-27.53819867342,
    13.79199321602));
#113 = CARTESIAN_POINT('',(-11.05997607259,-33.20991869466,
    13.79199321602));
#114 = CARTESIAN_POINT('',(-7.922577382554E-03,-35.21073436511,
    13.791993216021));
#115 = CARTESIAN_POINT('',(11.085641701148,-33.25686175293,
    13.79199321602));
#116 = CARTESIAN_POINT('',(20.671667223008,-27.52232061172,
    13.79199321602));
#117 = CARTESIAN_POINT('',(27.358115590289,-19.10454615548,
    13.79199321602));
#118 = CARTESIAN_POINT('',(30.619995760012,-9.480401736946,
    13.79199321602));
#119 = CARTESIAN_POINT('',(30.619995760013,-7.499735959481E-15,
    13.79199321602));
#120 = CARTESIAN_POINT('',(31.,-4.586608870483E-15,14.4));
#121 = CARTESIAN_POINT('',(30.999999999998,9.598056647322,14.4));
#122 = CARTESIAN_POINT('',(27.697638822232,19.341639870288,14.4));
#123 = CARTESIAN_POINT('',(20.928209426792,27.863881682101,14.4));
#124 = CARTESIAN_POINT('',(11.223218168581,33.669590369044,14.4));
#125 = CARTESIAN_POINT('',(-8.02089916858E-03,35.647711184314,14.4));
#126 = CARTESIAN_POINT('',(-11.19723402112,33.622064731949,14.4));
#127 = CARTESIAN_POINT('',(-20.80312893794,27.879956795775,14.4));
#128 = CARTESIAN_POINT('',(-27.60016243052,19.478167502415,14.4));
#129 = CARTESIAN_POINT('',(-30.99999999999,9.73893722613,14.4));
#130 = CARTESIAN_POINT('',(-31.,-9.73893722613,14.4));
#131 = CARTESIAN_POINT('',(-27.60016243051,-19.47816750241,14.4));
#132 = CARTESIAN_POINT('',(-20.80312893795,-27.87995679577,14.4));
#133 = CARTESIAN_POINT('',(-11.19723402111,-33.62206473194,14.4));
#134 = CARTESIAN_POINT('',(-8.020899177066E-03,-35.64771118432,14.4));
#135 = CARTESIAN_POINT('',(11.223218168579,-33.66959036903,14.4));
#136 = CARTESIAN_POINT('',(20.928209426799,-27.8638816821,14.4));
#137 = CARTESIAN_POINT('',(27.697638822227,-19.34163987028,14.4));
#138 = CARTESIAN_POINT('',(30.999999999999,-9.59805664732,14.4));
#139 = CARTESIAN_POINT('',(31.,6.933342788784E-14,14.4));
#140 = CARTESIAN_POINT('',(31.,0.,15.116990566028));
#141 = CARTESIAN_POINT('',(30.999999999997,9.598056647322,
    15.116990566028));
#142 = CARTESIAN_POINT('',(27.697638822233,19.341639870288,
    15.116990566028));
#143 = CARTESIAN_POINT('',(20.92820942679,27.8638816821,15.116990566028)
  );
#144 = CARTESIAN_POINT('',(11.223218168581,33.669590369045,
    15.116990566029));
#145 = CARTESIAN_POINT('',(-8.020899168156E-03,35.647711184313,
    15.116990566028));
#146 = CARTESIAN_POINT('',(-11.19723402112,33.622064731949,
    15.116990566028));
#147 = CARTESIAN_POINT('',(-20.80312893794,27.879956795775,
    15.116990566028));
#148 = CARTESIAN_POINT('',(-27.60016243052,19.478167502415,
    15.116990566028));
#149 = CARTESIAN_POINT('',(-30.99999999999,9.73893722613,15.116990566028
    ));
#150 = CARTESIAN_POINT('',(-31.,-9.73893722613,15.116990566028));
#151 = CARTESIAN_POINT('',(-27.60016243051,-19.47816750241,
    15.116990566028));
#152 = CARTESIAN_POINT('',(-20.80312893795,-27.87995679577,
    15.116990566028));
#153 = CARTESIAN_POINT('',(-11.1972340211,-33.62206473193,
    15.116990566028));
#154 = CARTESIAN_POINT('',(-8.020899183063E-03,-35.64771118433,
    15.116990566029));
#155 = CARTESIAN_POINT('',(11.223218168583,-33.66959036903,
    15.116990566028));
#156 = CARTESIAN_POINT('',(20.928209426797,-27.8638816821,
    15.116990566028));
#157 = CARTESIAN_POINT('',(27.697638822228,-19.34163987028,
    15.116990566028));
#158 = CARTESIAN_POINT('',(30.999999999999,-9.598056647321,
    15.116990566028));
#159 = CARTESIAN_POINT('',(31.,-7.592810154714E-15,15.116990566028));
#160 = DEFINITIONAL_REPRESENTATION('',(#161),#165);
#161 = LINE('',#162,#163);
#162 = CARTESIAN_POINT('',(0.,0.));
#163 = VECTOR('',#164,1.);
#164 = DIRECTION('',(0.,1.));
#165 = ( GEOMETRIC_REPRESENTATION_CONTEXT(2) 
PARAMETRIC_REPRESENTATION_CONTEXT() REPRESENTATION_CONTEXT('2D SPACE',''
  ) );
#166 = ORIENTED_EDGE('',*,*,#21,.F.);
#167 = ORIENTED_EDGE('',*,*,#168,.T.);
#168 = EDGE_CURVE('',#22,#22,#169,.T.);
#169 = SURFACE_CURVE('',#170,(#175,#182),.PCURVE_S1.);
#170 = CIRCLE('',#171,22.734376656245);
#171 = AXIS2_PLACEMENT_3D('',#172,#173,#174);
#172 = CARTESIAN_POINT('',(0.,0.,1.175002649992));
#173 = DIRECTION('',(0.,0.,1.));
#174 = DIRECTION('',(1.,-6.123233995737E-17,0.));
#175 = PCURVE('',#32,#176);
#176 = DEFINITIONAL_REPRESENTATION('',(#177),#181);
#177 = LINE('',#178,#179);
#178 = CARTESIAN_POINT('',(0.,1.175002649992));
#179 = VECTOR('',#180,1.);
#180 = DIRECTION('',(1.,0.));
#181 = ( GEOMETRIC_REPRESENTATION_CONTEXT(2) 
PARAMETRIC_REPRESENTATION_CONTEXT() REPRESENTATION_CONTEXT('2D SPACE',''
  ) );
#182 = PCURVE('',#183,#188);
#183 = TOROIDAL_SURFACE('',#184,20.614380896232,2.5);
#184 = AXIS2_PLACEMENT_3D('',#185,#186,#187);
#185 = CARTESIAN_POINT('',(0.,0.,2.5));
#186 = DIRECTION('',(-0.,-0.,-1.));
#187 = DIRECTION('',(1.,-6.123233995737E-17,0.));
#188 = DEFINITIONAL_REPRESENTATION('',(#189),#193);
#189 = LINE('',#190,#191);
#190 = CARTESIAN_POINT('',(-0.,0.558599315344));
#191 = VECTOR('',#192,1.);
#192 = DIRECTION('',(-1.,0.));
#193 = ( GEOMETRIC_REPRESENTATION_CONTEXT(2) 
PARAMETRIC_REPRESENTATION_CONTEXT() REPRESENTATION_CONTEXT('2D SPACE',''
  ) );
#194 = ADVANCED_FACE('',(#195),#183,.T.);
#195 = FACE_BOUND('',#196,.F.);
#196 = EDGE_LOOP('',(#197,#219,#220,#221));
#197 = ORIENTED_EDGE('',*,*,#198,.F.);
#198 = EDGE_CURVE('',#22,#199,#201,.T.);
#199 = VERTEX_POINT('',#200);
#200 = CARTESIAN_POINT('',(20.614380896232,-1.262266779049E-15,0.));
#201 = SEAM_CURVE('',#202,(#207,#213),.PCURVE_S1.);
#202 = CIRCLE('',#203,2.5);
#203 = AXIS2_PLACEMENT_3D('',#204,#205,#206);
#204 = CARTESIAN_POINT('',(20.614380896232,-1.262266779049E-15,2.5));
#205 = DIRECTION('',(6.123233995737E-17,1.,0.));
#206 = DIRECTION('',(1.,-6.123233995737E-17,0.));
#207 = PCURVE('',#183,#208);
#208 = DEFINITIONAL_REPRESENTATION('',(#209),#212);
#209 = B_SPLINE_CURVE_WITH_KNOTS('',1,(#210,#211),.UNSPECIFIED.,.F.,.F.,
  (2,2),(0.558599315344,1.570796326795),.PIECEWISE_BEZIER_KNOTS.);
#210 = CARTESIAN_POINT('',(0.,0.558599315344));
#211 = CARTESIAN_POINT('',(0.,1.570796326795));
#212 = ( GEOMETRIC_REPRESENTATION_CONTEXT(2) 
PARAMETRIC_REPRESENTATION_CONTEXT() REPRESENTATION_CONTEXT('2D SPACE',''
  ) );
#213 = PCURVE('',#183,#214);
#214 = DEFINITIONAL_REPRESENTATION('',(#215),#218);
#215 = B_SPLINE_CURVE_WITH_KNOTS('',1,(#216,#217),.UNSPECIFIED.,.F.,.F.,
  (2,2),(0.558599315344,1.570796326795),.PIECEWISE_BEZIER_KNOTS.);
#216 = CARTESIAN_POINT('',(-6.28318530718,0.558599315344));
#217 = CARTESIAN_POINT('',(-6.28318530718,1.570796326795));
#218 = ( GEOMETRIC_REPRESENTATION_CONTEXT(2) 
PARAMETRIC_REPRESENTATION_CONTEXT() REPRESENTATION_CONTEXT('2D SPACE',''
  ) );
#219 = ORIENTED_EDGE('',*,*,#168,.F.);
#220 = ORIENTED_EDGE('',*,*,#198,.T.);
#221 = ORIENTED_EDGE('',*,*,#222,.T.);
#222 = EDGE_CURVE('',#199,#199,#223,.T.);
#223 = SURFACE_CURVE('',#224,(#229,#236),.PCURVE_S1.);
#224 = CIRCLE('',#225,20.614380896232);
#225 = AXIS2_PLACEMENT_3D('',#226,#227,#228);
#226 = CARTESIAN_POINT('',(0.,0.,0.));
#227 = DIRECTION('',(0.,0.,1.));
#228 = DIRECTION('',(1.,-6.123233995737E-17,0.));
#229 = PCURVE('',#183,#230);
#230 = DEFINITIONAL_REPRESENTATION('',(#231),#235);
#231 = LINE('',#232,#233);
#232 = CARTESIAN_POINT('',(-0.,1.570796326795));
#233 = VECTOR('',#234,1.);
#234 = DIRECTION('',(-1.,0.));
#235 = ( GEOMETRIC_REPRESENTATION_CONTEXT(2) 
PARAMETRIC_REPRESENTATION_CONTEXT() REPRESENTATION_CONTEXT('2D SPACE',''
  ) );
#236 = PCURVE('',#237,#242);
#237 = PLANE('',#238);
#238 = AXIS2_PLACEMENT_3D('',#239,#240,#241);
#239 = CARTESIAN_POINT('',(0.,0.,0.));
#240 = DIRECTION('',(0.,0.,1.));
#241 = DIRECTION('',(1.,0.,-0.));
#242 = DEFINITIONAL_REPRESENTATION('',(#243),#247);
#243 = CIRCLE('',#244,20.614380896232);
#244 = AXIS2_PLACEMENT_2D('',#245,#246);
#245 = CARTESIAN_POINT('',(0.,0.));
#246 = DIRECTION('',(1.,-6.123233995737E-17));
#247 = ( GEOMETRIC_REPRESENTATION_CONTEXT(2) 
PARAMETRIC_REPRESENTATION_CONTEXT() REPRESENTATION_CONTEXT('2D SPACE',''
  ) );
#248 = ADVANCED_FACE('',(#249),#99,.F.);
#249 = FACE_BOUND('',#250,.F.);
#250 = EDGE_LOOP('',(#251,#272,#332,#333));
#251 = ORIENTED_EDGE('',*,*,#252,.T.);
#252 = EDGE_CURVE('',#24,#253,#255,.T.);
#253 = VERTEX_POINT('',#254);
#254 = CARTESIAN_POINT('',(31.,0.,15.116990566028));
#255 = SEAM_CURVE('',#256,(#260,#266),.PCURVE_S1.);
#256 = ( BOUNDED_CURVE() B_SPLINE_CURVE(2,(#257,#258,#259),
.UNSPECIFIED.,.F.,.F.) B_SPLINE_CURVE_WITH_KNOTS((3,3),(0.,
194.77874452256),.PIECEWISE_BEZIER_KNOTS.) CURVE() 
GEOMETRIC_REPRESENTATION_ITEM() RATIONAL_B_SPLINE_CURVE((1.,
0.961248746164,1.)) REPRESENTATION_ITEM('') );
#257 = CARTESIAN_POINT('',(30.619995760013,0.,13.79199321602));
#258 = CARTESIAN_POINT('',(31.,-4.586608870483E-15,14.4));
#259 = CARTESIAN_POINT('',(31.,0.,15.116990566028));
#260 = PCURVE('',#99,#261);
#261 = DEFINITIONAL_REPRESENTATION('',(#262),#265);
#262 = B_SPLINE_CURVE_WITH_KNOTS('',1,(#263,#264),.UNSPECIFIED.,.F.,.F.,
  (2,2),(0.,194.77874452256),.PIECEWISE_BEZIER_KNOTS.);
#263 = CARTESIAN_POINT('',(0.,4.964347978162E-15));
#264 = CARTESIAN_POINT('',(194.77874452256,4.964347978162E-15));
#265 = ( GEOMETRIC_REPRESENTATION_CONTEXT(2) 
PARAMETRIC_REPRESENTATION_CONTEXT() REPRESENTATION_CONTEXT('2D SPACE',''
  ) );
#266 = PCURVE('',#99,#267);
#267 = DEFINITIONAL_REPRESENTATION('',(#268),#271);
#268 = B_SPLINE_CURVE_WITH_KNOTS('',1,(#269,#270),.UNSPECIFIED.,.F.,.F.,
  (2,2),(0.,194.77874452256),.PIECEWISE_BEZIER_KNOTS.);
#269 = CARTESIAN_POINT('',(0.,194.77874452256));
#270 = CARTESIAN_POINT('',(194.77874452256,194.77874452256));
#271 = ( GEOMETRIC_REPRESENTATION_CONTEXT(2) 
PARAMETRIC_REPRESENTATION_CONTEXT() REPRESENTATION_CONTEXT('2D SPACE',''
  ) );
#272 = ORIENTED_EDGE('',*,*,#273,.T.);
#273 = EDGE_CURVE('',#253,#253,#274,.T.);
#274 = SURFACE_CURVE('',#275,(#296,#303),.PCURVE_S1.);
#275 = ( BOUNDED_CURVE() B_SPLINE_CURVE(10,(#276,#277,#278,#279,#280,
    #281,#282,#283,#284,#285,#286,#287,#288,#289,#290,#291,#292,#293,
#294,#295),.UNSPECIFIED.,.T.,.F.) B_SPLINE_CURVE_WITH_KNOTS((11,9,11),(
    4.964347978162E-15,97.389372261284,194.77874452256),.UNSPECIFIED.) 
CURVE() GEOMETRIC_REPRESENTATION_ITEM() RATIONAL_B_SPLINE_CURVE((1.,1.,
    1.,1.000000000001,0.999999999999,1.000000000001,0.999999999999,
    1.000000000001,1.,1.,1.,1.,1.,1.,1.,1.,1.,1.,1.,1.)) 
REPRESENTATION_ITEM('') );
#276 = CARTESIAN_POINT('',(31.,0.,15.116990566028));
#277 = CARTESIAN_POINT('',(30.999999999997,9.598056647322,
    15.116990566028));
#278 = CARTESIAN_POINT('',(27.697638822233,19.341639870288,
    15.116990566028));
#279 = CARTESIAN_POINT('',(20.92820942679,27.8638816821,15.116990566028)
  );
#280 = CARTESIAN_POINT('',(11.223218168581,33.669590369045,
    15.116990566029));
#281 = CARTESIAN_POINT('',(-8.020899168156E-03,35.647711184313,
    15.116990566028));
#282 = CARTESIAN_POINT('',(-11.19723402112,33.622064731949,
    15.116990566028));
#283 = CARTESIAN_POINT('',(-20.80312893794,27.879956795775,
    15.116990566028));
#284 = CARTESIAN_POINT('',(-27.60016243052,19.478167502415,
    15.116990566028));
#285 = CARTESIAN_POINT('',(-30.99999999999,9.73893722613,15.116990566028
    ));
#286 = CARTESIAN_POINT('',(-31.,-9.73893722613,15.116990566028));
#287 = CARTESIAN_POINT('',(-27.60016243051,-19.47816750241,
    15.116990566028));
#288 = CARTESIAN_POINT('',(-20.80312893795,-27.87995679577,
    15.116990566028));
#289 = CARTESIAN_POINT('',(-11.1972340211,-33.62206473193,
    15.116990566028));
#290 = CARTESIAN_POINT('',(-8.020899183063E-03,-35.64771118433,
    15.116990566029));
#291 = CARTESIAN_POINT('',(11.223218168583,-33.66959036903,
    15.116990566028));
#292 = CARTESIAN_POINT('',(20.928209426797,-27.8638816821,
    15.116990566028));
#293 = CARTESIAN_POINT('',(27.697638822228,-19.34163987028,
    15.116990566028));
#294 = CARTESIAN_POINT('',(30.999999999999,-9.598056647321,
    15.116990566028));
#295 = CARTESIAN_POINT('',(31.,-7.592810154714E-15,15.116990566028));
#296 = PCURVE('',#99,#297);
#297 = DEFINITIONAL_REPRESENTATION('',(#298),#302);
#298 = LINE('',#299,#300);
#299 = CARTESIAN_POINT('',(194.77874452256,0.));
#300 = VECTOR('',#301,1.);
#301 = DIRECTION('',(0.,1.));
#302 = ( GEOMETRIC_REPRESENTATION_CONTEXT(2) 
PARAMETRIC_REPRESENTATION_CONTEXT() REPRESENTATION_CONTEXT('2D SPACE',''
  ) );
#303 = PCURVE('',#304,#309);
#304 = CYLINDRICAL_SURFACE('',#305,31.);
#305 = AXIS2_PLACEMENT_3D('',#306,#307,#308);
#306 = CARTESIAN_POINT('',(0.,0.,14.4));
#307 = DIRECTION('',(0.,0.,1.));
#308 = DIRECTION('',(1.,0.,-0.));
#309 = DEFINITIONAL_REPRESENTATION('',(#310),#331);
#310 = B_SPLINE_CURVE_WITH_KNOTS('',10,(#311,#312,#313,#314,#315,#316,
    #317,#318,#319,#320,#321,#322,#323,#324,#325,#326,#327,#328,#329,
    #330),.UNSPECIFIED.,.F.,.F.,(11,9,11),(4.964347978162E-15,
    97.389372261284,194.77874452256),.UNSPECIFIED.);
#311 = CARTESIAN_POINT('',(4.440892098501E-16,0.716990566028));
#312 = CARTESIAN_POINT('',(0.309614730559,0.716990566028));
#313 = CARTESIAN_POINT('',(0.623927920447,0.716990566028));
#314 = CARTESIAN_POINT('',(0.940039634481,0.716990566029));
#315 = CARTESIAN_POINT('',(1.25584719798,0.716990566028));
#316 = CARTESIAN_POINT('',(1.570654404399,0.716990566029));
#317 = CARTESIAN_POINT('',(1.88495966676,0.716990566028));
#318 = CARTESIAN_POINT('',(2.199113516779,0.716990566029));
#319 = CARTESIAN_POINT('',(2.513274349252,0.716990566028));
#320 = CARTESIAN_POINT('',(2.827433388231,0.716990566028));
#321 = CARTESIAN_POINT('',(3.455751918949,0.716990566028));
#322 = CARTESIAN_POINT('',(3.769910957927,0.716990566028));
#323 = CARTESIAN_POINT('',(4.084071790403,0.716990566029));
#324 = CARTESIAN_POINT('',(4.398225640416,0.716990566028));
#325 = CARTESIAN_POINT('',(4.712530902784,0.716990566029));
#326 = CARTESIAN_POINT('',(5.027338109197,0.716990566028));
#327 = CARTESIAN_POINT('',(5.3431456727,0.716990566029));
#328 = CARTESIAN_POINT('',(5.659257386731,0.716990566028));
#329 = CARTESIAN_POINT('',(5.973570576621,0.716990566028));
#330 = CARTESIAN_POINT('',(6.28318530718,0.716990566028));
#331 = ( GEOMETRIC_REPRESENTATION_CONTEXT(2) 
PARAMETRIC_REPRESENTATION_CONTEXT() REPRESENTATION_CONTEXT('2D SPACE',''
  ) );
#332 = ORIENTED_EDGE('',*,*,#252,.F.);
#333 = ORIENTED_EDGE('',*,*,#51,.F.);
#334 = ADVANCED_FACE('',(#335,#338),#237,.F.);
#335 = FACE_BOUND('',#336,.F.);
#336 = EDGE_LOOP('',(#337));
#337 = ORIENTED_EDGE('',*,*,#222,.T.);
#338 = FACE_BOUND('',#339,.F.);
#339 = EDGE_LOOP('',(#340));
#340 = ORIENTED_EDGE('',*,*,#341,.F.);
#341 = EDGE_CURVE('',#342,#342,#344,.T.);
#342 = VERTEX_POINT('',#343);
#343 = CARTESIAN_POINT('',(13.,-3.184081677783E-15,0.));
#344 = SURFACE_CURVE('',#345,(#350,#357),.PCURVE_S1.);
#345 = CIRCLE('',#346,13.);
#346 = AXIS2_PLACEMENT_3D('',#347,#348,#349);
#347 = CARTESIAN_POINT('',(0.,0.,0.));
#348 = DIRECTION('',(0.,0.,1.));
#349 = DIRECTION('',(1.,0.,-0.));
#350 = PCURVE('',#237,#351);
#351 = DEFINITIONAL_REPRESENTATION('',(#352),#356);
#352 = CIRCLE('',#353,13.);
#353 = AXIS2_PLACEMENT_2D('',#354,#355);
#354 = CARTESIAN_POINT('',(0.,0.));
#355 = DIRECTION('',(1.,0.));
#356 = ( GEOMETRIC_REPRESENTATION_CONTEXT(2) 
PARAMETRIC_REPRESENTATION_CONTEXT() REPRESENTATION_CONTEXT('2D SPACE',''
  ) );
#357 = PCURVE('',#358,#363);
#358 = CYLINDRICAL_SURFACE('',#359,13.);
#359 = AXIS2_PLACEMENT_3D('',#360,#361,#362);
#360 = CARTESIAN_POINT('',(0.,0.,-1.E-02));
#361 = DIRECTION('',(0.,0.,1.));
#362 = DIRECTION('',(1.,0.,-0.));
#363 = DEFINITIONAL_REPRESENTATION('',(#364),#368);
#364 = LINE('',#365,#366);
#365 = CARTESIAN_POINT('',(0.,1.E-02));
#366 = VECTOR('',#367,1.);
#367 = DIRECTION('',(1.,0.));
#368 = ( GEOMETRIC_REPRESENTATION_CONTEXT(2) 
PARAMETRIC_REPRESENTATION_CONTEXT() REPRESENTATION_CONTEXT('2D SPACE',''
  ) );
#369 = ADVANCED_FACE('',(#370),#304,.T.);
#370 = FACE_BOUND('',#371,.T.);
#371 = EDGE_LOOP('',(#372,#395,#422,#423));
#372 = ORIENTED_EDGE('',*,*,#373,.T.);
#373 = EDGE_CURVE('',#253,#374,#376,.T.);
#374 = VERTEX_POINT('',#375);
#375 = CARTESIAN_POINT('',(31.,0.,15.9));
#376 = SEAM_CURVE('',#377,(#381,#388),.PCURVE_S1.);
#377 = LINE('',#378,#379);
#378 = CARTESIAN_POINT('',(31.,-7.592810154714E-15,14.4));
#379 = VECTOR('',#380,1.);
#380 = DIRECTION('',(0.,0.,1.));
#381 = PCURVE('',#304,#382);
#382 = DEFINITIONAL_REPRESENTATION('',(#383),#387);
#383 = LINE('',#384,#385);
#384 = CARTESIAN_POINT('',(6.28318530718,-0.));
#385 = VECTOR('',#386,1.);
#386 = DIRECTION('',(0.,1.));
#387 = ( GEOMETRIC_REPRESENTATION_CONTEXT(2) 
PARAMETRIC_REPRESENTATION_CONTEXT() REPRESENTATION_CONTEXT('2D SPACE',''
  ) );
#388 = PCURVE('',#304,#389);
#389 = DEFINITIONAL_REPRESENTATION('',(#390),#394);
#390 = LINE('',#391,#392);
#391 = CARTESIAN_POINT('',(0.,-0.));
#392 = VECTOR('',#393,1.);
#393 = DIRECTION('',(0.,1.));
#394 = ( GEOMETRIC_REPRESENTATION_CONTEXT(2) 
PARAMETRIC_REPRESENTATION_CONTEXT() REPRESENTATION_CONTEXT('2D SPACE',''
  ) );
#395 = ORIENTED_EDGE('',*,*,#396,.F.);
#396 = EDGE_CURVE('',#374,#374,#397,.T.);
#397 = SURFACE_CURVE('',#398,(#403,#410),.PCURVE_S1.);
#398 = CIRCLE('',#399,31.);
#399 = AXIS2_PLACEMENT_3D('',#400,#401,#402);
#400 = CARTESIAN_POINT('',(0.,0.,15.9));
#401 = DIRECTION('',(0.,0.,1.));
#402 = DIRECTION('',(1.,0.,-0.));
#403 = PCURVE('',#304,#404);
#404 = DEFINITIONAL_REPRESENTATION('',(#405),#409);
#405 = LINE('',#406,#407);
#406 = CARTESIAN_POINT('',(0.,1.5));
#407 = VECTOR('',#408,1.);
#408 = DIRECTION('',(1.,0.));
#409 = ( GEOMETRIC_REPRESENTATION_CONTEXT(2) 
PARAMETRIC_REPRESENTATION_CONTEXT() REPRESENTATION_CONTEXT('2D SPACE',''
  ) );
#410 = PCURVE('',#411,#416);
#411 = TOROIDAL_SURFACE('',#412,28.5,2.5);
#412 = AXIS2_PLACEMENT_3D('',#413,#414,#415);
#413 = CARTESIAN_POINT('',(0.,0.,15.9));
#414 = DIRECTION('',(0.,0.,1.));
#415 = DIRECTION('',(1.,0.,-0.));
#416 = DEFINITIONAL_REPRESENTATION('',(#417),#421);
#417 = LINE('',#418,#419);
#418 = CARTESIAN_POINT('',(0.,0.));
#419 = VECTOR('',#420,1.);
#420 = DIRECTION('',(1.,0.));
#421 = ( GEOMETRIC_REPRESENTATION_CONTEXT(2) 
PARAMETRIC_REPRESENTATION_CONTEXT() REPRESENTATION_CONTEXT('2D SPACE',''
  ) );
#422 = ORIENTED_EDGE('',*,*,#373,.F.);
#423 = ORIENTED_EDGE('',*,*,#273,.T.);
#424 = ADVANCED_FACE('',(#425),#358,.F.);
#425 = FACE_BOUND('',#426,.F.);
#426 = EDGE_LOOP('',(#427,#450,#477,#478));
#427 = ORIENTED_EDGE('',*,*,#428,.T.);
#428 = EDGE_CURVE('',#342,#429,#431,.T.);
#429 = VERTEX_POINT('',#430);
#430 = CARTESIAN_POINT('',(13.,-3.184081677783E-15,0.6));
#431 = SEAM_CURVE('',#432,(#436,#443),.PCURVE_S1.);
#432 = LINE('',#433,#434);
#433 = CARTESIAN_POINT('',(13.,-3.184081677783E-15,-1.E-02));
#434 = VECTOR('',#435,1.);
#435 = DIRECTION('',(0.,0.,1.));
#436 = PCURVE('',#358,#437);
#437 = DEFINITIONAL_REPRESENTATION('',(#438),#442);
#438 = LINE('',#439,#440);
#439 = CARTESIAN_POINT('',(6.28318530718,-0.));
#440 = VECTOR('',#441,1.);
#441 = DIRECTION('',(0.,1.));
#442 = ( GEOMETRIC_REPRESENTATION_CONTEXT(2) 
PARAMETRIC_REPRESENTATION_CONTEXT() REPRESENTATION_CONTEXT('2D SPACE',''
  ) );
#443 = PCURVE('',#358,#444);
#444 = DEFINITIONAL_REPRESENTATION('',(#445),#449);
#445 = LINE('',#446,#447);
#446 = CARTESIAN_POINT('',(0.,-0.));
#447 = VECTOR('',#448,1.);
#448 = DIRECTION('',(0.,1.));
#449 = ( GEOMETRIC_REPRESENTATION_CONTEXT(2) 
PARAMETRIC_REPRESENTATION_CONTEXT() REPRESENTATION_CONTEXT('2D SPACE',''
  ) );
#450 = ORIENTED_EDGE('',*,*,#451,.F.);
#451 = EDGE_CURVE('',#429,#429,#452,.T.);
#452 = SURFACE_CURVE('',#453,(#458,#465),.PCURVE_S1.);
#453 = CIRCLE('',#454,13.);
#454 = AXIS2_PLACEMENT_3D('',#455,#456,#457);
#455 = CARTESIAN_POINT('',(0.,0.,0.6));
#456 = DIRECTION('',(0.,0.,1.));
#457 = DIRECTION('',(1.,0.,-0.));
#458 = PCURVE('',#358,#459);
#459 = DEFINITIONAL_REPRESENTATION('',(#460),#464);
#460 = LINE('',#461,#462);
#461 = CARTESIAN_POINT('',(0.,0.61));
#462 = VECTOR('',#463,1.);
#463 = DIRECTION('',(1.,0.));
#464 = ( GEOMETRIC_REPRESENTATION_CONTEXT(2) 
PARAMETRIC_REPRESENTATION_CONTEXT() REPRESENTATION_CONTEXT('2D SPACE',''
  ) );
#465 = PCURVE('',#466,#471);
#466 = PLANE('',#467);
#467 = AXIS2_PLACEMENT_3D('',#468,#469,#470);
#468 = CARTESIAN_POINT('',(0.,0.,0.6));
#469 = DIRECTION('',(0.,0.,1.));
#470 = DIRECTION('',(1.,0.,-0.));
#471 = DEFINITIONAL_REPRESENTATION('',(#472),#476);
#472 = CIRCLE('',#473,13.);
#473 = AXIS2_PLACEMENT_2D('',#474,#475);
#474 = CARTESIAN_POINT('',(0.,0.));
#475 = DIRECTION('',(1.,0.));
#476 = ( GEOMETRIC_REPRESENTATION_CONTEXT(2) 
PARAMETRIC_REPRESENTATION_CONTEXT() REPRESENTATION_CONTEXT('2D SPACE',''
  ) );
#477 = ORIENTED_EDGE('',*,*,#428,.F.);
#478 = ORIENTED_EDGE('',*,*,#341,.T.);
#479 = ADVANCED_FACE('',(#480),#411,.T.);
#480 = FACE_BOUND('',#481,.T.);
#481 = EDGE_LOOP('',(#482,#504,#505,#506));
#482 = ORIENTED_EDGE('',*,*,#483,.F.);
#483 = EDGE_CURVE('',#374,#484,#486,.T.);
#484 = VERTEX_POINT('',#485);
#485 = CARTESIAN_POINT('',(28.5,0.,18.4));
#486 = SEAM_CURVE('',#487,(#492,#498),.PCURVE_S1.);
#487 = CIRCLE('',#488,2.5);
#488 = AXIS2_PLACEMENT_3D('',#489,#490,#491);
#489 = CARTESIAN_POINT('',(28.5,0.,15.9));
#490 = DIRECTION('',(0.,-1.,0.));
#491 = DIRECTION('',(1.,0.,0.));
#492 = PCURVE('',#411,#493);
#493 = DEFINITIONAL_REPRESENTATION('',(#494),#497);
#494 = B_SPLINE_CURVE_WITH_KNOTS('',1,(#495,#496),.UNSPECIFIED.,.F.,.F.,
  (2,2),(0.,1.570796326795),.PIECEWISE_BEZIER_KNOTS.);
#495 = CARTESIAN_POINT('',(0.,0.));
#496 = CARTESIAN_POINT('',(0.,1.570796326795));
#497 = ( GEOMETRIC_REPRESENTATION_CONTEXT(2) 
PARAMETRIC_REPRESENTATION_CONTEXT() REPRESENTATION_CONTEXT('2D SPACE',''
  ) );
#498 = PCURVE('',#411,#499);
#499 = DEFINITIONAL_REPRESENTATION('',(#500),#503);
#500 = B_SPLINE_CURVE_WITH_KNOTS('',1,(#501,#502),.UNSPECIFIED.,.F.,.F.,
  (2,2),(0.,1.570796326795),.PIECEWISE_BEZIER_KNOTS.);
#501 = CARTESIAN_POINT('',(6.28318530718,0.));
#502 = CARTESIAN_POINT('',(6.28318530718,1.570796326795));
#503 = ( GEOMETRIC_REPRESENTATION_CONTEXT(2) 
PARAMETRIC_REPRESENTATION_CONTEXT() REPRESENTATION_CONTEXT('2D SPACE',''
  ) );
#504 = ORIENTED_EDGE('',*,*,#396,.T.);
#505 = ORIENTED_EDGE('',*,*,#483,.T.);
#506 = ORIENTED_EDGE('',*,*,#507,.F.);
#507 = EDGE_CURVE('',#484,#484,#508,.T.);
#508 = SURFACE_CURVE('',#509,(#514,#521),.PCURVE_S1.);
#509 = CIRCLE('',#510,28.5);
#510 = AXIS2_PLACEMENT_3D('',#511,#512,#513);
#511 = CARTESIAN_POINT('',(0.,0.,18.4));
#512 = DIRECTION('',(0.,0.,1.));
#513 = DIRECTION('',(1.,0.,-0.));
#514 = PCURVE('',#411,#515);
#515 = DEFINITIONAL_REPRESENTATION('',(#516),#520);
#516 = LINE('',#517,#518);
#517 = CARTESIAN_POINT('',(0.,1.570796326795));
#518 = VECTOR('',#519,1.);
#519 = DIRECTION('',(1.,0.));
#520 = ( GEOMETRIC_REPRESENTATION_CONTEXT(2) 
PARAMETRIC_REPRESENTATION_CONTEXT() REPRESENTATION_CONTEXT('2D SPACE',''
  ) );
#521 = PCURVE('',#522,#527);
#522 = PLANE('',#523);
#523 = AXIS2_PLACEMENT_3D('',#524,#525,#526);
#524 = CARTESIAN_POINT('',(0.,0.,18.4));
#525 = DIRECTION('',(0.,0.,1.));
#526 = DIRECTION('',(1.,0.,-0.));
#527 = DEFINITIONAL_REPRESENTATION('',(#528),#532);
#528 = CIRCLE('',#529,28.5);
#529 = AXIS2_PLACEMENT_2D('',#530,#531);
#530 = CARTESIAN_POINT('',(0.,0.));
#531 = DIRECTION('',(1.,0.));
#532 = ( GEOMETRIC_REPRESENTATION_CONTEXT(2) 
PARAMETRIC_REPRESENTATION_CONTEXT() REPRESENTATION_CONTEXT('2D SPACE',''
  ) );
#533 = ADVANCED_FACE('',(#534,#537),#466,.F.);
#534 = FACE_BOUND('',#535,.F.);
#535 = EDGE_LOOP('',(#536));
#536 = ORIENTED_EDGE('',*,*,#451,.T.);
#537 = FACE_BOUND('',#538,.F.);
#538 = EDGE_LOOP('',(#539));
#539 = ORIENTED_EDGE('',*,*,#540,.F.);
#540 = EDGE_CURVE('',#541,#541,#543,.T.);
#541 = VERTEX_POINT('',#542);
#542 = CARTESIAN_POINT('',(12.,-2.939152317954E-15,0.6));
#543 = SURFACE_CURVE('',#544,(#549,#556),.PCURVE_S1.);
#544 = CIRCLE('',#545,12.);
#545 = AXIS2_PLACEMENT_3D('',#546,#547,#548);
#546 = CARTESIAN_POINT('',(0.,0.,0.6));
#547 = DIRECTION('',(0.,0.,1.));
#548 = DIRECTION('',(1.,0.,-0.));
#549 = PCURVE('',#466,#550);
#550 = DEFINITIONAL_REPRESENTATION('',(#551),#555);
#551 = CIRCLE('',#552,12.);
#552 = AXIS2_PLACEMENT_2D('',#553,#554);
#553 = CARTESIAN_POINT('',(0.,0.));
#554 = DIRECTION('',(1.,0.));
#555 = ( GEOMETRIC_REPRESENTATION_CONTEXT(2) 
PARAMETRIC_REPRESENTATION_CONTEXT() REPRESENTATION_CONTEXT('2D SPACE',''
  ) );
#556 = PCURVE('',#557,#562);
#557 = CYLINDRICAL_SURFACE('',#558,12.);
#558 = AXIS2_PLACEMENT_3D('',#559,#560,#561);
#559 = CARTESIAN_POINT('',(0.,0.,-1.E-02));
#560 = DIRECTION('',(0.,0.,1.));
#561 = DIRECTION('',(1.,0.,-0.));
#562 = DEFINITIONAL_REPRESENTATION('',(#563),#567);
#563 = LINE('',#564,#565);
#564 = CARTESIAN_POINT('',(0.,0.61));
#565 = VECTOR('',#566,1.);
#566 = DIRECTION('',(1.,0.));
#567 = ( GEOMETRIC_REPRESENTATION_CONTEXT(2) 
PARAMETRIC_REPRESENTATION_CONTEXT() REPRESENTATION_CONTEXT('2D SPACE',''
  ) );
#568 = ADVANCED_FACE('',(#569,#572,#782,#1420,#1734,#3564,#4026,#4132,
    #4163,#5372),#522,.T.);
#569 = FACE_BOUND('',#570,.T.);
#570 = EDGE_LOOP('',(#571));
#571 = ORIENTED_EDGE('',*,*,#507,.T.);
#572 = FACE_BOUND('',#573,.T.);
#573 = EDGE_LOOP('',(#574,#602,#628,#654,#680,#706,#732,#758));
#574 = ORIENTED_EDGE('',*,*,#575,.F.);
#575 = EDGE_CURVE('',#576,#578,#580,.T.);
#576 = VERTEX_POINT('',#577);
#577 = CARTESIAN_POINT('',(-9.70751958125,-17.22338867187,18.4));
#578 = VERTEX_POINT('',#579);
#579 = CARTESIAN_POINT('',(-8.85498051875,-17.22338867187,18.4));
#580 = SURFACE_CURVE('',#581,(#585,#591),.PCURVE_S1.);
#581 = LINE('',#582,#583);
#582 = CARTESIAN_POINT('',(-4.427490259375,-17.22338867187,18.4));
#583 = VECTOR('',#584,1.);
#584 = DIRECTION('',(1.,0.,-0.));
#585 = PCURVE('',#522,#586);
#586 = DEFINITIONAL_REPRESENTATION('',(#587),#590);
#587 = B_SPLINE_CURVE_WITH_KNOTS('',1,(#588,#589),.UNSPECIFIED.,.F.,.F.,
  (2,2),(-5.280029321875,-4.427490259375),.PIECEWISE_BEZIER_KNOTS.);
#588 = CARTESIAN_POINT('',(-9.70751958125,-17.22338867187));
#589 = CARTESIAN_POINT('',(-8.85498051875,-17.22338867187));
#590 = ( GEOMETRIC_REPRESENTATION_CONTEXT(2) 
PARAMETRIC_REPRESENTATION_CONTEXT() REPRESENTATION_CONTEXT('2D SPACE',''
  ) );
#591 = PCURVE('',#592,#597);
#592 = PLANE('',#593);
#593 = AXIS2_PLACEMENT_3D('',#594,#595,#596);
#594 = CARTESIAN_POINT('',(-8.85498051875,-17.22338867187,17.8));
#595 = DIRECTION('',(0.,-1.,0.));
#596 = DIRECTION('',(-1.,0.,0.));
#597 = DEFINITIONAL_REPRESENTATION('',(#598),#601);
#598 = B_SPLINE_CURVE_WITH_KNOTS('',1,(#599,#600),.UNSPECIFIED.,.F.,.F.,
  (2,2),(-5.280029321875,-4.427490259375),.PIECEWISE_BEZIER_KNOTS.);
#599 = CARTESIAN_POINT('',(0.8525390625,-0.6));
#600 = CARTESIAN_POINT('',(0.,-0.6));
#601 = ( GEOMETRIC_REPRESENTATION_CONTEXT(2) 
PARAMETRIC_REPRESENTATION_CONTEXT() REPRESENTATION_CONTEXT('2D SPACE',''
  ) );
#602 = ORIENTED_EDGE('',*,*,#603,.F.);
#603 = EDGE_CURVE('',#604,#576,#606,.T.);
#604 = VERTEX_POINT('',#605);
#605 = CARTESIAN_POINT('',(-9.70751958125,-11.54125976562,18.4));
#606 = SURFACE_CURVE('',#607,(#611,#617),.PCURVE_S1.);
#607 = LINE('',#608,#609);
#608 = CARTESIAN_POINT('',(-9.70751958125,-8.611694335938,18.4));
#609 = VECTOR('',#610,1.);
#610 = DIRECTION('',(0.,-1.,0.));
#611 = PCURVE('',#522,#612);
#612 = DEFINITIONAL_REPRESENTATION('',(#613),#616);
#613 = B_SPLINE_CURVE_WITH_KNOTS('',1,(#614,#615),.UNSPECIFIED.,.F.,.F.,
  (2,2),(2.929565429688,8.611694335938),.PIECEWISE_BEZIER_KNOTS.);
#614 = CARTESIAN_POINT('',(-9.70751958125,-11.54125976562));
#615 = CARTESIAN_POINT('',(-9.70751958125,-17.22338867187));
#616 = ( GEOMETRIC_REPRESENTATION_CONTEXT(2) 
PARAMETRIC_REPRESENTATION_CONTEXT() REPRESENTATION_CONTEXT('2D SPACE',''
  ) );
#617 = PCURVE('',#618,#623);
#618 = PLANE('',#619);
#619 = AXIS2_PLACEMENT_3D('',#620,#621,#622);
#620 = CARTESIAN_POINT('',(-9.70751958125,-17.22338867187,17.8));
#621 = DIRECTION('',(-1.,0.,0.));
#622 = DIRECTION('',(0.,1.,0.));
#623 = DEFINITIONAL_REPRESENTATION('',(#624),#627);
#624 = B_SPLINE_CURVE_WITH_KNOTS('',1,(#625,#626),.UNSPECIFIED.,.F.,.F.,
  (2,2),(2.929565429688,8.611694335938),.PIECEWISE_BEZIER_KNOTS.);
#625 = CARTESIAN_POINT('',(5.68212890625,-0.6));
#626 = CARTESIAN_POINT('',(0.,-0.6));
#627 = ( GEOMETRIC_REPRESENTATION_CONTEXT(2) 
PARAMETRIC_REPRESENTATION_CONTEXT() REPRESENTATION_CONTEXT('2D SPACE',''
  ) );
#628 = ORIENTED_EDGE('',*,*,#629,.F.);
#629 = EDGE_CURVE('',#630,#604,#632,.T.);
#630 = VERTEX_POINT('',#631);
#631 = CARTESIAN_POINT('',(-11.830078175,-11.54125976562,18.4));
#632 = SURFACE_CURVE('',#633,(#637,#643),.PCURVE_S1.);
#633 = LINE('',#634,#635);
#634 = CARTESIAN_POINT('',(-4.853759790625,-11.54125976562,18.4));
#635 = VECTOR('',#636,1.);
#636 = DIRECTION('',(1.,0.,-0.));
#637 = PCURVE('',#522,#638);
#638 = DEFINITIONAL_REPRESENTATION('',(#639),#642);
#639 = B_SPLINE_CURVE_WITH_KNOTS('',1,(#640,#641),.UNSPECIFIED.,.F.,.F.,
  (2,2),(-6.976318384375,-4.853759790625),.PIECEWISE_BEZIER_KNOTS.);
#640 = CARTESIAN_POINT('',(-11.830078175,-11.54125976562));
#641 = CARTESIAN_POINT('',(-9.70751958125,-11.54125976562));
#642 = ( GEOMETRIC_REPRESENTATION_CONTEXT(2) 
PARAMETRIC_REPRESENTATION_CONTEXT() REPRESENTATION_CONTEXT('2D SPACE',''
  ) );
#643 = PCURVE('',#644,#649);
#644 = PLANE('',#645);
#645 = AXIS2_PLACEMENT_3D('',#646,#647,#648);
#646 = CARTESIAN_POINT('',(-9.70751958125,-11.54125976562,17.8));
#647 = DIRECTION('',(0.,-1.,0.));
#648 = DIRECTION('',(-1.,0.,0.));
#649 = DEFINITIONAL_REPRESENTATION('',(#650),#653);
#650 = B_SPLINE_CURVE_WITH_KNOTS('',1,(#651,#652),.UNSPECIFIED.,.F.,.F.,
  (2,2),(-6.976318384375,-4.853759790625),.PIECEWISE_BEZIER_KNOTS.);
#651 = CARTESIAN_POINT('',(2.12255859375,-0.6));
#652 = CARTESIAN_POINT('',(0.,-0.6));
#653 = ( GEOMETRIC_REPRESENTATION_CONTEXT(2) 
PARAMETRIC_REPRESENTATION_CONTEXT() REPRESENTATION_CONTEXT('2D SPACE',''
  ) );
#654 = ORIENTED_EDGE('',*,*,#655,.F.);
#655 = EDGE_CURVE('',#656,#630,#658,.T.);
#656 = VERTEX_POINT('',#657);
#657 = CARTESIAN_POINT('',(-11.830078175,-10.78100585937,18.4));
#658 = SURFACE_CURVE('',#659,(#663,#669),.PCURVE_S1.);
#659 = LINE('',#660,#661);
#660 = CARTESIAN_POINT('',(-11.830078175,-5.770629882812,18.4));
#661 = VECTOR('',#662,1.);
#662 = DIRECTION('',(0.,-1.,0.));
#663 = PCURVE('',#522,#664);
#664 = DEFINITIONAL_REPRESENTATION('',(#665),#668);
#665 = B_SPLINE_CURVE_WITH_KNOTS('',1,(#666,#667),.UNSPECIFIED.,.F.,.F.,
  (2,2),(5.010375976562,5.770629882812),.PIECEWISE_BEZIER_KNOTS.);
#666 = CARTESIAN_POINT('',(-11.830078175,-10.78100585937));
#667 = CARTESIAN_POINT('',(-11.830078175,-11.54125976562));
#668 = ( GEOMETRIC_REPRESENTATION_CONTEXT(2) 
PARAMETRIC_REPRESENTATION_CONTEXT() REPRESENTATION_CONTEXT('2D SPACE',''
  ) );
#669 = PCURVE('',#670,#675);
#670 = PLANE('',#671);
#671 = AXIS2_PLACEMENT_3D('',#672,#673,#674);
#672 = CARTESIAN_POINT('',(-11.830078175,-11.54125976562,17.8));
#673 = DIRECTION('',(-1.,0.,0.));
#674 = DIRECTION('',(0.,1.,0.));
#675 = DEFINITIONAL_REPRESENTATION('',(#676),#679);
#676 = B_SPLINE_CURVE_WITH_KNOTS('',1,(#677,#678),.UNSPECIFIED.,.F.,.F.,
  (2,2),(5.010375976562,5.770629882812),.PIECEWISE_BEZIER_KNOTS.);
#677 = CARTESIAN_POINT('',(0.76025390625,-0.6));
#678 = CARTESIAN_POINT('',(0.,-0.6));
#679 = ( GEOMETRIC_REPRESENTATION_CONTEXT(2) 
PARAMETRIC_REPRESENTATION_CONTEXT() REPRESENTATION_CONTEXT('2D SPACE',''
  ) );
#680 = ORIENTED_EDGE('',*,*,#681,.F.);
#681 = EDGE_CURVE('',#682,#656,#684,.T.);
#682 = VERTEX_POINT('',#683);
#683 = CARTESIAN_POINT('',(-6.7236328625,-10.78100585937,18.4));
#684 = SURFACE_CURVE('',#685,(#689,#695),.PCURVE_S1.);
#685 = LINE('',#686,#687);
#686 = CARTESIAN_POINT('',(-5.9150390875,-10.78100585937,18.4));
#687 = VECTOR('',#688,1.);
#688 = DIRECTION('',(-1.,0.,0.));
#689 = PCURVE('',#522,#690);
#690 = DEFINITIONAL_REPRESENTATION('',(#691),#694);
#691 = B_SPLINE_CURVE_WITH_KNOTS('',1,(#692,#693),.UNSPECIFIED.,.F.,.F.,
  (2,2),(0.808593775,5.9150390875),.PIECEWISE_BEZIER_KNOTS.);
#692 = CARTESIAN_POINT('',(-6.7236328625,-10.78100585937));
#693 = CARTESIAN_POINT('',(-11.830078175,-10.78100585937));
#694 = ( GEOMETRIC_REPRESENTATION_CONTEXT(2) 
PARAMETRIC_REPRESENTATION_CONTEXT() REPRESENTATION_CONTEXT('2D SPACE',''
  ) );
#695 = PCURVE('',#696,#701);
#696 = PLANE('',#697);
#697 = AXIS2_PLACEMENT_3D('',#698,#699,#700);
#698 = CARTESIAN_POINT('',(-11.830078175,-10.78100585937,17.8));
#699 = DIRECTION('',(0.,1.,0.));
#700 = DIRECTION('',(1.,0.,0.));
#701 = DEFINITIONAL_REPRESENTATION('',(#702),#705);
#702 = B_SPLINE_CURVE_WITH_KNOTS('',1,(#703,#704),.UNSPECIFIED.,.F.,.F.,
  (2,2),(0.808593775,5.9150390875),.PIECEWISE_BEZIER_KNOTS.);
#703 = CARTESIAN_POINT('',(5.1064453125,-0.6));
#704 = CARTESIAN_POINT('',(0.,-0.6));
#705 = ( GEOMETRIC_REPRESENTATION_CONTEXT(2) 
PARAMETRIC_REPRESENTATION_CONTEXT() REPRESENTATION_CONTEXT('2D SPACE',''
  ) );
#706 = ORIENTED_EDGE('',*,*,#707,.F.);
#707 = EDGE_CURVE('',#708,#682,#710,.T.);
#708 = VERTEX_POINT('',#709);
#709 = CARTESIAN_POINT('',(-6.7236328625,-11.54125976562,18.4));
#710 = SURFACE_CURVE('',#711,(#715,#721),.PCURVE_S1.);
#711 = LINE('',#712,#713);
#712 = CARTESIAN_POINT('',(-6.7236328625,-5.390502929688,18.4));
#713 = VECTOR('',#714,1.);
#714 = DIRECTION('',(-0.,1.,0.));
#715 = PCURVE('',#522,#716);
#716 = DEFINITIONAL_REPRESENTATION('',(#717),#720);
#717 = B_SPLINE_CURVE_WITH_KNOTS('',1,(#718,#719),.UNSPECIFIED.,.F.,.F.,
  (2,2),(-6.150756835938,-5.390502929688),.PIECEWISE_BEZIER_KNOTS.);
#718 = CARTESIAN_POINT('',(-6.7236328625,-11.54125976562));
#719 = CARTESIAN_POINT('',(-6.7236328625,-10.78100585937));
#720 = ( GEOMETRIC_REPRESENTATION_CONTEXT(2) 
PARAMETRIC_REPRESENTATION_CONTEXT() REPRESENTATION_CONTEXT('2D SPACE',''
  ) );
#721 = PCURVE('',#722,#727);
#722 = PLANE('',#723);
#723 = AXIS2_PLACEMENT_3D('',#724,#725,#726);
#724 = CARTESIAN_POINT('',(-6.7236328625,-10.78100585937,17.8));
#725 = DIRECTION('',(1.,0.,-0.));
#726 = DIRECTION('',(0.,-1.,0.));
#727 = DEFINITIONAL_REPRESENTATION('',(#728),#731);
#728 = B_SPLINE_CURVE_WITH_KNOTS('',1,(#729,#730),.UNSPECIFIED.,.F.,.F.,
  (2,2),(-6.150756835938,-5.390502929688),.PIECEWISE_BEZIER_KNOTS.);
#729 = CARTESIAN_POINT('',(0.76025390625,-0.6));
#730 = CARTESIAN_POINT('',(0.,-0.6));
#731 = ( GEOMETRIC_REPRESENTATION_CONTEXT(2) 
PARAMETRIC_REPRESENTATION_CONTEXT() REPRESENTATION_CONTEXT('2D SPACE',''
  ) );
#732 = ORIENTED_EDGE('',*,*,#733,.F.);
#733 = EDGE_CURVE('',#734,#708,#736,.T.);
#734 = VERTEX_POINT('',#735);
#735 = CARTESIAN_POINT('',(-8.85498051875,-11.54125976562,18.4));
#736 = SURFACE_CURVE('',#737,(#741,#747),.PCURVE_S1.);
#737 = LINE('',#738,#739);
#738 = CARTESIAN_POINT('',(-3.36181643125,-11.54125976562,18.4));
#739 = VECTOR('',#740,1.);
#740 = DIRECTION('',(1.,0.,-0.));
#741 = PCURVE('',#522,#742);
#742 = DEFINITIONAL_REPRESENTATION('',(#743),#746);
#743 = B_SPLINE_CURVE_WITH_KNOTS('',1,(#744,#745),.UNSPECIFIED.,.F.,.F.,
  (2,2),(-5.4931640875,-3.36181643125),.PIECEWISE_BEZIER_KNOTS.);
#744 = CARTESIAN_POINT('',(-8.85498051875,-11.54125976562));
#745 = CARTESIAN_POINT('',(-6.7236328625,-11.54125976562));
#746 = ( GEOMETRIC_REPRESENTATION_CONTEXT(2) 
PARAMETRIC_REPRESENTATION_CONTEXT() REPRESENTATION_CONTEXT('2D SPACE',''
  ) );
#747 = PCURVE('',#748,#753);
#748 = PLANE('',#749);
#749 = AXIS2_PLACEMENT_3D('',#750,#751,#752);
#750 = CARTESIAN_POINT('',(-6.7236328625,-11.54125976562,17.8));
#751 = DIRECTION('',(0.,-1.,0.));
#752 = DIRECTION('',(-1.,0.,0.));
#753 = DEFINITIONAL_REPRESENTATION('',(#754),#757);
#754 = B_SPLINE_CURVE_WITH_KNOTS('',1,(#755,#756),.UNSPECIFIED.,.F.,.F.,
  (2,2),(-5.4931640875,-3.36181643125),.PIECEWISE_BEZIER_KNOTS.);
#755 = CARTESIAN_POINT('',(2.13134765625,-0.6));
#756 = CARTESIAN_POINT('',(0.,-0.6));
#757 = ( GEOMETRIC_REPRESENTATION_CONTEXT(2) 
PARAMETRIC_REPRESENTATION_CONTEXT() REPRESENTATION_CONTEXT('2D SPACE',''
  ) );
#758 = ORIENTED_EDGE('',*,*,#759,.F.);
#759 = EDGE_CURVE('',#578,#734,#760,.T.);
#760 = SURFACE_CURVE('',#761,(#765,#771),.PCURVE_S1.);
#761 = LINE('',#762,#763);
#762 = CARTESIAN_POINT('',(-8.85498051875,-5.770629882812,18.4));
#763 = VECTOR('',#764,1.);
#764 = DIRECTION('',(-0.,1.,0.));
#765 = PCURVE('',#522,#766);
#766 = DEFINITIONAL_REPRESENTATION('',(#767),#770);
#767 = B_SPLINE_CURVE_WITH_KNOTS('',1,(#768,#769),.UNSPECIFIED.,.F.,.F.,
  (2,2),(-11.45275878906,-5.770629882812),.PIECEWISE_BEZIER_KNOTS.);
#768 = CARTESIAN_POINT('',(-8.85498051875,-17.22338867187));
#769 = CARTESIAN_POINT('',(-8.85498051875,-11.54125976562));
#770 = ( GEOMETRIC_REPRESENTATION_CONTEXT(2) 
PARAMETRIC_REPRESENTATION_CONTEXT() REPRESENTATION_CONTEXT('2D SPACE',''
  ) );
#771 = PCURVE('',#772,#777);
#772 = PLANE('',#773);
#773 = AXIS2_PLACEMENT_3D('',#774,#775,#776);
#774 = CARTESIAN_POINT('',(-8.85498051875,-11.54125976562,17.8));
#775 = DIRECTION('',(1.,0.,-0.));
#776 = DIRECTION('',(0.,-1.,0.));
#777 = DEFINITIONAL_REPRESENTATION('',(#778),#781);
#778 = B_SPLINE_CURVE_WITH_KNOTS('',1,(#779,#780),.UNSPECIFIED.,.F.,.F.,
  (2,2),(-11.45275878906,-5.770629882812),.PIECEWISE_BEZIER_KNOTS.);
#779 = CARTESIAN_POINT('',(5.68212890625,-0.6));
#780 = CARTESIAN_POINT('',(0.,-0.6));
#781 = ( GEOMETRIC_REPRESENTATION_CONTEXT(2) 
PARAMETRIC_REPRESENTATION_CONTEXT() REPRESENTATION_CONTEXT('2D SPACE',''
  ) );
#782 = FACE_BOUND('',#783,.T.);
#783 = EDGE_LOOP('',(#784,#873,#945,#1002,#1053,#1104,#1155,#1212,#1263,
    #1320,#1371));
#784 = ORIENTED_EDGE('',*,*,#785,.F.);
#785 = EDGE_CURVE('',#786,#788,#790,.T.);
#786 = VERTEX_POINT('',#787);
#787 = CARTESIAN_POINT('',(-5.40966801875,-11.57421875,18.4));
#788 = VERTEX_POINT('',#789);
#789 = CARTESIAN_POINT('',(-6.27099614375,-14.08569335937,18.4));
#790 = SURFACE_CURVE('',#791,(#814,#840),.PCURVE_S1.);
#791 = B_SPLINE_CURVE_WITH_KNOTS('',6,(#792,#793,#794,#795,#796,#797,
    #798,#799,#800,#801,#802,#803,#804,#805,#806,#807,#808,#809,#810,
    #811,#812,#813),.UNSPECIFIED.,.F.,.F.,(7,5,5,5,7),(0.,
    8.251844119402E-02,0.339408977091,0.608908506701,1.),.UNSPECIFIED.);
#792 = CARTESIAN_POINT('',(-5.40966801875,-11.57421875,18.4));
#793 = CARTESIAN_POINT('',(-5.435174721008,-11.60109188273,18.4));
#794 = CARTESIAN_POINT('',(-5.46025566182,-11.62836040959,18.4));
#795 = CARTESIAN_POINT('',(-5.484902293152,-11.65601875248,18.4));
#796 = CARTESIAN_POINT('',(-5.50910679997,-11.68406059188,18.4));
#797 = CARTESIAN_POINT('',(-5.532862100238,-11.71247886676,18.4));
#798 = CARTESIAN_POINT('',(-5.628696951155,-11.83088312671,18.4));
#799 = CARTESIAN_POINT('',(-5.696822170443,-11.92407938274,18.4));
#800 = CARTESIAN_POINT('',(-5.760334654564,-12.02060698319,18.4));
#801 = CARTESIAN_POINT('',(-5.819133519381,-12.12017674336,18.4));
#802 = CARTESIAN_POINT('',(-5.873202459429,-12.22246908784,18.4));
#803 = CARTESIAN_POINT('',(-5.974406477017,-12.43695931874,18.4));
#804 = CARTESIAN_POINT('',(-6.021075080233,-12.54940645372,18.4));
#805 = CARTESIAN_POINT('',(-6.06266409699,-12.66411159436,18.4));
#806 = CARTESIAN_POINT('',(-6.099329156382,-12.78071732739,18.4));
#807 = CARTESIAN_POINT('',(-6.131280351832,-12.89889827413,18.4));
#808 = CARTESIAN_POINT('',(-6.198605968353,-13.19175795022,18.4));
#809 = CARTESIAN_POINT('',(-6.229017684267,-13.3678539731,18.4));
#810 = CARTESIAN_POINT('',(-6.250702856259,-13.54585939983,18.4));
#811 = CARTESIAN_POINT('',(-6.26444997504,-13.72512256013,18.4));
#812 = CARTESIAN_POINT('',(-6.27099614375,-13.90516634981,18.4));
#813 = CARTESIAN_POINT('',(-6.27099614375,-14.08569335937,18.4));
#814 = PCURVE('',#522,#815);
#815 = DEFINITIONAL_REPRESENTATION('',(#816),#839);
#816 = B_SPLINE_CURVE_WITH_KNOTS('',6,(#817,#818,#819,#820,#821,#822,
    #823,#824,#825,#826,#827,#828,#829,#830,#831,#832,#833,#834,#835,
    #836,#837,#838),.UNSPECIFIED.,.F.,.F.,(7,5,5,5,7),(0.,
    8.251844119402E-02,0.339408977091,0.608908506701,1.),.UNSPECIFIED.);
#817 = CARTESIAN_POINT('',(-5.40966801875,-11.57421875));
#818 = CARTESIAN_POINT('',(-5.435174721008,-11.60109188273));
#819 = CARTESIAN_POINT('',(-5.46025566182,-11.62836040959));
#820 = CARTESIAN_POINT('',(-5.484902293152,-11.65601875248));
#821 = CARTESIAN_POINT('',(-5.50910679997,-11.68406059188));
#822 = CARTESIAN_POINT('',(-5.532862100238,-11.71247886676));
#823 = CARTESIAN_POINT('',(-5.628696951155,-11.83088312671));
#824 = CARTESIAN_POINT('',(-5.696822170443,-11.92407938274));
#825 = CARTESIAN_POINT('',(-5.760334654564,-12.02060698319));
#826 = CARTESIAN_POINT('',(-5.819133519381,-12.12017674336));
#827 = CARTESIAN_POINT('',(-5.873202459429,-12.22246908784));
#828 = CARTESIAN_POINT('',(-5.974406477017,-12.43695931874));
#829 = CARTESIAN_POINT('',(-6.021075080233,-12.54940645372));
#830 = CARTESIAN_POINT('',(-6.06266409699,-12.66411159436));
#831 = CARTESIAN_POINT('',(-6.099329156382,-12.78071732739));
#832 = CARTESIAN_POINT('',(-6.131280351832,-12.89889827413));
#833 = CARTESIAN_POINT('',(-6.198605968353,-13.19175795022));
#834 = CARTESIAN_POINT('',(-6.229017684267,-13.3678539731));
#835 = CARTESIAN_POINT('',(-6.250702856259,-13.54585939983));
#836 = CARTESIAN_POINT('',(-6.26444997504,-13.72512256013));
#837 = CARTESIAN_POINT('',(-6.27099614375,-13.90516634981));
#838 = CARTESIAN_POINT('',(-6.27099614375,-14.08569335937));
#839 = ( GEOMETRIC_REPRESENTATION_CONTEXT(2) 
PARAMETRIC_REPRESENTATION_CONTEXT() REPRESENTATION_CONTEXT('2D SPACE',''
  ) );
#840 = PCURVE('',#841,#848);
#841 = SURFACE_OF_LINEAR_EXTRUSION('',#842,#846);
#842 = B_SPLINE_CURVE_WITH_KNOTS('',2,(#843,#844,#845),.UNSPECIFIED.,.F.
  ,.F.,(3,3),(0.,1.),.PIECEWISE_BEZIER_KNOTS.);
#843 = CARTESIAN_POINT('',(-6.27099614375,-14.08569335937,17.8));
#844 = CARTESIAN_POINT('',(-6.27099614375,-12.48168945312,17.8));
#845 = CARTESIAN_POINT('',(-5.40966801875,-11.57421875,17.8));
#846 = VECTOR('',#847,1.);
#847 = DIRECTION('',(-0.,-0.,-1.));
#848 = DEFINITIONAL_REPRESENTATION('',(#849),#872);
#849 = B_SPLINE_CURVE_WITH_KNOTS('',6,(#850,#851,#852,#853,#854,#855,
    #856,#857,#858,#859,#860,#861,#862,#863,#864,#865,#866,#867,#868,
    #869,#870,#871),.UNSPECIFIED.,.F.,.F.,(7,5,5,5,7),(0.,
    8.251844119402E-02,0.339408977091,0.608908506701,1.),.UNSPECIFIED.);
#850 = CARTESIAN_POINT('',(1.,-0.6));
#851 = CARTESIAN_POINT('',(0.985193388258,-0.6));
#852 = CARTESIAN_POINT('',(0.97037085008,-0.6));
#853 = CARTESIAN_POINT('',(0.955536279049,-0.6));
#854 = CARTESIAN_POINT('',(0.940693615103,-0.6));
#855 = CARTESIAN_POINT('',(0.925846844536,-0.6));
#856 = CARTESIAN_POINT('',(0.864779860671,-0.6));
#857 = CARTESIAN_POINT('',(0.818555748346,-0.6));
#858 = CARTESIAN_POINT('',(0.77245596618,-0.6));
#859 = CARTESIAN_POINT('',(0.726596089657,-0.6));
#860 = CARTESIAN_POINT('',(0.681079847068,-0.6));
#861 = CARTESIAN_POINT('',(0.588707492562,-0.6));
#862 = CARTESIAN_POINT('',(0.541891273576,-0.6));
#863 = CARTESIAN_POINT('',(0.495651649554,-0.6));
#864 = CARTESIAN_POINT('',(0.450060802411,-0.6));
#865 = CARTESIAN_POINT('',(0.405167198893,-0.6));
#866 = CARTESIAN_POINT('',(0.296905581005,-0.6));
#867 = CARTESIAN_POINT('',(0.234346764933,-0.6));
#868 = CARTESIAN_POINT('',(0.173392533701,-0.6));
#869 = CARTESIAN_POINT('',(0.114047263468,-0.6));
#870 = CARTESIAN_POINT('',(5.627386842814E-02,-0.6));
#871 = CARTESIAN_POINT('',(0.,-0.6));
#872 = ( GEOMETRIC_REPRESENTATION_CONTEXT(2) 
PARAMETRIC_REPRESENTATION_CONTEXT() REPRESENTATION_CONTEXT('2D SPACE',''
  ) );
#873 = ORIENTED_EDGE('',*,*,#874,.F.);
#874 = EDGE_CURVE('',#875,#786,#877,.T.);
#875 = VERTEX_POINT('',#876);
#876 = CARTESIAN_POINT('',(-3.18603520625,-10.66674804687,18.4));
#877 = SURFACE_CURVE('',#878,(#896,#917),.PCURVE_S1.);
#878 = B_SPLINE_CURVE_WITH_KNOTS('',6,(#879,#880,#881,#882,#883,#884,
    #885,#886,#887,#888,#889,#890,#891,#892,#893,#894,#895),
  .UNSPECIFIED.,.F.,.F.,(7,5,5,7),(0.,0.23162299129,0.641209149905,1.),
  .UNSPECIFIED.);
#879 = CARTESIAN_POINT('',(-3.18603520625,-10.66674804687,18.4));
#880 = CARTESIAN_POINT('',(-3.2827199333,-10.66674804687,18.4));
#881 = CARTESIAN_POINT('',(-3.379224889747,-10.66949065241,18.4));
#882 = CARTESIAN_POINT('',(-3.475452615756,-10.67511742641,18.4));
#883 = CARTESIAN_POINT('',(-3.57128536223,-10.68377063101,18.4));
#884 = CARTESIAN_POINT('',(-3.666586512352,-10.69558335294,18.4));
#885 = CARTESIAN_POINT('',(-3.928513526024,-10.73734716114,18.4));
#886 = CARTESIAN_POINT('',(-4.093735940523,-10.77426964522,18.4));
#887 = CARTESIAN_POINT('',(-4.25591264286,-10.82206134497,18.4));
#888 = CARTESIAN_POINT('',(-4.414033516381,-10.88112807623,18.4));
#889 = CARTESIAN_POINT('',(-4.567092313336,-10.9515043904,18.4));
#890 = CARTESIAN_POINT('',(-4.842981195025,-11.10375648136,18.4));
#891 = CARTESIAN_POINT('',(-4.967252589159,-11.18314960254,18.4));
#892 = CARTESIAN_POINT('',(-5.086347601442,-11.27050501376,18.4));
#893 = CARTESIAN_POINT('',(-5.199886076952,-11.36527332366,18.4));
#894 = CARTESIAN_POINT('',(-5.307677449397,-11.46676440014,18.4));
#895 = CARTESIAN_POINT('',(-5.40966801875,-11.57421875,18.4));
#896 = PCURVE('',#522,#897);
#897 = DEFINITIONAL_REPRESENTATION('',(#898),#916);
#898 = B_SPLINE_CURVE_WITH_KNOTS('',6,(#899,#900,#901,#902,#903,#904,
    #905,#906,#907,#908,#909,#910,#911,#912,#913,#914,#915),
  .UNSPECIFIED.,.F.,.F.,(7,5,5,7),(0.,0.23162299129,0.641209149905,1.),
  .UNSPECIFIED.);
#899 = CARTESIAN_POINT('',(-3.18603520625,-10.66674804687));
#900 = CARTESIAN_POINT('',(-3.2827199333,-10.66674804687));
#901 = CARTESIAN_POINT('',(-3.379224889747,-10.66949065241));
#902 = CARTESIAN_POINT('',(-3.475452615756,-10.67511742641));
#903 = CARTESIAN_POINT('',(-3.57128536223,-10.68377063101));
#904 = CARTESIAN_POINT('',(-3.666586512352,-10.69558335294));
#905 = CARTESIAN_POINT('',(-3.928513526024,-10.73734716114));
#906 = CARTESIAN_POINT('',(-4.093735940523,-10.77426964522));
#907 = CARTESIAN_POINT('',(-4.25591264286,-10.82206134497));
#908 = CARTESIAN_POINT('',(-4.414033516381,-10.88112807623));
#909 = CARTESIAN_POINT('',(-4.567092313336,-10.9515043904));
#910 = CARTESIAN_POINT('',(-4.842981195025,-11.10375648136));
#911 = CARTESIAN_POINT('',(-4.967252589159,-11.18314960254));
#912 = CARTESIAN_POINT('',(-5.086347601442,-11.27050501376));
#913 = CARTESIAN_POINT('',(-5.199886076952,-11.36527332366));
#914 = CARTESIAN_POINT('',(-5.307677449397,-11.46676440014));
#915 = CARTESIAN_POINT('',(-5.40966801875,-11.57421875));
#916 = ( GEOMETRIC_REPRESENTATION_CONTEXT(2) 
PARAMETRIC_REPRESENTATION_CONTEXT() REPRESENTATION_CONTEXT('2D SPACE',''
  ) );
#917 = PCURVE('',#918,#925);
#918 = SURFACE_OF_LINEAR_EXTRUSION('',#919,#923);
#919 = B_SPLINE_CURVE_WITH_KNOTS('',2,(#920,#921,#922),.UNSPECIFIED.,.F.
  ,.F.,(3,3),(0.,1.),.PIECEWISE_BEZIER_KNOTS.);
#920 = CARTESIAN_POINT('',(-5.40966801875,-11.57421875,17.8));
#921 = CARTESIAN_POINT('',(-4.54833989375,-10.66674804687,17.8));
#922 = CARTESIAN_POINT('',(-3.18603520625,-10.66674804687,17.8));
#923 = VECTOR('',#924,1.);
#924 = DIRECTION('',(-0.,-0.,-1.));
#925 = DEFINITIONAL_REPRESENTATION('',(#926),#944);
#926 = B_SPLINE_CURVE_WITH_KNOTS('',6,(#927,#928,#929,#930,#931,#932,
    #933,#934,#935,#936,#937,#938,#939,#940,#941,#942,#943),
  .UNSPECIFIED.,.F.,.F.,(7,5,5,7),(0.,0.23162299129,0.641209149905,1.),
  .UNSPECIFIED.);
#927 = CARTESIAN_POINT('',(1.,-0.6));
#928 = CARTESIAN_POINT('',(0.964514279391,-0.6));
#929 = CARTESIAN_POINT('',(0.928538834624,-0.6));
#930 = CARTESIAN_POINT('',(0.892080752542,-0.6));
#931 = CARTESIAN_POINT('',(0.855154424978,-0.6));
#932 = CARTESIAN_POINT('',(0.81778302781,-0.6));
#933 = CARTESIAN_POINT('',(0.713187093668,-0.6));
#934 = CARTESIAN_POINT('',(0.645065118815,-0.6));
#935 = CARTESIAN_POINT('',(0.575858685198,-0.6));
#936 = CARTESIAN_POINT('',(0.505856304904,-0.6));
#937 = CARTESIAN_POINT('',(0.435420295323,-0.6));
#938 = CARTESIAN_POINT('',(0.30331296031,-0.6));
#939 = CARTESIAN_POINT('',(0.241615671807,-0.6));
#940 = CARTESIAN_POINT('',(0.180204932656,-0.6));
#941 = CARTESIAN_POINT('',(0.119331586475,-0.6));
#942 = CARTESIAN_POINT('',(5.920540987394E-02,-0.6));
#943 = CARTESIAN_POINT('',(0.,-0.6));
#944 = ( GEOMETRIC_REPRESENTATION_CONTEXT(2) 
PARAMETRIC_REPRESENTATION_CONTEXT() REPRESENTATION_CONTEXT('2D SPACE',''
  ) );
#945 = ORIENTED_EDGE('',*,*,#946,.F.);
#946 = EDGE_CURVE('',#947,#875,#949,.T.);
#947 = VERTEX_POINT('',#948);
#948 = CARTESIAN_POINT('',(-1.57763676875,-11.09301757812,18.4));
#949 = SURFACE_CURVE('',#950,(#963,#979),.PCURVE_S1.);
#950 = B_SPLINE_CURVE_WITH_KNOTS('',6,(#951,#952,#953,#954,#955,#956,
    #957,#958,#959,#960,#961,#962),.UNSPECIFIED.,.F.,.F.,(7,5,7),(0.,
    0.258635475777,1.),.UNSPECIFIED.);
#951 = CARTESIAN_POINT('',(-1.57763676875,-11.09301757812,18.4));
#952 = CARTESIAN_POINT('',(-1.639870347878,-11.05598287152,18.4));
#953 = CARTESIAN_POINT('',(-1.703092054644,-11.02076428005,18.4));
#954 = CARTESIAN_POINT('',(-1.767265640754,-10.98741175767,18.4));
#955 = CARTESIAN_POINT('',(-1.832349098434,-10.95596612799,18.4));
#956 = CARTESIAN_POINT('',(-1.898294660429,-10.92645908428,18.4));
#957 = CARTESIAN_POINT('',(-2.156395910346,-10.81995438013,18.4));
#958 = CARTESIAN_POINT('',(-2.35444241218,-10.75708487821,18.4));
#959 = CARTESIAN_POINT('',(-2.557804869137,-10.71089700091,18.4));
#960 = CARTESIAN_POINT('',(-2.765072486771,-10.68107572426,18.4));
#961 = CARTESIAN_POINT('',(-2.974891991332,-10.66674804687,18.4));
#962 = CARTESIAN_POINT('',(-3.18603520625,-10.66674804687,18.4));
#963 = PCURVE('',#522,#964);
#964 = DEFINITIONAL_REPRESENTATION('',(#965),#978);
#965 = B_SPLINE_CURVE_WITH_KNOTS('',6,(#966,#967,#968,#969,#970,#971,
    #972,#973,#974,#975,#976,#977),.UNSPECIFIED.,.F.,.F.,(7,5,7),(0.,
    0.258635475777,1.),.UNSPECIFIED.);
#966 = CARTESIAN_POINT('',(-1.57763676875,-11.09301757812));
#967 = CARTESIAN_POINT('',(-1.639870347878,-11.05598287152));
#968 = CARTESIAN_POINT('',(-1.703092054644,-11.02076428005));
#969 = CARTESIAN_POINT('',(-1.767265640754,-10.98741175767));
#970 = CARTESIAN_POINT('',(-1.832349098434,-10.95596612799));
#971 = CARTESIAN_POINT('',(-1.898294660429,-10.92645908428));
#972 = CARTESIAN_POINT('',(-2.156395910346,-10.81995438013));
#973 = CARTESIAN_POINT('',(-2.35444241218,-10.75708487821));
#974 = CARTESIAN_POINT('',(-2.557804869137,-10.71089700091));
#975 = CARTESIAN_POINT('',(-2.765072486771,-10.68107572426));
#976 = CARTESIAN_POINT('',(-2.974891991332,-10.66674804687));
#977 = CARTESIAN_POINT('',(-3.18603520625,-10.66674804687));
#978 = ( GEOMETRIC_REPRESENTATION_CONTEXT(2) 
PARAMETRIC_REPRESENTATION_CONTEXT() REPRESENTATION_CONTEXT('2D SPACE',''
  ) );
#979 = PCURVE('',#980,#987);
#980 = SURFACE_OF_LINEAR_EXTRUSION('',#981,#985);
#981 = B_SPLINE_CURVE_WITH_KNOTS('',2,(#982,#983,#984),.UNSPECIFIED.,.F.
  ,.F.,(3,3),(0.,1.),.PIECEWISE_BEZIER_KNOTS.);
#982 = CARTESIAN_POINT('',(-3.18603520625,-10.66674804687,17.8));
#983 = CARTESIAN_POINT('',(-2.2939453625,-10.66674804687,17.8));
#984 = CARTESIAN_POINT('',(-1.57763676875,-11.09301757812,17.8));
#985 = VECTOR('',#986,1.);
#986 = DIRECTION('',(-0.,-0.,-1.));
#987 = DEFINITIONAL_REPRESENTATION('',(#988),#1001);
#988 = B_SPLINE_CURVE_WITH_KNOTS('',6,(#989,#990,#991,#992,#993,#994,
    #995,#996,#997,#998,#999,#1000),.UNSPECIFIED.,.F.,.F.,(7,5,7),(0.,
    0.258635475777,1.),.UNSPECIFIED.);
#989 = CARTESIAN_POINT('',(1.,-0.6));
#990 = CARTESIAN_POINT('',(0.956559519409,-0.6));
#991 = CARTESIAN_POINT('',(0.912984963654,-0.6));
#992 = CARTESIAN_POINT('',(0.869308194922,-0.6));
#993 = CARTESIAN_POINT('',(0.825562193217,-0.6));
#994 = CARTESIAN_POINT('',(0.781781056363,-0.6));
#995 = CARTESIAN_POINT('',(0.612503983171,-0.6));
#996 = CARTESIAN_POINT('',(0.486971744909,-0.6));
#997 = CARTESIAN_POINT('',(0.362315576107,-0.6));
#998 = CARTESIAN_POINT('',(0.239253390812,-0.6));
#999 = CARTESIAN_POINT('',(0.118341900425,-0.6));
#1000 = CARTESIAN_POINT('',(0.,-0.6));
#1001 = ( GEOMETRIC_REPRESENTATION_CONTEXT(2) 
PARAMETRIC_REPRESENTATION_CONTEXT() REPRESENTATION_CONTEXT('2D SPACE',''
  ) );
#1002 = ORIENTED_EDGE('',*,*,#1003,.F.);
#1003 = EDGE_CURVE('',#1004,#947,#1006,.T.);
#1004 = VERTEX_POINT('',#1005);
#1005 = CARTESIAN_POINT('',(-0.485595753125,-12.28173828125,18.4));
#1006 = SURFACE_CURVE('',#1007,(#1018,#1032),.PCURVE_S1.);
#1007 = B_SPLINE_CURVE_WITH_KNOTS('',5,(#1008,#1009,#1010,#1011,#1012,
    #1013,#1014,#1015,#1016,#1017),.UNSPECIFIED.,.F.,.F.,(6,4,6),(0.,
    0.561227316375,1.),.UNSPECIFIED.);
#1008 = CARTESIAN_POINT('',(-0.485595753125,-12.28173828125,18.4));
#1009 = CARTESIAN_POINT('',(-0.567648777186,-12.11523302189,18.4));
#1010 = CARTESIAN_POINT('',(-0.661350437375,-11.95571038893,18.4));
#1011 = CARTESIAN_POINT('',(-0.767057241997,-11.80467849241,18.4));
#1012 = CARTESIAN_POINT('',(-0.88466767611,-11.66352787138,18.4));
#1013 = CARTESIAN_POINT('',(-1.113724732429,-11.43134327108,18.4));
#1014 = CARTESIAN_POINT('',(-1.220938788992,-11.33607200049,18.4));
#1015 = CARTESIAN_POINT('',(-1.334421363652,-11.24785855109,18.4));
#1016 = CARTESIAN_POINT('',(-1.453556844064,-11.16685655171,18.4));
#1017 = CARTESIAN_POINT('',(-1.57763676875,-11.09301757812,18.4));
#1018 = PCURVE('',#522,#1019);
#1019 = DEFINITIONAL_REPRESENTATION('',(#1020),#1031);
#1020 = B_SPLINE_CURVE_WITH_KNOTS('',5,(#1021,#1022,#1023,#1024,#1025,
    #1026,#1027,#1028,#1029,#1030),.UNSPECIFIED.,.F.,.F.,(6,4,6),(0.,
    0.561227316375,1.),.UNSPECIFIED.);
#1021 = CARTESIAN_POINT('',(-0.485595753125,-12.28173828125));
#1022 = CARTESIAN_POINT('',(-0.567648777186,-12.11523302189));
#1023 = CARTESIAN_POINT('',(-0.661350437375,-11.95571038893));
#1024 = CARTESIAN_POINT('',(-0.767057241997,-11.80467849241));
#1025 = CARTESIAN_POINT('',(-0.88466767611,-11.66352787138));
#1026 = CARTESIAN_POINT('',(-1.113724732429,-11.43134327108));
#1027 = CARTESIAN_POINT('',(-1.220938788992,-11.33607200049));
#1028 = CARTESIAN_POINT('',(-1.334421363652,-11.24785855109));
#1029 = CARTESIAN_POINT('',(-1.453556844064,-11.16685655171));
#1030 = CARTESIAN_POINT('',(-1.57763676875,-11.09301757812));
#1031 = ( GEOMETRIC_REPRESENTATION_CONTEXT(2) 
PARAMETRIC_REPRESENTATION_CONTEXT() REPRESENTATION_CONTEXT('2D SPACE',''
  ) );
#1032 = PCURVE('',#1033,#1040);
#1033 = SURFACE_OF_LINEAR_EXTRUSION('',#1034,#1038);
#1034 = B_SPLINE_CURVE_WITH_KNOTS('',2,(#1035,#1036,#1037),
  .UNSPECIFIED.,.F.,.F.,(3,3),(0.,1.),.PIECEWISE_BEZIER_KNOTS.);
#1035 = CARTESIAN_POINT('',(-1.57763676875,-11.09301757812,17.8));
#1036 = CARTESIAN_POINT('',(-0.861328175,-11.51928710937,17.8));
#1037 = CARTESIAN_POINT('',(-0.485595753125,-12.28173828125,17.8));
#1038 = VECTOR('',#1039,1.);
#1039 = DIRECTION('',(-0.,-0.,-1.));
#1040 = DEFINITIONAL_REPRESENTATION('',(#1041),#1052);
#1041 = B_SPLINE_CURVE_WITH_KNOTS('',5,(#1042,#1043,#1044,#1045,#1046,
    #1047,#1048,#1049,#1050,#1051),.UNSPECIFIED.,.F.,.F.,(6,4,6),(0.,
    0.561227316375,1.),.UNSPECIFIED.);
#1042 = CARTESIAN_POINT('',(1.,-0.6));
#1043 = CARTESIAN_POINT('',(0.890809231139,-0.6));
#1044 = CARTESIAN_POINT('',(0.779626243284,-0.6));
#1045 = CARTESIAN_POINT('',(0.666961124539,-0.6));
#1046 = CARTESIAN_POINT('',(0.55347155492,-0.6));
#1047 = CARTESIAN_POINT('',(0.351286893537,-0.6));
#1048 = CARTESIAN_POINT('',(0.262565622663,-0.6));
#1049 = CARTESIAN_POINT('',(0.174228257191,-0.6));
#1050 = CARTESIAN_POINT('',(8.661066317538E-02,-0.6));
#1051 = CARTESIAN_POINT('',(0.,-0.6));
#1052 = ( GEOMETRIC_REPRESENTATION_CONTEXT(2) 
PARAMETRIC_REPRESENTATION_CONTEXT() REPRESENTATION_CONTEXT('2D SPACE',''
  ) );
#1053 = ORIENTED_EDGE('',*,*,#1054,.F.);
#1054 = EDGE_CURVE('',#1055,#1004,#1057,.T.);
#1055 = VERTEX_POINT('',#1056);
#1056 = CARTESIAN_POINT('',(-0.10986333125,-14.01098632812,18.4));
#1057 = SURFACE_CURVE('',#1058,(#1069,#1083),.PCURVE_S1.);
#1058 = B_SPLINE_CURVE_WITH_KNOTS('',5,(#1059,#1060,#1061,#1062,#1063,
    #1064,#1065,#1066,#1067,#1068),.UNSPECIFIED.,.F.,.F.,(6,4,6),(0.,
    0.512627354915,1.),.UNSPECIFIED.);
#1059 = CARTESIAN_POINT('',(-0.10986333125,-14.01098632812,18.4));
#1060 = CARTESIAN_POINT('',(-0.10986333125,-13.82460696914,18.4));
#1061 = CARTESIAN_POINT('',(-0.118591216952,-13.63922601229,18.4));
#1062 = CARTESIAN_POINT('',(-0.136745833793,-13.45538395141,18.4));
#1063 = CARTESIAN_POINT('',(-0.165008487755,-13.27379117618,18.4));
#1064 = CARTESIAN_POINT('',(-0.240673488055,-12.92555518064,18.4));
#1065 = CARTESIAN_POINT('',(-0.287066654562,-12.7586034277,18.4));
#1066 = CARTESIAN_POINT('',(-0.343327463408,-12.59516287572,18.4));
#1067 = CARTESIAN_POINT('',(-0.409586607758,-12.43597906161,18.4));
#1068 = CARTESIAN_POINT('',(-0.485595753125,-12.28173828125,18.4));
#1069 = PCURVE('',#522,#1070);
#1070 = DEFINITIONAL_REPRESENTATION('',(#1071),#1082);
#1071 = B_SPLINE_CURVE_WITH_KNOTS('',5,(#1072,#1073,#1074,#1075,#1076,
    #1077,#1078,#1079,#1080,#1081),.UNSPECIFIED.,.F.,.F.,(6,4,6),(0.,
    0.512627354915,1.),.UNSPECIFIED.);
#1072 = CARTESIAN_POINT('',(-0.10986333125,-14.01098632812));
#1073 = CARTESIAN_POINT('',(-0.10986333125,-13.82460696914));
#1074 = CARTESIAN_POINT('',(-0.118591216952,-13.63922601229));
#1075 = CARTESIAN_POINT('',(-0.136745833793,-13.45538395141));
#1076 = CARTESIAN_POINT('',(-0.165008487755,-13.27379117618));
#1077 = CARTESIAN_POINT('',(-0.240673488055,-12.92555518064));
#1078 = CARTESIAN_POINT('',(-0.287066654562,-12.7586034277));
#1079 = CARTESIAN_POINT('',(-0.343327463408,-12.59516287572));
#1080 = CARTESIAN_POINT('',(-0.409586607758,-12.43597906161));
#1081 = CARTESIAN_POINT('',(-0.485595753125,-12.28173828125));
#1082 = ( GEOMETRIC_REPRESENTATION_CONTEXT(2) 
PARAMETRIC_REPRESENTATION_CONTEXT() REPRESENTATION_CONTEXT('2D SPACE',''
  ) );
#1083 = PCURVE('',#1084,#1091);
#1084 = SURFACE_OF_LINEAR_EXTRUSION('',#1085,#1089);
#1085 = B_SPLINE_CURVE_WITH_KNOTS('',2,(#1086,#1087,#1088),
  .UNSPECIFIED.,.F.,.F.,(3,3),(0.,1.),.PIECEWISE_BEZIER_KNOTS.);
#1086 = CARTESIAN_POINT('',(-0.485595753125,-12.28173828125,17.8));
#1087 = CARTESIAN_POINT('',(-0.10986333125,-13.04418945312,17.8));
#1088 = CARTESIAN_POINT('',(-0.10986333125,-14.01098632812,17.8));
#1089 = VECTOR('',#1090,1.);
#1090 = DIRECTION('',(-0.,-0.,-1.));
#1091 = DEFINITIONAL_REPRESENTATION('',(#1092),#1103);
#1092 = B_SPLINE_CURVE_WITH_KNOTS('',5,(#1093,#1094,#1095,#1096,#1097,
    #1098,#1099,#1100,#1101,#1102),.UNSPECIFIED.,.F.,.F.,(6,4,6),(0.,
    0.512627354915,1.),.UNSPECIFIED.);
#1093 = CARTESIAN_POINT('',(1.,-0.6));
#1094 = CARTESIAN_POINT('',(0.903609866873,-0.6));
#1095 = CARTESIAN_POINT('',(0.805281196897,-0.6));
#1096 = CARTESIAN_POINT('',(0.705096954768,-0.6));
#1097 = CARTESIAN_POINT('',(0.603232903804,-0.6));
#1098 = CARTESIAN_POINT('',(0.40185289001,-0.6));
#1099 = CARTESIAN_POINT('',(0.302461213652,-0.6));
#1100 = CARTESIAN_POINT('',(0.202109970931,-0.6));
#1101 = CARTESIAN_POINT('',(0.101147972523,-0.6));
#1102 = CARTESIAN_POINT('',(0.,-0.6));
#1103 = ( GEOMETRIC_REPRESENTATION_CONTEXT(2) 
PARAMETRIC_REPRESENTATION_CONTEXT() REPRESENTATION_CONTEXT('2D SPACE',''
  ) );
#1104 = ORIENTED_EDGE('',*,*,#1105,.F.);
#1105 = EDGE_CURVE('',#1106,#1055,#1108,.T.);
#1106 = VERTEX_POINT('',#1107);
#1107 = CARTESIAN_POINT('',(-0.50537114375,-15.76440429687,18.4));
#1108 = SURFACE_CURVE('',#1109,(#1120,#1134),.PCURVE_S1.);
#1109 = B_SPLINE_CURVE_WITH_KNOTS('',5,(#1110,#1111,#1112,#1113,#1114,
    #1115,#1116,#1117,#1118,#1119),.UNSPECIFIED.,.F.,.F.,(6,4,6),(0.,
    0.49004405862,1.),.UNSPECIFIED.);
#1110 = CARTESIAN_POINT('',(-0.50537114375,-15.76440429687,18.4));
#1111 = CARTESIAN_POINT('',(-0.425233169803,-15.60769003671,18.4));
#1112 = CARTESIAN_POINT('',(-0.355270962841,-15.44572937593,18.4));
#1113 = CARTESIAN_POINT('',(-0.295830544642,-15.27923291322,18.4));
#1114 = CARTESIAN_POINT('',(-0.246837157758,-15.10899326216,18.4));
#1115 = CARTESIAN_POINT('',(-0.167484482641,-14.75561713906,18.4));
#1116 = CARTESIAN_POINT('',(-0.137959823014,-14.5722198781,18.4));
#1117 = CARTESIAN_POINT('',(-0.118985482731,-14.38650759781,18.4));
#1118 = CARTESIAN_POINT('',(-0.10986333125,-14.19923655799,18.4));
#1119 = CARTESIAN_POINT('',(-0.10986333125,-14.01098632812,18.4));
#1120 = PCURVE('',#522,#1121);
#1121 = DEFINITIONAL_REPRESENTATION('',(#1122),#1133);
#1122 = B_SPLINE_CURVE_WITH_KNOTS('',5,(#1123,#1124,#1125,#1126,#1127,
    #1128,#1129,#1130,#1131,#1132),.UNSPECIFIED.,.F.,.F.,(6,4,6),(0.,
    0.49004405862,1.),.UNSPECIFIED.);
#1123 = CARTESIAN_POINT('',(-0.50537114375,-15.76440429687));
#1124 = CARTESIAN_POINT('',(-0.425233169803,-15.60769003671));
#1125 = CARTESIAN_POINT('',(-0.355270962841,-15.44572937593));
#1126 = CARTESIAN_POINT('',(-0.295830544642,-15.27923291322));
#1127 = CARTESIAN_POINT('',(-0.246837157758,-15.10899326216));
#1128 = CARTESIAN_POINT('',(-0.167484482641,-14.75561713906));
#1129 = CARTESIAN_POINT('',(-0.137959823014,-14.5722198781));
#1130 = CARTESIAN_POINT('',(-0.118985482731,-14.38650759781));
#1131 = CARTESIAN_POINT('',(-0.10986333125,-14.19923655799));
#1132 = CARTESIAN_POINT('',(-0.10986333125,-14.01098632812));
#1133 = ( GEOMETRIC_REPRESENTATION_CONTEXT(2) 
PARAMETRIC_REPRESENTATION_CONTEXT() REPRESENTATION_CONTEXT('2D SPACE',''
  ) );
#1134 = PCURVE('',#1135,#1142);
#1135 = SURFACE_OF_LINEAR_EXTRUSION('',#1136,#1140);
#1136 = B_SPLINE_CURVE_WITH_KNOTS('',2,(#1137,#1138,#1139),
  .UNSPECIFIED.,.F.,.F.,(3,3),(0.,1.),.PIECEWISE_BEZIER_KNOTS.);
#1137 = CARTESIAN_POINT('',(-0.10986333125,-14.01098632812,17.8));
#1138 = CARTESIAN_POINT('',(-0.10986333125,-14.99096679687,17.8));
#1139 = CARTESIAN_POINT('',(-0.50537114375,-15.76440429687,17.8));
#1140 = VECTOR('',#1141,1.);
#1141 = DIRECTION('',(-0.,-0.,-1.));
#1142 = DEFINITIONAL_REPRESENTATION('',(#1143),#1154);
#1143 = B_SPLINE_CURVE_WITH_KNOTS('',5,(#1144,#1145,#1146,#1147,#1148,
    #1149,#1150,#1151,#1152,#1153),.UNSPECIFIED.,.F.,.F.,(6,4,6),(0.,
    0.49004405862,1.),.UNSPECIFIED.);
#1144 = CARTESIAN_POINT('',(1.,-0.6));
#1145 = CARTESIAN_POINT('',(0.898689771208,-0.6));
#1146 = CARTESIAN_POINT('',(0.797414038529,-0.6));
#1147 = CARTESIAN_POINT('',(0.696627555382,-0.6));
#1148 = CARTESIAN_POINT('',(0.596714805752,-0.6));
#1149 = CARTESIAN_POINT('',(0.395274131152,-0.6));
#1150 = CARTESIAN_POINT('',(0.293835530764,-0.6));
#1151 = CARTESIAN_POINT('',(0.194026856673,-0.6));
#1152 = CARTESIAN_POINT('',(9.604794986616E-02,-0.6));
#1153 = CARTESIAN_POINT('',(0.,-0.6));
#1154 = ( GEOMETRIC_REPRESENTATION_CONTEXT(2) 
PARAMETRIC_REPRESENTATION_CONTEXT() REPRESENTATION_CONTEXT('2D SPACE',''
  ) );
#1155 = ORIENTED_EDGE('',*,*,#1156,.F.);
#1156 = EDGE_CURVE('',#1157,#1106,#1159,.T.);
#1157 = VERTEX_POINT('',#1158);
#1158 = CARTESIAN_POINT('',(-1.6259766125,-16.935546875,18.4));
#1159 = SURFACE_CURVE('',#1160,(#1173,#1189),.PCURVE_S1.);
#1160 = B_SPLINE_CURVE_WITH_KNOTS('',6,(#1161,#1162,#1163,#1164,#1165,
    #1166,#1167,#1168,#1169,#1170,#1171,#1172),.UNSPECIFIED.,.F.,.F.,(7,
    5,7),(0.,0.355116184264,1.),.UNSPECIFIED.);
#1161 = CARTESIAN_POINT('',(-1.6259766125,-16.935546875,18.4));
#1162 = CARTESIAN_POINT('',(-1.540447010099,-16.88863518398,18.4));
#1163 = CARTESIAN_POINT('',(-1.457085089657,-16.83826662845,18.4));
#1164 = CARTESIAN_POINT('',(-1.376091498532,-16.78443229242,18.4));
#1165 = CARTESIAN_POINT('',(-1.297650153284,-16.72716002289,18.4));
#1166 = CARTESIAN_POINT('',(-1.221923578125,-16.66652072698,18.4));
#1167 = CARTESIAN_POINT('',(-1.016708107823,-16.48661887832,18.4));
#1168 = CARTESIAN_POINT('',(-0.89373010907,-16.35986041233,18.4));
#1169 = CARTESIAN_POINT('',(-0.780998058562,-16.22311459268,18.4));
#1170 = CARTESIAN_POINT('',(-0.678806561409,-16.07745879962,18.4));
#1171 = CARTESIAN_POINT('',(-0.587049960954,-15.92413176163,18.4));
#1172 = CARTESIAN_POINT('',(-0.50537114375,-15.76440429687,18.4));
#1173 = PCURVE('',#522,#1174);
#1174 = DEFINITIONAL_REPRESENTATION('',(#1175),#1188);
#1175 = B_SPLINE_CURVE_WITH_KNOTS('',6,(#1176,#1177,#1178,#1179,#1180,
    #1181,#1182,#1183,#1184,#1185,#1186,#1187),.UNSPECIFIED.,.F.,.F.,(7,
    5,7),(0.,0.355116184264,1.),.UNSPECIFIED.);
#1176 = CARTESIAN_POINT('',(-1.6259766125,-16.935546875));
#1177 = CARTESIAN_POINT('',(-1.540447010099,-16.88863518398));
#1178 = CARTESIAN_POINT('',(-1.457085089657,-16.83826662845));
#1179 = CARTESIAN_POINT('',(-1.376091498532,-16.78443229242));
#1180 = CARTESIAN_POINT('',(-1.297650153284,-16.72716002289));
#1181 = CARTESIAN_POINT('',(-1.221923578125,-16.66652072698));
#1182 = CARTESIAN_POINT('',(-1.016708107823,-16.48661887832));
#1183 = CARTESIAN_POINT('',(-0.89373010907,-16.35986041233));
#1184 = CARTESIAN_POINT('',(-0.780998058562,-16.22311459268));
#1185 = CARTESIAN_POINT('',(-0.678806561409,-16.07745879962));
#1186 = CARTESIAN_POINT('',(-0.587049960954,-15.92413176163));
#1187 = CARTESIAN_POINT('',(-0.50537114375,-15.76440429687));
#1188 = ( GEOMETRIC_REPRESENTATION_CONTEXT(2) 
PARAMETRIC_REPRESENTATION_CONTEXT() REPRESENTATION_CONTEXT('2D SPACE',''
  ) );
#1189 = PCURVE('',#1190,#1197);
#1190 = SURFACE_OF_LINEAR_EXTRUSION('',#1191,#1195);
#1191 = B_SPLINE_CURVE_WITH_KNOTS('',2,(#1192,#1193,#1194),
  .UNSPECIFIED.,.F.,.F.,(3,3),(0.,1.),.PIECEWISE_BEZIER_KNOTS.);
#1192 = CARTESIAN_POINT('',(-0.50537114375,-15.76440429687,17.8));
#1193 = CARTESIAN_POINT('',(-0.90087895625,-16.53784179687,17.8));
#1194 = CARTESIAN_POINT('',(-1.6259766125,-16.935546875,17.8));
#1195 = VECTOR('',#1196,1.);
#1196 = DIRECTION('',(-0.,-0.,-1.));
#1197 = DEFINITIONAL_REPRESENTATION('',(#1198),#1211);
#1198 = B_SPLINE_CURVE_WITH_KNOTS('',6,(#1199,#1200,#1201,#1202,#1203,
    #1204,#1205,#1206,#1207,#1208,#1209,#1210),.UNSPECIFIED.,.F.,.F.,(7,
    5,7),(0.,0.355116184264,1.),.UNSPECIFIED.);
#1199 = CARTESIAN_POINT('',(1.,-0.6));
#1200 = CARTESIAN_POINT('',(0.941022011543,-0.6));
#1201 = CARTESIAN_POINT('',(0.881641469026,-0.6));
#1202 = CARTESIAN_POINT('',(0.821948145808,-0.6));
#1203 = CARTESIAN_POINT('',(0.762039039648,-0.6));
#1204 = CARTESIAN_POINT('',(0.702018774118,-0.6));
#1205 = CARTESIAN_POINT('',(0.533007118841,-0.6));
#1206 = CARTESIAN_POINT('',(0.423985715874,-0.6));
#1207 = CARTESIAN_POINT('',(0.315655730311,-0.6));
#1208 = CARTESIAN_POINT('',(0.208594312823,-0.6));
#1209 = CARTESIAN_POINT('',(0.103258159033,-0.6));
#1210 = CARTESIAN_POINT('',(0.,-0.6));
#1211 = ( GEOMETRIC_REPRESENTATION_CONTEXT(2) 
PARAMETRIC_REPRESENTATION_CONTEXT() REPRESENTATION_CONTEXT('2D SPACE',''
  ) );
#1212 = ORIENTED_EDGE('',*,*,#1213,.F.);
#1213 = EDGE_CURVE('',#1214,#1157,#1216,.T.);
#1214 = VERTEX_POINT('',#1215);
#1215 = CARTESIAN_POINT('',(-3.1904297375,-17.33325195312,18.4));
#1216 = SURFACE_CURVE('',#1217,(#1228,#1242),.PCURVE_S1.);
#1217 = B_SPLINE_CURVE_WITH_KNOTS('',5,(#1218,#1219,#1220,#1221,#1222,
    #1223,#1224,#1225,#1226,#1227),.UNSPECIFIED.,.F.,.F.,(6,4,6),(0.,
    0.560915555054,1.),.UNSPECIFIED.);
#1218 = CARTESIAN_POINT('',(-3.1904297375,-17.33325195312,18.4));
#1219 = CARTESIAN_POINT('',(-3.005987440691,-17.33325195312,18.4));
#1220 = CARTESIAN_POINT('',(-2.822423734274,-17.32124947405,18.4));
#1221 = CARTESIAN_POINT('',(-2.640637088601,-17.29657580058,18.4));
#1222 = CARTESIAN_POINT('',(-2.461573683648,-17.25891027821,18.4));
#1223 = CARTESIAN_POINT('',(-2.148887006361,-17.16909526571,18.4));
#1224 = CARTESIAN_POINT('',(-2.013823510868,-17.121863424,18.4));
#1225 = CARTESIAN_POINT('',(-1.881438860399,-17.06696253543,18.4));
#1226 = CARTESIAN_POINT('',(-1.752071986087,-17.00470827687,18.4));
#1227 = CARTESIAN_POINT('',(-1.6259766125,-16.935546875,18.4));
#1228 = PCURVE('',#522,#1229);
#1229 = DEFINITIONAL_REPRESENTATION('',(#1230),#1241);
#1230 = B_SPLINE_CURVE_WITH_KNOTS('',5,(#1231,#1232,#1233,#1234,#1235,
    #1236,#1237,#1238,#1239,#1240),.UNSPECIFIED.,.F.,.F.,(6,4,6),(0.,
    0.560915555054,1.),.UNSPECIFIED.);
#1231 = CARTESIAN_POINT('',(-3.1904297375,-17.33325195312));
#1232 = CARTESIAN_POINT('',(-3.005987440691,-17.33325195312));
#1233 = CARTESIAN_POINT('',(-2.822423734274,-17.32124947405));
#1234 = CARTESIAN_POINT('',(-2.640637088601,-17.29657580058));
#1235 = CARTESIAN_POINT('',(-2.461573683648,-17.25891027821));
#1236 = CARTESIAN_POINT('',(-2.148887006361,-17.16909526571));
#1237 = CARTESIAN_POINT('',(-2.013823510868,-17.121863424));
#1238 = CARTESIAN_POINT('',(-1.881438860399,-17.06696253543));
#1239 = CARTESIAN_POINT('',(-1.752071986087,-17.00470827687));
#1240 = CARTESIAN_POINT('',(-1.6259766125,-16.935546875));
#1241 = ( GEOMETRIC_REPRESENTATION_CONTEXT(2) 
PARAMETRIC_REPRESENTATION_CONTEXT() REPRESENTATION_CONTEXT('2D SPACE',''
  ) );
#1242 = PCURVE('',#1243,#1250);
#1243 = SURFACE_OF_LINEAR_EXTRUSION('',#1244,#1248);
#1244 = B_SPLINE_CURVE_WITH_KNOTS('',2,(#1245,#1246,#1247),
  .UNSPECIFIED.,.F.,.F.,(3,3),(0.,1.),.PIECEWISE_BEZIER_KNOTS.);
#1245 = CARTESIAN_POINT('',(-1.6259766125,-16.935546875,17.8));
#1246 = CARTESIAN_POINT('',(-2.35107426875,-17.33325195312,17.8));
#1247 = CARTESIAN_POINT('',(-3.1904297375,-17.33325195312,17.8));
#1248 = VECTOR('',#1249,1.);
#1249 = DIRECTION('',(-0.,-0.,-1.));
#1250 = DEFINITIONAL_REPRESENTATION('',(#1251),#1262);
#1251 = B_SPLINE_CURVE_WITH_KNOTS('',5,(#1252,#1253,#1254,#1255,#1256,
    #1257,#1258,#1259,#1260,#1261),.UNSPECIFIED.,.F.,.F.,(6,4,6),(0.,
    0.560915555054,1.),.UNSPECIFIED.);
#1252 = CARTESIAN_POINT('',(1.,-0.6));
#1253 = CARTESIAN_POINT('',(0.89012861435,-0.6));
#1254 = CARTESIAN_POINT('',(0.778726509156,-0.6));
#1255 = CARTESIAN_POINT('',(0.666214455635,-0.6));
#1256 = CARTESIAN_POINT('',(0.553101212156,-0.6));
#1257 = CARTESIAN_POINT('',(0.351464421846,-0.6));
#1258 = CARTESIAN_POINT('',(0.26292454219,-0.6));
#1259 = CARTESIAN_POINT('',(0.174667964997,-0.6));
#1260 = CARTESIAN_POINT('',(8.695061451361E-02,-0.6));
#1261 = CARTESIAN_POINT('',(0.,-0.6));
#1262 = ( GEOMETRIC_REPRESENTATION_CONTEXT(2) 
PARAMETRIC_REPRESENTATION_CONTEXT() REPRESENTATION_CONTEXT('2D SPACE',''
  ) );
#1263 = ORIENTED_EDGE('',*,*,#1264,.F.);
#1264 = EDGE_CURVE('',#1265,#1214,#1267,.T.);
#1265 = VERTEX_POINT('',#1266);
#1266 = CARTESIAN_POINT('',(-4.8164063,-16.89379882812,18.4));
#1267 = SURFACE_CURVE('',#1268,(#1281,#1297),.PCURVE_S1.);
#1268 = B_SPLINE_CURVE_WITH_KNOTS('',6,(#1269,#1270,#1271,#1272,#1273,
    #1274,#1275,#1276,#1277,#1278,#1279,#1280),.UNSPECIFIED.,.F.,.F.,(7,
    5,7),(0.,0.232305583621,1.),.UNSPECIFIED.);
#1269 = CARTESIAN_POINT('',(-4.8164063,-16.89379882812,18.4));
#1270 = CARTESIAN_POINT('',(-4.760311159407,-16.9282130248,18.4));
#1271 = CARTESIAN_POINT('',(-4.703353691472,-16.96110286598,18.4));
#1272 = CARTESIAN_POINT('',(-4.645562593375,-16.99242967319,18.4));
#1273 = CARTESIAN_POINT('',(-4.586970882966,-17.02216142232,18.4));
#1274 = CARTESIAN_POINT('',(-4.527615898773,-17.05027274366,18.4));
#1275 = CARTESIAN_POINT('',(-4.269005675822,-17.16422686304,18.4));
#1276 = CARTESIAN_POINT('',(-4.062523642832,-17.2338391628,18.4));
#1277 = CARTESIAN_POINT('',(-3.849760883576,-17.28481644039,18.4));
#1278 = CARTESIAN_POINT('',(-3.632432779836,-17.31758453319,18.4));
#1279 = CARTESIAN_POINT('',(-3.412171631496,-17.33325195312,18.4));
#1280 = CARTESIAN_POINT('',(-3.1904297375,-17.33325195312,18.4));
#1281 = PCURVE('',#522,#1282);
#1282 = DEFINITIONAL_REPRESENTATION('',(#1283),#1296);
#1283 = B_SPLINE_CURVE_WITH_KNOTS('',6,(#1284,#1285,#1286,#1287,#1288,
    #1289,#1290,#1291,#1292,#1293,#1294,#1295),.UNSPECIFIED.,.F.,.F.,(7,
    5,7),(0.,0.232305583621,1.),.UNSPECIFIED.);
#1284 = CARTESIAN_POINT('',(-4.8164063,-16.89379882812));
#1285 = CARTESIAN_POINT('',(-4.760311159407,-16.9282130248));
#1286 = CARTESIAN_POINT('',(-4.703353691472,-16.96110286598));
#1287 = CARTESIAN_POINT('',(-4.645562593375,-16.99242967319));
#1288 = CARTESIAN_POINT('',(-4.586970882966,-17.02216142232));
#1289 = CARTESIAN_POINT('',(-4.527615898773,-17.05027274366));
#1290 = CARTESIAN_POINT('',(-4.269005675822,-17.16422686304));
#1291 = CARTESIAN_POINT('',(-4.062523642832,-17.2338391628));
#1292 = CARTESIAN_POINT('',(-3.849760883576,-17.28481644039));
#1293 = CARTESIAN_POINT('',(-3.632432779836,-17.31758453319));
#1294 = CARTESIAN_POINT('',(-3.412171631496,-17.33325195312));
#1295 = CARTESIAN_POINT('',(-3.1904297375,-17.33325195312));
#1296 = ( GEOMETRIC_REPRESENTATION_CONTEXT(2) 
PARAMETRIC_REPRESENTATION_CONTEXT() REPRESENTATION_CONTEXT('2D SPACE',''
  ) );
#1297 = PCURVE('',#1298,#1305);
#1298 = SURFACE_OF_LINEAR_EXTRUSION('',#1299,#1303);
#1299 = B_SPLINE_CURVE_WITH_KNOTS('',2,(#1300,#1301,#1302),
  .UNSPECIFIED.,.F.,.F.,(3,3),(0.,1.),.PIECEWISE_BEZIER_KNOTS.);
#1300 = CARTESIAN_POINT('',(-3.1904297375,-17.33325195312,17.8));
#1301 = CARTESIAN_POINT('',(-4.10009770625,-17.33325195312,17.8));
#1302 = CARTESIAN_POINT('',(-4.8164063,-16.89379882812,17.8));
#1303 = VECTOR('',#1304,1.);
#1304 = DIRECTION('',(-0.,-0.,-1.));
#1305 = DEFINITIONAL_REPRESENTATION('',(#1306),#1319);
#1306 = B_SPLINE_CURVE_WITH_KNOTS('',6,(#1307,#1308,#1309,#1310,#1311,
    #1312,#1313,#1314,#1315,#1316,#1317,#1318),.UNSPECIFIED.,.F.,.F.,(7,
    5,7),(0.,0.232305583621,1.),.UNSPECIFIED.);
#1307 = CARTESIAN_POINT('',(1.,-0.6));
#1308 = CARTESIAN_POINT('',(0.960844291774,-0.6));
#1309 = CARTESIAN_POINT('',(0.921583264395,-0.6));
#1310 = CARTESIAN_POINT('',(0.882242045551,-0.6));
#1311 = CARTESIAN_POINT('',(0.842846528456,-0.6));
#1312 = CARTESIAN_POINT('',(0.80342337185,-0.6));
#1313 = CARTESIAN_POINT('',(0.63371857511,-0.6));
#1314 = CARTESIAN_POINT('',(0.503390008517,-0.6));
#1315 = CARTESIAN_POINT('',(0.374116048416,-0.6));
#1316 = CARTESIAN_POINT('',(0.246736569015,-0.6));
#1317 = CARTESIAN_POINT('',(0.121880676034,-0.6));
#1318 = CARTESIAN_POINT('',(0.,-0.6));
#1319 = ( GEOMETRIC_REPRESENTATION_CONTEXT(2) 
PARAMETRIC_REPRESENTATION_CONTEXT() REPRESENTATION_CONTEXT('2D SPACE',''
  ) );
#1320 = ORIENTED_EDGE('',*,*,#1321,.F.);
#1321 = EDGE_CURVE('',#1322,#1265,#1324,.T.);
#1322 = VERTEX_POINT('',#1323);
#1323 = CARTESIAN_POINT('',(-5.90185551875,-15.69409179687,18.4));
#1324 = SURFACE_CURVE('',#1325,(#1336,#1350),.PCURVE_S1.);
#1325 = B_SPLINE_CURVE_WITH_KNOTS('',5,(#1326,#1327,#1328,#1329,#1330,
    #1331,#1332,#1333,#1334,#1335),.UNSPECIFIED.,.F.,.F.,(6,4,6),(0.,
    0.518357969383,1.),.UNSPECIFIED.);
#1326 = CARTESIAN_POINT('',(-5.90185551875,-15.69409179687,18.4));
#1327 = CARTESIAN_POINT('',(-5.826978023156,-15.84830378184,18.4));
#1328 = CARTESIAN_POINT('',(-5.742021218324,-15.99663782563,18.4));
#1329 = CARTESIAN_POINT('',(-5.646745702256,-16.13794926434,18.4));
#1330 = CARTESIAN_POINT('',(-5.541261391973,-16.27119935908,18.4));
#1331 = CARTESIAN_POINT('',(-5.31942809228,-16.51125920804,18.4));
#1332 = CARTESIAN_POINT('',(-5.204354010542,-16.61929911527,18.4));
#1333 = CARTESIAN_POINT('',(-5.081602957698,-16.71915074566,18.4));
#1334 = CARTESIAN_POINT('',(-4.951979373212,-16.81062516357,18.4));
#1335 = CARTESIAN_POINT('',(-4.8164063,-16.89379882812,18.4));
#1336 = PCURVE('',#522,#1337);
#1337 = DEFINITIONAL_REPRESENTATION('',(#1338),#1349);
#1338 = B_SPLINE_CURVE_WITH_KNOTS('',5,(#1339,#1340,#1341,#1342,#1343,
    #1344,#1345,#1346,#1347,#1348),.UNSPECIFIED.,.F.,.F.,(6,4,6),(0.,
    0.518357969383,1.),.UNSPECIFIED.);
#1339 = CARTESIAN_POINT('',(-5.90185551875,-15.69409179687));
#1340 = CARTESIAN_POINT('',(-5.826978023156,-15.84830378184));
#1341 = CARTESIAN_POINT('',(-5.742021218324,-15.99663782563));
#1342 = CARTESIAN_POINT('',(-5.646745702256,-16.13794926434));
#1343 = CARTESIAN_POINT('',(-5.541261391973,-16.27119935908));
#1344 = CARTESIAN_POINT('',(-5.31942809228,-16.51125920804));
#1345 = CARTESIAN_POINT('',(-5.204354010542,-16.61929911527));
#1346 = CARTESIAN_POINT('',(-5.081602957698,-16.71915074566));
#1347 = CARTESIAN_POINT('',(-4.951979373212,-16.81062516357));
#1348 = CARTESIAN_POINT('',(-4.8164063,-16.89379882812));
#1349 = ( GEOMETRIC_REPRESENTATION_CONTEXT(2) 
PARAMETRIC_REPRESENTATION_CONTEXT() REPRESENTATION_CONTEXT('2D SPACE',''
  ) );
#1350 = PCURVE('',#1351,#1358);
#1351 = SURFACE_OF_LINEAR_EXTRUSION('',#1352,#1356);
#1352 = B_SPLINE_CURVE_WITH_KNOTS('',2,(#1353,#1354,#1355),
  .UNSPECIFIED.,.F.,.F.,(3,3),(0.,1.),.PIECEWISE_BEZIER_KNOTS.);
#1353 = CARTESIAN_POINT('',(-4.8164063,-16.89379882812,17.8));
#1354 = CARTESIAN_POINT('',(-5.53271489375,-16.45434570312,17.8));
#1355 = CARTESIAN_POINT('',(-5.90185551875,-15.69409179687,17.8));
#1356 = VECTOR('',#1357,1.);
#1357 = DIRECTION('',(-0.,-0.,-1.));
#1358 = DEFINITIONAL_REPRESENTATION('',(#1359),#1370);
#1359 = B_SPLINE_CURVE_WITH_KNOTS('',5,(#1360,#1361,#1362,#1363,#1364,
    #1365,#1366,#1367,#1368,#1369),.UNSPECIFIED.,.F.,.F.,(6,4,6),(0.,
    0.518357969383,1.),.UNSPECIFIED.);
#1360 = CARTESIAN_POINT('',(1.,-0.6));
#1361 = CARTESIAN_POINT('',(0.898578630306,-0.6));
#1362 = CARTESIAN_POINT('',(0.795597436638,-0.6));
#1363 = CARTESIAN_POINT('',(0.691475648655,-0.6));
#1364 = CARTESIAN_POINT('',(0.586730948717,-0.6));
#1365 = CARTESIAN_POINT('',(0.384687274455,-0.6));
#1366 = CARTESIAN_POINT('',(0.287364659432,-0.6));
#1367 = CARTESIAN_POINT('',(0.190538870285,-0.6));
#1368 = CARTESIAN_POINT('',(9.463314721825E-02,-0.6));
#1369 = CARTESIAN_POINT('',(0.,-0.6));
#1370 = ( GEOMETRIC_REPRESENTATION_CONTEXT(2) 
PARAMETRIC_REPRESENTATION_CONTEXT() REPRESENTATION_CONTEXT('2D SPACE',''
  ) );
#1371 = ORIENTED_EDGE('',*,*,#1372,.F.);
#1372 = EDGE_CURVE('',#788,#1322,#1373,.T.);
#1373 = SURFACE_CURVE('',#1374,(#1385,#1399),.PCURVE_S1.);
#1374 = B_SPLINE_CURVE_WITH_KNOTS('',5,(#1375,#1376,#1377,#1378,#1379,
    #1380,#1381,#1382,#1383,#1384),.UNSPECIFIED.,.F.,.F.,(6,4,6),(0.,
    0.518221386826,1.),.UNSPECIFIED.);
#1375 = CARTESIAN_POINT('',(-6.27099614375,-14.08569335937,18.4));
#1376 = CARTESIAN_POINT('',(-6.27099614375,-14.25907443474,18.4));
#1377 = CARTESIAN_POINT('',(-6.261354870087,-14.43187497479,18.4));
#1378 = CARTESIAN_POINT('',(-6.241690710879,-14.60350278145,18.4));
#1379 = CARTESIAN_POINT('',(-6.211838063715,-14.77334606498,18.4));
#1380 = CARTESIAN_POINT('',(-6.134860906767,-15.09645481533,18.4));
#1381 = CARTESIAN_POINT('',(-6.089094988663,-15.25006144269,18.4));
#1382 = CARTESIAN_POINT('',(-6.034765082436,-15.40111415408,18.4));
#1383 = CARTESIAN_POINT('',(-5.972195397731,-15.54922514135,18.4));
#1384 = CARTESIAN_POINT('',(-5.90185551875,-15.69409179687,18.4));
#1385 = PCURVE('',#522,#1386);
#1386 = DEFINITIONAL_REPRESENTATION('',(#1387),#1398);
#1387 = B_SPLINE_CURVE_WITH_KNOTS('',5,(#1388,#1389,#1390,#1391,#1392,
    #1393,#1394,#1395,#1396,#1397),.UNSPECIFIED.,.F.,.F.,(6,4,6),(0.,
    0.518221386826,1.),.UNSPECIFIED.);
#1388 = CARTESIAN_POINT('',(-6.27099614375,-14.08569335937));
#1389 = CARTESIAN_POINT('',(-6.27099614375,-14.25907443474));
#1390 = CARTESIAN_POINT('',(-6.261354870087,-14.43187497479));
#1391 = CARTESIAN_POINT('',(-6.241690710879,-14.60350278145));
#1392 = CARTESIAN_POINT('',(-6.211838063715,-14.77334606498));
#1393 = CARTESIAN_POINT('',(-6.134860906767,-15.09645481533));
#1394 = CARTESIAN_POINT('',(-6.089094988663,-15.25006144269));
#1395 = CARTESIAN_POINT('',(-6.034765082436,-15.40111415408));
#1396 = CARTESIAN_POINT('',(-5.972195397731,-15.54922514135));
#1397 = CARTESIAN_POINT('',(-5.90185551875,-15.69409179687));
#1398 = ( GEOMETRIC_REPRESENTATION_CONTEXT(2) 
PARAMETRIC_REPRESENTATION_CONTEXT() REPRESENTATION_CONTEXT('2D SPACE',''
  ) );
#1399 = PCURVE('',#1400,#1407);
#1400 = SURFACE_OF_LINEAR_EXTRUSION('',#1401,#1405);
#1401 = B_SPLINE_CURVE_WITH_KNOTS('',2,(#1402,#1403,#1404),
  .UNSPECIFIED.,.F.,.F.,(3,3),(0.,1.),.PIECEWISE_BEZIER_KNOTS.);
#1402 = CARTESIAN_POINT('',(-5.90185551875,-15.69409179687,17.8));
#1403 = CARTESIAN_POINT('',(-6.27099614375,-14.93383789062,17.8));
#1404 = CARTESIAN_POINT('',(-6.27099614375,-14.08569335937,17.8));
#1405 = VECTOR('',#1406,1.);
#1406 = DIRECTION('',(-0.,-0.,-1.));
#1407 = DEFINITIONAL_REPRESENTATION('',(#1408),#1419);
#1408 = B_SPLINE_CURVE_WITH_KNOTS('',5,(#1409,#1410,#1411,#1412,#1413,
    #1414,#1415,#1416,#1417,#1418),.UNSPECIFIED.,.F.,.F.,(6,4,6),(0.,
    0.518221386826,1.),.UNSPECIFIED.);
#1409 = CARTESIAN_POINT('',(1.,-0.6));
#1410 = CARTESIAN_POINT('',(0.89778801314,-0.6));
#1411 = CARTESIAN_POINT('',(0.794564992209,-0.6));
#1412 = CARTESIAN_POINT('',(0.690626487138,-0.6));
#1413 = CARTESIAN_POINT('',(0.586309917172,-0.6));
#1414 = CARTESIAN_POINT('',(0.385025447206,-0.6));
#1415 = CARTESIAN_POINT('',(0.288047120714,-0.6));
#1416 = CARTESIAN_POINT('',(0.191372322192,-0.6));
#1417 = CARTESIAN_POINT('',(9.527517999586E-02,-0.6));
#1418 = CARTESIAN_POINT('',(0.,-0.6));
#1419 = ( GEOMETRIC_REPRESENTATION_CONTEXT(2) 
PARAMETRIC_REPRESENTATION_CONTEXT() REPRESENTATION_CONTEXT('2D SPACE',''
  ) );
#1420 = FACE_BOUND('',#1421,.T.);
#1421 = EDGE_LOOP('',(#1422,#1450,#1476,#1502,#1528,#1554,#1590,#1632,
    #1658,#1684,#1710));
#1422 = ORIENTED_EDGE('',*,*,#1423,.F.);
#1423 = EDGE_CURVE('',#1424,#1426,#1428,.T.);
#1424 = VERTEX_POINT('',#1425);
#1425 = CARTESIAN_POINT('',(2.8037108875,-17.22338867187,18.4));
#1426 = VERTEX_POINT('',#1427);
#1427 = CARTESIAN_POINT('',(3.65624995,-17.22338867187,18.4));
#1428 = SURFACE_CURVE('',#1429,(#1433,#1439),.PCURVE_S1.);
#1429 = LINE('',#1430,#1431);
#1430 = CARTESIAN_POINT('',(1.828124975,-17.22338867187,18.4));
#1431 = VECTOR('',#1432,1.);
#1432 = DIRECTION('',(1.,0.,-0.));
#1433 = PCURVE('',#522,#1434);
#1434 = DEFINITIONAL_REPRESENTATION('',(#1435),#1438);
#1435 = B_SPLINE_CURVE_WITH_KNOTS('',1,(#1436,#1437),.UNSPECIFIED.,.F.,
  .F.,(2,2),(0.9755859125,1.828124975),.PIECEWISE_BEZIER_KNOTS.);
#1436 = CARTESIAN_POINT('',(2.8037108875,-17.22338867187));
#1437 = CARTESIAN_POINT('',(3.65624995,-17.22338867187));
#1438 = ( GEOMETRIC_REPRESENTATION_CONTEXT(2) 
PARAMETRIC_REPRESENTATION_CONTEXT() REPRESENTATION_CONTEXT('2D SPACE',''
  ) );
#1439 = PCURVE('',#1440,#1445);
#1440 = PLANE('',#1441);
#1441 = AXIS2_PLACEMENT_3D('',#1442,#1443,#1444);
#1442 = CARTESIAN_POINT('',(3.65624995,-17.22338867187,17.8));
#1443 = DIRECTION('',(0.,-1.,0.));
#1444 = DIRECTION('',(-1.,0.,0.));
#1445 = DEFINITIONAL_REPRESENTATION('',(#1446),#1449);
#1446 = B_SPLINE_CURVE_WITH_KNOTS('',1,(#1447,#1448),.UNSPECIFIED.,.F.,
  .F.,(2,2),(0.9755859125,1.828124975),.PIECEWISE_BEZIER_KNOTS.);
#1447 = CARTESIAN_POINT('',(0.8525390625,-0.6));
#1448 = CARTESIAN_POINT('',(0.,-0.6));
#1449 = ( GEOMETRIC_REPRESENTATION_CONTEXT(2) 
PARAMETRIC_REPRESENTATION_CONTEXT() REPRESENTATION_CONTEXT('2D SPACE',''
  ) );
#1450 = ORIENTED_EDGE('',*,*,#1451,.F.);
#1451 = EDGE_CURVE('',#1452,#1424,#1454,.T.);
#1452 = VERTEX_POINT('',#1453);
#1453 = CARTESIAN_POINT('',(2.8037108875,-14.49438476562,18.4));
#1454 = SURFACE_CURVE('',#1455,(#1459,#1465),.PCURVE_S1.);
#1455 = LINE('',#1456,#1457);
#1456 = CARTESIAN_POINT('',(2.8037108875,-8.611694335938,18.4));
#1457 = VECTOR('',#1458,1.);
#1458 = DIRECTION('',(0.,-1.,0.));
#1459 = PCURVE('',#522,#1460);
#1460 = DEFINITIONAL_REPRESENTATION('',(#1461),#1464);
#1461 = B_SPLINE_CURVE_WITH_KNOTS('',1,(#1462,#1463),.UNSPECIFIED.,.F.,
  .F.,(2,2),(5.882690429688,8.611694335938),.PIECEWISE_BEZIER_KNOTS.);
#1462 = CARTESIAN_POINT('',(2.8037108875,-14.49438476562));
#1463 = CARTESIAN_POINT('',(2.8037108875,-17.22338867187));
#1464 = ( GEOMETRIC_REPRESENTATION_CONTEXT(2) 
PARAMETRIC_REPRESENTATION_CONTEXT() REPRESENTATION_CONTEXT('2D SPACE',''
  ) );
#1465 = PCURVE('',#1466,#1471);
#1466 = PLANE('',#1467);
#1467 = AXIS2_PLACEMENT_3D('',#1468,#1469,#1470);
#1468 = CARTESIAN_POINT('',(2.8037108875,-17.22338867187,17.8));
#1469 = DIRECTION('',(-1.,0.,0.));
#1470 = DIRECTION('',(0.,1.,0.));
#1471 = DEFINITIONAL_REPRESENTATION('',(#1472),#1475);
#1472 = B_SPLINE_CURVE_WITH_KNOTS('',1,(#1473,#1474),.UNSPECIFIED.,.F.,
  .F.,(2,2),(5.882690429688,8.611694335938),.PIECEWISE_BEZIER_KNOTS.);
#1473 = CARTESIAN_POINT('',(2.72900390625,-0.6));
#1474 = CARTESIAN_POINT('',(0.,-0.6));
#1475 = ( GEOMETRIC_REPRESENTATION_CONTEXT(2) 
PARAMETRIC_REPRESENTATION_CONTEXT() REPRESENTATION_CONTEXT('2D SPACE',''
  ) );
#1476 = ORIENTED_EDGE('',*,*,#1477,.F.);
#1477 = EDGE_CURVE('',#1478,#1452,#1480,.T.);
#1478 = VERTEX_POINT('',#1479);
#1479 = CARTESIAN_POINT('',(0.32080073125,-10.78100585937,18.4));
#1480 = SURFACE_CURVE('',#1481,(#1485,#1491),.PCURVE_S1.);
#1481 = LINE('',#1482,#1483);
#1482 = CARTESIAN_POINT('',(-0.978043893429,-8.838486022465,18.4));
#1483 = VECTOR('',#1484,1.);
#1484 = DIRECTION('',(0.555834808973,-0.831292767402,0.));
#1485 = PCURVE('',#522,#1486);
#1486 = DEFINITIONAL_REPRESENTATION('',(#1487),#1490);
#1487 = B_SPLINE_CURVE_WITH_KNOTS('',1,(#1488,#1489),.UNSPECIFIED.,.F.,
  .F.,(2,2),(2.336745744801,6.803738664584),.PIECEWISE_BEZIER_KNOTS.);
#1488 = CARTESIAN_POINT('',(0.32080073125,-10.78100585937));
#1489 = CARTESIAN_POINT('',(2.8037108875,-14.49438476562));
#1490 = ( GEOMETRIC_REPRESENTATION_CONTEXT(2) 
PARAMETRIC_REPRESENTATION_CONTEXT() REPRESENTATION_CONTEXT('2D SPACE',''
  ) );
#1491 = PCURVE('',#1492,#1497);
#1492 = PLANE('',#1493);
#1493 = AXIS2_PLACEMENT_3D('',#1494,#1495,#1496);
#1494 = CARTESIAN_POINT('',(2.8037108875,-14.49438476562,17.8));
#1495 = DIRECTION('',(-0.831292767402,-0.555834808973,0.));
#1496 = DIRECTION('',(-0.555834808973,0.831292767402,0.));
#1497 = DEFINITIONAL_REPRESENTATION('',(#1498),#1501);
#1498 = B_SPLINE_CURVE_WITH_KNOTS('',1,(#1499,#1500),.UNSPECIFIED.,.F.,
  .F.,(2,2),(2.336745744801,6.803738664584),.PIECEWISE_BEZIER_KNOTS.);
#1499 = CARTESIAN_POINT('',(4.466992919783,-0.6));
#1500 = CARTESIAN_POINT('',(0.,-0.6));
#1501 = ( GEOMETRIC_REPRESENTATION_CONTEXT(2) 
PARAMETRIC_REPRESENTATION_CONTEXT() REPRESENTATION_CONTEXT('2D SPACE',''
  ) );
#1502 = ORIENTED_EDGE('',*,*,#1503,.F.);
#1503 = EDGE_CURVE('',#1504,#1478,#1506,.T.);
#1504 = VERTEX_POINT('',#1505);
#1505 = CARTESIAN_POINT('',(1.35791010625,-10.78100585937,18.4));
#1506 = SURFACE_CURVE('',#1507,(#1511,#1517),.PCURVE_S1.);
#1507 = LINE('',#1508,#1509);
#1508 = CARTESIAN_POINT('',(0.160400365625,-10.78100585937,18.4));
#1509 = VECTOR('',#1510,1.);
#1510 = DIRECTION('',(-1.,0.,0.));
#1511 = PCURVE('',#522,#1512);
#1512 = DEFINITIONAL_REPRESENTATION('',(#1513),#1516);
#1513 = B_SPLINE_CURVE_WITH_KNOTS('',1,(#1514,#1515),.UNSPECIFIED.,.F.,
  .F.,(2,2),(-1.197509740625,-0.160400365625),.PIECEWISE_BEZIER_KNOTS.);
#1514 = CARTESIAN_POINT('',(1.35791010625,-10.78100585937));
#1515 = CARTESIAN_POINT('',(0.32080073125,-10.78100585937));
#1516 = ( GEOMETRIC_REPRESENTATION_CONTEXT(2) 
PARAMETRIC_REPRESENTATION_CONTEXT() REPRESENTATION_CONTEXT('2D SPACE',''
  ) );
#1517 = PCURVE('',#1518,#1523);
#1518 = PLANE('',#1519);
#1519 = AXIS2_PLACEMENT_3D('',#1520,#1521,#1522);
#1520 = CARTESIAN_POINT('',(0.32080073125,-10.78100585937,17.8));
#1521 = DIRECTION('',(0.,1.,0.));
#1522 = DIRECTION('',(1.,0.,0.));
#1523 = DEFINITIONAL_REPRESENTATION('',(#1524),#1527);
#1524 = B_SPLINE_CURVE_WITH_KNOTS('',1,(#1525,#1526),.UNSPECIFIED.,.F.,
  .F.,(2,2),(-1.197509740625,-0.160400365625),.PIECEWISE_BEZIER_KNOTS.);
#1525 = CARTESIAN_POINT('',(1.037109375,-0.6));
#1526 = CARTESIAN_POINT('',(-5.551115123126E-17,-0.6));
#1527 = ( GEOMETRIC_REPRESENTATION_CONTEXT(2) 
PARAMETRIC_REPRESENTATION_CONTEXT() REPRESENTATION_CONTEXT('2D SPACE',''
  ) );
#1528 = ORIENTED_EDGE('',*,*,#1529,.F.);
#1529 = EDGE_CURVE('',#1530,#1504,#1532,.T.);
#1530 = VERTEX_POINT('',#1531);
#1531 = CARTESIAN_POINT('',(2.6279296375,-12.72338867187,18.4));
#1532 = SURFACE_CURVE('',#1533,(#1537,#1543),.PCURVE_S1.);
#1533 = LINE('',#1534,#1535);
#1534 = CARTESIAN_POINT('',(-1.314442541703,-6.693878280152,18.4));
#1535 = VECTOR('',#1536,1.);
#1536 = DIRECTION('',(-0.547249362983,0.836969613974,0.));
#1537 = PCURVE('',#522,#1538);
#1538 = DEFINITIONAL_REPRESENTATION('',(#1539),#1542);
#1539 = B_SPLINE_CURVE_WITH_KNOTS('',1,(#1540,#1541),.UNSPECIFIED.,.F.,
  .F.,(2,2),(-7.203977648719,-4.8832448765),.PIECEWISE_BEZIER_KNOTS.);
#1540 = CARTESIAN_POINT('',(2.6279296375,-12.72338867187));
#1541 = CARTESIAN_POINT('',(1.35791010625,-10.78100585937));
#1542 = ( GEOMETRIC_REPRESENTATION_CONTEXT(2) 
PARAMETRIC_REPRESENTATION_CONTEXT() REPRESENTATION_CONTEXT('2D SPACE',''
  ) );
#1543 = PCURVE('',#1544,#1549);
#1544 = PLANE('',#1545);
#1545 = AXIS2_PLACEMENT_3D('',#1546,#1547,#1548);
#1546 = CARTESIAN_POINT('',(1.35791010625,-10.78100585937,17.8));
#1547 = DIRECTION('',(0.836969613974,0.547249362983,-0.));
#1548 = DIRECTION('',(0.547249362983,-0.836969613974,0.));
#1549 = DEFINITIONAL_REPRESENTATION('',(#1550),#1553);
#1550 = B_SPLINE_CURVE_WITH_KNOTS('',1,(#1551,#1552),.UNSPECIFIED.,.F.,
  .F.,(2,2),(-7.203977648719,-4.8832448765),.PIECEWISE_BEZIER_KNOTS.);
#1551 = CARTESIAN_POINT('',(2.320732772219,-0.6));
#1552 = CARTESIAN_POINT('',(0.,-0.6));
#1553 = ( GEOMETRIC_REPRESENTATION_CONTEXT(2) 
PARAMETRIC_REPRESENTATION_CONTEXT() REPRESENTATION_CONTEXT('2D SPACE',''
  ) );
#1554 = ORIENTED_EDGE('',*,*,#1555,.F.);
#1555 = EDGE_CURVE('',#1556,#1530,#1558,.T.);
#1556 = VERTEX_POINT('',#1557);
#1557 = CARTESIAN_POINT('',(3.28271479375,-13.81323242187,18.4));
#1558 = SURFACE_CURVE('',#1559,(#1565,#1574),.PCURVE_S1.);
#1559 = B_SPLINE_CURVE_WITH_KNOTS('',4,(#1560,#1561,#1562,#1563,#1564),
  .UNSPECIFIED.,.F.,.F.,(5,5),(0.,1.),.PIECEWISE_BEZIER_KNOTS.);
#1560 = CARTESIAN_POINT('',(3.28271479375,-13.81323242187,18.4));
#1561 = CARTESIAN_POINT('',(3.129286520964,-13.53750625049,18.4));
#1562 = CARTESIAN_POINT('',(2.968794575279,-13.26391412565,18.4));
#1563 = CARTESIAN_POINT('',(2.801568188513,-12.99252842594,18.4));
#1564 = CARTESIAN_POINT('',(2.6279296375,-12.72338867187,18.4));
#1565 = PCURVE('',#522,#1566);
#1566 = DEFINITIONAL_REPRESENTATION('',(#1567),#1573);
#1567 = B_SPLINE_CURVE_WITH_KNOTS('',4,(#1568,#1569,#1570,#1571,#1572),
  .UNSPECIFIED.,.F.,.F.,(5,5),(0.,1.),.PIECEWISE_BEZIER_KNOTS.);
#1568 = CARTESIAN_POINT('',(3.28271479375,-13.81323242187));
#1569 = CARTESIAN_POINT('',(3.129286520964,-13.53750625049));
#1570 = CARTESIAN_POINT('',(2.968794575279,-13.26391412565));
#1571 = CARTESIAN_POINT('',(2.801568188513,-12.99252842594));
#1572 = CARTESIAN_POINT('',(2.6279296375,-12.72338867187));
#1573 = ( GEOMETRIC_REPRESENTATION_CONTEXT(2) 
PARAMETRIC_REPRESENTATION_CONTEXT() REPRESENTATION_CONTEXT('2D SPACE',''
  ) );
#1574 = PCURVE('',#1575,#1582);
#1575 = SURFACE_OF_LINEAR_EXTRUSION('',#1576,#1580);
#1576 = B_SPLINE_CURVE_WITH_KNOTS('',2,(#1577,#1578,#1579),
  .UNSPECIFIED.,.F.,.F.,(3,3),(0.,1.),.PIECEWISE_BEZIER_KNOTS.);
#1577 = CARTESIAN_POINT('',(2.6279296375,-12.72338867187,17.8));
#1578 = CARTESIAN_POINT('',(2.9794921375,-13.26831054687,17.8));
#1579 = CARTESIAN_POINT('',(3.28271479375,-13.81323242187,17.8));
#1580 = VECTOR('',#1581,1.);
#1581 = DIRECTION('',(-0.,-0.,-1.));
#1582 = DEFINITIONAL_REPRESENTATION('',(#1583),#1589);
#1583 = B_SPLINE_CURVE_WITH_KNOTS('',4,(#1584,#1585,#1586,#1587,#1588),
  .UNSPECIFIED.,.F.,.F.,(5,5),(0.,1.),.PIECEWISE_BEZIER_KNOTS.);
#1584 = CARTESIAN_POINT('',(1.,-0.6));
#1585 = CARTESIAN_POINT('',(0.747003943103,-0.6));
#1586 = CARTESIAN_POINT('',(0.49596600777,-0.6));
#1587 = CARTESIAN_POINT('',(0.246952605886,-0.6));
#1588 = CARTESIAN_POINT('',(0.,-0.6));
#1589 = ( GEOMETRIC_REPRESENTATION_CONTEXT(2) 
PARAMETRIC_REPRESENTATION_CONTEXT() REPRESENTATION_CONTEXT('2D SPACE',''
  ) );
#1590 = ORIENTED_EDGE('',*,*,#1591,.F.);
#1591 = EDGE_CURVE('',#1592,#1556,#1594,.T.);
#1592 = VERTEX_POINT('',#1593);
#1593 = CARTESIAN_POINT('',(3.98583979375,-12.67504882812,18.4));
#1594 = SURFACE_CURVE('',#1595,(#1603,#1614),.PCURVE_S1.);
#1595 = B_SPLINE_CURVE_WITH_KNOTS('',6,(#1596,#1597,#1598,#1599,#1600,
    #1601,#1602),.UNSPECIFIED.,.F.,.F.,(7,7),(0.,1.),
  .PIECEWISE_BEZIER_KNOTS.);
#1596 = CARTESIAN_POINT('',(3.98583979375,-12.67504882812,18.4));
#1597 = CARTESIAN_POINT('',(3.858837125829,-12.86960610664,18.4));
#1598 = CARTESIAN_POINT('',(3.735073930949,-13.06266366103,18.4));
#1599 = CARTESIAN_POINT('',(3.614950352394,-13.25399015564,18.4));
#1600 = CARTESIAN_POINT('',(3.499009976346,-13.44322330387,18.4));
#1601 = CARTESIAN_POINT('',(3.387952548754,-13.62986360633,18.4));
#1602 = CARTESIAN_POINT('',(3.28271479375,-13.81323242187,18.4));
#1603 = PCURVE('',#522,#1604);
#1604 = DEFINITIONAL_REPRESENTATION('',(#1605),#1613);
#1605 = B_SPLINE_CURVE_WITH_KNOTS('',6,(#1606,#1607,#1608,#1609,#1610,
    #1611,#1612),.UNSPECIFIED.,.F.,.F.,(7,7),(0.,1.),
  .PIECEWISE_BEZIER_KNOTS.);
#1606 = CARTESIAN_POINT('',(3.98583979375,-12.67504882812));
#1607 = CARTESIAN_POINT('',(3.858837125829,-12.86960610664));
#1608 = CARTESIAN_POINT('',(3.735073930949,-13.06266366103));
#1609 = CARTESIAN_POINT('',(3.614950352394,-13.25399015564));
#1610 = CARTESIAN_POINT('',(3.499009976346,-13.44322330387));
#1611 = CARTESIAN_POINT('',(3.387952548754,-13.62986360633));
#1612 = CARTESIAN_POINT('',(3.28271479375,-13.81323242187));
#1613 = ( GEOMETRIC_REPRESENTATION_CONTEXT(2) 
PARAMETRIC_REPRESENTATION_CONTEXT() REPRESENTATION_CONTEXT('2D SPACE',''
  ) );
#1614 = PCURVE('',#1615,#1622);
#1615 = SURFACE_OF_LINEAR_EXTRUSION('',#1616,#1620);
#1616 = B_SPLINE_CURVE_WITH_KNOTS('',2,(#1617,#1618,#1619),
  .UNSPECIFIED.,.F.,.F.,(3,3),(0.,1.),.PIECEWISE_BEZIER_KNOTS.);
#1617 = CARTESIAN_POINT('',(3.28271479375,-13.81323242187,17.8));
#1618 = CARTESIAN_POINT('',(3.57275385625,-13.30786132812,17.8));
#1619 = CARTESIAN_POINT('',(3.98583979375,-12.67504882812,17.8));
#1620 = VECTOR('',#1621,1.);
#1621 = DIRECTION('',(-0.,-0.,-1.));
#1622 = DEFINITIONAL_REPRESENTATION('',(#1623),#1631);
#1623 = B_SPLINE_CURVE_WITH_KNOTS('',6,(#1624,#1625,#1626,#1627,#1628,
    #1629,#1630),.UNSPECIFIED.,.F.,.F.,(7,7),(0.,1.),
  .PIECEWISE_BEZIER_KNOTS.);
#1624 = CARTESIAN_POINT('',(1.,-0.6));
#1625 = CARTESIAN_POINT('',(0.846275730554,-0.6));
#1626 = CARTESIAN_POINT('',(0.688025401776,-0.6));
#1627 = CARTESIAN_POINT('',(0.524802374318,-0.6));
#1628 = CARTESIAN_POINT('',(0.356117040063,-0.6));
#1629 = CARTESIAN_POINT('',(0.181419968222,-0.6));
#1630 = CARTESIAN_POINT('',(0.,-0.6));
#1631 = ( GEOMETRIC_REPRESENTATION_CONTEXT(2) 
PARAMETRIC_REPRESENTATION_CONTEXT() REPRESENTATION_CONTEXT('2D SPACE',''
  ) );
#1632 = ORIENTED_EDGE('',*,*,#1633,.F.);
#1633 = EDGE_CURVE('',#1634,#1592,#1636,.T.);
#1634 = VERTEX_POINT('',#1635);
#1635 = CARTESIAN_POINT('',(5.23388666875,-10.78100585937,18.4));
#1636 = SURFACE_CURVE('',#1637,(#1641,#1647),.PCURVE_S1.);
#1637 = LINE('',#1638,#1639);
#1638 = CARTESIAN_POINT('',(6.294241251527,-9.171805770724,18.4));
#1639 = VECTOR('',#1640,1.);
#1640 = DIRECTION('',(-0.550221267809,-0.835018895865,0.));
#1641 = PCURVE('',#522,#1642);
#1642 = DEFINITIONAL_REPRESENTATION('',(#1643),#1646);
#1643 = B_SPLINE_CURVE_WITH_KNOTS('',1,(#1644,#1645),.UNSPECIFIED.,.F.,
  .F.,(2,2),(1.927142124113,4.195405726446),.PIECEWISE_BEZIER_KNOTS.);
#1644 = CARTESIAN_POINT('',(5.23388666875,-10.78100585937));
#1645 = CARTESIAN_POINT('',(3.98583979375,-12.67504882812));
#1646 = ( GEOMETRIC_REPRESENTATION_CONTEXT(2) 
PARAMETRIC_REPRESENTATION_CONTEXT() REPRESENTATION_CONTEXT('2D SPACE',''
  ) );
#1647 = PCURVE('',#1648,#1653);
#1648 = PLANE('',#1649);
#1649 = AXIS2_PLACEMENT_3D('',#1650,#1651,#1652);
#1650 = CARTESIAN_POINT('',(3.98583979375,-12.67504882812,17.8));
#1651 = DIRECTION('',(-0.835018895865,0.550221267809,0.));
#1652 = DIRECTION('',(0.550221267809,0.835018895865,0.));
#1653 = DEFINITIONAL_REPRESENTATION('',(#1654),#1657);
#1654 = B_SPLINE_CURVE_WITH_KNOTS('',1,(#1655,#1656),.UNSPECIFIED.,.F.,
  .F.,(2,2),(1.927142124113,4.195405726446),.PIECEWISE_BEZIER_KNOTS.);
#1655 = CARTESIAN_POINT('',(2.268263602333,-0.6));
#1656 = CARTESIAN_POINT('',(0.,-0.6));
#1657 = ( GEOMETRIC_REPRESENTATION_CONTEXT(2) 
PARAMETRIC_REPRESENTATION_CONTEXT() REPRESENTATION_CONTEXT('2D SPACE',''
  ) );
#1658 = ORIENTED_EDGE('',*,*,#1659,.F.);
#1659 = EDGE_CURVE('',#1660,#1634,#1662,.T.);
#1660 = VERTEX_POINT('',#1661);
#1661 = CARTESIAN_POINT('',(6.22705073125,-10.78100585937,18.4));
#1662 = SURFACE_CURVE('',#1663,(#1667,#1673),.PCURVE_S1.);
#1663 = LINE('',#1664,#1665);
#1664 = CARTESIAN_POINT('',(2.616943334375,-10.78100585937,18.4));
#1665 = VECTOR('',#1666,1.);
#1666 = DIRECTION('',(-1.,0.,0.));
#1667 = PCURVE('',#522,#1668);
#1668 = DEFINITIONAL_REPRESENTATION('',(#1669),#1672);
#1669 = B_SPLINE_CURVE_WITH_KNOTS('',1,(#1670,#1671),.UNSPECIFIED.,.F.,
  .F.,(2,2),(-3.610107396875,-2.616943334375),.PIECEWISE_BEZIER_KNOTS.);
#1670 = CARTESIAN_POINT('',(6.22705073125,-10.78100585937));
#1671 = CARTESIAN_POINT('',(5.23388666875,-10.78100585937));
#1672 = ( GEOMETRIC_REPRESENTATION_CONTEXT(2) 
PARAMETRIC_REPRESENTATION_CONTEXT() REPRESENTATION_CONTEXT('2D SPACE',''
  ) );
#1673 = PCURVE('',#1674,#1679);
#1674 = PLANE('',#1675);
#1675 = AXIS2_PLACEMENT_3D('',#1676,#1677,#1678);
#1676 = CARTESIAN_POINT('',(5.23388666875,-10.78100585937,17.8));
#1677 = DIRECTION('',(0.,1.,0.));
#1678 = DIRECTION('',(1.,0.,0.));
#1679 = DEFINITIONAL_REPRESENTATION('',(#1680),#1683);
#1680 = B_SPLINE_CURVE_WITH_KNOTS('',1,(#1681,#1682),.UNSPECIFIED.,.F.,
  .F.,(2,2),(-3.610107396875,-2.616943334375),.PIECEWISE_BEZIER_KNOTS.);
#1681 = CARTESIAN_POINT('',(0.9931640625,-0.6));
#1682 = CARTESIAN_POINT('',(0.,-0.6));
#1683 = ( GEOMETRIC_REPRESENTATION_CONTEXT(2) 
PARAMETRIC_REPRESENTATION_CONTEXT() REPRESENTATION_CONTEXT('2D SPACE',''
  ) );
#1684 = ORIENTED_EDGE('',*,*,#1685,.F.);
#1685 = EDGE_CURVE('',#1686,#1660,#1688,.T.);
#1686 = VERTEX_POINT('',#1687);
#1687 = CARTESIAN_POINT('',(3.65624995,-14.49438476562,18.4));
#1688 = SURFACE_CURVE('',#1689,(#1693,#1699),.PCURVE_S1.);
#1689 = LINE('',#1690,#1691);
#1690 = CARTESIAN_POINT('',(7.741023883881,-8.594155750019,18.4));
#1691 = VECTOR('',#1692,1.);
#1692 = DIRECTION('',(0.56920997883,0.822192191644,-0.));
#1693 = PCURVE('',#522,#1694);
#1694 = DEFINITIONAL_REPRESENTATION('',(#1695),#1698);
#1695 = B_SPLINE_CURVE_WITH_KNOTS('',1,(#1696,#1697),.UNSPECIFIED.,.F.,
  .F.,(2,2),(-7.176216309973,-2.659779710367),.PIECEWISE_BEZIER_KNOTS.);
#1696 = CARTESIAN_POINT('',(3.65624995,-14.49438476562));
#1697 = CARTESIAN_POINT('',(6.22705073125,-10.78100585937));
#1698 = ( GEOMETRIC_REPRESENTATION_CONTEXT(2) 
PARAMETRIC_REPRESENTATION_CONTEXT() REPRESENTATION_CONTEXT('2D SPACE',''
  ) );
#1699 = PCURVE('',#1700,#1705);
#1700 = PLANE('',#1701);
#1701 = AXIS2_PLACEMENT_3D('',#1702,#1703,#1704);
#1702 = CARTESIAN_POINT('',(6.22705073125,-10.78100585937,17.8));
#1703 = DIRECTION('',(0.822192191644,-0.56920997883,0.));
#1704 = DIRECTION('',(-0.56920997883,-0.822192191644,0.));
#1705 = DEFINITIONAL_REPRESENTATION('',(#1706),#1709);
#1706 = B_SPLINE_CURVE_WITH_KNOTS('',1,(#1707,#1708),.UNSPECIFIED.,.F.,
  .F.,(2,2),(-7.176216309973,-2.659779710367),.PIECEWISE_BEZIER_KNOTS.);
#1707 = CARTESIAN_POINT('',(4.516436599606,-0.6));
#1708 = CARTESIAN_POINT('',(0.,-0.6));
#1709 = ( GEOMETRIC_REPRESENTATION_CONTEXT(2) 
PARAMETRIC_REPRESENTATION_CONTEXT() REPRESENTATION_CONTEXT('2D SPACE',''
  ) );
#1710 = ORIENTED_EDGE('',*,*,#1711,.F.);
#1711 = EDGE_CURVE('',#1426,#1686,#1712,.T.);
#1712 = SURFACE_CURVE('',#1713,(#1717,#1723),.PCURVE_S1.);
#1713 = LINE('',#1714,#1715);
#1714 = CARTESIAN_POINT('',(3.65624995,-7.247192382812,18.4));
#1715 = VECTOR('',#1716,1.);
#1716 = DIRECTION('',(-0.,1.,0.));
#1717 = PCURVE('',#522,#1718);
#1718 = DEFINITIONAL_REPRESENTATION('',(#1719),#1722);
#1719 = B_SPLINE_CURVE_WITH_KNOTS('',1,(#1720,#1721),.UNSPECIFIED.,.F.,
  .F.,(2,2),(-9.976196289062,-7.247192382812),.PIECEWISE_BEZIER_KNOTS.);
#1720 = CARTESIAN_POINT('',(3.65624995,-17.22338867187));
#1721 = CARTESIAN_POINT('',(3.65624995,-14.49438476562));
#1722 = ( GEOMETRIC_REPRESENTATION_CONTEXT(2) 
PARAMETRIC_REPRESENTATION_CONTEXT() REPRESENTATION_CONTEXT('2D SPACE',''
  ) );
#1723 = PCURVE('',#1724,#1729);
#1724 = PLANE('',#1725);
#1725 = AXIS2_PLACEMENT_3D('',#1726,#1727,#1728);
#1726 = CARTESIAN_POINT('',(3.65624995,-14.49438476562,17.8));
#1727 = DIRECTION('',(1.,0.,-0.));
#1728 = DIRECTION('',(0.,-1.,0.));
#1729 = DEFINITIONAL_REPRESENTATION('',(#1730),#1733);
#1730 = B_SPLINE_CURVE_WITH_KNOTS('',1,(#1731,#1732),.UNSPECIFIED.,.F.,
  .F.,(2,2),(-9.976196289062,-7.247192382812),.PIECEWISE_BEZIER_KNOTS.);
#1731 = CARTESIAN_POINT('',(2.72900390625,-0.6));
#1732 = CARTESIAN_POINT('',(0.,-0.6));
#1733 = ( GEOMETRIC_REPRESENTATION_CONTEXT(2) 
PARAMETRIC_REPRESENTATION_CONTEXT() REPRESENTATION_CONTEXT('2D SPACE',''
  ) );
#1734 = FACE_BOUND('',#1735,.T.);
#1735 = EDGE_LOOP('',(#1736,#1764,#1815,#1866,#1917,#1959,#2010,#2061,
    #2112,#2163,#2232,#2295,#2346,#2397,#2448,#2505,#2556,#2607,#2664,
    #2715,#2741,#2798,#2855,#2912,#2969,#3020,#3089,#3152,#3203,#3254,
    #3305,#3362,#3413,#3464,#3515));
#1736 = ORIENTED_EDGE('',*,*,#1737,.F.);
#1737 = EDGE_CURVE('',#1738,#1740,#1742,.T.);
#1738 = VERTEX_POINT('',#1739);
#1739 = CARTESIAN_POINT('',(7.505859325,-15.08325195312,18.4));
#1740 = VERTEX_POINT('',#1741);
#1741 = CARTESIAN_POINT('',(6.70166010625,-15.15356445312,18.4));
#1742 = SURFACE_CURVE('',#1743,(#1747,#1753),.PCURVE_S1.);
#1743 = LINE('',#1744,#1745);
#1744 = CARTESIAN_POINT('',(4.033675833329,-15.38683083764,18.4));
#1745 = VECTOR('',#1746,1.);
#1746 = DIRECTION('',(-0.99619962403,-8.70994206802E-02,0.));
#1747 = PCURVE('',#522,#1748);
#1748 = DEFINITIONAL_REPRESENTATION('',(#1749),#1752);
#1749 = B_SPLINE_CURVE_WITH_KNOTS('',1,(#1750,#1751),.UNSPECIFIED.,.F.,
  .F.,(2,2),(-3.485429433938,-2.678162296557),.PIECEWISE_BEZIER_KNOTS.);
#1750 = CARTESIAN_POINT('',(7.505859325,-15.08325195312));
#1751 = CARTESIAN_POINT('',(6.70166010625,-15.15356445312));
#1752 = ( GEOMETRIC_REPRESENTATION_CONTEXT(2) 
PARAMETRIC_REPRESENTATION_CONTEXT() REPRESENTATION_CONTEXT('2D SPACE',''
  ) );
#1753 = PCURVE('',#1754,#1759);
#1754 = PLANE('',#1755);
#1755 = AXIS2_PLACEMENT_3D('',#1756,#1757,#1758);
#1756 = CARTESIAN_POINT('',(6.70166010625,-15.15356445312,17.8));
#1757 = DIRECTION('',(-8.70994206802E-02,0.99619962403,0.));
#1758 = DIRECTION('',(0.99619962403,8.70994206802E-02,0.));
#1759 = DEFINITIONAL_REPRESENTATION('',(#1760),#1763);
#1760 = B_SPLINE_CURVE_WITH_KNOTS('',1,(#1761,#1762),.UNSPECIFIED.,.F.,
  .F.,(2,2),(-3.485429433938,-2.678162296557),.PIECEWISE_BEZIER_KNOTS.);
#1761 = CARTESIAN_POINT('',(0.80726713738,-0.6));
#1762 = CARTESIAN_POINT('',(0.,-0.6));
#1763 = ( GEOMETRIC_REPRESENTATION_CONTEXT(2) 
PARAMETRIC_REPRESENTATION_CONTEXT() REPRESENTATION_CONTEXT('2D SPACE',''
  ) );
#1764 = ORIENTED_EDGE('',*,*,#1765,.F.);
#1765 = EDGE_CURVE('',#1766,#1738,#1768,.T.);
#1766 = VERTEX_POINT('',#1767);
#1767 = CARTESIAN_POINT('',(7.771728465625,-15.87646484375,18.4));
#1768 = SURFACE_CURVE('',#1769,(#1780,#1794),.PCURVE_S1.);
#1769 = B_SPLINE_CURVE_WITH_KNOTS('',5,(#1770,#1771,#1772,#1773,#1774,
    #1775,#1776,#1777,#1778,#1779),.UNSPECIFIED.,.F.,.F.,(6,4,6),(0.,
    0.487831239931,1.),.UNSPECIFIED.);
#1770 = CARTESIAN_POINT('',(7.771728465625,-15.87646484375,18.4));
#1771 = CARTESIAN_POINT('',(7.728987457316,-15.81302818931,18.4));
#1772 = CARTESIAN_POINT('',(7.690529243075,-15.74550308047,18.4));
#1773 = CARTESIAN_POINT('',(7.656356259815,-15.67419724607,18.4));
#1774 = CARTESIAN_POINT('',(7.626354966067,-15.59946805909,18.4));
#1775 = CARTESIAN_POINT('',(7.573068024818,-15.43998506926,18.4));
#1776 = CARTESIAN_POINT('',(7.550191647427,-15.35491563753,18.4));
#1777 = CARTESIAN_POINT('',(7.531535762649,-15.2668594998,18.4));
#1778 = CARTESIAN_POINT('',(7.51684389108,-15.17619828149,18.4));
#1779 = CARTESIAN_POINT('',(7.505859325,-15.08325195312,18.4));
#1780 = PCURVE('',#522,#1781);
#1781 = DEFINITIONAL_REPRESENTATION('',(#1782),#1793);
#1782 = B_SPLINE_CURVE_WITH_KNOTS('',5,(#1783,#1784,#1785,#1786,#1787,
    #1788,#1789,#1790,#1791,#1792),.UNSPECIFIED.,.F.,.F.,(6,4,6),(0.,
    0.487831239931,1.),.UNSPECIFIED.);
#1783 = CARTESIAN_POINT('',(7.771728465625,-15.87646484375));
#1784 = CARTESIAN_POINT('',(7.728987457316,-15.81302818931));
#1785 = CARTESIAN_POINT('',(7.690529243075,-15.74550308047));
#1786 = CARTESIAN_POINT('',(7.656356259815,-15.67419724607));
#1787 = CARTESIAN_POINT('',(7.626354966067,-15.59946805909));
#1788 = CARTESIAN_POINT('',(7.573068024818,-15.43998506926));
#1789 = CARTESIAN_POINT('',(7.550191647427,-15.35491563753));
#1790 = CARTESIAN_POINT('',(7.531535762649,-15.2668594998));
#1791 = CARTESIAN_POINT('',(7.51684389108,-15.17619828149));
#1792 = CARTESIAN_POINT('',(7.505859325,-15.08325195312));
#1793 = ( GEOMETRIC_REPRESENTATION_CONTEXT(2) 
PARAMETRIC_REPRESENTATION_CONTEXT() REPRESENTATION_CONTEXT('2D SPACE',''
  ) );
#1794 = PCURVE('',#1795,#1802);
#1795 = SURFACE_OF_LINEAR_EXTRUSION('',#1796,#1800);
#1796 = B_SPLINE_CURVE_WITH_KNOTS('',2,(#1797,#1798,#1799),
  .UNSPECIFIED.,.F.,.F.,(3,3),(0.,1.),.PIECEWISE_BEZIER_KNOTS.);
#1797 = CARTESIAN_POINT('',(7.505859325,-15.08325195312,17.8));
#1798 = CARTESIAN_POINT('',(7.56298823125,-15.56665039062,17.8));
#1799 = CARTESIAN_POINT('',(7.771728465625,-15.87646484375,17.8));
#1800 = VECTOR('',#1801,1.);
#1801 = DIRECTION('',(-0.,-0.,-1.));
#1802 = DEFINITIONAL_REPRESENTATION('',(#1803),#1814);
#1803 = B_SPLINE_CURVE_WITH_KNOTS('',5,(#1804,#1805,#1806,#1807,#1808,
    #1809,#1810,#1811,#1812,#1813),.UNSPECIFIED.,.F.,.F.,(6,4,6),(0.,
    0.487831239931,1.),.UNSPECIFIED.);
#1804 = CARTESIAN_POINT('',(1.,-0.6));
#1805 = CARTESIAN_POINT('',(0.897621537992,-0.6));
#1806 = CARTESIAN_POINT('',(0.795985627202,-0.6));
#1807 = CARTESIAN_POINT('',(0.695375171268,-0.6));
#1808 = CARTESIAN_POINT('',(0.595997325222,-0.6));
#1809 = CARTESIAN_POINT('',(0.395113664643,-0.6));
#1810 = CARTESIAN_POINT('',(0.293747203085,-0.6));
#1811 = CARTESIAN_POINT('',(0.194062072625,-0.6));
#1812 = CARTESIAN_POINT('',(9.613842449764E-02,-0.6));
#1813 = CARTESIAN_POINT('',(0.,-0.6));
#1814 = ( GEOMETRIC_REPRESENTATION_CONTEXT(2) 
PARAMETRIC_REPRESENTATION_CONTEXT() REPRESENTATION_CONTEXT('2D SPACE',''
  ) );
#1815 = ORIENTED_EDGE('',*,*,#1816,.F.);
#1816 = EDGE_CURVE('',#1817,#1766,#1819,.T.);
#1817 = VERTEX_POINT('',#1818);
#1818 = CARTESIAN_POINT('',(8.419921825,-16.37744140625,18.4));
#1819 = SURFACE_CURVE('',#1820,(#1831,#1845),.PCURVE_S1.);
#1820 = B_SPLINE_CURVE_WITH_KNOTS('',5,(#1821,#1822,#1823,#1824,#1825,
    #1826,#1827,#1828,#1829,#1830),.UNSPECIFIED.,.F.,.F.,(6,4,6),(0.,
    0.513278282637,1.),.UNSPECIFIED.);
#1821 = CARTESIAN_POINT('',(8.419921825,-16.37744140625,18.4));
#1822 = CARTESIAN_POINT('',(8.33519648773,-16.34058588453,18.4));
#1823 = CARTESIAN_POINT('',(8.254155241225,-16.30024463983,18.4));
#1824 = CARTESIAN_POINT('',(8.177274557877,-16.25622401627,18.4));
#1825 = CARTESIAN_POINT('',(8.105100099701,-16.20836307319,18.4));
#1826 = CARTESIAN_POINT('',(7.974657843892,-16.10754668565,18.4));
#1827 = CARTESIAN_POINT('',(7.915860232148,-16.05498047232,18.4));
#1828 = CARTESIAN_POINT('',(7.862202057886,-15.99888645126,18.4));
#1829 = CARTESIAN_POINT('',(7.814075547817,-15.93931682889,18.4));
#1830 = CARTESIAN_POINT('',(7.771728465625,-15.87646484375,18.4));
#1831 = PCURVE('',#522,#1832);
#1832 = DEFINITIONAL_REPRESENTATION('',(#1833),#1844);
#1833 = B_SPLINE_CURVE_WITH_KNOTS('',5,(#1834,#1835,#1836,#1837,#1838,
    #1839,#1840,#1841,#1842,#1843),.UNSPECIFIED.,.F.,.F.,(6,4,6),(0.,
    0.513278282637,1.),.UNSPECIFIED.);
#1834 = CARTESIAN_POINT('',(8.419921825,-16.37744140625));
#1835 = CARTESIAN_POINT('',(8.33519648773,-16.34058588453));
#1836 = CARTESIAN_POINT('',(8.254155241225,-16.30024463983));
#1837 = CARTESIAN_POINT('',(8.177274557877,-16.25622401627));
#1838 = CARTESIAN_POINT('',(8.105100099701,-16.20836307319));
#1839 = CARTESIAN_POINT('',(7.974657843892,-16.10754668565));
#1840 = CARTESIAN_POINT('',(7.915860232148,-16.05498047232));
#1841 = CARTESIAN_POINT('',(7.862202057886,-15.99888645126));
#1842 = CARTESIAN_POINT('',(7.814075547817,-15.93931682889));
#1843 = CARTESIAN_POINT('',(7.771728465625,-15.87646484375));
#1844 = ( GEOMETRIC_REPRESENTATION_CONTEXT(2) 
PARAMETRIC_REPRESENTATION_CONTEXT() REPRESENTATION_CONTEXT('2D SPACE',''
  ) );
#1845 = PCURVE('',#1846,#1853);
#1846 = SURFACE_OF_LINEAR_EXTRUSION('',#1847,#1851);
#1847 = B_SPLINE_CURVE_WITH_KNOTS('',2,(#1848,#1849,#1850),
  .UNSPECIFIED.,.F.,.F.,(3,3),(0.,1.),.PIECEWISE_BEZIER_KNOTS.);
#1848 = CARTESIAN_POINT('',(7.771728465625,-15.87646484375,17.8));
#1849 = CARTESIAN_POINT('',(7.9804687,-16.18627929687,17.8));
#1850 = CARTESIAN_POINT('',(8.419921825,-16.37744140625,17.8));
#1851 = VECTOR('',#1852,1.);
#1852 = DIRECTION('',(-0.,-0.,-1.));
#1853 = DEFINITIONAL_REPRESENTATION('',(#1854),#1865);
#1854 = B_SPLINE_CURVE_WITH_KNOTS('',5,(#1855,#1856,#1857,#1858,#1859,
    #1860,#1861,#1862,#1863,#1864),.UNSPECIFIED.,.F.,.F.,(6,4,6),(0.,
    0.513278282637,1.),.UNSPECIFIED.);
#1855 = CARTESIAN_POINT('',(1.,-0.6));
#1856 = CARTESIAN_POINT('',(0.90360139404,-0.6));
#1857 = CARTESIAN_POINT('',(0.805295818733,-0.6));
#1858 = CARTESIAN_POINT('',(0.705144864668,-0.6));
#1859 = CARTESIAN_POINT('',(0.603291982364,-0.6));
#1860 = CARTESIAN_POINT('',(0.402052253628,-0.6));
#1861 = CARTESIAN_POINT('',(0.302805345658,-0.6));
#1862 = CARTESIAN_POINT('',(0.202498107715,-0.6));
#1863 = CARTESIAN_POINT('',(0.101434882257,-0.6));
#1864 = CARTESIAN_POINT('',(0.,-0.6));
#1865 = ( GEOMETRIC_REPRESENTATION_CONTEXT(2) 
PARAMETRIC_REPRESENTATION_CONTEXT() REPRESENTATION_CONTEXT('2D SPACE',''
  ) );
#1866 = ORIENTED_EDGE('',*,*,#1867,.F.);
#1867 = EDGE_CURVE('',#1868,#1817,#1870,.T.);
#1868 = VERTEX_POINT('',#1869);
#1869 = CARTESIAN_POINT('',(9.40869135625,-16.56860351562,18.4));
#1870 = SURFACE_CURVE('',#1871,(#1882,#1896),.PCURVE_S1.);
#1871 = B_SPLINE_CURVE_WITH_KNOTS('',5,(#1872,#1873,#1874,#1875,#1876,
    #1877,#1878,#1879,#1880,#1881),.UNSPECIFIED.,.F.,.F.,(6,4,6),(0.,
    0.508864315597,1.),.UNSPECIFIED.);
#1872 = CARTESIAN_POINT('',(9.40869135625,-16.56860351562,18.4));
#1873 = CARTESIAN_POINT('',(9.301470155289,-16.56860351562,18.4));
#1874 = CARTESIAN_POINT('',(9.195433435967,-16.56405149283,18.4));
#1875 = CARTESIAN_POINT('',(9.090808156506,-16.55470476489,18.4));
#1876 = CARTESIAN_POINT('',(8.987852692297,-16.54034195986,18.4));
#1877 = CARTESIAN_POINT('',(8.789348063679,-16.50196439833,18.4));
#1878 = CARTESIAN_POINT('',(8.693663382228,-16.47830292519,18.4));
#1879 = CARTESIAN_POINT('',(8.60003673881,-16.4496943749,18.4));
#1880 = CARTESIAN_POINT('',(8.508714050748,-16.41606602445,18.4));
#1881 = CARTESIAN_POINT('',(8.419921825,-16.37744140625,18.4));
#1882 = PCURVE('',#522,#1883);
#1883 = DEFINITIONAL_REPRESENTATION('',(#1884),#1895);
#1884 = B_SPLINE_CURVE_WITH_KNOTS('',5,(#1885,#1886,#1887,#1888,#1889,
    #1890,#1891,#1892,#1893,#1894),.UNSPECIFIED.,.F.,.F.,(6,4,6),(0.,
    0.508864315597,1.),.UNSPECIFIED.);
#1885 = CARTESIAN_POINT('',(9.40869135625,-16.56860351562));
#1886 = CARTESIAN_POINT('',(9.301470155289,-16.56860351562));
#1887 = CARTESIAN_POINT('',(9.195433435967,-16.56405149283));
#1888 = CARTESIAN_POINT('',(9.090808156506,-16.55470476489));
#1889 = CARTESIAN_POINT('',(8.987852692297,-16.54034195986));
#1890 = CARTESIAN_POINT('',(8.789348063679,-16.50196439833));
#1891 = CARTESIAN_POINT('',(8.693663382228,-16.47830292519));
#1892 = CARTESIAN_POINT('',(8.60003673881,-16.4496943749));
#1893 = CARTESIAN_POINT('',(8.508714050748,-16.41606602445));
#1894 = CARTESIAN_POINT('',(8.419921825,-16.37744140625));
#1895 = ( GEOMETRIC_REPRESENTATION_CONTEXT(2) 
PARAMETRIC_REPRESENTATION_CONTEXT() REPRESENTATION_CONTEXT('2D SPACE',''
  ) );
#1896 = PCURVE('',#1897,#1904);
#1897 = SURFACE_OF_LINEAR_EXTRUSION('',#1898,#1902);
#1898 = B_SPLINE_CURVE_WITH_KNOTS('',2,(#1899,#1900,#1901),
  .UNSPECIFIED.,.F.,.F.,(3,3),(0.,1.),.PIECEWISE_BEZIER_KNOTS.);
#1899 = CARTESIAN_POINT('',(8.419921825,-16.37744140625,17.8));
#1900 = CARTESIAN_POINT('',(8.85937495,-16.56860351562,17.8));
#1901 = CARTESIAN_POINT('',(9.40869135625,-16.56860351562,17.8));
#1902 = VECTOR('',#1903,1.);
#1903 = DIRECTION('',(-0.,-0.,-1.));
#1904 = DEFINITIONAL_REPRESENTATION('',(#1905),#1916);
#1905 = B_SPLINE_CURVE_WITH_KNOTS('',5,(#1906,#1907,#1908,#1909,#1910,
    #1911,#1912,#1913,#1914,#1915),.UNSPECIFIED.,.F.,.F.,(6,4,6),(0.,
    0.508864315597,1.),.UNSPECIFIED.);
#1906 = CARTESIAN_POINT('',(1.,-0.6));
#1907 = CARTESIAN_POINT('',(0.902404880192,-0.6));
#1908 = CARTESIAN_POINT('',(0.803506664938,-0.6));
#1909 = CARTESIAN_POINT('',(0.703384985582,-0.6));
#1910 = CARTESIAN_POINT('',(0.602159217888,-0.6));
#1911 = CARTESIAN_POINT('',(0.401399968798,-0.6));
#1912 = CARTESIAN_POINT('',(0.301927945034,-0.6));
#1913 = CARTESIAN_POINT('',(0.201741296925,-0.6));
#1914 = CARTESIAN_POINT('',(0.101025821295,-0.6));
#1915 = CARTESIAN_POINT('',(0.,-0.6));
#1916 = ( GEOMETRIC_REPRESENTATION_CONTEXT(2) 
PARAMETRIC_REPRESENTATION_CONTEXT() REPRESENTATION_CONTEXT('2D SPACE',''
  ) );
#1917 = ORIENTED_EDGE('',*,*,#1918,.F.);
#1918 = EDGE_CURVE('',#1919,#1868,#1921,.T.);
#1919 = VERTEX_POINT('',#1920);
#1920 = CARTESIAN_POINT('',(10.27001948125,-16.42358398437,18.4));
#1921 = SURFACE_CURVE('',#1922,(#1930,#1941),.PCURVE_S1.);
#1922 = B_SPLINE_CURVE_WITH_KNOTS('',6,(#1923,#1924,#1925,#1926,#1927,
    #1928,#1929),.UNSPECIFIED.,.F.,.F.,(7,7),(0.,1.),
  .PIECEWISE_BEZIER_KNOTS.);
#1923 = CARTESIAN_POINT('',(10.27001948125,-16.42358398437,18.4));
#1924 = CARTESIAN_POINT('',(10.140638734338,-16.4738141567,18.4));
#1925 = CARTESIAN_POINT('',(10.004450899804,-16.51305508485,18.4));
#1926 = CARTESIAN_POINT('',(9.862309157112,-16.54153588824,18.4));
#1927 = CARTESIAN_POINT('',(9.715105433107,-16.55982104399,18.4));
#1928 = CARTESIAN_POINT('',(9.563664378671,-16.56860351562,18.4));
#1929 = CARTESIAN_POINT('',(9.40869135625,-16.56860351562,18.4));
#1930 = PCURVE('',#522,#1931);
#1931 = DEFINITIONAL_REPRESENTATION('',(#1932),#1940);
#1932 = B_SPLINE_CURVE_WITH_KNOTS('',6,(#1933,#1934,#1935,#1936,#1937,
    #1938,#1939),.UNSPECIFIED.,.F.,.F.,(7,7),(0.,1.),
  .PIECEWISE_BEZIER_KNOTS.);
#1933 = CARTESIAN_POINT('',(10.27001948125,-16.42358398437));
#1934 = CARTESIAN_POINT('',(10.140638734338,-16.4738141567));
#1935 = CARTESIAN_POINT('',(10.004450899804,-16.51305508485));
#1936 = CARTESIAN_POINT('',(9.862309157112,-16.54153588824));
#1937 = CARTESIAN_POINT('',(9.715105433107,-16.55982104399));
#1938 = CARTESIAN_POINT('',(9.563664378671,-16.56860351562));
#1939 = CARTESIAN_POINT('',(9.40869135625,-16.56860351562));
#1940 = ( GEOMETRIC_REPRESENTATION_CONTEXT(2) 
PARAMETRIC_REPRESENTATION_CONTEXT() REPRESENTATION_CONTEXT('2D SPACE',''
  ) );
#1941 = PCURVE('',#1942,#1949);
#1942 = SURFACE_OF_LINEAR_EXTRUSION('',#1943,#1947);
#1943 = B_SPLINE_CURVE_WITH_KNOTS('',2,(#1944,#1945,#1946),
  .UNSPECIFIED.,.F.,.F.,(3,3),(0.,1.),.PIECEWISE_BEZIER_KNOTS.);
#1944 = CARTESIAN_POINT('',(9.40869135625,-16.56860351562,17.8));
#1945 = CARTESIAN_POINT('',(9.896484325,-16.56860351562,17.8));
#1946 = CARTESIAN_POINT('',(10.27001948125,-16.42358398437,17.8));
#1947 = VECTOR('',#1948,1.);
#1948 = DIRECTION('',(-0.,-0.,-1.));
#1949 = DEFINITIONAL_REPRESENTATION('',(#1950),#1958);
#1950 = B_SPLINE_CURVE_WITH_KNOTS('',6,(#1951,#1952,#1953,#1954,#1955,
    #1956,#1957),.UNSPECIFIED.,.F.,.F.,(7,7),(0.,1.),
  .PIECEWISE_BEZIER_KNOTS.);
#1951 = CARTESIAN_POINT('',(1.,-0.6));
#1952 = CARTESIAN_POINT('',(0.826815836814,-0.6));
#1953 = CARTESIAN_POINT('',(0.655529102334,-0.6));
#1954 = CARTESIAN_POINT('',(0.486829291053,-0.6));
#1955 = CARTESIAN_POINT('',(0.321174781141,-0.6));
#1956 = CARTESIAN_POINT('',(0.158851226186,-0.6));
#1957 = CARTESIAN_POINT('',(0.,-0.6));
#1958 = ( GEOMETRIC_REPRESENTATION_CONTEXT(2) 
PARAMETRIC_REPRESENTATION_CONTEXT() REPRESENTATION_CONTEXT('2D SPACE',''
  ) );
#1959 = ORIENTED_EDGE('',*,*,#1960,.F.);
#1960 = EDGE_CURVE('',#1961,#1919,#1963,.T.);
#1961 = VERTEX_POINT('',#1962);
#1962 = CARTESIAN_POINT('',(10.825927684375,-16.02587890625,18.4));
#1963 = SURFACE_CURVE('',#1964,(#1975,#1989),.PCURVE_S1.);
#1964 = B_SPLINE_CURVE_WITH_KNOTS('',5,(#1965,#1966,#1967,#1968,#1969,
    #1970,#1971,#1972,#1973,#1974),.UNSPECIFIED.,.F.,.F.,(6,4,6),(0.,
    0.491313107275,1.),.UNSPECIFIED.);
#1965 = CARTESIAN_POINT('',(10.825927684375,-16.02587890625,18.4));
#1966 = CARTESIAN_POINT('',(10.788894921078,-16.07718936142,18.4));
#1967 = CARTESIAN_POINT('',(10.747038120186,-16.12558324958,18.4));
#1968 = CARTESIAN_POINT('',(10.70052478615,-16.17093488019,18.4));
#1969 = CARTESIAN_POINT('',(10.649622940413,-16.21321210371,18.4));
#1970 = CARTESIAN_POINT('',(10.537736221949,-16.29306103185,18.4));
#1971 = CARTESIAN_POINT('',(10.476455776865,-16.33041524391,18.4));
#1972 = CARTESIAN_POINT('',(10.411158874344,-16.36454052973,18.4));
#1973 = CARTESIAN_POINT('',(10.342228398216,-16.39554993425,18.4));
#1974 = CARTESIAN_POINT('',(10.27001948125,-16.42358398437,18.4));
#1975 = PCURVE('',#522,#1976);
#1976 = DEFINITIONAL_REPRESENTATION('',(#1977),#1988);
#1977 = B_SPLINE_CURVE_WITH_KNOTS('',5,(#1978,#1979,#1980,#1981,#1982,
    #1983,#1984,#1985,#1986,#1987),.UNSPECIFIED.,.F.,.F.,(6,4,6),(0.,
    0.491313107275,1.),.UNSPECIFIED.);
#1978 = CARTESIAN_POINT('',(10.825927684375,-16.02587890625));
#1979 = CARTESIAN_POINT('',(10.788894921078,-16.07718936142));
#1980 = CARTESIAN_POINT('',(10.747038120186,-16.12558324958));
#1981 = CARTESIAN_POINT('',(10.70052478615,-16.17093488019));
#1982 = CARTESIAN_POINT('',(10.649622940413,-16.21321210371));
#1983 = CARTESIAN_POINT('',(10.537736221949,-16.29306103185));
#1984 = CARTESIAN_POINT('',(10.476455776865,-16.33041524391));
#1985 = CARTESIAN_POINT('',(10.411158874344,-16.36454052973));
#1986 = CARTESIAN_POINT('',(10.342228398216,-16.39554993425));
#1987 = CARTESIAN_POINT('',(10.27001948125,-16.42358398437));
#1988 = ( GEOMETRIC_REPRESENTATION_CONTEXT(2) 
PARAMETRIC_REPRESENTATION_CONTEXT() REPRESENTATION_CONTEXT('2D SPACE',''
  ) );
#1989 = PCURVE('',#1990,#1997);
#1990 = SURFACE_OF_LINEAR_EXTRUSION('',#1991,#1995);
#1991 = B_SPLINE_CURVE_WITH_KNOTS('',2,(#1992,#1993,#1994),
  .UNSPECIFIED.,.F.,.F.,(3,3),(0.,1.),.PIECEWISE_BEZIER_KNOTS.);
#1992 = CARTESIAN_POINT('',(10.27001948125,-16.42358398437,17.8));
#1993 = CARTESIAN_POINT('',(10.6435546375,-16.27856445312,17.8));
#1994 = CARTESIAN_POINT('',(10.825927684375,-16.02587890625,17.8));
#1995 = VECTOR('',#1996,1.);
#1996 = DIRECTION('',(-0.,-0.,-1.));
#1997 = DEFINITIONAL_REPRESENTATION('',(#1998),#2009);
#1998 = B_SPLINE_CURVE_WITH_KNOTS('',5,(#1999,#2000,#2001,#2002,#2003,
    #2004,#2005,#2006,#2007,#2008),.UNSPECIFIED.,.F.,.F.,(6,4,6),(0.,
    0.491313107275,1.),.UNSPECIFIED.);
#1999 = CARTESIAN_POINT('',(1.,-0.6));
#2000 = CARTESIAN_POINT('',(0.898469746677,-0.6));
#2001 = CARTESIAN_POINT('',(0.797220274911,-0.6));
#2002 = CARTESIAN_POINT('',(0.696561139095,-0.6));
#2003 = CARTESIAN_POINT('',(0.596749941113,-0.6));
#2004 = CARTESIAN_POINT('',(0.395758069228,-0.6));
#2005 = CARTESIAN_POINT('',(0.294649174391,-0.6));
#2006 = CARTESIAN_POINT('',(0.194900408607,-0.6));
#2007 = CARTESIAN_POINT('',(9.665611891932E-02,-0.6));
#2008 = CARTESIAN_POINT('',(0.,-0.6));
#2009 = ( GEOMETRIC_REPRESENTATION_CONTEXT(2) 
PARAMETRIC_REPRESENTATION_CONTEXT() REPRESENTATION_CONTEXT('2D SPACE',''
  ) );
#2010 = ORIENTED_EDGE('',*,*,#2011,.F.);
#2011 = EDGE_CURVE('',#2012,#1961,#2014,.T.);
#2012 = VERTEX_POINT('',#2013);
#2013 = CARTESIAN_POINT('',(11.00830073125,-15.47436523437,18.4));
#2014 = SURFACE_CURVE('',#2015,(#2026,#2040),.PCURVE_S1.);
#2015 = B_SPLINE_CURVE_WITH_KNOTS('',5,(#2016,#2017,#2018,#2019,#2020,
    #2021,#2022,#2023,#2024,#2025),.UNSPECIFIED.,.F.,.F.,(6,4,6),(0.,
    0.389085213302,1.),.UNSPECIFIED.);
#2016 = CARTESIAN_POINT('',(11.00830073125,-15.47436523437,18.4));
#2017 = CARTESIAN_POINT('',(11.00830073125,-15.52073535215,18.4));
#2018 = CARTESIAN_POINT('',(11.005556381877,-15.56659437282,18.4));
#2019 = CARTESIAN_POINT('',(11.000023409851,-15.61187293809,18.4));
#2020 = CARTESIAN_POINT('',(10.991686999112,-15.65650601296,18.4));
#2021 = CARTESIAN_POINT('',(10.963093755494,-15.76940383399,18.4));
#2022 = CARTESIAN_POINT('',(10.938749840193,-15.8366385261,18.4));
#2023 = CARTESIAN_POINT('',(10.907589635944,-15.90189561799,18.4));
#2024 = CARTESIAN_POINT('',(10.869858496927,-15.96501091295,18.4));
#2025 = CARTESIAN_POINT('',(10.825927684375,-16.02587890625,18.4));
#2026 = PCURVE('',#522,#2027);
#2027 = DEFINITIONAL_REPRESENTATION('',(#2028),#2039);
#2028 = B_SPLINE_CURVE_WITH_KNOTS('',5,(#2029,#2030,#2031,#2032,#2033,
    #2034,#2035,#2036,#2037,#2038),.UNSPECIFIED.,.F.,.F.,(6,4,6),(0.,
    0.389085213302,1.),.UNSPECIFIED.);
#2029 = CARTESIAN_POINT('',(11.00830073125,-15.47436523437));
#2030 = CARTESIAN_POINT('',(11.00830073125,-15.52073535215));
#2031 = CARTESIAN_POINT('',(11.005556381877,-15.56659437282));
#2032 = CARTESIAN_POINT('',(11.000023409851,-15.61187293809));
#2033 = CARTESIAN_POINT('',(10.991686999112,-15.65650601296));
#2034 = CARTESIAN_POINT('',(10.963093755494,-15.76940383399));
#2035 = CARTESIAN_POINT('',(10.938749840193,-15.8366385261));
#2036 = CARTESIAN_POINT('',(10.907589635944,-15.90189561799));
#2037 = CARTESIAN_POINT('',(10.869858496927,-15.96501091295));
#2038 = CARTESIAN_POINT('',(10.825927684375,-16.02587890625));
#2039 = ( GEOMETRIC_REPRESENTATION_CONTEXT(2) 
PARAMETRIC_REPRESENTATION_CONTEXT() REPRESENTATION_CONTEXT('2D SPACE',''
  ) );
#2040 = PCURVE('',#2041,#2048);
#2041 = SURFACE_OF_LINEAR_EXTRUSION('',#2042,#2046);
#2042 = B_SPLINE_CURVE_WITH_KNOTS('',2,(#2043,#2044,#2045),
  .UNSPECIFIED.,.F.,.F.,(3,3),(0.,1.),.PIECEWISE_BEZIER_KNOTS.);
#2043 = CARTESIAN_POINT('',(10.825927684375,-16.02587890625,17.8));
#2044 = CARTESIAN_POINT('',(11.00830073125,-15.77319335937,17.8));
#2045 = CARTESIAN_POINT('',(11.00830073125,-15.47436523437,17.8));
#2046 = VECTOR('',#2047,1.);
#2047 = DIRECTION('',(-0.,-0.,-1.));
#2048 = DEFINITIONAL_REPRESENTATION('',(#2049),#2060);
#2049 = B_SPLINE_CURVE_WITH_KNOTS('',5,(#2050,#2051,#2052,#2053,#2054,
    #2055,#2056,#2057,#2058,#2059),.UNSPECIFIED.,.F.,.F.,(6,4,6),(0.,
    0.389085213302,1.),.UNSPECIFIED.);
#2050 = CARTESIAN_POINT('',(1.,-0.6));
#2051 = CARTESIAN_POINT('',(0.922413397697,-0.6));
#2052 = CARTESIAN_POINT('',(0.844520170403,-0.6));
#2053 = CARTESIAN_POINT('',(0.76641762592,-0.6));
#2054 = CARTESIAN_POINT('',(0.68820830873,-0.6));
#2055 = CARTESIAN_POINT('',(0.487202703644,-0.6));
#2056 = CARTESIAN_POINT('',(0.364399677685,-0.6));
#2057 = CARTESIAN_POINT('',(0.242019966961,-0.6));
#2058 = CARTESIAN_POINT('',(0.120442174173,-0.6));
#2059 = CARTESIAN_POINT('',(0.,-0.6));
#2060 = ( GEOMETRIC_REPRESENTATION_CONTEXT(2) 
PARAMETRIC_REPRESENTATION_CONTEXT() REPRESENTATION_CONTEXT('2D SPACE',''
  ) );
#2061 = ORIENTED_EDGE('',*,*,#2062,.F.);
#2062 = EDGE_CURVE('',#2063,#2012,#2065,.T.);
#2063 = VERTEX_POINT('',#2064);
#2064 = CARTESIAN_POINT('',(10.83251948125,-14.94482421875,18.4));
#2065 = SURFACE_CURVE('',#2066,(#2077,#2091),.PCURVE_S1.);
#2066 = B_SPLINE_CURVE_WITH_KNOTS('',5,(#2067,#2068,#2069,#2070,#2071,
    #2072,#2073,#2074,#2075,#2076),.UNSPECIFIED.,.F.,.F.,(6,4,6),(0.,
    0.364860532911,1.),.UNSPECIFIED.);
#2067 = CARTESIAN_POINT('',(10.83251948125,-14.94482421875,18.4));
#2068 = CARTESIAN_POINT('',(10.858125755679,-14.97779229707,18.4));
#2069 = CARTESIAN_POINT('',(10.881495845812,-15.01190251692,18.4));
#2070 = CARTESIAN_POINT('',(10.902564353712,-15.04713147871,18.4));
#2071 = CARTESIAN_POINT('',(10.921287755853,-15.08344358685,18.4));
#2072 = CARTESIAN_POINT('',(10.966117617668,-15.18580451542,18.4));
#2073 = CARTESIAN_POINT('',(10.987421694652,-15.25396047822,18.4));
#2074 = CARTESIAN_POINT('',(11.001439246118,-15.32499741291,18.4));
#2075 = CARTESIAN_POINT('',(11.00830073125,-15.39858692512,18.4));
#2076 = CARTESIAN_POINT('',(11.00830073125,-15.47436523437,18.4));
#2077 = PCURVE('',#522,#2078);
#2078 = DEFINITIONAL_REPRESENTATION('',(#2079),#2090);
#2079 = B_SPLINE_CURVE_WITH_KNOTS('',5,(#2080,#2081,#2082,#2083,#2084,
    #2085,#2086,#2087,#2088,#2089),.UNSPECIFIED.,.F.,.F.,(6,4,6),(0.,
    0.364860532911,1.),.UNSPECIFIED.);
#2080 = CARTESIAN_POINT('',(10.83251948125,-14.94482421875));
#2081 = CARTESIAN_POINT('',(10.858125755679,-14.97779229707));
#2082 = CARTESIAN_POINT('',(10.881495845812,-15.01190251692));
#2083 = CARTESIAN_POINT('',(10.902564353712,-15.04713147871));
#2084 = CARTESIAN_POINT('',(10.921287755853,-15.08344358685));
#2085 = CARTESIAN_POINT('',(10.966117617668,-15.18580451542));
#2086 = CARTESIAN_POINT('',(10.987421694652,-15.25396047822));
#2087 = CARTESIAN_POINT('',(11.001439246118,-15.32499741291));
#2088 = CARTESIAN_POINT('',(11.00830073125,-15.39858692512));
#2089 = CARTESIAN_POINT('',(11.00830073125,-15.47436523437));
#2090 = ( GEOMETRIC_REPRESENTATION_CONTEXT(2) 
PARAMETRIC_REPRESENTATION_CONTEXT() REPRESENTATION_CONTEXT('2D SPACE',''
  ) );
#2091 = PCURVE('',#2092,#2099);
#2092 = SURFACE_OF_LINEAR_EXTRUSION('',#2093,#2097);
#2093 = B_SPLINE_CURVE_WITH_KNOTS('',2,(#2094,#2095,#2096),
  .UNSPECIFIED.,.F.,.F.,(3,3),(0.,1.),.PIECEWISE_BEZIER_KNOTS.);
#2094 = CARTESIAN_POINT('',(11.00830073125,-15.47436523437,17.8));
#2095 = CARTESIAN_POINT('',(11.00830073125,-15.17114257812,17.8));
#2096 = CARTESIAN_POINT('',(10.83251948125,-14.94482421875,17.8));
#2097 = VECTOR('',#2098,1.);
#2098 = DIRECTION('',(-0.,-0.,-1.));
#2099 = DEFINITIONAL_REPRESENTATION('',(#2100),#2111);
#2100 = B_SPLINE_CURVE_WITH_KNOTS('',5,(#2101,#2102,#2103,#2104,#2105,
    #2106,#2107,#2108,#2109,#2110),.UNSPECIFIED.,.F.,.F.,(6,4,6),(0.,
    0.364860532911,1.),.UNSPECIFIED.);
#2101 = CARTESIAN_POINT('',(1.,-0.6));
#2102 = CARTESIAN_POINT('',(0.927164374958,-0.6));
#2103 = CARTESIAN_POINT('',(0.854058633406,-0.6));
#2104 = CARTESIAN_POINT('',(0.780768539352,-0.6));
#2105 = CARTESIAN_POINT('',(0.70738418685,-0.6));
#2106 = CARTESIAN_POINT('',(0.506254768262,-0.6));
#2107 = CARTESIAN_POINT('',(0.378499643629,-0.6));
#2108 = CARTESIAN_POINT('',(0.251250554773,-0.6));
#2109 = CARTESIAN_POINT('',(0.124954893185,-0.6));
#2110 = CARTESIAN_POINT('',(0.,-0.6));
#2111 = ( GEOMETRIC_REPRESENTATION_CONTEXT(2) 
PARAMETRIC_REPRESENTATION_CONTEXT() REPRESENTATION_CONTEXT('2D SPACE',''
  ) );
#2112 = ORIENTED_EDGE('',*,*,#2113,.F.);
#2113 = EDGE_CURVE('',#2114,#2063,#2116,.T.);
#2114 = VERTEX_POINT('',#2115);
#2115 = CARTESIAN_POINT('',(10.25244135625,-14.56469726562,18.4));
#2116 = SURFACE_CURVE('',#2117,(#2128,#2142),.PCURVE_S1.);
#2117 = B_SPLINE_CURVE_WITH_KNOTS('',5,(#2118,#2119,#2120,#2121,#2122,
    #2123,#2124,#2125,#2126,#2127),.UNSPECIFIED.,.F.,.F.,(6,4,6),(0.,
    0.560113422113,1.),.UNSPECIFIED.);
#2118 = CARTESIAN_POINT('',(10.25244135625,-14.56469726562,18.4));
#2119 = CARTESIAN_POINT('',(10.336274477811,-14.596590301,18.4));
#2120 = CARTESIAN_POINT('',(10.415984085665,-14.63119968877,18.4));
#2121 = CARTESIAN_POINT('',(10.490999965034,-14.66871873286,18.4));
#2122 = CARTESIAN_POINT('',(10.56061760023,-14.70932667627,18.4));
#2123 = CARTESIAN_POINT('',(10.674009917298,-14.7875004038,18.4));
#2124 = CARTESIAN_POINT('',(10.720124257208,-14.8238480925,18.4));
#2125 = CARTESIAN_POINT('',(10.762127247053,-14.86219442789,18.4));
#2126 = CARTESIAN_POINT('',(10.799679026315,-14.90254213302,18.4));
#2127 = CARTESIAN_POINT('',(10.83251948125,-14.94482421875,18.4));
#2128 = PCURVE('',#522,#2129);
#2129 = DEFINITIONAL_REPRESENTATION('',(#2130),#2141);
#2130 = B_SPLINE_CURVE_WITH_KNOTS('',5,(#2131,#2132,#2133,#2134,#2135,
    #2136,#2137,#2138,#2139,#2140),.UNSPECIFIED.,.F.,.F.,(6,4,6),(0.,
    0.560113422113,1.),.UNSPECIFIED.);
#2131 = CARTESIAN_POINT('',(10.25244135625,-14.56469726562));
#2132 = CARTESIAN_POINT('',(10.336274477811,-14.596590301));
#2133 = CARTESIAN_POINT('',(10.415984085665,-14.63119968877));
#2134 = CARTESIAN_POINT('',(10.490999965034,-14.66871873286));
#2135 = CARTESIAN_POINT('',(10.56061760023,-14.70932667627));
#2136 = CARTESIAN_POINT('',(10.674009917298,-14.7875004038));
#2137 = CARTESIAN_POINT('',(10.720124257208,-14.8238480925));
#2138 = CARTESIAN_POINT('',(10.762127247053,-14.86219442789));
#2139 = CARTESIAN_POINT('',(10.799679026315,-14.90254213302));
#2140 = CARTESIAN_POINT('',(10.83251948125,-14.94482421875));
#2141 = ( GEOMETRIC_REPRESENTATION_CONTEXT(2) 
PARAMETRIC_REPRESENTATION_CONTEXT() REPRESENTATION_CONTEXT('2D SPACE',''
  ) );
#2142 = PCURVE('',#2143,#2150);
#2143 = SURFACE_OF_LINEAR_EXTRUSION('',#2144,#2148);
#2144 = B_SPLINE_CURVE_WITH_KNOTS('',2,(#2145,#2146,#2147),
  .UNSPECIFIED.,.F.,.F.,(3,3),(0.,1.),.PIECEWISE_BEZIER_KNOTS.);
#2145 = CARTESIAN_POINT('',(10.83251948125,-14.94482421875,17.8));
#2146 = CARTESIAN_POINT('',(10.65673823125,-14.71850585937,17.8));
#2147 = CARTESIAN_POINT('',(10.25244135625,-14.56469726562,17.8));
#2148 = VECTOR('',#2149,1.);
#2149 = DIRECTION('',(-0.,-0.,-1.));
#2150 = DEFINITIONAL_REPRESENTATION('',(#2151),#2162);
#2151 = B_SPLINE_CURVE_WITH_KNOTS('',5,(#2152,#2153,#2154,#2155,#2156,
    #2157,#2158,#2159,#2160,#2161),.UNSPECIFIED.,.F.,.F.,(6,4,6),(0.,
    0.560113422113,1.),.UNSPECIFIED.);
#2152 = CARTESIAN_POINT('',(1.,-0.6));
#2153 = CARTESIAN_POINT('',(0.896322323094,-0.6));
#2154 = CARTESIAN_POINT('',(0.790149158371,-0.6));
#2155 = CARTESIAN_POINT('',(0.681458579936,-0.6));
#2156 = CARTESIAN_POINT('',(0.570329116681,-0.6));
#2157 = CARTESIAN_POINT('',(0.367996674346,-0.6));
#2158 = CARTESIAN_POINT('',(0.277636857596,-0.6));
#2159 = CARTESIAN_POINT('',(0.186046810887,-0.6));
#2160 = CARTESIAN_POINT('',(9.341284959326E-02,-0.6));
#2161 = CARTESIAN_POINT('',(0.,-0.6));
#2162 = ( GEOMETRIC_REPRESENTATION_CONTEXT(2) 
PARAMETRIC_REPRESENTATION_CONTEXT() REPRESENTATION_CONTEXT('2D SPACE',''
  ) );
#2163 = ORIENTED_EDGE('',*,*,#2164,.F.);
#2164 = EDGE_CURVE('',#2165,#2114,#2167,.T.);
#2165 = VERTEX_POINT('',#2166);
#2166 = CARTESIAN_POINT('',(9.1054687,-14.25048828125,18.4));
#2167 = SURFACE_CURVE('',#2168,(#2185,#2205),.PCURVE_S1.);
#2168 = B_SPLINE_CURVE_WITH_KNOTS('',8,(#2169,#2170,#2171,#2172,#2173,
    #2174,#2175,#2176,#2177,#2178,#2179,#2180,#2181,#2182,#2183,#2184),
  .UNSPECIFIED.,.F.,.F.,(9,7,9),(0.,0.692864786758,1.),.UNSPECIFIED.);
#2169 = CARTESIAN_POINT('',(9.1054687,-14.25048828125,18.4));
#2170 = CARTESIAN_POINT('',(9.221734456968,-14.27840357438,18.4));
#2171 = CARTESIAN_POINT('',(9.336334596404,-14.30629955231,18.4));
#2172 = CARTESIAN_POINT('',(9.449200906804,-14.3342109927,18.4));
#2173 = CARTESIAN_POINT('',(9.560032536157,-14.36213514492,18.4));
#2174 = CARTESIAN_POINT('',(9.668308790112,-14.39003292385,18.4));
#2175 = CARTESIAN_POINT('',(9.773191436515,-14.41782434887,18.4));
#2176 = CARTESIAN_POINT('',(9.873566822658,-14.44539085572,18.4));
#2177 = CARTESIAN_POINT('',(10.009326354275,-14.48460398362,18.4));
#2178 = CARTESIAN_POINT('',(10.049737350622,-14.49655663755,18.4));
#2179 = CARTESIAN_POINT('',(10.088714269189,-14.508404797,18.4));
#2180 = CARTESIAN_POINT('',(10.126044344366,-14.5201219707,18.4));
#2181 = CARTESIAN_POINT('',(10.161449856863,-14.53166849934,18.4));
#2182 = CARTESIAN_POINT('',(10.194590588335,-14.54299178821,18.4));
#2183 = CARTESIAN_POINT('',(10.225069460144,-14.55402686544,18.4));
#2184 = CARTESIAN_POINT('',(10.25244135625,-14.56469726562,18.4));
#2185 = PCURVE('',#522,#2186);
#2186 = DEFINITIONAL_REPRESENTATION('',(#2187),#2204);
#2187 = B_SPLINE_CURVE_WITH_KNOTS('',8,(#2188,#2189,#2190,#2191,#2192,
    #2193,#2194,#2195,#2196,#2197,#2198,#2199,#2200,#2201,#2202,#2203),
  .UNSPECIFIED.,.F.,.F.,(9,7,9),(0.,0.692864786758,1.),.UNSPECIFIED.);
#2188 = CARTESIAN_POINT('',(9.1054687,-14.25048828125));
#2189 = CARTESIAN_POINT('',(9.221734456968,-14.27840357438));
#2190 = CARTESIAN_POINT('',(9.336334596404,-14.30629955231));
#2191 = CARTESIAN_POINT('',(9.449200906804,-14.3342109927));
#2192 = CARTESIAN_POINT('',(9.560032536157,-14.36213514492));
#2193 = CARTESIAN_POINT('',(9.668308790112,-14.39003292385));
#2194 = CARTESIAN_POINT('',(9.773191436515,-14.41782434887));
#2195 = CARTESIAN_POINT('',(9.873566822658,-14.44539085572));
#2196 = CARTESIAN_POINT('',(10.009326354275,-14.48460398362));
#2197 = CARTESIAN_POINT('',(10.049737350622,-14.49655663755));
#2198 = CARTESIAN_POINT('',(10.088714269189,-14.508404797));
#2199 = CARTESIAN_POINT('',(10.126044344366,-14.5201219707));
#2200 = CARTESIAN_POINT('',(10.161449856863,-14.53166849934));
#2201 = CARTESIAN_POINT('',(10.194590588335,-14.54299178821));
#2202 = CARTESIAN_POINT('',(10.225069460144,-14.55402686544));
#2203 = CARTESIAN_POINT('',(10.25244135625,-14.56469726562));
#2204 = ( GEOMETRIC_REPRESENTATION_CONTEXT(2) 
PARAMETRIC_REPRESENTATION_CONTEXT() REPRESENTATION_CONTEXT('2D SPACE',''
  ) );
#2205 = PCURVE('',#2206,#2213);
#2206 = SURFACE_OF_LINEAR_EXTRUSION('',#2207,#2211);
#2207 = B_SPLINE_CURVE_WITH_KNOTS('',2,(#2208,#2209,#2210),
  .UNSPECIFIED.,.F.,.F.,(3,3),(0.,1.),.PIECEWISE_BEZIER_KNOTS.);
#2208 = CARTESIAN_POINT('',(10.25244135625,-14.56469726562,17.8));
#2209 = CARTESIAN_POINT('',(9.9931640125,-14.46362304687,17.8));
#2210 = CARTESIAN_POINT('',(9.1054687,-14.25048828125,17.8));
#2211 = VECTOR('',#2212,1.);
#2212 = DIRECTION('',(-0.,-0.,-1.));
#2213 = DEFINITIONAL_REPRESENTATION('',(#2214),#2231);
#2214 = B_SPLINE_CURVE_WITH_KNOTS('',8,(#2215,#2216,#2217,#2218,#2219,
    #2220,#2221,#2222,#2223,#2224,#2225,#2226,#2227,#2228,#2229,#2230),
  .UNSPECIFIED.,.F.,.F.,(9,7,9),(0.,0.692864786758,1.),.UNSPECIFIED.);
#2215 = CARTESIAN_POINT('',(1.,-0.6));
#2216 = CARTESIAN_POINT('',(0.934512576933,-0.6));
#2217 = CARTESIAN_POINT('',(0.866493212668,-0.6));
#2218 = CARTESIAN_POINT('',(0.795513919265,-0.6));
#2219 = CARTESIAN_POINT('',(0.721110634647,-0.6));
#2220 = CARTESIAN_POINT('',(0.642793146331,-0.6));
#2221 = CARTESIAN_POINT('',(0.559927837971,-0.6));
#2222 = CARTESIAN_POINT('',(0.47178508727,-0.6));
#2223 = CARTESIAN_POINT('',(0.334983377786,-0.6));
#2224 = CARTESIAN_POINT('',(0.29170707356,-0.6));
#2225 = CARTESIAN_POINT('',(0.24705190176,-0.6));
#2226 = CARTESIAN_POINT('',(0.200913471663,-0.6));
#2227 = CARTESIAN_POINT('',(0.153201847551,-0.6));
#2228 = CARTESIAN_POINT('',(0.103843418067,-0.6));
#2229 = CARTESIAN_POINT('',(5.278497478893E-02,-0.6));
#2230 = CARTESIAN_POINT('',(0.,-0.6));
#2231 = ( GEOMETRIC_REPRESENTATION_CONTEXT(2) 
PARAMETRIC_REPRESENTATION_CONTEXT() REPRESENTATION_CONTEXT('2D SPACE',''
  ) );
#2232 = ORIENTED_EDGE('',*,*,#2233,.F.);
#2233 = EDGE_CURVE('',#2234,#2165,#2236,.T.);
#2234 = VERTEX_POINT('',#2235);
#2235 = CARTESIAN_POINT('',(7.86181635625,-13.84838867187,18.4));
#2236 = SURFACE_CURVE('',#2237,(#2252,#2270),.PCURVE_S1.);
#2237 = B_SPLINE_CURVE_WITH_KNOTS('',7,(#2238,#2239,#2240,#2241,#2242,
    #2243,#2244,#2245,#2246,#2247,#2248,#2249,#2250,#2251),
  .UNSPECIFIED.,.F.,.F.,(8,6,8),(0.,0.700003735074,1.),.UNSPECIFIED.);
#2238 = CARTESIAN_POINT('',(7.86181635625,-13.84838867187,18.4));
#2239 = CARTESIAN_POINT('',(7.953747078631,-13.89719140104,18.4));
#2240 = CARTESIAN_POINT('',(8.05960059136,-13.94334357979,18.4));
#2241 = CARTESIAN_POINT('',(8.17504425082,-13.98719727573,18.4));
#2242 = CARTESIAN_POINT('',(8.297327439656,-14.02894993185,18.4));
#2243 = CARTESIAN_POINT('',(8.424507839026,-14.06884633953,18.4));
#2244 = CARTESIAN_POINT('',(8.555584965319,-14.1071520721,18.4));
#2245 = CARTESIAN_POINT('',(8.748078141354,-14.16006194731,18.4));
#2246 = CARTESIAN_POINT('',(8.806430479961,-14.17568273963,18.4));
#2247 = CARTESIAN_POINT('',(8.865328551288,-14.19106690203,18.4));
#2248 = CARTESIAN_POINT('',(8.92472148096,-14.20622793453,18.4));
#2249 = CARTESIAN_POINT('',(8.984565966496,-14.22117790729,18.4));
#2250 = CARTESIAN_POINT('',(9.044825351525,-14.23592787332,18.4));
#2251 = CARTESIAN_POINT('',(9.1054687,-14.25048828125,18.4));
#2252 = PCURVE('',#522,#2253);
#2253 = DEFINITIONAL_REPRESENTATION('',(#2254),#2269);
#2254 = B_SPLINE_CURVE_WITH_KNOTS('',7,(#2255,#2256,#2257,#2258,#2259,
    #2260,#2261,#2262,#2263,#2264,#2265,#2266,#2267,#2268),
  .UNSPECIFIED.,.F.,.F.,(8,6,8),(0.,0.700003735074,1.),.UNSPECIFIED.);
#2255 = CARTESIAN_POINT('',(7.86181635625,-13.84838867187));
#2256 = CARTESIAN_POINT('',(7.953747078631,-13.89719140104));
#2257 = CARTESIAN_POINT('',(8.05960059136,-13.94334357979));
#2258 = CARTESIAN_POINT('',(8.17504425082,-13.98719727573));
#2259 = CARTESIAN_POINT('',(8.297327439656,-14.02894993185));
#2260 = CARTESIAN_POINT('',(8.424507839026,-14.06884633953));
#2261 = CARTESIAN_POINT('',(8.555584965319,-14.1071520721));
#2262 = CARTESIAN_POINT('',(8.748078141354,-14.16006194731));
#2263 = CARTESIAN_POINT('',(8.806430479961,-14.17568273963));
#2264 = CARTESIAN_POINT('',(8.865328551288,-14.19106690203));
#2265 = CARTESIAN_POINT('',(8.92472148096,-14.20622793453));
#2266 = CARTESIAN_POINT('',(8.984565966496,-14.22117790729));
#2267 = CARTESIAN_POINT('',(9.044825351525,-14.23592787332));
#2268 = CARTESIAN_POINT('',(9.1054687,-14.25048828125));
#2269 = ( GEOMETRIC_REPRESENTATION_CONTEXT(2) 
PARAMETRIC_REPRESENTATION_CONTEXT() REPRESENTATION_CONTEXT('2D SPACE',''
  ) );
#2270 = PCURVE('',#2271,#2278);
#2271 = SURFACE_OF_LINEAR_EXTRUSION('',#2272,#2276);
#2272 = B_SPLINE_CURVE_WITH_KNOTS('',2,(#2273,#2274,#2275),
  .UNSPECIFIED.,.F.,.F.,(3,3),(0.,1.),.PIECEWISE_BEZIER_KNOTS.);
#2273 = CARTESIAN_POINT('',(9.1054687,-14.25048828125,17.8));
#2274 = CARTESIAN_POINT('',(8.2177733875,-14.03735351562,17.8));
#2275 = CARTESIAN_POINT('',(7.86181635625,-13.84838867187,17.8));
#2276 = VECTOR('',#2277,1.);
#2277 = DIRECTION('',(-0.,-0.,-1.));
#2278 = DEFINITIONAL_REPRESENTATION('',(#2279),#2294);
#2279 = B_SPLINE_CURVE_WITH_KNOTS('',7,(#2280,#2281,#2282,#2283,#2284,
    #2285,#2286,#2287,#2288,#2289,#2290,#2291,#2292,#2293),
  .UNSPECIFIED.,.F.,.F.,(8,6,8),(0.,0.700003735074,1.),.UNSPECIFIED.);
#2280 = CARTESIAN_POINT('',(1.,-0.6));
#2281 = CARTESIAN_POINT('',(0.87086823084,-0.6));
#2282 = CARTESIAN_POINT('',(0.751237879387,-0.6));
#2283 = CARTESIAN_POINT('',(0.639520248732,-0.6));
#2284 = CARTESIAN_POINT('',(0.534782181699,-0.6));
#2285 = CARTESIAN_POINT('',(0.436059825479,-0.6));
#2286 = CARTESIAN_POINT('',(0.342453073268,-0.6));
#2287 = CARTESIAN_POINT('',(0.214663650461,-0.6));
#2288 = CARTESIAN_POINT('',(0.177136044201,-0.6));
#2289 = CARTESIAN_POINT('',(0.140364973511,-0.6));
#2290 = CARTESIAN_POINT('',(0.104304680613,-0.6));
#2291 = CARTESIAN_POINT('',(6.891454147662E-02,-0.6));
#2292 = CARTESIAN_POINT('',(3.415774963589E-02,-0.6));
#2293 = CARTESIAN_POINT('',(0.,-0.6));
#2294 = ( GEOMETRIC_REPRESENTATION_CONTEXT(2) 
PARAMETRIC_REPRESENTATION_CONTEXT() REPRESENTATION_CONTEXT('2D SPACE',''
  ) );
#2295 = ORIENTED_EDGE('',*,*,#2296,.F.);
#2296 = EDGE_CURVE('',#2297,#2234,#2299,.T.);
#2297 = VERTEX_POINT('',#2298);
#2298 = CARTESIAN_POINT('',(7.174072215625,-13.24853515625,18.4));
#2299 = SURFACE_CURVE('',#2300,(#2311,#2325),.PCURVE_S1.);
#2300 = B_SPLINE_CURVE_WITH_KNOTS('',5,(#2301,#2302,#2303,#2304,#2305,
    #2306,#2307,#2308,#2309,#2310),.UNSPECIFIED.,.F.,.F.,(6,4,6),(0.,
    0.489637526327,1.),.UNSPECIFIED.);
#2301 = CARTESIAN_POINT('',(7.174072215625,-13.24853515625,18.4));
#2302 = CARTESIAN_POINT('',(7.220121778681,-13.32140970749,18.4));
#2303 = CARTESIAN_POINT('',(7.27210007655,-13.3910258044,18.4));
#2304 = CARTESIAN_POINT('',(7.329762144295,-13.45716636452,18.4));
#2305 = CARTESIAN_POINT('',(7.392724204014,-13.51974896639,18.4));
#2306 = CARTESIAN_POINT('',(7.531234125168,-13.64029928216,18.4));
#2307 = CARTESIAN_POINT('',(7.607205755046,-13.69796265484,18.4));
#2308 = CARTESIAN_POINT('',(7.687966986126,-13.75177528517,18.4));
#2309 = CARTESIAN_POINT('',(7.772992948157,-13.80186212477,18.4));
#2310 = CARTESIAN_POINT('',(7.86181635625,-13.84838867187,18.4));
#2311 = PCURVE('',#522,#2312);
#2312 = DEFINITIONAL_REPRESENTATION('',(#2313),#2324);
#2313 = B_SPLINE_CURVE_WITH_KNOTS('',5,(#2314,#2315,#2316,#2317,#2318,
    #2319,#2320,#2321,#2322,#2323),.UNSPECIFIED.,.F.,.F.,(6,4,6),(0.,
    0.489637526327,1.),.UNSPECIFIED.);
#2314 = CARTESIAN_POINT('',(7.174072215625,-13.24853515625));
#2315 = CARTESIAN_POINT('',(7.220121778681,-13.32140970749));
#2316 = CARTESIAN_POINT('',(7.27210007655,-13.3910258044));
#2317 = CARTESIAN_POINT('',(7.329762144295,-13.45716636452));
#2318 = CARTESIAN_POINT('',(7.392724204014,-13.51974896639));
#2319 = CARTESIAN_POINT('',(7.531234125168,-13.64029928216));
#2320 = CARTESIAN_POINT('',(7.607205755046,-13.69796265484));
#2321 = CARTESIAN_POINT('',(7.687966986126,-13.75177528517));
#2322 = CARTESIAN_POINT('',(7.772992948157,-13.80186212477));
#2323 = CARTESIAN_POINT('',(7.86181635625,-13.84838867187));
#2324 = ( GEOMETRIC_REPRESENTATION_CONTEXT(2) 
PARAMETRIC_REPRESENTATION_CONTEXT() REPRESENTATION_CONTEXT('2D SPACE',''
  ) );
#2325 = PCURVE('',#2326,#2333);
#2326 = SURFACE_OF_LINEAR_EXTRUSION('',#2327,#2331);
#2327 = B_SPLINE_CURVE_WITH_KNOTS('',2,(#2328,#2329,#2330),
  .UNSPECIFIED.,.F.,.F.,(3,3),(0.,1.),.PIECEWISE_BEZIER_KNOTS.);
#2328 = CARTESIAN_POINT('',(7.86181635625,-13.84838867187,17.8));
#2329 = CARTESIAN_POINT('',(7.400390575,-13.60668945312,17.8));
#2330 = CARTESIAN_POINT('',(7.174072215625,-13.24853515625,17.8));
#2331 = VECTOR('',#2332,1.);
#2332 = DIRECTION('',(-0.,-0.,-1.));
#2333 = DEFINITIONAL_REPRESENTATION('',(#2334),#2345);
#2334 = B_SPLINE_CURVE_WITH_KNOTS('',5,(#2335,#2336,#2337,#2338,#2339,
    #2340,#2341,#2342,#2343,#2344),.UNSPECIFIED.,.F.,.F.,(6,4,6),(0.,
    0.489637526327,1.),.UNSPECIFIED.);
#2335 = CARTESIAN_POINT('',(1.,-0.6));
#2336 = CARTESIAN_POINT('',(0.898263748502,-0.6));
#2337 = CARTESIAN_POINT('',(0.796869641867,-0.6));
#2338 = CARTESIAN_POINT('',(0.696177505703,-0.6));
#2339 = CARTESIAN_POINT('',(0.596477093998,-0.6));
#2340 = CARTESIAN_POINT('',(0.395354654024,-0.6));
#2341 = CARTESIAN_POINT('',(0.294033036226,-0.6));
#2342 = CARTESIAN_POINT('',(0.194283246675,-0.6));
#2343 = CARTESIAN_POINT('',(9.624885702373E-02,-0.6));
#2344 = CARTESIAN_POINT('',(0.,-0.6));
#2345 = ( GEOMETRIC_REPRESENTATION_CONTEXT(2) 
PARAMETRIC_REPRESENTATION_CONTEXT() REPRESENTATION_CONTEXT('2D SPACE',''
  ) );
#2346 = ORIENTED_EDGE('',*,*,#2347,.F.);
#2347 = EDGE_CURVE('',#2348,#2297,#2350,.T.);
#2348 = VERTEX_POINT('',#2349);
#2349 = CARTESIAN_POINT('',(6.94775385625,-12.44653320312,18.4));
#2350 = SURFACE_CURVE('',#2351,(#2362,#2376),.PCURVE_S1.);
#2351 = B_SPLINE_CURVE_WITH_KNOTS('',5,(#2352,#2353,#2354,#2355,#2356,
    #2357,#2358,#2359,#2360,#2361),.UNSPECIFIED.,.F.,.F.,(6,4,6),(0.,
    0.651536284828,1.),.UNSPECIFIED.);
#2352 = CARTESIAN_POINT('',(6.94775385625,-12.44653320312,18.4));
#2353 = CARTESIAN_POINT('',(6.94775385625,-12.55977924202,18.4));
#2354 = CARTESIAN_POINT('',(6.956962133485,-12.67108985624,18.4));
#2355 = CARTESIAN_POINT('',(6.975883125714,-12.77984549893,18.4));
#2356 = CARTESIAN_POINT('',(7.004756968793,-12.88543895684,18.4));
#2357 = CARTESIAN_POINT('',(7.064026721211,-13.04182434541,18.4));
#2358 = CARTESIAN_POINT('',(7.087468527776,-13.09526337462,18.4));
#2359 = CARTESIAN_POINT('',(7.113667857386,-13.1475678883,18.4));
#2360 = CARTESIAN_POINT('',(7.142565150939,-13.19867446164,18.4));
#2361 = CARTESIAN_POINT('',(7.174072215625,-13.24853515625,18.4));
#2362 = PCURVE('',#522,#2363);
#2363 = DEFINITIONAL_REPRESENTATION('',(#2364),#2375);
#2364 = B_SPLINE_CURVE_WITH_KNOTS('',5,(#2365,#2366,#2367,#2368,#2369,
    #2370,#2371,#2372,#2373,#2374),.UNSPECIFIED.,.F.,.F.,(6,4,6),(0.,
    0.651536284828,1.),.UNSPECIFIED.);
#2365 = CARTESIAN_POINT('',(6.94775385625,-12.44653320312));
#2366 = CARTESIAN_POINT('',(6.94775385625,-12.55977924202));
#2367 = CARTESIAN_POINT('',(6.956962133485,-12.67108985624));
#2368 = CARTESIAN_POINT('',(6.975883125714,-12.77984549893));
#2369 = CARTESIAN_POINT('',(7.004756968793,-12.88543895684));
#2370 = CARTESIAN_POINT('',(7.064026721211,-13.04182434541));
#2371 = CARTESIAN_POINT('',(7.087468527776,-13.09526337462));
#2372 = CARTESIAN_POINT('',(7.113667857386,-13.1475678883));
#2373 = CARTESIAN_POINT('',(7.142565150939,-13.19867446164));
#2374 = CARTESIAN_POINT('',(7.174072215625,-13.24853515625));
#2375 = ( GEOMETRIC_REPRESENTATION_CONTEXT(2) 
PARAMETRIC_REPRESENTATION_CONTEXT() REPRESENTATION_CONTEXT('2D SPACE',''
  ) );
#2376 = PCURVE('',#2377,#2384);
#2377 = SURFACE_OF_LINEAR_EXTRUSION('',#2378,#2382);
#2378 = B_SPLINE_CURVE_WITH_KNOTS('',2,(#2379,#2380,#2381),
  .UNSPECIFIED.,.F.,.F.,(3,3),(0.,1.),.PIECEWISE_BEZIER_KNOTS.);
#2379 = CARTESIAN_POINT('',(7.174072215625,-13.24853515625,17.8));
#2380 = CARTESIAN_POINT('',(6.94775385625,-12.89038085937,17.8));
#2381 = CARTESIAN_POINT('',(6.94775385625,-12.44653320312,17.8));
#2382 = VECTOR('',#2383,1.);
#2383 = DIRECTION('',(-0.,-0.,-1.));
#2384 = DEFINITIONAL_REPRESENTATION('',(#2385),#2396);
#2385 = B_SPLINE_CURVE_WITH_KNOTS('',5,(#2386,#2387,#2388,#2389,#2390,
    #2391,#2392,#2393,#2394,#2395),.UNSPECIFIED.,.F.,.F.,(6,4,6),(0.,
    0.651536284828,1.),.UNSPECIFIED.);
#2386 = CARTESIAN_POINT('',(1.,-0.6));
#2387 = CARTESIAN_POINT('',(0.872426904473,-0.6));
#2388 = CARTESIAN_POINT('',(0.743106357376,-0.6));
#2389 = CARTESIAN_POINT('',(0.612521121381,-0.6));
#2390 = CARTESIAN_POINT('',(0.481252801448,-0.6));
#2391 = CARTESIAN_POINT('',(0.279801547689,-0.6));
#2392 = CARTESIAN_POINT('',(0.209602852057,-0.6));
#2393 = CARTESIAN_POINT('',(0.139505998643,-0.6));
#2394 = CARTESIAN_POINT('',(6.960784086024E-02,-0.6));
#2395 = CARTESIAN_POINT('',(0.,-0.6));
#2396 = ( GEOMETRIC_REPRESENTATION_CONTEXT(2) 
PARAMETRIC_REPRESENTATION_CONTEXT() REPRESENTATION_CONTEXT('2D SPACE',''
  ) );
#2397 = ORIENTED_EDGE('',*,*,#2398,.F.);
#2398 = EDGE_CURVE('',#2399,#2348,#2401,.T.);
#2399 = VERTEX_POINT('',#2400);
#2400 = CARTESIAN_POINT('',(7.224609325,-11.53466796875,18.4));
#2401 = SURFACE_CURVE('',#2402,(#2413,#2427),.PCURVE_S1.);
#2402 = B_SPLINE_CURVE_WITH_KNOTS('',5,(#2403,#2404,#2405,#2406,#2407,
    #2408,#2409,#2410,#2411,#2412),.UNSPECIFIED.,.F.,.F.,(6,4,6),(0.,
    0.615508197898,1.),.UNSPECIFIED.);
#2403 = CARTESIAN_POINT('',(7.224609325,-11.53466796875,18.4));
#2404 = CARTESIAN_POINT('',(7.157997583547,-11.63670023938,18.4));
#2405 = CARTESIAN_POINT('',(7.100411072247,-11.7425568373,18.4));
#2406 = CARTESIAN_POINT('',(7.052714013764,-11.85196440023,18.4));
#2407 = CARTESIAN_POINT('',(7.0155281509,-11.964486832,18.4));
#2408 = CARTESIAN_POINT('',(6.972435406857,-12.15126635747,18.4));
#2409 = CARTESIAN_POINT('',(6.960025406007,-12.22404158591,18.4));
#2410 = CARTESIAN_POINT('',(6.951811237811,-12.29761950235,18.4));
#2411 = CARTESIAN_POINT('',(6.94775385625,-12.3718380616,18.4));
#2412 = CARTESIAN_POINT('',(6.94775385625,-12.44653320312,18.4));
#2413 = PCURVE('',#522,#2414);
#2414 = DEFINITIONAL_REPRESENTATION('',(#2415),#2426);
#2415 = B_SPLINE_CURVE_WITH_KNOTS('',5,(#2416,#2417,#2418,#2419,#2420,
    #2421,#2422,#2423,#2424,#2425),.UNSPECIFIED.,.F.,.F.,(6,4,6),(0.,
    0.615508197898,1.),.UNSPECIFIED.);
#2416 = CARTESIAN_POINT('',(7.224609325,-11.53466796875));
#2417 = CARTESIAN_POINT('',(7.157997583547,-11.63670023938));
#2418 = CARTESIAN_POINT('',(7.100411072247,-11.7425568373));
#2419 = CARTESIAN_POINT('',(7.052714013764,-11.85196440023));
#2420 = CARTESIAN_POINT('',(7.0155281509,-11.964486832));
#2421 = CARTESIAN_POINT('',(6.972435406857,-12.15126635747));
#2422 = CARTESIAN_POINT('',(6.960025406007,-12.22404158591));
#2423 = CARTESIAN_POINT('',(6.951811237811,-12.29761950235));
#2424 = CARTESIAN_POINT('',(6.94775385625,-12.3718380616));
#2425 = CARTESIAN_POINT('',(6.94775385625,-12.44653320312));
#2426 = ( GEOMETRIC_REPRESENTATION_CONTEXT(2) 
PARAMETRIC_REPRESENTATION_CONTEXT() REPRESENTATION_CONTEXT('2D SPACE',''
  ) );
#2427 = PCURVE('',#2428,#2435);
#2428 = SURFACE_OF_LINEAR_EXTRUSION('',#2429,#2433);
#2429 = B_SPLINE_CURVE_WITH_KNOTS('',2,(#2430,#2431,#2432),
  .UNSPECIFIED.,.F.,.F.,(3,3),(0.,1.),.PIECEWISE_BEZIER_KNOTS.);
#2430 = CARTESIAN_POINT('',(6.94775385625,-12.44653320312,17.8));
#2431 = CARTESIAN_POINT('',(6.94775385625,-11.95874023437,17.8));
#2432 = CARTESIAN_POINT('',(7.224609325,-11.53466796875,17.8));
#2433 = VECTOR('',#2434,1.);
#2434 = DIRECTION('',(-0.,-0.,-1.));
#2435 = DEFINITIONAL_REPRESENTATION('',(#2436),#2447);
#2436 = B_SPLINE_CURVE_WITH_KNOTS('',5,(#2437,#2438,#2439,#2440,#2441,
    #2442,#2443,#2444,#2445,#2446),.UNSPECIFIED.,.F.,.F.,(6,4,6),(0.,
    0.615508197898,1.),.UNSPECIFIED.);
#2437 = CARTESIAN_POINT('',(1.,-0.6));
#2438 = CARTESIAN_POINT('',(0.879699429897,-0.6));
#2439 = CARTESIAN_POINT('',(0.757608047016,-0.6));
#2440 = CARTESIAN_POINT('',(0.634209940587,-0.6));
#2441 = CARTESIAN_POINT('',(0.510098800714,-0.6));
#2442 = CARTESIAN_POINT('',(0.308478739214,-0.6));
#2443 = CARTESIAN_POINT('',(0.230954560593,-0.6));
#2444 = CARTESIAN_POINT('',(0.153597481062,-0.6));
#2445 = CARTESIAN_POINT('',(7.656438930879E-02,-0.6));
#2446 = CARTESIAN_POINT('',(0.,-0.6));
#2447 = ( GEOMETRIC_REPRESENTATION_CONTEXT(2) 
PARAMETRIC_REPRESENTATION_CONTEXT() REPRESENTATION_CONTEXT('2D SPACE',''
  ) );
#2448 = ORIENTED_EDGE('',*,*,#2449,.F.);
#2449 = EDGE_CURVE('',#2450,#2399,#2452,.T.);
#2450 = VERTEX_POINT('',#2451);
#2451 = CARTESIAN_POINT('',(8.033203075,-10.89086914062,18.4));
#2452 = SURFACE_CURVE('',#2453,(#2466,#2482),.PCURVE_S1.);
#2453 = B_SPLINE_CURVE_WITH_KNOTS('',6,(#2454,#2455,#2456,#2457,#2458,
    #2459,#2460,#2461,#2462,#2463,#2464,#2465),.UNSPECIFIED.,.F.,.F.,(7,
    5,7),(0.,0.852998341642,1.),.UNSPECIFIED.);
#2454 = CARTESIAN_POINT('',(8.033203075,-10.89086914062,18.4));
#2455 = CARTESIAN_POINT('',(7.889417437588,-10.95028469327,18.4));
#2456 = CARTESIAN_POINT('',(7.753088213415,-11.02020499398,18.4));
#2457 = CARTESIAN_POINT('',(7.625842454595,-11.10127698863,18.4));
#2458 = CARTESIAN_POINT('',(7.509311128503,-11.19386580732,18.4));
#2459 = CARTESIAN_POINT('',(7.404891621889,-11.29780817837,18.4));
#2460 = CARTESIAN_POINT('',(7.29763374281,-11.43173093464,18.4));
#2461 = CARTESIAN_POINT('',(7.282249666913,-11.45172473287,18.4));
#2462 = CARTESIAN_POINT('',(7.267252373357,-11.47202072351,18.4));
#2463 = CARTESIAN_POINT('',(7.252644995406,-11.49261373497,18.4));
#2464 = CARTESIAN_POINT('',(7.238430027449,-11.51349816261,18.4));
#2465 = CARTESIAN_POINT('',(7.224609325,-11.53466796875,18.4));
#2466 = PCURVE('',#522,#2467);
#2467 = DEFINITIONAL_REPRESENTATION('',(#2468),#2481);
#2468 = B_SPLINE_CURVE_WITH_KNOTS('',6,(#2469,#2470,#2471,#2472,#2473,
    #2474,#2475,#2476,#2477,#2478,#2479,#2480),.UNSPECIFIED.,.F.,.F.,(7,
    5,7),(0.,0.852998341642,1.),.UNSPECIFIED.);
#2469 = CARTESIAN_POINT('',(8.033203075,-10.89086914062));
#2470 = CARTESIAN_POINT('',(7.889417437588,-10.95028469327));
#2471 = CARTESIAN_POINT('',(7.753088213415,-11.02020499398));
#2472 = CARTESIAN_POINT('',(7.625842454595,-11.10127698863));
#2473 = CARTESIAN_POINT('',(7.509311128503,-11.19386580732));
#2474 = CARTESIAN_POINT('',(7.404891621889,-11.29780817837));
#2475 = CARTESIAN_POINT('',(7.29763374281,-11.43173093464));
#2476 = CARTESIAN_POINT('',(7.282249666913,-11.45172473287));
#2477 = CARTESIAN_POINT('',(7.267252373357,-11.47202072351));
#2478 = CARTESIAN_POINT('',(7.252644995406,-11.49261373497));
#2479 = CARTESIAN_POINT('',(7.238430027449,-11.51349816261));
#2480 = CARTESIAN_POINT('',(7.224609325,-11.53466796875));
#2481 = ( GEOMETRIC_REPRESENTATION_CONTEXT(2) 
PARAMETRIC_REPRESENTATION_CONTEXT() REPRESENTATION_CONTEXT('2D SPACE',''
  ) );
#2482 = PCURVE('',#2483,#2490);
#2483 = SURFACE_OF_LINEAR_EXTRUSION('',#2484,#2488);
#2484 = B_SPLINE_CURVE_WITH_KNOTS('',2,(#2485,#2486,#2487),
  .UNSPECIFIED.,.F.,.F.,(3,3),(0.,1.),.PIECEWISE_BEZIER_KNOTS.);
#2485 = CARTESIAN_POINT('',(7.224609325,-11.53466796875,17.8));
#2486 = CARTESIAN_POINT('',(7.50146479375,-11.11059570312,17.8));
#2487 = CARTESIAN_POINT('',(8.033203075,-10.89086914062,17.8));
#2488 = VECTOR('',#2489,1.);
#2489 = DIRECTION('',(-0.,-0.,-1.));
#2490 = DEFINITIONAL_REPRESENTATION('',(#2491),#2504);
#2491 = B_SPLINE_CURVE_WITH_KNOTS('',6,(#2492,#2493,#2494,#2495,#2496,
    #2497,#2498,#2499,#2500,#2501,#2502,#2503),.UNSPECIFIED.,.F.,.F.,(7,
    5,7),(0.,0.852998341642,1.),.UNSPECIFIED.);
#2492 = CARTESIAN_POINT('',(1.,-0.6));
#2493 = CARTESIAN_POINT('',(0.864796609082,-0.6));
#2494 = CARTESIAN_POINT('',(0.726089717003,-0.6));
#2495 = CARTESIAN_POINT('',(0.584388198753,-0.6));
#2496 = CARTESIAN_POINT('',(0.440421470928,-0.6));
#2497 = CARTESIAN_POINT('',(0.295182972284,-0.6));
#2498 = CARTESIAN_POINT('',(0.124979860277,-0.6));
#2499 = CARTESIAN_POINT('',(9.995982701708E-02,-0.6));
#2500 = CARTESIAN_POINT('',(7.494590823797E-02,-0.6));
#2501 = CARTESIAN_POINT('',(4.994405069377E-02,-0.6));
#2502 = CARTESIAN_POINT('',(2.496013987323E-02,-0.6));
#2503 = CARTESIAN_POINT('',(0.,-0.6));
#2504 = ( GEOMETRIC_REPRESENTATION_CONTEXT(2) 
PARAMETRIC_REPRESENTATION_CONTEXT() REPRESENTATION_CONTEXT('2D SPACE',''
  ) );
#2505 = ORIENTED_EDGE('',*,*,#2506,.F.);
#2506 = EDGE_CURVE('',#2507,#2450,#2509,.T.);
#2507 = VERTEX_POINT('',#2508);
#2508 = CARTESIAN_POINT('',(9.21533198125,-10.67114257812,18.4));
#2509 = SURFACE_CURVE('',#2510,(#2521,#2535),.PCURVE_S1.);
#2510 = B_SPLINE_CURVE_WITH_KNOTS('',5,(#2511,#2512,#2513,#2514,#2515,
    #2516,#2517,#2518,#2519,#2520),.UNSPECIFIED.,.F.,.F.,(6,4,6),(0.,
    0.50931072727,1.),.UNSPECIFIED.);
#2511 = CARTESIAN_POINT('',(9.21533198125,-10.67114257812,18.4));
#2512 = CARTESIAN_POINT('',(9.088534169048,-10.67114257812,18.4));
#2513 = CARTESIAN_POINT('',(8.962782299522,-10.67636227119,18.4));
#2514 = CARTESIAN_POINT('',(8.838336424873,-10.68709297722,18.4));
#2515 = CARTESIAN_POINT('',(8.715500261364,-10.70360287689,18.4));
#2516 = CARTESIAN_POINT('',(8.478128824433,-10.74772396182,18.4));
#2517 = CARTESIAN_POINT('',(8.363451099188,-10.77490770901,18.4));
#2518 = CARTESIAN_POINT('',(8.250872329111,-10.80778739978,18.4));
#2519 = CARTESIAN_POINT('',(8.140694512553,-10.84645119122,18.4));
#2520 = CARTESIAN_POINT('',(8.033203075,-10.89086914062,18.4));
#2521 = PCURVE('',#522,#2522);
#2522 = DEFINITIONAL_REPRESENTATION('',(#2523),#2534);
#2523 = B_SPLINE_CURVE_WITH_KNOTS('',5,(#2524,#2525,#2526,#2527,#2528,
    #2529,#2530,#2531,#2532,#2533),.UNSPECIFIED.,.F.,.F.,(6,4,6),(0.,
    0.50931072727,1.),.UNSPECIFIED.);
#2524 = CARTESIAN_POINT('',(9.21533198125,-10.67114257812));
#2525 = CARTESIAN_POINT('',(9.088534169048,-10.67114257812));
#2526 = CARTESIAN_POINT('',(8.962782299522,-10.67636227119));
#2527 = CARTESIAN_POINT('',(8.838336424873,-10.68709297722));
#2528 = CARTESIAN_POINT('',(8.715500261364,-10.70360287689));
#2529 = CARTESIAN_POINT('',(8.478128824433,-10.74772396182));
#2530 = CARTESIAN_POINT('',(8.363451099188,-10.77490770901));
#2531 = CARTESIAN_POINT('',(8.250872329111,-10.80778739978));
#2532 = CARTESIAN_POINT('',(8.140694512553,-10.84645119122));
#2533 = CARTESIAN_POINT('',(8.033203075,-10.89086914062));
#2534 = ( GEOMETRIC_REPRESENTATION_CONTEXT(2) 
PARAMETRIC_REPRESENTATION_CONTEXT() REPRESENTATION_CONTEXT('2D SPACE',''
  ) );
#2535 = PCURVE('',#2536,#2543);
#2536 = SURFACE_OF_LINEAR_EXTRUSION('',#2537,#2541);
#2537 = B_SPLINE_CURVE_WITH_KNOTS('',2,(#2538,#2539,#2540),
  .UNSPECIFIED.,.F.,.F.,(3,3),(0.,1.),.PIECEWISE_BEZIER_KNOTS.);
#2538 = CARTESIAN_POINT('',(8.033203075,-10.89086914062,17.8));
#2539 = CARTESIAN_POINT('',(8.56494135625,-10.67114257812,17.8));
#2540 = CARTESIAN_POINT('',(9.21533198125,-10.67114257812,17.8));
#2541 = VECTOR('',#2542,1.);
#2542 = DIRECTION('',(-0.,-0.,-1.));
#2543 = DEFINITIONAL_REPRESENTATION('',(#2544),#2555);
#2544 = B_SPLINE_CURVE_WITH_KNOTS('',5,(#2545,#2546,#2547,#2548,#2549,
    #2550,#2551,#2552,#2553,#2554),.UNSPECIFIED.,.F.,.F.,(6,4,6),(0.,
    0.50931072727,1.),.UNSPECIFIED.);
#2545 = CARTESIAN_POINT('',(1.,-0.6));
#2546 = CARTESIAN_POINT('',(0.902521802031,-0.6));
#2547 = CARTESIAN_POINT('',(0.803680814136,-0.6));
#2548 = CARTESIAN_POINT('',(0.703556019207,-0.6));
#2549 = CARTESIAN_POINT('',(0.602269573595,-0.6));
#2550 = CARTESIAN_POINT('',(0.40146961373,-0.6));
#2551 = CARTESIAN_POINT('',(0.302024031526,-0.6));
#2552 = CARTESIAN_POINT('',(0.201827474193,-0.6));
#2553 = CARTESIAN_POINT('',(0.101075511528,-0.6));
#2554 = CARTESIAN_POINT('',(0.,-0.6));
#2555 = ( GEOMETRIC_REPRESENTATION_CONTEXT(2) 
PARAMETRIC_REPRESENTATION_CONTEXT() REPRESENTATION_CONTEXT('2D SPACE',''
  ) );
#2556 = ORIENTED_EDGE('',*,*,#2557,.F.);
#2557 = EDGE_CURVE('',#2558,#2507,#2560,.T.);
#2558 = VERTEX_POINT('',#2559);
#2559 = CARTESIAN_POINT('',(10.478759715625,-10.90185546875,18.4));
#2560 = SURFACE_CURVE('',#2561,(#2572,#2586),.PCURVE_S1.);
#2561 = B_SPLINE_CURVE_WITH_KNOTS('',5,(#2562,#2563,#2564,#2565,#2566,
    #2567,#2568,#2569,#2570,#2571),.UNSPECIFIED.,.F.,.F.,(6,4,6),(0.,
    0.487010908358,1.),.UNSPECIFIED.);
#2562 = CARTESIAN_POINT('',(10.478759715625,-10.90185546875,18.4));
#2563 = CARTESIAN_POINT('',(10.366508271176,-10.85452052229,18.4));
#2564 = CARTESIAN_POINT('',(10.250743826757,-10.81365110841,18.4));
#2565 = CARTESIAN_POINT('',(10.131914313206,-10.77916942829,18.4));
#2566 = CARTESIAN_POINT('',(10.010469659321,-10.7508382283,18.4));
#2567 = CARTESIAN_POINT('',(9.756565737034,-10.70468334744,18.4));
#2568 = CARTESIAN_POINT('',(9.623863014129,-10.68750056151,18.4));
#2569 = CARTESIAN_POINT('',(9.489171191113,-10.67646052306,18.4));
#2570 = CARTESIAN_POINT('',(9.352890773446,-10.67114257812,18.4));
#2571 = CARTESIAN_POINT('',(9.21533198125,-10.67114257812,18.4));
#2572 = PCURVE('',#522,#2573);
#2573 = DEFINITIONAL_REPRESENTATION('',(#2574),#2585);
#2574 = B_SPLINE_CURVE_WITH_KNOTS('',5,(#2575,#2576,#2577,#2578,#2579,
    #2580,#2581,#2582,#2583,#2584),.UNSPECIFIED.,.F.,.F.,(6,4,6),(0.,
    0.487010908358,1.),.UNSPECIFIED.);
#2575 = CARTESIAN_POINT('',(10.478759715625,-10.90185546875));
#2576 = CARTESIAN_POINT('',(10.366508271176,-10.85452052229));
#2577 = CARTESIAN_POINT('',(10.250743826757,-10.81365110841));
#2578 = CARTESIAN_POINT('',(10.131914313206,-10.77916942829));
#2579 = CARTESIAN_POINT('',(10.010469659321,-10.7508382283));
#2580 = CARTESIAN_POINT('',(9.756565737034,-10.70468334744));
#2581 = CARTESIAN_POINT('',(9.623863014129,-10.68750056151));
#2582 = CARTESIAN_POINT('',(9.489171191113,-10.67646052306));
#2583 = CARTESIAN_POINT('',(9.352890773446,-10.67114257812));
#2584 = CARTESIAN_POINT('',(9.21533198125,-10.67114257812));
#2585 = ( GEOMETRIC_REPRESENTATION_CONTEXT(2) 
PARAMETRIC_REPRESENTATION_CONTEXT() REPRESENTATION_CONTEXT('2D SPACE',''
  ) );
#2586 = PCURVE('',#2587,#2594);
#2587 = SURFACE_OF_LINEAR_EXTRUSION('',#2588,#2592);
#2588 = B_SPLINE_CURVE_WITH_KNOTS('',2,(#2589,#2590,#2591),
  .UNSPECIFIED.,.F.,.F.,(3,3),(0.,1.),.PIECEWISE_BEZIER_KNOTS.);
#2589 = CARTESIAN_POINT('',(9.21533198125,-10.67114257812,17.8));
#2590 = CARTESIAN_POINT('',(9.931640575,-10.67114257812,17.8));
#2591 = CARTESIAN_POINT('',(10.478759715625,-10.90185546875,17.8));
#2592 = VECTOR('',#2593,1.);
#2593 = DIRECTION('',(-0.,-0.,-1.));
#2594 = DEFINITIONAL_REPRESENTATION('',(#2595),#2606);
#2595 = B_SPLINE_CURVE_WITH_KNOTS('',5,(#2596,#2597,#2598,#2599,#2600,
    #2601,#2602,#2603,#2604,#2605),.UNSPECIFIED.,.F.,.F.,(6,4,6),(0.,
    0.487010908358,1.),.UNSPECIFIED.);
#2596 = CARTESIAN_POINT('',(1.,-0.6));
#2597 = CARTESIAN_POINT('',(0.897415904403,-0.6));
#2598 = CARTESIAN_POINT('',(0.795689253904,-0.6));
#2599 = CARTESIAN_POINT('',(0.695092890667,-0.6));
#2600 = CARTESIAN_POINT('',(0.595819429164,-0.6));
#2601 = CARTESIAN_POINT('',(0.394962677323,-0.6));
#2602 = CARTESIAN_POINT('',(0.293537513743,-0.6));
#2603 = CARTESIAN_POINT('',(0.193868284264,-0.6));
#2604 = CARTESIAN_POINT('',(9.601922509104E-02,-0.6));
#2605 = CARTESIAN_POINT('',(0.,-0.6));
#2606 = ( GEOMETRIC_REPRESENTATION_CONTEXT(2) 
PARAMETRIC_REPRESENTATION_CONTEXT() REPRESENTATION_CONTEXT('2D SPACE',''
  ) );
#2607 = ORIENTED_EDGE('',*,*,#2608,.F.);
#2608 = EDGE_CURVE('',#2609,#2558,#2611,.T.);
#2609 = VERTEX_POINT('',#2610);
#2610 = CARTESIAN_POINT('',(11.32031245,-11.58081054687,18.4));
#2611 = SURFACE_CURVE('',#2612,(#2625,#2641),.PCURVE_S1.);
#2612 = B_SPLINE_CURVE_WITH_KNOTS('',6,(#2613,#2614,#2615,#2616,#2617,
    #2618,#2619,#2620,#2621,#2622,#2623,#2624),.UNSPECIFIED.,.F.,.F.,(7,
    5,7),(0.,0.204782767839,1.),.UNSPECIFIED.);
#2613 = CARTESIAN_POINT('',(11.32031245,-11.58081054687,18.4));
#2614 = CARTESIAN_POINT('',(11.299959323935,-11.54982519077,18.4));
#2615 = CARTESIAN_POINT('',(11.278845411586,-11.51940817253,18.4));
#2616 = CARTESIAN_POINT('',(11.256974646833,-11.48957717377,18.4));
#2617 = CARTESIAN_POINT('',(11.23435331759,-11.46034826771,18.4));
#2618 = CARTESIAN_POINT('',(11.210990065815,-11.43173591912,18.4));
#2619 = CARTESIAN_POINT('',(11.093332810916,-11.29508899786,18.4));
#2620 = CARTESIAN_POINT('',(10.988719926285,-11.19588312664,18.4));
#2621 = CARTESIAN_POINT('',(10.873763671978,-11.10698118476,18.4));
#2622 = CARTESIAN_POINT('',(10.749578570922,-11.02855452553,18.4));
#2623 = CARTESIAN_POINT('',(10.617467937709,-10.9603468877,18.4));
#2624 = CARTESIAN_POINT('',(10.478759715625,-10.90185546875,18.4));
#2625 = PCURVE('',#522,#2626);
#2626 = DEFINITIONAL_REPRESENTATION('',(#2627),#2640);
#2627 = B_SPLINE_CURVE_WITH_KNOTS('',6,(#2628,#2629,#2630,#2631,#2632,
    #2633,#2634,#2635,#2636,#2637,#2638,#2639),.UNSPECIFIED.,.F.,.F.,(7,
    5,7),(0.,0.204782767839,1.),.UNSPECIFIED.);
#2628 = CARTESIAN_POINT('',(11.32031245,-11.58081054687));
#2629 = CARTESIAN_POINT('',(11.299959323935,-11.54982519077));
#2630 = CARTESIAN_POINT('',(11.278845411586,-11.51940817253));
#2631 = CARTESIAN_POINT('',(11.256974646833,-11.48957717377));
#2632 = CARTESIAN_POINT('',(11.23435331759,-11.46034826771));
#2633 = CARTESIAN_POINT('',(11.210990065815,-11.43173591912));
#2634 = CARTESIAN_POINT('',(11.093332810916,-11.29508899786));
#2635 = CARTESIAN_POINT('',(10.988719926285,-11.19588312664));
#2636 = CARTESIAN_POINT('',(10.873763671978,-11.10698118476));
#2637 = CARTESIAN_POINT('',(10.749578570922,-11.02855452553));
#2638 = CARTESIAN_POINT('',(10.617467937709,-10.9603468877));
#2639 = CARTESIAN_POINT('',(10.478759715625,-10.90185546875));
#2640 = ( GEOMETRIC_REPRESENTATION_CONTEXT(2) 
PARAMETRIC_REPRESENTATION_CONTEXT() REPRESENTATION_CONTEXT('2D SPACE',''
  ) );
#2641 = PCURVE('',#2642,#2649);
#2642 = SURFACE_OF_LINEAR_EXTRUSION('',#2643,#2647);
#2643 = B_SPLINE_CURVE_WITH_KNOTS('',2,(#2644,#2645,#2646),
  .UNSPECIFIED.,.F.,.F.,(3,3),(0.,1.),.PIECEWISE_BEZIER_KNOTS.);
#2644 = CARTESIAN_POINT('',(10.478759715625,-10.90185546875,17.8));
#2645 = CARTESIAN_POINT('',(11.02587885625,-11.13256835937,17.8));
#2646 = CARTESIAN_POINT('',(11.32031245,-11.58081054687,17.8));
#2647 = VECTOR('',#2648,1.);
#2648 = DIRECTION('',(-0.,-0.,-1.));
#2649 = DEFINITIONAL_REPRESENTATION('',(#2650),#2663);
#2650 = B_SPLINE_CURVE_WITH_KNOTS('',6,(#2651,#2652,#2653,#2654,#2655,
    #2656,#2657,#2658,#2659,#2660,#2661,#2662),.UNSPECIFIED.,.F.,.F.,(7,
    5,7),(0.,0.204782767839,1.),.UNSPECIFIED.);
#2651 = CARTESIAN_POINT('',(1.,-0.6));
#2652 = CARTESIAN_POINT('',(0.965436814111,-0.6));
#2653 = CARTESIAN_POINT('',(0.930811921989,-0.6));
#2654 = CARTESIAN_POINT('',(0.89614033564,-0.6));
#2655 = CARTESIAN_POINT('',(0.861437364986,-0.6));
#2656 = CARTESIAN_POINT('',(0.826718617857,-0.6));
#2657 = CARTESIAN_POINT('',(0.65717985137,-0.6));
#2658 = CARTESIAN_POINT('',(0.522320991542,-0.6));
#2659 = CARTESIAN_POINT('',(0.388459434714,-0.6));
#2660 = CARTESIAN_POINT('',(0.256400934258,-0.6));
#2661 = CARTESIAN_POINT('',(0.126762355568,-0.6));
#2662 = CARTESIAN_POINT('',(0.,-0.6));
#2663 = ( GEOMETRIC_REPRESENTATION_CONTEXT(2) 
PARAMETRIC_REPRESENTATION_CONTEXT() REPRESENTATION_CONTEXT('2D SPACE',''
  ) );
#2664 = ORIENTED_EDGE('',*,*,#2665,.F.);
#2665 = EDGE_CURVE('',#2666,#2609,#2668,.T.);
#2666 = VERTEX_POINT('',#2667);
#2667 = CARTESIAN_POINT('',(11.6367187,-12.59594726562,18.4));
#2668 = SURFACE_CURVE('',#2669,(#2680,#2694),.PCURVE_S1.);
#2669 = B_SPLINE_CURVE_WITH_KNOTS('',5,(#2670,#2671,#2672,#2673,#2674,
    #2675,#2676,#2677,#2678,#2679),.UNSPECIFIED.,.F.,.F.,(6,4,6),(0.,
    0.696228030449,1.),.UNSPECIFIED.);
#2670 = CARTESIAN_POINT('',(11.6367187,-12.59594726562,18.4));
#2671 = CARTESIAN_POINT('',(11.630772956613,-12.44254708624,18.4));
#2672 = CARTESIAN_POINT('',(11.612248885475,-12.29176111815,18.4));
#2673 = CARTESIAN_POINT('',(11.580260178111,-12.14470832581,18.4));
#2674 = CARTESIAN_POINT('',(11.534357193673,-12.00253086044,18.4));
#2675 = CARTESIAN_POINT('',(11.449092691174,-11.80678182708,18.4));
#2676 = CARTESIAN_POINT('',(11.420626872161,-11.74843523515,18.4));
#2677 = CARTESIAN_POINT('',(11.389631424291,-11.69128419874,18.4));
#2678 = CARTESIAN_POINT('',(11.356165554028,-11.63539288435,18.4));
#2679 = CARTESIAN_POINT('',(11.32031245,-11.58081054687,18.4));
#2680 = PCURVE('',#522,#2681);
#2681 = DEFINITIONAL_REPRESENTATION('',(#2682),#2693);
#2682 = B_SPLINE_CURVE_WITH_KNOTS('',5,(#2683,#2684,#2685,#2686,#2687,
    #2688,#2689,#2690,#2691,#2692),.UNSPECIFIED.,.F.,.F.,(6,4,6),(0.,
    0.696228030449,1.),.UNSPECIFIED.);
#2683 = CARTESIAN_POINT('',(11.6367187,-12.59594726562));
#2684 = CARTESIAN_POINT('',(11.630772956613,-12.44254708624));
#2685 = CARTESIAN_POINT('',(11.612248885475,-12.29176111815));
#2686 = CARTESIAN_POINT('',(11.580260178111,-12.14470832581));
#2687 = CARTESIAN_POINT('',(11.534357193673,-12.00253086044));
#2688 = CARTESIAN_POINT('',(11.449092691174,-11.80678182708));
#2689 = CARTESIAN_POINT('',(11.420626872161,-11.74843523515));
#2690 = CARTESIAN_POINT('',(11.389631424291,-11.69128419874));
#2691 = CARTESIAN_POINT('',(11.356165554028,-11.63539288435));
#2692 = CARTESIAN_POINT('',(11.32031245,-11.58081054687));
#2693 = ( GEOMETRIC_REPRESENTATION_CONTEXT(2) 
PARAMETRIC_REPRESENTATION_CONTEXT() REPRESENTATION_CONTEXT('2D SPACE',''
  ) );
#2694 = PCURVE('',#2695,#2702);
#2695 = SURFACE_OF_LINEAR_EXTRUSION('',#2696,#2700);
#2696 = B_SPLINE_CURVE_WITH_KNOTS('',2,(#2697,#2698,#2699),
  .UNSPECIFIED.,.F.,.F.,(3,3),(0.,1.),.PIECEWISE_BEZIER_KNOTS.);
#2697 = CARTESIAN_POINT('',(11.32031245,-11.58081054687,17.8));
#2698 = CARTESIAN_POINT('',(11.61474604375,-12.02905273437,17.8));
#2699 = CARTESIAN_POINT('',(11.6367187,-12.59594726562,17.8));
#2700 = VECTOR('',#2701,1.);
#2701 = DIRECTION('',(-0.,-0.,-1.));
#2702 = DEFINITIONAL_REPRESENTATION('',(#2703),#2714);
#2703 = B_SPLINE_CURVE_WITH_KNOTS('',5,(#2704,#2705,#2706,#2707,#2708,
    #2709,#2710,#2711,#2712,#2713),.UNSPECIFIED.,.F.,.F.,(6,4,6),(0.,
    0.696228030449,1.),.UNSPECIFIED.);
#2704 = CARTESIAN_POINT('',(1.,-0.6));
#2705 = CARTESIAN_POINT('',(0.864701306044,-0.6));
#2706 = CARTESIAN_POINT('',(0.726918978062,-0.6));
#2707 = CARTESIAN_POINT('',(0.587288782001,-0.6));
#2708 = CARTESIAN_POINT('',(0.446631533276,-0.6));
#2709 = CARTESIAN_POINT('',(0.244640910771,-0.6));
#2710 = CARTESIAN_POINT('',(0.183281409801,-0.6));
#2711 = CARTESIAN_POINT('',(0.122003391004,-0.6));
#2712 = CARTESIAN_POINT('',(6.088487317607E-02,-0.6));
#2713 = CARTESIAN_POINT('',(0.,-0.6));
#2714 = ( GEOMETRIC_REPRESENTATION_CONTEXT(2) 
PARAMETRIC_REPRESENTATION_CONTEXT() REPRESENTATION_CONTEXT('2D SPACE',''
  ) );
#2715 = ORIENTED_EDGE('',*,*,#2716,.F.);
#2716 = EDGE_CURVE('',#2717,#2666,#2719,.T.);
#2717 = VERTEX_POINT('',#2718);
#2718 = CARTESIAN_POINT('',(10.8193358875,-12.65747070312,18.4));
#2719 = SURFACE_CURVE('',#2720,(#2724,#2730),.PCURVE_S1.);
#2720 = LINE('',#2721,#2722);
#2721 = CARTESIAN_POINT('',(6.322507480962,-12.99594165845,18.4));
#2722 = VECTOR('',#2723,1.);
#2723 = DIRECTION('',(0.997179282295,7.505650511901E-02,-0.));
#2724 = PCURVE('',#522,#2725);
#2725 = DEFINITIONAL_REPRESENTATION('',(#2726),#2729);
#2726 = B_SPLINE_CURVE_WITH_KNOTS('',1,(#2727,#2728),.UNSPECIFIED.,.F.,
  .F.,(2,2),(4.509548570028,5.32924351056),.PIECEWISE_BEZIER_KNOTS.);
#2727 = CARTESIAN_POINT('',(10.8193358875,-12.65747070312));
#2728 = CARTESIAN_POINT('',(11.6367187,-12.59594726562));
#2729 = ( GEOMETRIC_REPRESENTATION_CONTEXT(2) 
PARAMETRIC_REPRESENTATION_CONTEXT() REPRESENTATION_CONTEXT('2D SPACE',''
  ) );
#2730 = PCURVE('',#2731,#2736);
#2731 = PLANE('',#2732);
#2732 = AXIS2_PLACEMENT_3D('',#2733,#2734,#2735);
#2733 = CARTESIAN_POINT('',(11.6367187,-12.59594726562,17.8));
#2734 = DIRECTION('',(7.505650511901E-02,-0.997179282295,0.));
#2735 = DIRECTION('',(-0.997179282295,-7.505650511901E-02,0.));
#2736 = DEFINITIONAL_REPRESENTATION('',(#2737),#2740);
#2737 = B_SPLINE_CURVE_WITH_KNOTS('',1,(#2738,#2739),.UNSPECIFIED.,.F.,
  .F.,(2,2),(4.509548570028,5.32924351056),.PIECEWISE_BEZIER_KNOTS.);
#2738 = CARTESIAN_POINT('',(0.819694940531,-0.6));
#2739 = CARTESIAN_POINT('',(0.,-0.6));
#2740 = ( GEOMETRIC_REPRESENTATION_CONTEXT(2) 
PARAMETRIC_REPRESENTATION_CONTEXT() REPRESENTATION_CONTEXT('2D SPACE',''
  ) );
#2741 = ORIENTED_EDGE('',*,*,#2742,.F.);
#2742 = EDGE_CURVE('',#2743,#2717,#2745,.T.);
#2743 = VERTEX_POINT('',#2744);
#2744 = CARTESIAN_POINT('',(10.373290965625,-11.73461914062,18.4));
#2745 = SURFACE_CURVE('',#2746,(#2759,#2775),.PCURVE_S1.);
#2746 = B_SPLINE_CURVE_WITH_KNOTS('',6,(#2747,#2748,#2749,#2750,#2751,
    #2752,#2753,#2754,#2755,#2756,#2757,#2758),.UNSPECIFIED.,.F.,.F.,(7,
    5,7),(0.,0.134834279868,1.),.UNSPECIFIED.);
#2747 = CARTESIAN_POINT('',(10.373290965625,-11.73461914062,18.4));
#2748 = CARTESIAN_POINT('',(10.390986151247,-11.74914351263,18.4));
#2749 = CARTESIAN_POINT('',(10.408299176857,-11.7640780466,18.4));
#2750 = CARTESIAN_POINT('',(10.425221268302,-11.77941962341,18.4));
#2751 = CARTESIAN_POINT('',(10.441744572781,-11.79516405953,18.4));
#2752 = CARTESIAN_POINT('',(10.457862158847,-11.81130610692,18.4));
#2753 = CARTESIAN_POINT('',(10.574344833539,-11.9339258607,18.4));
#2754 = CARTESIAN_POINT('',(10.658217524844,-12.05617169537,18.4));
#2755 = CARTESIAN_POINT('',(10.723316292852,-12.19266390498,18.4));
#2756 = CARTESIAN_POINT('',(10.770594640719,-12.34030289506,18.4));
#2757 = CARTESIAN_POINT('',(10.801917511863,-12.49606042221,18.4));
#2758 = CARTESIAN_POINT('',(10.8193358875,-12.65747070312,18.4));
#2759 = PCURVE('',#522,#2760);
#2760 = DEFINITIONAL_REPRESENTATION('',(#2761),#2774);
#2761 = B_SPLINE_CURVE_WITH_KNOTS('',6,(#2762,#2763,#2764,#2765,#2766,
    #2767,#2768,#2769,#2770,#2771,#2772,#2773),.UNSPECIFIED.,.F.,.F.,(7,
    5,7),(0.,0.134834279868,1.),.UNSPECIFIED.);
#2762 = CARTESIAN_POINT('',(10.373290965625,-11.73461914062));
#2763 = CARTESIAN_POINT('',(10.390986151247,-11.74914351263));
#2764 = CARTESIAN_POINT('',(10.408299176857,-11.7640780466));
#2765 = CARTESIAN_POINT('',(10.425221268302,-11.77941962341));
#2766 = CARTESIAN_POINT('',(10.441744572781,-11.79516405953));
#2767 = CARTESIAN_POINT('',(10.457862158847,-11.81130610692));
#2768 = CARTESIAN_POINT('',(10.574344833539,-11.9339258607));
#2769 = CARTESIAN_POINT('',(10.658217524844,-12.05617169537));
#2770 = CARTESIAN_POINT('',(10.723316292852,-12.19266390498));
#2771 = CARTESIAN_POINT('',(10.770594640719,-12.34030289506));
#2772 = CARTESIAN_POINT('',(10.801917511863,-12.49606042221));
#2773 = CARTESIAN_POINT('',(10.8193358875,-12.65747070312));
#2774 = ( GEOMETRIC_REPRESENTATION_CONTEXT(2) 
PARAMETRIC_REPRESENTATION_CONTEXT() REPRESENTATION_CONTEXT('2D SPACE',''
  ) );
#2775 = PCURVE('',#2776,#2783);
#2776 = SURFACE_OF_LINEAR_EXTRUSION('',#2777,#2781);
#2777 = B_SPLINE_CURVE_WITH_KNOTS('',2,(#2778,#2779,#2780),
  .UNSPECIFIED.,.F.,.F.,(3,3),(0.,1.),.PIECEWISE_BEZIER_KNOTS.);
#2778 = CARTESIAN_POINT('',(10.8193358875,-12.65747070312,17.8));
#2779 = CARTESIAN_POINT('',(10.75341791875,-12.04663085937,17.8));
#2780 = CARTESIAN_POINT('',(10.373290965625,-11.73461914062,17.8));
#2781 = VECTOR('',#2782,1.);
#2782 = DIRECTION('',(-0.,-0.,-1.));
#2783 = DEFINITIONAL_REPRESENTATION('',(#2784),#2797);
#2784 = B_SPLINE_CURVE_WITH_KNOTS('',6,(#2785,#2786,#2787,#2788,#2789,
    #2790,#2791,#2792,#2793,#2794,#2795,#2796),.UNSPECIFIED.,.F.,.F.,(7,
    5,7),(0.,0.134834279868,1.),.UNSPECIFIED.);
#2785 = CARTESIAN_POINT('',(1.,-0.6));
#2786 = CARTESIAN_POINT('',(0.976724637024,-0.6));
#2787 = CARTESIAN_POINT('',(0.953414599277,-0.6));
#2788 = CARTESIAN_POINT('',(0.930078396941,-0.6));
#2789 = CARTESIAN_POINT('',(0.906724679917,-0.6));
#2790 = CARTESIAN_POINT('',(0.883362237824,-0.6));
#2791 = CARTESIAN_POINT('',(0.710095930123,-0.6));
#2792 = CARTESIAN_POINT('',(0.560130410998,-0.6));
#2793 = CARTESIAN_POINT('',(0.412843717938,-0.6));
#2794 = CARTESIAN_POINT('',(0.269863664746,-0.6));
#2795 = CARTESIAN_POINT('',(0.132121604835,-0.6));
#2796 = CARTESIAN_POINT('',(0.,-0.6));
#2797 = ( GEOMETRIC_REPRESENTATION_CONTEXT(2) 
PARAMETRIC_REPRESENTATION_CONTEXT() REPRESENTATION_CONTEXT('2D SPACE',''
  ) );
#2798 = ORIENTED_EDGE('',*,*,#2799,.F.);
#2799 = EDGE_CURVE('',#2800,#2743,#2802,.T.);
#2800 = VERTEX_POINT('',#2801);
#2801 = CARTESIAN_POINT('',(9.25048823125,-11.42260742187,18.4));
#2802 = SURFACE_CURVE('',#2803,(#2816,#2832),.PCURVE_S1.);
#2803 = B_SPLINE_CURVE_WITH_KNOTS('',6,(#2804,#2805,#2806,#2807,#2808,
    #2809,#2810,#2811,#2812,#2813,#2814,#2815),.UNSPECIFIED.,.F.,.F.,(7,
    5,7),(0.,0.49612119487,1.),.UNSPECIFIED.);
#2804 = CARTESIAN_POINT('',(9.25048823125,-11.42260742187,18.4));
#2805 = CARTESIAN_POINT('',(9.357207286334,-11.42260742187,18.4));
#2806 = CARTESIAN_POINT('',(9.462512738943,-11.42647286893,18.4));
#2807 = CARTESIAN_POINT('',(9.566111518037,-11.43462231571,18.4));
#2808 = CARTESIAN_POINT('',(9.66756588605,-11.44753897966,18.4));
#2809 = CARTESIAN_POINT('',(9.766300180575,-11.46575579231,18.4));
#2810 = CARTESIAN_POINT('',(9.958462628301,-11.51418449241,18.4));
#2811 = CARTESIAN_POINT('',(10.051793364483,-11.54458177615,18.4));
#2812 = CARTESIAN_POINT('',(10.140849023836,-11.58149305334,18.4));
#2813 = CARTESIAN_POINT('',(10.22471957452,-11.62537056831,18.4));
#2814 = CARTESIAN_POINT('',(10.302457823631,-11.67647864257,18.4));
#2815 = CARTESIAN_POINT('',(10.373290965625,-11.73461914062,18.4));
#2816 = PCURVE('',#522,#2817);
#2817 = DEFINITIONAL_REPRESENTATION('',(#2818),#2831);
#2818 = B_SPLINE_CURVE_WITH_KNOTS('',6,(#2819,#2820,#2821,#2822,#2823,
    #2824,#2825,#2826,#2827,#2828,#2829,#2830),.UNSPECIFIED.,.F.,.F.,(7,
    5,7),(0.,0.49612119487,1.),.UNSPECIFIED.);
#2819 = CARTESIAN_POINT('',(9.25048823125,-11.42260742187));
#2820 = CARTESIAN_POINT('',(9.357207286334,-11.42260742187));
#2821 = CARTESIAN_POINT('',(9.462512738943,-11.42647286893));
#2822 = CARTESIAN_POINT('',(9.566111518037,-11.43462231571));
#2823 = CARTESIAN_POINT('',(9.66756588605,-11.44753897966));
#2824 = CARTESIAN_POINT('',(9.766300180575,-11.46575579231));
#2825 = CARTESIAN_POINT('',(9.958462628301,-11.51418449241));
#2826 = CARTESIAN_POINT('',(10.051793364483,-11.54458177615));
#2827 = CARTESIAN_POINT('',(10.140849023836,-11.58149305334));
#2828 = CARTESIAN_POINT('',(10.22471957452,-11.62537056831));
#2829 = CARTESIAN_POINT('',(10.302457823631,-11.67647864257));
#2830 = CARTESIAN_POINT('',(10.373290965625,-11.73461914062));
#2831 = ( GEOMETRIC_REPRESENTATION_CONTEXT(2) 
PARAMETRIC_REPRESENTATION_CONTEXT() REPRESENTATION_CONTEXT('2D SPACE',''
  ) );
#2832 = PCURVE('',#2833,#2840);
#2833 = SURFACE_OF_LINEAR_EXTRUSION('',#2834,#2838);
#2834 = B_SPLINE_CURVE_WITH_KNOTS('',2,(#2835,#2836,#2837),
  .UNSPECIFIED.,.F.,.F.,(3,3),(0.,1.),.PIECEWISE_BEZIER_KNOTS.);
#2835 = CARTESIAN_POINT('',(10.373290965625,-11.73461914062,17.8));
#2836 = CARTESIAN_POINT('',(9.9931640125,-11.42260742187,17.8));
#2837 = CARTESIAN_POINT('',(9.25048823125,-11.42260742187,17.8));
#2838 = VECTOR('',#2839,1.);
#2839 = DIRECTION('',(-0.,-0.,-1.));
#2840 = DEFINITIONAL_REPRESENTATION('',(#2841),#2854);
#2841 = B_SPLINE_CURVE_WITH_KNOTS('',6,(#2842,#2843,#2844,#2845,#2846,
    #2847,#2848,#2849,#2850,#2851,#2852,#2853),.UNSPECIFIED.,.F.,.F.,(7,
    5,7),(0.,0.49612119487,1.),.UNSPECIFIED.);
#2842 = CARTESIAN_POINT('',(1.,-0.6));
#2843 = CARTESIAN_POINT('',(0.928152325834,-0.6));
#2844 = CARTESIAN_POINT('',(0.854232456644,-0.6));
#2845 = CARTESIAN_POINT('',(0.778110271468,-0.6));
#2846 = CARTESIAN_POINT('',(0.699702458388,-0.6));
#2847 = CARTESIAN_POINT('',(0.61897967147,-0.6));
#2848 = CARTESIAN_POINT('',(0.451722815024,-0.6));
#2849 = CARTESIAN_POINT('',(0.365109297475,-0.6));
#2850 = CARTESIAN_POINT('',(0.276278123081,-0.6));
#2851 = CARTESIAN_POINT('',(0.185488177791,-0.6));
#2852 = CARTESIAN_POINT('',(9.317037559703E-02,-0.6));
#2853 = CARTESIAN_POINT('',(0.,-0.6));
#2854 = ( GEOMETRIC_REPRESENTATION_CONTEXT(2) 
PARAMETRIC_REPRESENTATION_CONTEXT() REPRESENTATION_CONTEXT('2D SPACE',''
  ) );
#2855 = ORIENTED_EDGE('',*,*,#2856,.F.);
#2856 = EDGE_CURVE('',#2857,#2800,#2859,.T.);
#2857 = VERTEX_POINT('',#2858);
#2858 = CARTESIAN_POINT('',(8.123290965625,-11.7060546875,18.4));
#2859 = SURFACE_CURVE('',#2860,(#2873,#2889),.PCURVE_S1.);
#2860 = B_SPLINE_CURVE_WITH_KNOTS('',6,(#2861,#2862,#2863,#2864,#2865,
    #2866,#2867,#2868,#2869,#2870,#2871,#2872),.UNSPECIFIED.,.F.,.F.,(7,
    5,7),(0.,0.437944014728,1.),.UNSPECIFIED.);
#2861 = CARTESIAN_POINT('',(8.123290965625,-11.7060546875,18.4));
#2862 = CARTESIAN_POINT('',(8.182759523921,-11.65840596687,18.4));
#2863 = CARTESIAN_POINT('',(8.248441084343,-11.61628677533,18.4));
#2864 = CARTESIAN_POINT('',(8.319569005337,-11.57971190565,18.4));
#2865 = CARTESIAN_POINT('',(8.395265918896,-11.54838036071,18.4));
#2866 = CARTESIAN_POINT('',(8.474744720374,-11.52189616451,18.4));
#2867 = CARTESIAN_POINT('',(8.663422327261,-11.47153836266,18.4));
#2868 = CARTESIAN_POINT('',(8.774631726249,-11.45053967667,18.4));
#2869 = CARTESIAN_POINT('',(8.889770685421,-11.43592969336,18.4));
#2870 = CARTESIAN_POINT('',(9.007862246733,-11.42685686245,18.4));
#2871 = CARTESIAN_POINT('',(9.128227955848,-11.42260742187,18.4));
#2872 = CARTESIAN_POINT('',(9.25048823125,-11.42260742187,18.4));
#2873 = PCURVE('',#522,#2874);
#2874 = DEFINITIONAL_REPRESENTATION('',(#2875),#2888);
#2875 = B_SPLINE_CURVE_WITH_KNOTS('',6,(#2876,#2877,#2878,#2879,#2880,
    #2881,#2882,#2883,#2884,#2885,#2886,#2887),.UNSPECIFIED.,.F.,.F.,(7,
    5,7),(0.,0.437944014728,1.),.UNSPECIFIED.);
#2876 = CARTESIAN_POINT('',(8.123290965625,-11.7060546875));
#2877 = CARTESIAN_POINT('',(8.182759523921,-11.65840596687));
#2878 = CARTESIAN_POINT('',(8.248441084343,-11.61628677533));
#2879 = CARTESIAN_POINT('',(8.319569005337,-11.57971190565));
#2880 = CARTESIAN_POINT('',(8.395265918896,-11.54838036071));
#2881 = CARTESIAN_POINT('',(8.474744720374,-11.52189616451));
#2882 = CARTESIAN_POINT('',(8.663422327261,-11.47153836266));
#2883 = CARTESIAN_POINT('',(8.774631726249,-11.45053967667));
#2884 = CARTESIAN_POINT('',(8.889770685421,-11.43592969336));
#2885 = CARTESIAN_POINT('',(9.007862246733,-11.42685686245));
#2886 = CARTESIAN_POINT('',(9.128227955848,-11.42260742187));
#2887 = CARTESIAN_POINT('',(9.25048823125,-11.42260742187));
#2888 = ( GEOMETRIC_REPRESENTATION_CONTEXT(2) 
PARAMETRIC_REPRESENTATION_CONTEXT() REPRESENTATION_CONTEXT('2D SPACE',''
  ) );
#2889 = PCURVE('',#2890,#2897);
#2890 = SURFACE_OF_LINEAR_EXTRUSION('',#2891,#2895);
#2891 = B_SPLINE_CURVE_WITH_KNOTS('',2,(#2892,#2893,#2894),
  .UNSPECIFIED.,.F.,.F.,(3,3),(0.,1.),.PIECEWISE_BEZIER_KNOTS.);
#2892 = CARTESIAN_POINT('',(9.25048823125,-11.42260742187,17.8));
#2893 = CARTESIAN_POINT('',(8.47705073125,-11.42260742187,17.8));
#2894 = CARTESIAN_POINT('',(8.123290965625,-11.7060546875,17.8));
#2895 = VECTOR('',#2896,1.);
#2896 = DIRECTION('',(-0.,-0.,-1.));
#2897 = DEFINITIONAL_REPRESENTATION('',(#2898),#2911);
#2898 = B_SPLINE_CURVE_WITH_KNOTS('',6,(#2899,#2900,#2901,#2902,#2903,
    #2904,#2905,#2906,#2907,#2908,#2909,#2910),.UNSPECIFIED.,.F.,.F.,(7,
    5,7),(0.,0.437944014728,1.),.UNSPECIFIED.);
#2899 = CARTESIAN_POINT('',(1.,-0.6));
#2900 = CARTESIAN_POINT('',(0.915947820987,-0.6));
#2901 = CARTESIAN_POINT('',(0.833171847274,-0.6));
#2902 = CARTESIAN_POINT('',(0.752181844718,-0.6));
#2903 = CARTESIAN_POINT('',(0.673256895711,-0.6));
#2904 = CARTESIAN_POINT('',(0.596526819816,-0.6));
#2905 = CARTESIAN_POINT('',(0.426352511435,-0.6));
#2906 = CARTESIAN_POINT('',(0.334360284073,-0.6));
#2907 = CARTESIAN_POINT('',(0.245942800489,-0.6));
#2908 = CARTESIAN_POINT('',(0.160916552333,-0.6));
#2909 = CARTESIAN_POINT('',(7.903694571442E-02,-0.6));
#2910 = CARTESIAN_POINT('',(0.,-0.6));
#2911 = ( GEOMETRIC_REPRESENTATION_CONTEXT(2) 
PARAMETRIC_REPRESENTATION_CONTEXT() REPRESENTATION_CONTEXT('2D SPACE',''
  ) );
#2912 = ORIENTED_EDGE('',*,*,#2913,.F.);
#2913 = EDGE_CURVE('',#2914,#2857,#2916,.T.);
#2914 = VERTEX_POINT('',#2915);
#2915 = CARTESIAN_POINT('',(7.7695312,-12.38940429687,18.4));
#2916 = SURFACE_CURVE('',#2917,(#2930,#2946),.PCURVE_S1.);
#2917 = B_SPLINE_CURVE_WITH_KNOTS('',6,(#2918,#2919,#2920,#2921,#2922,
    #2923,#2924,#2925,#2926,#2927,#2928,#2929),.UNSPECIFIED.,.F.,.F.,(7,
    5,7),(0.,0.331904877217,1.),.UNSPECIFIED.);
#2918 = CARTESIAN_POINT('',(7.7695312,-12.38940429687,18.4));
#2919 = CARTESIAN_POINT('',(7.7695312,-12.34518999037,18.4));
#2920 = CARTESIAN_POINT('',(7.772125835056,-12.30149444415,18.4));
#2921 = CARTESIAN_POINT('',(7.777388938706,-12.25841594391,18.4));
#2922 = CARTESIAN_POINT('',(7.785366257457,-12.21605019554,18.4));
#2923 = CARTESIAN_POINT('',(7.796069312679,-12.17448871768,18.4));
#2924 = CARTESIAN_POINT('',(7.836442174727,-12.05194914053,18.4));
#2925 = CARTESIAN_POINT('',(7.874354279112,-11.97365078432,18.4));
#2926 = CARTESIAN_POINT('',(7.922970234838,-11.89968716437,18.4));
#2927 = CARTESIAN_POINT('',(7.981437709957,-11.83040541112,18.4));
#2928 = CARTESIAN_POINT('',(8.048614946407,-11.76588826811,18.4));
#2929 = CARTESIAN_POINT('',(8.123290965625,-11.7060546875,18.4));
#2930 = PCURVE('',#522,#2931);
#2931 = DEFINITIONAL_REPRESENTATION('',(#2932),#2945);
#2932 = B_SPLINE_CURVE_WITH_KNOTS('',6,(#2933,#2934,#2935,#2936,#2937,
    #2938,#2939,#2940,#2941,#2942,#2943,#2944),.UNSPECIFIED.,.F.,.F.,(7,
    5,7),(0.,0.331904877217,1.),.UNSPECIFIED.);
#2933 = CARTESIAN_POINT('',(7.7695312,-12.38940429687));
#2934 = CARTESIAN_POINT('',(7.7695312,-12.34518999037));
#2935 = CARTESIAN_POINT('',(7.772125835056,-12.30149444415));
#2936 = CARTESIAN_POINT('',(7.777388938706,-12.25841594391));
#2937 = CARTESIAN_POINT('',(7.785366257457,-12.21605019554));
#2938 = CARTESIAN_POINT('',(7.796069312679,-12.17448871768));
#2939 = CARTESIAN_POINT('',(7.836442174727,-12.05194914053));
#2940 = CARTESIAN_POINT('',(7.874354279112,-11.97365078432));
#2941 = CARTESIAN_POINT('',(7.922970234838,-11.89968716437));
#2942 = CARTESIAN_POINT('',(7.981437709957,-11.83040541112));
#2943 = CARTESIAN_POINT('',(8.048614946407,-11.76588826811));
#2944 = CARTESIAN_POINT('',(8.123290965625,-11.7060546875));
#2945 = ( GEOMETRIC_REPRESENTATION_CONTEXT(2) 
PARAMETRIC_REPRESENTATION_CONTEXT() REPRESENTATION_CONTEXT('2D SPACE',''
  ) );
#2946 = PCURVE('',#2947,#2954);
#2947 = SURFACE_OF_LINEAR_EXTRUSION('',#2948,#2952);
#2948 = B_SPLINE_CURVE_WITH_KNOTS('',2,(#2949,#2950,#2951),
  .UNSPECIFIED.,.F.,.F.,(3,3),(0.,1.),.PIECEWISE_BEZIER_KNOTS.);
#2949 = CARTESIAN_POINT('',(8.123290965625,-11.7060546875,17.8));
#2950 = CARTESIAN_POINT('',(7.7695312,-11.98950195312,17.8));
#2951 = CARTESIAN_POINT('',(7.7695312,-12.38940429687,17.8));
#2952 = VECTOR('',#2953,1.);
#2953 = DIRECTION('',(-0.,-0.,-1.));
#2954 = DEFINITIONAL_REPRESENTATION('',(#2955),#2968);
#2955 = B_SPLINE_CURVE_WITH_KNOTS('',6,(#2956,#2957,#2958,#2959,#2960,
    #2961,#2962,#2963,#2964,#2965,#2966,#2967),.UNSPECIFIED.,.F.,.F.,(7,
    5,7),(0.,0.331904877217,1.),.UNSPECIFIED.);
#2956 = CARTESIAN_POINT('',(1.,-0.6));
#2957 = CARTESIAN_POINT('',(0.944718620442,-0.6));
#2958 = CARTESIAN_POINT('',(0.889017920713,-0.6));
#2959 = CARTESIAN_POINT('',(0.832990398705,-0.6));
#2960 = CARTESIAN_POINT('',(0.776736887123,-0.6));
#2961 = CARTESIAN_POINT('',(0.720367070134,-0.6));
#2962 = CARTESIAN_POINT('',(0.550538079953,-0.6));
#2963 = CARTESIAN_POINT('',(0.437036946722,-0.6));
#2964 = CARTESIAN_POINT('',(0.324549946302,-0.6));
#2965 = CARTESIAN_POINT('',(0.213861909999,-0.6));
#2966 = CARTESIAN_POINT('',(0.10554623006,-0.6));
#2967 = CARTESIAN_POINT('',(0.,-0.6));
#2968 = ( GEOMETRIC_REPRESENTATION_CONTEXT(2) 
PARAMETRIC_REPRESENTATION_CONTEXT() REPRESENTATION_CONTEXT('2D SPACE',''
  ) );
#2969 = ORIENTED_EDGE('',*,*,#2970,.F.);
#2970 = EDGE_CURVE('',#2971,#2914,#2973,.T.);
#2971 = VERTEX_POINT('',#2972);
#2972 = CARTESIAN_POINT('',(8.02001948125,-12.96069335937,18.4));
#2973 = SURFACE_CURVE('',#2974,(#2985,#2999),.PCURVE_S1.);
#2974 = B_SPLINE_CURVE_WITH_KNOTS('',5,(#2975,#2976,#2977,#2978,#2979,
    #2980,#2981,#2982,#2983,#2984),.UNSPECIFIED.,.F.,.F.,(6,4,6),(0.,
    0.451123471787,1.),.UNSPECIFIED.);
#2975 = CARTESIAN_POINT('',(8.02001948125,-12.96069335937,18.4));
#2976 = CARTESIAN_POINT('',(7.975398711425,-12.92076951268,18.4));
#2977 = CARTESIAN_POINT('',(7.935260864439,-12.87797147906,18.4));
#2978 = CARTESIAN_POINT('',(7.899961775912,-12.83231826673,18.4));
#2979 = CARTESIAN_POINT('',(7.869759219493,-12.78390752395,18.4));
#2980 = CARTESIAN_POINT('',(7.814330078151,-12.67094820069,18.4));
#2981 = CARTESIAN_POINT('',(7.791593247838,-12.60516227035,18.4));
#2982 = CARTESIAN_POINT('',(7.776735226959,-12.5359729056,18.4));
#2983 = CARTESIAN_POINT('',(7.7695312,-12.46387619932,18.4));
#2984 = CARTESIAN_POINT('',(7.7695312,-12.38940429687,18.4));
#2985 = PCURVE('',#522,#2986);
#2986 = DEFINITIONAL_REPRESENTATION('',(#2987),#2998);
#2987 = B_SPLINE_CURVE_WITH_KNOTS('',5,(#2988,#2989,#2990,#2991,#2992,
    #2993,#2994,#2995,#2996,#2997),.UNSPECIFIED.,.F.,.F.,(6,4,6),(0.,
    0.451123471787,1.),.UNSPECIFIED.);
#2988 = CARTESIAN_POINT('',(8.02001948125,-12.96069335937));
#2989 = CARTESIAN_POINT('',(7.975398711425,-12.92076951268));
#2990 = CARTESIAN_POINT('',(7.935260864439,-12.87797147906));
#2991 = CARTESIAN_POINT('',(7.899961775912,-12.83231826673));
#2992 = CARTESIAN_POINT('',(7.869759219493,-12.78390752395));
#2993 = CARTESIAN_POINT('',(7.814330078151,-12.67094820069));
#2994 = CARTESIAN_POINT('',(7.791593247838,-12.60516227035));
#2995 = CARTESIAN_POINT('',(7.776735226959,-12.5359729056));
#2996 = CARTESIAN_POINT('',(7.7695312,-12.46387619932));
#2997 = CARTESIAN_POINT('',(7.7695312,-12.38940429687));
#2998 = ( GEOMETRIC_REPRESENTATION_CONTEXT(2) 
PARAMETRIC_REPRESENTATION_CONTEXT() REPRESENTATION_CONTEXT('2D SPACE',''
  ) );
#2999 = PCURVE('',#3000,#3007);
#3000 = SURFACE_OF_LINEAR_EXTRUSION('',#3001,#3005);
#3001 = B_SPLINE_CURVE_WITH_KNOTS('',2,(#3002,#3003,#3004),
  .UNSPECIFIED.,.F.,.F.,(3,3),(0.,1.),.PIECEWISE_BEZIER_KNOTS.);
#3002 = CARTESIAN_POINT('',(7.7695312,-12.38940429687,17.8));
#3003 = CARTESIAN_POINT('',(7.7695312,-12.73657226562,17.8));
#3004 = CARTESIAN_POINT('',(8.02001948125,-12.96069335937,17.8));
#3005 = VECTOR('',#3006,1.);
#3006 = DIRECTION('',(-0.,-0.,-1.));
#3007 = DEFINITIONAL_REPRESENTATION('',(#3008),#3019);
#3008 = B_SPLINE_CURVE_WITH_KNOTS('',5,(#3009,#3010,#3011,#3012,#3013,
    #3014,#3015,#3016,#3017,#3018),.UNSPECIFIED.,.F.,.F.,(6,4,6),(0.,
    0.451123471787,1.),.UNSPECIFIED.);
#3009 = CARTESIAN_POINT('',(1.,-0.6));
#3010 = CARTESIAN_POINT('',(0.910932420466,-0.6));
#3011 = CARTESIAN_POINT('',(0.820896938556,-0.6));
#3012 = CARTESIAN_POINT('',(0.730172676625,-0.6));
#3013 = CARTESIAN_POINT('',(0.639082639549,-0.6));
#3014 = CARTESIAN_POINT('',(0.437180842713,-0.6));
#3015 = CARTESIAN_POINT('',(0.326348469708,-0.6));
#3016 = CARTESIAN_POINT('',(0.216188477199,-0.6));
#3017 = CARTESIAN_POINT('',(0.107256298324,-0.6));
#3018 = CARTESIAN_POINT('',(0.,-0.6));
#3019 = ( GEOMETRIC_REPRESENTATION_CONTEXT(2) 
PARAMETRIC_REPRESENTATION_CONTEXT() REPRESENTATION_CONTEXT('2D SPACE',''
  ) );
#3020 = ORIENTED_EDGE('',*,*,#3021,.F.);
#3021 = EDGE_CURVE('',#3022,#2971,#3024,.T.);
#3022 = VERTEX_POINT('',#3023);
#3023 = CARTESIAN_POINT('',(9.305419871875,-13.419921875,18.4));
#3024 = SURFACE_CURVE('',#3025,(#3042,#3062),.PCURVE_S1.);
#3025 = B_SPLINE_CURVE_WITH_KNOTS('',8,(#3026,#3027,#3028,#3029,#3030,
    #3031,#3032,#3033,#3034,#3035,#3036,#3037,#3038,#3039,#3040,#3041),
  .UNSPECIFIED.,.F.,.F.,(9,7,9),(0.,0.637053647603,1.),.UNSPECIFIED.);
#3026 = CARTESIAN_POINT('',(9.305419871875,-13.419921875,18.4));
#3027 = CARTESIAN_POINT('',(9.184422092644,-13.39255028434,18.4));
#3028 = CARTESIAN_POINT('',(9.064921050475,-13.36421244858,18.4));
#3029 = CARTESIAN_POINT('',(8.946979530766,-13.3347483675,18.4));
#3030 = CARTESIAN_POINT('',(8.830867208157,-13.30398401473,18.4));
#3031 = CARTESIAN_POINT('',(8.717048862784,-13.27173484937,18.4));
#3032 = CARTESIAN_POINT('',(8.606276941136,-13.23775929615,18.4));
#3033 = CARTESIAN_POINT('',(8.499552060665,-13.20177699156,18.4));
#3034 = CARTESIAN_POINT('',(8.340956795051,-13.14130452227,18.4));
#3035 = CARTESIAN_POINT('',(8.285367266176,-13.11857859636,18.4));
#3036 = CARTESIAN_POINT('',(8.23196772445,-13.09495481557,18.4));
#3037 = CARTESIAN_POINT('',(8.181192137279,-13.0703329839,18.4));
#3038 = CARTESIAN_POINT('',(8.133679018186,-13.04463548878,18.4));
#3039 = CARTESIAN_POINT('',(8.090272089135,-13.01780718589,18.4));
#3040 = CARTESIAN_POINT('',(8.052002182455,-12.98982046225,18.4));
#3041 = CARTESIAN_POINT('',(8.02001948125,-12.96069335937,18.4));
#3042 = PCURVE('',#522,#3043);
#3043 = DEFINITIONAL_REPRESENTATION('',(#3044),#3061);
#3044 = B_SPLINE_CURVE_WITH_KNOTS('',8,(#3045,#3046,#3047,#3048,#3049,
    #3050,#3051,#3052,#3053,#3054,#3055,#3056,#3057,#3058,#3059,#3060),
  .UNSPECIFIED.,.F.,.F.,(9,7,9),(0.,0.637053647603,1.),.UNSPECIFIED.);
#3045 = CARTESIAN_POINT('',(9.305419871875,-13.419921875));
#3046 = CARTESIAN_POINT('',(9.184422092644,-13.39255028434));
#3047 = CARTESIAN_POINT('',(9.064921050475,-13.36421244858));
#3048 = CARTESIAN_POINT('',(8.946979530766,-13.3347483675));
#3049 = CARTESIAN_POINT('',(8.830867208157,-13.30398401473));
#3050 = CARTESIAN_POINT('',(8.717048862784,-13.27173484937));
#3051 = CARTESIAN_POINT('',(8.606276941136,-13.23775929615));
#3052 = CARTESIAN_POINT('',(8.499552060665,-13.20177699156));
#3053 = CARTESIAN_POINT('',(8.340956795051,-13.14130452227));
#3054 = CARTESIAN_POINT('',(8.285367266176,-13.11857859636));
#3055 = CARTESIAN_POINT('',(8.23196772445,-13.09495481557));
#3056 = CARTESIAN_POINT('',(8.181192137279,-13.0703329839));
#3057 = CARTESIAN_POINT('',(8.133679018186,-13.04463548878));
#3058 = CARTESIAN_POINT('',(8.090272089135,-13.01780718589));
#3059 = CARTESIAN_POINT('',(8.052002182455,-12.98982046225));
#3060 = CARTESIAN_POINT('',(8.02001948125,-12.96069335937));
#3061 = ( GEOMETRIC_REPRESENTATION_CONTEXT(2) 
PARAMETRIC_REPRESENTATION_CONTEXT() REPRESENTATION_CONTEXT('2D SPACE',''
  ) );
#3062 = PCURVE('',#3063,#3070);
#3063 = SURFACE_OF_LINEAR_EXTRUSION('',#3064,#3068);
#3064 = B_SPLINE_CURVE_WITH_KNOTS('',2,(#3065,#3066,#3067),
  .UNSPECIFIED.,.F.,.F.,(3,3),(0.,1.),.PIECEWISE_BEZIER_KNOTS.);
#3065 = CARTESIAN_POINT('',(8.02001948125,-12.96069335937,17.8));
#3066 = CARTESIAN_POINT('',(8.26611323125,-13.18481445312,17.8));
#3067 = CARTESIAN_POINT('',(9.305419871875,-13.419921875,17.8));
#3068 = VECTOR('',#3069,1.);
#3069 = DIRECTION('',(-0.,-0.,-1.));
#3070 = DEFINITIONAL_REPRESENTATION('',(#3071),#3088);
#3071 = B_SPLINE_CURVE_WITH_KNOTS('',8,(#3072,#3073,#3074,#3075,#3076,
    #3077,#3078,#3079,#3080,#3081,#3082,#3083,#3084,#3085,#3086,#3087),
  .UNSPECIFIED.,.F.,.F.,(9,7,9),(0.,0.637053647603,1.),.UNSPECIFIED.);
#3072 = CARTESIAN_POINT('',(1.,-0.6));
#3073 = CARTESIAN_POINT('',(0.941789182085,-0.6));
#3074 = CARTESIAN_POINT('',(0.881342480102,-0.6));
#3075 = CARTESIAN_POINT('',(0.818295461248,-0.6));
#3076 = CARTESIAN_POINT('',(0.752245426566,-0.6));
#3077 = CARTESIAN_POINT('',(0.682759735777,-0.6));
#3078 = CARTESIAN_POINT('',(0.609267517639,-0.6));
#3079 = CARTESIAN_POINT('',(0.531102243562,-0.6));
#3080 = CARTESIAN_POINT('',(0.399084722152,-0.6));
#3081 = CARTESIAN_POINT('',(0.349345856926,-0.6));
#3082 = CARTESIAN_POINT('',(0.297504286333,-0.6));
#3083 = CARTESIAN_POINT('',(0.243319410979,-0.6));
#3084 = CARTESIAN_POINT('',(0.186595373782,-0.6));
#3085 = CARTESIAN_POINT('',(0.127180778258,-0.6));
#3086 = CARTESIAN_POINT('',(6.498072625871E-02,-0.6));
#3087 = CARTESIAN_POINT('',(0.,-0.6));
#3088 = ( GEOMETRIC_REPRESENTATION_CONTEXT(2) 
PARAMETRIC_REPRESENTATION_CONTEXT() REPRESENTATION_CONTEXT('2D SPACE',''
  ) );
#3089 = ORIENTED_EDGE('',*,*,#3090,.F.);
#3090 = EDGE_CURVE('',#3091,#3022,#3093,.T.);
#3091 = VERTEX_POINT('',#3092);
#3092 = CARTESIAN_POINT('',(10.7314452625,-13.83081054687,18.4));
#3093 = SURFACE_CURVE('',#3094,(#3109,#3127),.PCURVE_S1.);
#3094 = B_SPLINE_CURVE_WITH_KNOTS('',7,(#3095,#3096,#3097,#3098,#3099,
    #3100,#3101,#3102,#3103,#3104,#3105,#3106,#3107,#3108),
  .UNSPECIFIED.,.F.,.F.,(8,6,8),(0.,0.527237324388,1.),.UNSPECIFIED.);
#3095 = CARTESIAN_POINT('',(10.7314452625,-13.83081054687,18.4));
#3096 = CARTESIAN_POINT('',(10.651362816868,-13.79440943522,18.4));
#3097 = CARTESIAN_POINT('',(10.561052882867,-13.75929483159,18.4));
#3098 = CARTESIAN_POINT('',(10.463789137419,-13.72533486411,18.4));
#3099 = CARTESIAN_POINT('',(10.361537366048,-13.69248139174,18.4));
#3100 = CARTESIAN_POINT('',(10.255700989971,-13.66063364795,18.4));
#3101 = CARTESIAN_POINT('',(10.146985221426,-13.62965714542,18.4));
#3102 = CARTESIAN_POINT('',(9.935650365544,-13.57219488219,18.4));
#3103 = CARTESIAN_POINT('',(9.833790928814,-13.5456383276,18.4));
#3104 = CARTESIAN_POINT('',(9.730360533242,-13.51961612886,18.4));
#3105 = CARTESIAN_POINT('',(9.625631852008,-13.49407519264,18.4));
#3106 = CARTESIAN_POINT('',(9.519807532632,-13.46897208636,18.4));
#3107 = CARTESIAN_POINT('',(9.41303762237,-13.44426669382,18.4));
#3108 = CARTESIAN_POINT('',(9.305419871875,-13.419921875,18.4));
#3109 = PCURVE('',#522,#3110);
#3110 = DEFINITIONAL_REPRESENTATION('',(#3111),#3126);
#3111 = B_SPLINE_CURVE_WITH_KNOTS('',7,(#3112,#3113,#3114,#3115,#3116,
    #3117,#3118,#3119,#3120,#3121,#3122,#3123,#3124,#3125),
  .UNSPECIFIED.,.F.,.F.,(8,6,8),(0.,0.527237324388,1.),.UNSPECIFIED.);
#3112 = CARTESIAN_POINT('',(10.7314452625,-13.83081054687));
#3113 = CARTESIAN_POINT('',(10.651362816868,-13.79440943522));
#3114 = CARTESIAN_POINT('',(10.561052882867,-13.75929483159));
#3115 = CARTESIAN_POINT('',(10.463789137419,-13.72533486411));
#3116 = CARTESIAN_POINT('',(10.361537366048,-13.69248139174));
#3117 = CARTESIAN_POINT('',(10.255700989971,-13.66063364795));
#3118 = CARTESIAN_POINT('',(10.146985221426,-13.62965714542));
#3119 = CARTESIAN_POINT('',(9.935650365544,-13.57219488219));
#3120 = CARTESIAN_POINT('',(9.833790928814,-13.5456383276));
#3121 = CARTESIAN_POINT('',(9.730360533242,-13.51961612886));
#3122 = CARTESIAN_POINT('',(9.625631852008,-13.49407519264));
#3123 = CARTESIAN_POINT('',(9.519807532632,-13.46897208636));
#3124 = CARTESIAN_POINT('',(9.41303762237,-13.44426669382));
#3125 = CARTESIAN_POINT('',(9.305419871875,-13.419921875));
#3126 = ( GEOMETRIC_REPRESENTATION_CONTEXT(2) 
PARAMETRIC_REPRESENTATION_CONTEXT() REPRESENTATION_CONTEXT('2D SPACE',''
  ) );
#3127 = PCURVE('',#3128,#3135);
#3128 = SURFACE_OF_LINEAR_EXTRUSION('',#3129,#3133);
#3129 = B_SPLINE_CURVE_WITH_KNOTS('',2,(#3130,#3131,#3132),
  .UNSPECIFIED.,.F.,.F.,(3,3),(0.,1.),.PIECEWISE_BEZIER_KNOTS.);
#3130 = CARTESIAN_POINT('',(9.305419871875,-13.419921875,17.8));
#3131 = CARTESIAN_POINT('',(10.3447265125,-13.65502929687,17.8));
#3132 = CARTESIAN_POINT('',(10.7314452625,-13.83081054687,17.8));
#3133 = VECTOR('',#3134,1.);
#3134 = DIRECTION('',(-0.,-0.,-1.));
#3135 = DEFINITIONAL_REPRESENTATION('',(#3136),#3151);
#3136 = B_SPLINE_CURVE_WITH_KNOTS('',7,(#3137,#3138,#3139,#3140,#3141,
    #3142,#3143,#3144,#3145,#3146,#3147,#3148,#3149,#3150),
  .UNSPECIFIED.,.F.,.F.,(8,6,8),(0.,0.527237324388,1.),.UNSPECIFIED.);
#3137 = CARTESIAN_POINT('',(1.,-0.6));
#3138 = CARTESIAN_POINT('',(0.896459060193,-0.6));
#3139 = CARTESIAN_POINT('',(0.800798225965,-0.6));
#3140 = CARTESIAN_POINT('',(0.711490461311,-0.6));
#3141 = CARTESIAN_POINT('',(0.627729192717,-0.6));
#3142 = CARTESIAN_POINT('',(0.548702508099,-0.6));
#3143 = CARTESIAN_POINT('',(0.473704282884,-0.6));
#3144 = CARTESIAN_POINT('',(0.337704270049,-0.6));
#3145 = CARTESIAN_POINT('',(0.276205227206,-0.6));
#3146 = CARTESIAN_POINT('',(0.217113900989,-0.6));
#3147 = CARTESIAN_POINT('',(0.160153378241,-0.6));
#3148 = CARTESIAN_POINT('',(0.105103729851,-0.6));
#3149 = CARTESIAN_POINT('',(5.177382029928E-02,-0.6));
#3150 = CARTESIAN_POINT('',(0.,-0.6));
#3151 = ( GEOMETRIC_REPRESENTATION_CONTEXT(2) 
PARAMETRIC_REPRESENTATION_CONTEXT() REPRESENTATION_CONTEXT('2D SPACE',''
  ) );
#3152 = ORIENTED_EDGE('',*,*,#3153,.F.);
#3153 = EDGE_CURVE('',#3154,#3091,#3156,.T.);
#3154 = VERTEX_POINT('',#3155);
#3155 = CARTESIAN_POINT('',(11.56201166875,-14.48779296875,18.4));
#3156 = SURFACE_CURVE('',#3157,(#3168,#3182),.PCURVE_S1.);
#3157 = B_SPLINE_CURVE_WITH_KNOTS('',5,(#3158,#3159,#3160,#3161,#3162,
    #3163,#3164,#3165,#3166,#3167),.UNSPECIFIED.,.F.,.F.,(6,4,6),(0.,
    0.484205995283,1.),.UNSPECIFIED.);
#3158 = CARTESIAN_POINT('',(11.56201166875,-14.48779296875,18.4));
#3159 = CARTESIAN_POINT('',(11.507032218972,-14.40622509653,18.4));
#3160 = CARTESIAN_POINT('',(11.444659399811,-14.32881239946,18.4));
#3161 = CARTESIAN_POINT('',(11.375355538984,-14.25585527537,18.4));
#3162 = CARTESIAN_POINT('',(11.299795024455,-14.18740327217,18.4));
#3163 = CARTESIAN_POINT('',(11.132262049379,-14.0551829781,18.4));
#3164 = CARTESIAN_POINT('',(11.039535876343,-13.99200827047,18.4));
#3165 = CARTESIAN_POINT('',(10.941316465589,-13.93374405468,18.4));
#3166 = CARTESIAN_POINT('',(10.838407324789,-13.88011337246,18.4));
#3167 = CARTESIAN_POINT('',(10.7314452625,-13.83081054687,18.4));
#3168 = PCURVE('',#522,#3169);
#3169 = DEFINITIONAL_REPRESENTATION('',(#3170),#3181);
#3170 = B_SPLINE_CURVE_WITH_KNOTS('',5,(#3171,#3172,#3173,#3174,#3175,
    #3176,#3177,#3178,#3179,#3180),.UNSPECIFIED.,.F.,.F.,(6,4,6),(0.,
    0.484205995283,1.),.UNSPECIFIED.);
#3171 = CARTESIAN_POINT('',(11.56201166875,-14.48779296875));
#3172 = CARTESIAN_POINT('',(11.507032218972,-14.40622509653));
#3173 = CARTESIAN_POINT('',(11.444659399811,-14.32881239946));
#3174 = CARTESIAN_POINT('',(11.375355538984,-14.25585527537));
#3175 = CARTESIAN_POINT('',(11.299795024455,-14.18740327217));
#3176 = CARTESIAN_POINT('',(11.132262049379,-14.0551829781));
#3177 = CARTESIAN_POINT('',(11.039535876343,-13.99200827047));
#3178 = CARTESIAN_POINT('',(10.941316465589,-13.93374405468));
#3179 = CARTESIAN_POINT('',(10.838407324789,-13.88011337246));
#3180 = CARTESIAN_POINT('',(10.7314452625,-13.83081054687));
#3181 = ( GEOMETRIC_REPRESENTATION_CONTEXT(2) 
PARAMETRIC_REPRESENTATION_CONTEXT() REPRESENTATION_CONTEXT('2D SPACE',''
  ) );
#3182 = PCURVE('',#3183,#3190);
#3183 = SURFACE_OF_LINEAR_EXTRUSION('',#3184,#3188);
#3184 = B_SPLINE_CURVE_WITH_KNOTS('',2,(#3185,#3186,#3187),
  .UNSPECIFIED.,.F.,.F.,(3,3),(0.,1.),.PIECEWISE_BEZIER_KNOTS.);
#3185 = CARTESIAN_POINT('',(10.7314452625,-13.83081054687,17.8));
#3186 = CARTESIAN_POINT('',(11.2939452625,-14.09008789062,17.8));
#3187 = CARTESIAN_POINT('',(11.56201166875,-14.48779296875,17.8));
#3188 = VECTOR('',#3189,1.);
#3189 = DIRECTION('',(-0.,-0.,-1.));
#3190 = DEFINITIONAL_REPRESENTATION('',(#3191),#3202);
#3191 = B_SPLINE_CURVE_WITH_KNOTS('',5,(#3192,#3193,#3194,#3195,#3196,
    #3197,#3198,#3199,#3200,#3201),.UNSPECIFIED.,.F.,.F.,(6,4,6),(0.,
    0.484205995283,1.),.UNSPECIFIED.);
#3192 = CARTESIAN_POINT('',(1.,-0.6));
#3193 = CARTESIAN_POINT('',(0.897451809522,-0.6));
#3194 = CARTESIAN_POINT('',(0.795552025541,-0.6));
#3195 = CARTESIAN_POINT('',(0.694794943454,-0.6));
#3196 = CARTESIAN_POINT('',(0.595530558951,-0.6));
#3197 = CARTESIAN_POINT('',(0.394106867586,-0.6));
#3198 = CARTESIAN_POINT('',(0.292175944627,-0.6));
#3199 = CARTESIAN_POINT('',(0.192467371189,-0.6));
#3200 = CARTESIAN_POINT('',(9.507738870099E-02,-0.6));
#3201 = CARTESIAN_POINT('',(0.,-0.6));
#3202 = ( GEOMETRIC_REPRESENTATION_CONTEXT(2) 
PARAMETRIC_REPRESENTATION_CONTEXT() REPRESENTATION_CONTEXT('2D SPACE',''
  ) );
#3203 = ORIENTED_EDGE('',*,*,#3204,.F.);
#3204 = EDGE_CURVE('',#3205,#3154,#3207,.T.);
#3205 = VERTEX_POINT('',#3206);
#3206 = CARTESIAN_POINT('',(11.830078075,-15.40405273437,18.4));
#3207 = SURFACE_CURVE('',#3208,(#3219,#3233),.PCURVE_S1.);
#3208 = B_SPLINE_CURVE_WITH_KNOTS('',5,(#3209,#3210,#3211,#3212,#3213,
    #3214,#3215,#3216,#3217,#3218),.UNSPECIFIED.,.F.,.F.,(6,4,6),(0.,
    0.726655764674,1.),.UNSPECIFIED.);
#3209 = CARTESIAN_POINT('',(11.830078075,-15.40405273437,18.4));
#3210 = CARTESIAN_POINT('',(11.830078075,-15.25835064442,18.4));
#3211 = CARTESIAN_POINT('',(11.816850517763,-15.11547446685,18.4));
#3212 = CARTESIAN_POINT('',(11.789259209782,-14.97669438941,18.4));
#3213 = CARTESIAN_POINT('',(11.746654541908,-14.84333215663,18.4));
#3214 = CARTESIAN_POINT('',(11.668088532739,-14.66883392641,18.4));
#3215 = CARTESIAN_POINT('',(11.644561095358,-14.62205990686,18.4));
#3216 = CARTESIAN_POINT('',(11.61900756593,-14.57626635189,18.4));
#3217 = CARTESIAN_POINT('',(11.591470987946,-14.53149900788,18.4));
#3218 = CARTESIAN_POINT('',(11.56201166875,-14.48779296875,18.4));
#3219 = PCURVE('',#522,#3220);
#3220 = DEFINITIONAL_REPRESENTATION('',(#3221),#3232);
#3221 = B_SPLINE_CURVE_WITH_KNOTS('',5,(#3222,#3223,#3224,#3225,#3226,
    #3227,#3228,#3229,#3230,#3231),.UNSPECIFIED.,.F.,.F.,(6,4,6),(0.,
    0.726655764674,1.),.UNSPECIFIED.);
#3222 = CARTESIAN_POINT('',(11.830078075,-15.40405273437));
#3223 = CARTESIAN_POINT('',(11.830078075,-15.25835064442));
#3224 = CARTESIAN_POINT('',(11.816850517763,-15.11547446685));
#3225 = CARTESIAN_POINT('',(11.789259209782,-14.97669438941));
#3226 = CARTESIAN_POINT('',(11.746654541908,-14.84333215663));
#3227 = CARTESIAN_POINT('',(11.668088532739,-14.66883392641));
#3228 = CARTESIAN_POINT('',(11.644561095358,-14.62205990686));
#3229 = CARTESIAN_POINT('',(11.61900756593,-14.57626635189));
#3230 = CARTESIAN_POINT('',(11.591470987946,-14.53149900788));
#3231 = CARTESIAN_POINT('',(11.56201166875,-14.48779296875));
#3232 = ( GEOMETRIC_REPRESENTATION_CONTEXT(2) 
PARAMETRIC_REPRESENTATION_CONTEXT() REPRESENTATION_CONTEXT('2D SPACE',''
  ) );
#3233 = PCURVE('',#3234,#3241);
#3234 = SURFACE_OF_LINEAR_EXTRUSION('',#3235,#3239);
#3235 = B_SPLINE_CURVE_WITH_KNOTS('',2,(#3236,#3237,#3238),
  .UNSPECIFIED.,.F.,.F.,(3,3),(0.,1.),.PIECEWISE_BEZIER_KNOTS.);
#3236 = CARTESIAN_POINT('',(11.56201166875,-14.48779296875,17.8));
#3237 = CARTESIAN_POINT('',(11.830078075,-14.88549804687,17.8));
#3238 = CARTESIAN_POINT('',(11.830078075,-15.40405273437,17.8));
#3239 = VECTOR('',#3240,1.);
#3240 = DIRECTION('',(-0.,-0.,-1.));
#3241 = DEFINITIONAL_REPRESENTATION('',(#3242),#3253);
#3242 = B_SPLINE_CURVE_WITH_KNOTS('',5,(#3243,#3244,#3245,#3246,#3247,
    #3248,#3249,#3250,#3251,#3252),.UNSPECIFIED.,.F.,.F.,(6,4,6),(0.,
    0.726655764674,1.),.UNSPECIFIED.);
#3243 = CARTESIAN_POINT('',(1.,-0.6));
#3244 = CARTESIAN_POINT('',(0.859511355828,-0.6));
#3245 = CARTESIAN_POINT('',(0.715997639556,-0.6));
#3246 = CARTESIAN_POINT('',(0.570189699232,-0.6));
#3247 = CARTESIAN_POINT('',(0.423079607607,-0.6));
#3248 = CARTESIAN_POINT('',(0.220673441225,-0.6));
#3249 = CARTESIAN_POINT('',(0.165345958375,-0.6));
#3250 = CARTESIAN_POINT('',(0.110083138361,-0.6));
#3251 = CARTESIAN_POINT('',(5.494780119582E-02,-0.6));
#3252 = CARTESIAN_POINT('',(0.,-0.6));
#3253 = ( GEOMETRIC_REPRESENTATION_CONTEXT(2) 
PARAMETRIC_REPRESENTATION_CONTEXT() REPRESENTATION_CONTEXT('2D SPACE',''
  ) );
#3254 = ORIENTED_EDGE('',*,*,#3255,.F.);
#3255 = EDGE_CURVE('',#3256,#3205,#3258,.T.);
#3256 = VERTEX_POINT('',#3257);
#3257 = CARTESIAN_POINT('',(11.53564448125,-16.373046875,18.4));
#3258 = SURFACE_CURVE('',#3259,(#3270,#3284),.PCURVE_S1.);
#3259 = B_SPLINE_CURVE_WITH_KNOTS('',5,(#3260,#3261,#3262,#3263,#3264,
    #3265,#3266,#3267,#3268,#3269),.UNSPECIFIED.,.F.,.F.,(6,4,6),(0.,
    0.664102205325,1.),.UNSPECIFIED.);
#3260 = CARTESIAN_POINT('',(11.53564448125,-16.373046875,18.4));
#3261 = CARTESIAN_POINT('',(11.611688124465,-16.25557647092,18.4));
#3262 = CARTESIAN_POINT('',(11.676822046591,-16.13352355884,18.4));
#3263 = CARTESIAN_POINT('',(11.729813930198,-16.00725431381,18.4));
#3264 = CARTESIAN_POINT('',(11.769748762376,-15.87737286539,18.4));
#3265 = CARTESIAN_POINT('',(11.80994143291,-15.67781694838,18.4));
#3266 = CARTESIAN_POINT('',(11.82005562349,-15.61010327427,18.4));
#3267 = CARTESIAN_POINT('',(11.826759367155,-15.54182438274,18.4));
#3268 = CARTESIAN_POINT('',(11.830078075,-15.47310049326,18.4));
#3269 = CARTESIAN_POINT('',(11.830078075,-15.40405273437,18.4));
#3270 = PCURVE('',#522,#3271);
#3271 = DEFINITIONAL_REPRESENTATION('',(#3272),#3283);
#3272 = B_SPLINE_CURVE_WITH_KNOTS('',5,(#3273,#3274,#3275,#3276,#3277,
    #3278,#3279,#3280,#3281,#3282),.UNSPECIFIED.,.F.,.F.,(6,4,6),(0.,
    0.664102205325,1.),.UNSPECIFIED.);
#3273 = CARTESIAN_POINT('',(11.53564448125,-16.373046875));
#3274 = CARTESIAN_POINT('',(11.611688124465,-16.25557647092));
#3275 = CARTESIAN_POINT('',(11.676822046591,-16.13352355884));
#3276 = CARTESIAN_POINT('',(11.729813930198,-16.00725431381));
#3277 = CARTESIAN_POINT('',(11.769748762376,-15.87737286539));
#3278 = CARTESIAN_POINT('',(11.80994143291,-15.67781694838));
#3279 = CARTESIAN_POINT('',(11.82005562349,-15.61010327427));
#3280 = CARTESIAN_POINT('',(11.826759367155,-15.54182438274));
#3281 = CARTESIAN_POINT('',(11.830078075,-15.47310049326));
#3282 = CARTESIAN_POINT('',(11.830078075,-15.40405273437));
#3283 = ( GEOMETRIC_REPRESENTATION_CONTEXT(2) 
PARAMETRIC_REPRESENTATION_CONTEXT() REPRESENTATION_CONTEXT('2D SPACE',''
  ) );
#3284 = PCURVE('',#3285,#3292);
#3285 = SURFACE_OF_LINEAR_EXTRUSION('',#3286,#3290);
#3286 = B_SPLINE_CURVE_WITH_KNOTS('',2,(#3287,#3288,#3289),
  .UNSPECIFIED.,.F.,.F.,(3,3),(0.,1.),.PIECEWISE_BEZIER_KNOTS.);
#3287 = CARTESIAN_POINT('',(11.830078075,-15.40405273437,17.8));
#3288 = CARTESIAN_POINT('',(11.830078075,-15.91821289062,17.8));
#3289 = CARTESIAN_POINT('',(11.53564448125,-16.373046875,17.8));
#3290 = VECTOR('',#3291,1.);
#3291 = DIRECTION('',(-0.,-0.,-1.));
#3292 = DEFINITIONAL_REPRESENTATION('',(#3293),#3304);
#3293 = B_SPLINE_CURVE_WITH_KNOTS('',5,(#3294,#3295,#3296,#3297,#3298,
    #3299,#3300,#3301,#3302,#3303),.UNSPECIFIED.,.F.,.F.,(6,4,6),(0.,
    0.664102205325,1.),.UNSPECIFIED.);
#3294 = CARTESIAN_POINT('',(1.,-0.6));
#3295 = CARTESIAN_POINT('',(0.870864526282,-0.6));
#3296 = CARTESIAN_POINT('',(0.73941043588,-0.6));
#3297 = CARTESIAN_POINT('',(0.606235283697,-0.6));
#3298 = CARTESIAN_POINT('',(0.472105852035,-0.6));
#3299 = CARTESIAN_POINT('',(0.27017029007,-0.6));
#3300 = CARTESIAN_POINT('',(0.202339666501,-0.6));
#3301 = CARTESIAN_POINT('',(0.134627646225,-0.6));
#3302 = CARTESIAN_POINT('',(6.714615869622E-02,-0.6));
#3303 = CARTESIAN_POINT('',(0.,-0.6));
#3304 = ( GEOMETRIC_REPRESENTATION_CONTEXT(2) 
PARAMETRIC_REPRESENTATION_CONTEXT() REPRESENTATION_CONTEXT('2D SPACE',''
  ) );
#3305 = ORIENTED_EDGE('',*,*,#3306,.F.);
#3306 = EDGE_CURVE('',#3307,#3256,#3309,.T.);
#3307 = VERTEX_POINT('',#3308);
#3308 = CARTESIAN_POINT('',(10.689697215625,-17.08056640625,18.4));
#3309 = SURFACE_CURVE('',#3310,(#3323,#3339),.PCURVE_S1.);
#3310 = B_SPLINE_CURVE_WITH_KNOTS('',6,(#3311,#3312,#3313,#3314,#3315,
    #3316,#3317,#3318,#3319,#3320,#3321,#3322),.UNSPECIFIED.,.F.,.F.,(7,
    5,7),(0.,0.850831630427,1.),.UNSPECIFIED.);
#3311 = CARTESIAN_POINT('',(10.689697215625,-17.08056640625,18.4));
#3312 = CARTESIAN_POINT('',(10.838926105937,-17.01219460391,18.4));
#3313 = CARTESIAN_POINT('',(10.980496802821,-16.93327724225,18.4));
#3314 = CARTESIAN_POINT('',(11.112827409269,-16.84325616002,18.4));
#3315 = CARTESIAN_POINT('',(11.234352917631,-16.74185578926,18.4));
#3316 = CARTESIAN_POINT('',(11.343741472304,-16.62930367724,18.4));
#3317 = CARTESIAN_POINT('',(11.457107754035,-16.48514153739,18.4));
#3318 = CARTESIAN_POINT('',(11.473621858059,-16.46332524707,18.4));
#3319 = CARTESIAN_POINT('',(11.489735517219,-16.44120205094,18.4));
#3320 = CARTESIAN_POINT('',(11.505445480073,-16.4187773232,18.4));
#3321 = CARTESIAN_POINT('',(11.520749129209,-16.39605685912,18.4));
#3322 = CARTESIAN_POINT('',(11.53564448125,-16.373046875,18.4));
#3323 = PCURVE('',#522,#3324);
#3324 = DEFINITIONAL_REPRESENTATION('',(#3325),#3338);
#3325 = B_SPLINE_CURVE_WITH_KNOTS('',6,(#3326,#3327,#3328,#3329,#3330,
    #3331,#3332,#3333,#3334,#3335,#3336,#3337),.UNSPECIFIED.,.F.,.F.,(7,
    5,7),(0.,0.850831630427,1.),.UNSPECIFIED.);
#3326 = CARTESIAN_POINT('',(10.689697215625,-17.08056640625));
#3327 = CARTESIAN_POINT('',(10.838926105937,-17.01219460391));
#3328 = CARTESIAN_POINT('',(10.980496802821,-16.93327724225));
#3329 = CARTESIAN_POINT('',(11.112827409269,-16.84325616002));
#3330 = CARTESIAN_POINT('',(11.234352917631,-16.74185578926));
#3331 = CARTESIAN_POINT('',(11.343741472304,-16.62930367724));
#3332 = CARTESIAN_POINT('',(11.457107754035,-16.48514153739));
#3333 = CARTESIAN_POINT('',(11.473621858059,-16.46332524707));
#3334 = CARTESIAN_POINT('',(11.489735517219,-16.44120205094));
#3335 = CARTESIAN_POINT('',(11.505445480073,-16.4187773232));
#3336 = CARTESIAN_POINT('',(11.520749129209,-16.39605685912));
#3337 = CARTESIAN_POINT('',(11.53564448125,-16.373046875));
#3338 = ( GEOMETRIC_REPRESENTATION_CONTEXT(2) 
PARAMETRIC_REPRESENTATION_CONTEXT() REPRESENTATION_CONTEXT('2D SPACE',''
  ) );
#3339 = PCURVE('',#3340,#3347);
#3340 = SURFACE_OF_LINEAR_EXTRUSION('',#3341,#3345);
#3341 = B_SPLINE_CURVE_WITH_KNOTS('',2,(#3342,#3343,#3344),
  .UNSPECIFIED.,.F.,.F.,(3,3),(0.,1.),.PIECEWISE_BEZIER_KNOTS.);
#3342 = CARTESIAN_POINT('',(11.53564448125,-16.373046875,17.8));
#3343 = CARTESIAN_POINT('',(11.2412108875,-16.82788085937,17.8));
#3344 = CARTESIAN_POINT('',(10.689697215625,-17.08056640625,17.8));
#3345 = VECTOR('',#3346,1.);
#3346 = DIRECTION('',(-0.,-0.,-1.));
#3347 = DEFINITIONAL_REPRESENTATION('',(#3348),#3361);
#3348 = B_SPLINE_CURVE_WITH_KNOTS('',6,(#3349,#3350,#3351,#3352,#3353,
    #3354,#3355,#3356,#3357,#3358,#3359,#3360),.UNSPECIFIED.,.F.,.F.,(7,
    5,7),(0.,0.850831630427,1.),.UNSPECIFIED.);
#3349 = CARTESIAN_POINT('',(1.,-0.6));
#3350 = CARTESIAN_POINT('',(0.864709709005,-0.6));
#3351 = CARTESIAN_POINT('',(0.726123939825,-0.6));
#3352 = CARTESIAN_POINT('',(0.584742232909,-0.6));
#3353 = CARTESIAN_POINT('',(0.44126031944,-0.6));
#3354 = CARTESIAN_POINT('',(0.296606887507,-0.6));
#3355 = CARTESIAN_POINT('',(0.126647423924,-0.6));
#3356 = CARTESIAN_POINT('',(0.101294822722,-0.6));
#3357 = CARTESIAN_POINT('',(7.594803040745E-02,-0.6));
#3358 = CARTESIAN_POINT('',(5.061282453135E-02,-0.6));
#3359 = CARTESIAN_POINT('',(2.529492618521E-02,-0.6));
#3360 = CARTESIAN_POINT('',(0.,-0.6));
#3361 = ( GEOMETRIC_REPRESENTATION_CONTEXT(2) 
PARAMETRIC_REPRESENTATION_CONTEXT() REPRESENTATION_CONTEXT('2D SPACE',''
  ) );
#3362 = ORIENTED_EDGE('',*,*,#3363,.F.);
#3363 = EDGE_CURVE('',#3364,#3307,#3366,.T.);
#3364 = VERTEX_POINT('',#3365);
#3365 = CARTESIAN_POINT('',(9.4482421375,-17.33325195312,18.4));
#3366 = SURFACE_CURVE('',#3367,(#3378,#3392),.PCURVE_S1.);
#3367 = B_SPLINE_CURVE_WITH_KNOTS('',5,(#3368,#3369,#3370,#3371,#3372,
    #3373,#3374,#3375,#3376,#3377),.UNSPECIFIED.,.F.,.F.,(6,4,6),(0.,
    0.510238918913,1.),.UNSPECIFIED.);
#3368 = CARTESIAN_POINT('',(9.4482421375,-17.33325195312,18.4));
#3369 = CARTESIAN_POINT('',(9.582276381231,-17.33325195312,18.4));
#3370 = CARTESIAN_POINT('',(9.71518796151,-17.32729149925,18.4));
#3371 = CARTESIAN_POINT('',(9.846646538696,-17.31499050931,18.4));
#3372 = CARTESIAN_POINT('',(9.976255109216,-17.29599556217,18.4));
#3373 = CARTESIAN_POINT('',(10.225788212671,-17.24520563846,18.4));
#3374 = CARTESIAN_POINT('',(10.345897853812,-17.21395404782,18.4));
#3375 = CARTESIAN_POINT('',(10.463509305458,-17.17612781506,18.4));
#3376 = CARTESIAN_POINT('',(10.578229817397,-17.13163712655,18.4));
#3377 = CARTESIAN_POINT('',(10.689697215625,-17.08056640625,18.4));
#3378 = PCURVE('',#522,#3379);
#3379 = DEFINITIONAL_REPRESENTATION('',(#3380),#3391);
#3380 = B_SPLINE_CURVE_WITH_KNOTS('',5,(#3381,#3382,#3383,#3384,#3385,
    #3386,#3387,#3388,#3389,#3390),.UNSPECIFIED.,.F.,.F.,(6,4,6),(0.,
    0.510238918913,1.),.UNSPECIFIED.);
#3381 = CARTESIAN_POINT('',(9.4482421375,-17.33325195312));
#3382 = CARTESIAN_POINT('',(9.582276381231,-17.33325195312));
#3383 = CARTESIAN_POINT('',(9.71518796151,-17.32729149925));
#3384 = CARTESIAN_POINT('',(9.846646538696,-17.31499050931));
#3385 = CARTESIAN_POINT('',(9.976255109216,-17.29599556217));
#3386 = CARTESIAN_POINT('',(10.225788212671,-17.24520563846));
#3387 = CARTESIAN_POINT('',(10.345897853812,-17.21395404782));
#3388 = CARTESIAN_POINT('',(10.463509305458,-17.17612781506));
#3389 = CARTESIAN_POINT('',(10.578229817397,-17.13163712655));
#3390 = CARTESIAN_POINT('',(10.689697215625,-17.08056640625));
#3391 = ( GEOMETRIC_REPRESENTATION_CONTEXT(2) 
PARAMETRIC_REPRESENTATION_CONTEXT() REPRESENTATION_CONTEXT('2D SPACE',''
  ) );
#3392 = PCURVE('',#3393,#3400);
#3393 = SURFACE_OF_LINEAR_EXTRUSION('',#3394,#3398);
#3394 = B_SPLINE_CURVE_WITH_KNOTS('',2,(#3395,#3396,#3397),
  .UNSPECIFIED.,.F.,.F.,(3,3),(0.,1.),.PIECEWISE_BEZIER_KNOTS.);
#3395 = CARTESIAN_POINT('',(10.689697215625,-17.08056640625,17.8));
#3396 = CARTESIAN_POINT('',(10.13818354375,-17.33325195312,17.8));
#3397 = CARTESIAN_POINT('',(9.4482421375,-17.33325195312,17.8));
#3398 = VECTOR('',#3399,1.);
#3399 = DIRECTION('',(-0.,-0.,-1.));
#3400 = DEFINITIONAL_REPRESENTATION('',(#3401),#3412);
#3401 = B_SPLINE_CURVE_WITH_KNOTS('',5,(#3402,#3403,#3404,#3405,#3406,
    #3407,#3408,#3409,#3410,#3411),.UNSPECIFIED.,.F.,.F.,(6,4,6),(0.,
    0.510238918913,1.),.UNSPECIFIED.);
#3402 = CARTESIAN_POINT('',(1.,-0.6));
#3403 = CARTESIAN_POINT('',(0.902865487912,-0.6));
#3404 = CARTESIAN_POINT('',(0.804178214497,-0.6));
#3405 = CARTESIAN_POINT('',(0.704026680527,-0.6));
#3406 = CARTESIAN_POINT('',(0.602558282763,-0.6));
#3407 = CARTESIAN_POINT('',(0.401557773077,-0.6));
#3408 = CARTESIAN_POINT('',(0.302107242563,-0.6));
#3409 = CARTESIAN_POINT('',(0.201856955026,-0.6));
#3410 = CARTESIAN_POINT('',(0.101055879403,-0.6));
#3411 = CARTESIAN_POINT('',(0.,-0.6));
#3412 = ( GEOMETRIC_REPRESENTATION_CONTEXT(2) 
PARAMETRIC_REPRESENTATION_CONTEXT() REPRESENTATION_CONTEXT('2D SPACE',''
  ) );
#3413 = ORIENTED_EDGE('',*,*,#3414,.F.);
#3414 = EDGE_CURVE('',#3415,#3364,#3417,.T.);
#3415 = VERTEX_POINT('',#3416);
#3416 = CARTESIAN_POINT('',(7.982665965625,-17.07836914062,18.4));
#3417 = SURFACE_CURVE('',#3418,(#3429,#3443),.PCURVE_S1.);
#3418 = B_SPLINE_CURVE_WITH_KNOTS('',5,(#3419,#3420,#3421,#3422,#3423,
    #3424,#3425,#3426,#3427,#3428),.UNSPECIFIED.,.F.,.F.,(6,4,6),(0.,
    0.47509091967,1.),.UNSPECIFIED.);
#3419 = CARTESIAN_POINT('',(7.982665965625,-17.07836914062,18.4));
#3420 = CARTESIAN_POINT('',(8.10686570671,-17.13192739328,18.4));
#3421 = CARTESIAN_POINT('',(8.236362984343,-17.17736218574,18.4));
#3422 = CARTESIAN_POINT('',(8.370180035923,-17.21510446583,18.4));
#3423 = CARTESIAN_POINT('',(8.507444562544,-17.24579446772,18.4));
#3424 = CARTESIAN_POINT('',(8.802293301902,-17.29682791703,18.4));
#3425 = CARTESIAN_POINT('',(8.960483686294,-17.31574695979,18.4));
#3426 = CARTESIAN_POINT('',(9.12125438002,-17.32763084648,18.4));
#3427 = CARTESIAN_POINT('',(9.283973061619,-17.33325195312,18.4));
#3428 = CARTESIAN_POINT('',(9.4482421375,-17.33325195312,18.4));
#3429 = PCURVE('',#522,#3430);
#3430 = DEFINITIONAL_REPRESENTATION('',(#3431),#3442);
#3431 = B_SPLINE_CURVE_WITH_KNOTS('',5,(#3432,#3433,#3434,#3435,#3436,
    #3437,#3438,#3439,#3440,#3441),.UNSPECIFIED.,.F.,.F.,(6,4,6),(0.,
    0.47509091967,1.),.UNSPECIFIED.);
#3432 = CARTESIAN_POINT('',(7.982665965625,-17.07836914062));
#3433 = CARTESIAN_POINT('',(8.10686570671,-17.13192739328));
#3434 = CARTESIAN_POINT('',(8.236362984343,-17.17736218574));
#3435 = CARTESIAN_POINT('',(8.370180035923,-17.21510446583));
#3436 = CARTESIAN_POINT('',(8.507444562544,-17.24579446772));
#3437 = CARTESIAN_POINT('',(8.802293301902,-17.29682791703));
#3438 = CARTESIAN_POINT('',(8.960483686294,-17.31574695979));
#3439 = CARTESIAN_POINT('',(9.12125438002,-17.32763084648));
#3440 = CARTESIAN_POINT('',(9.283973061619,-17.33325195312));
#3441 = CARTESIAN_POINT('',(9.4482421375,-17.33325195312));
#3442 = ( GEOMETRIC_REPRESENTATION_CONTEXT(2) 
PARAMETRIC_REPRESENTATION_CONTEXT() REPRESENTATION_CONTEXT('2D SPACE',''
  ) );
#3443 = PCURVE('',#3444,#3451);
#3444 = SURFACE_OF_LINEAR_EXTRUSION('',#3445,#3449);
#3445 = B_SPLINE_CURVE_WITH_KNOTS('',2,(#3446,#3447,#3448),
  .UNSPECIFIED.,.F.,.F.,(3,3),(0.,1.),.PIECEWISE_BEZIER_KNOTS.);
#3446 = CARTESIAN_POINT('',(9.4482421375,-17.33325195312,17.8));
#3447 = CARTESIAN_POINT('',(8.57373041875,-17.33325195312,17.8));
#3448 = CARTESIAN_POINT('',(7.982665965625,-17.07836914062,17.8));
#3449 = VECTOR('',#3450,1.);
#3450 = DIRECTION('',(-0.,-0.,-1.));
#3451 = DEFINITIONAL_REPRESENTATION('',(#3452),#3463);
#3452 = B_SPLINE_CURVE_WITH_KNOTS('',5,(#3453,#3454,#3455,#3456,#3457,
    #3458,#3459,#3460,#3461,#3462),.UNSPECIFIED.,.F.,.F.,(6,4,6),(0.,
    0.47509091967,1.),.UNSPECIFIED.);
#3453 = CARTESIAN_POINT('',(1.,-0.6));
#3454 = CARTESIAN_POINT('',(0.894935535009,-0.6));
#3455 = CARTESIAN_POINT('',(0.792007297219,-0.6));
#3456 = CARTESIAN_POINT('',(0.691500313613,-0.6));
#3457 = CARTESIAN_POINT('',(0.593506243549,-0.6));
#3458 = CARTESIAN_POINT('',(0.392478946258,-0.6));
#3459 = CARTESIAN_POINT('',(0.29000481077,-0.6));
#3460 = CARTESIAN_POINT('',(0.190528502121,-0.6));
#3461 = CARTESIAN_POINT('',(9.392045432835E-02,-0.6));
#3462 = CARTESIAN_POINT('',(0.,-0.6));
#3463 = ( GEOMETRIC_REPRESENTATION_CONTEXT(2) 
PARAMETRIC_REPRESENTATION_CONTEXT() REPRESENTATION_CONTEXT('2D SPACE',''
  ) );
#3464 = ORIENTED_EDGE('',*,*,#3465,.F.);
#3465 = EDGE_CURVE('',#3466,#3415,#3468,.T.);
#3466 = VERTEX_POINT('',#3467);
#3467 = CARTESIAN_POINT('',(7.055419871875,-16.3115234375,18.4));
#3468 = SURFACE_CURVE('',#3469,(#3480,#3494),.PCURVE_S1.);
#3469 = B_SPLINE_CURVE_WITH_KNOTS('',5,(#3470,#3471,#3472,#3473,#3474,
    #3475,#3476,#3477,#3478,#3479),.UNSPECIFIED.,.F.,.F.,(6,4,6),(0.,
    0.347638453196,1.),.UNSPECIFIED.);
#3470 = CARTESIAN_POINT('',(7.055419871875,-16.3115234375,18.4));
#3471 = CARTESIAN_POINT('',(7.102079214446,-16.38257982193,18.4));
#3472 = CARTESIAN_POINT('',(7.152105862525,-16.45099589062,18.4));
#3473 = CARTESIAN_POINT('',(7.205486938453,-16.51655304229,18.4));
#3474 = CARTESIAN_POINT('',(7.262154160866,-16.57906804618,18.4));
#3475 = CARTESIAN_POINT('',(7.434217991631,-16.74975429978,18.4));
#3476 = CARTESIAN_POINT('',(7.557583859761,-16.84994178419,18.4));
#3477 = CARTESIAN_POINT('',(7.691115769442,-16.93800452061,18.4));
#3478 = CARTESIAN_POINT('',(7.833339587688,-17.01397560961,18.4));
#3479 = CARTESIAN_POINT('',(7.982665965625,-17.07836914062,18.4));
#3480 = PCURVE('',#522,#3481);
#3481 = DEFINITIONAL_REPRESENTATION('',(#3482),#3493);
#3482 = B_SPLINE_CURVE_WITH_KNOTS('',5,(#3483,#3484,#3485,#3486,#3487,
    #3488,#3489,#3490,#3491,#3492),.UNSPECIFIED.,.F.,.F.,(6,4,6),(0.,
    0.347638453196,1.),.UNSPECIFIED.);
#3483 = CARTESIAN_POINT('',(7.055419871875,-16.3115234375));
#3484 = CARTESIAN_POINT('',(7.102079214446,-16.38257982193));
#3485 = CARTESIAN_POINT('',(7.152105862525,-16.45099589062));
#3486 = CARTESIAN_POINT('',(7.205486938453,-16.51655304229));
#3487 = CARTESIAN_POINT('',(7.262154160866,-16.57906804618));
#3488 = CARTESIAN_POINT('',(7.434217991631,-16.74975429978));
#3489 = CARTESIAN_POINT('',(7.557583859761,-16.84994178419));
#3490 = CARTESIAN_POINT('',(7.691115769442,-16.93800452061));
#3491 = CARTESIAN_POINT('',(7.833339587688,-17.01397560961));
#3492 = CARTESIAN_POINT('',(7.982665965625,-17.07836914062));
#3493 = ( GEOMETRIC_REPRESENTATION_CONTEXT(2) 
PARAMETRIC_REPRESENTATION_CONTEXT() REPRESENTATION_CONTEXT('2D SPACE',''
  ) );
#3494 = PCURVE('',#3495,#3502);
#3495 = SURFACE_OF_LINEAR_EXTRUSION('',#3496,#3500);
#3496 = B_SPLINE_CURVE_WITH_KNOTS('',2,(#3497,#3498,#3499),
  .UNSPECIFIED.,.F.,.F.,(3,3),(0.,1.),.PIECEWISE_BEZIER_KNOTS.);
#3497 = CARTESIAN_POINT('',(7.982665965625,-17.07836914062,17.8));
#3498 = CARTESIAN_POINT('',(7.3916015125,-16.82348632812,17.8));
#3499 = CARTESIAN_POINT('',(7.055419871875,-16.3115234375,17.8));
#3500 = VECTOR('',#3501,1.);
#3501 = DIRECTION('',(-0.,-0.,-1.));
#3502 = DEFINITIONAL_REPRESENTATION('',(#3503),#3514);
#3503 = B_SPLINE_CURVE_WITH_KNOTS('',5,(#3504,#3505,#3506,#3507,#3508,
    #3509,#3510,#3511,#3512,#3513),.UNSPECIFIED.,.F.,.F.,(6,4,6),(0.,
    0.347638453196,1.),.UNSPECIFIED.);
#3504 = CARTESIAN_POINT('',(1.,-0.6));
#3505 = CARTESIAN_POINT('',(0.9306039698,-0.6));
#3506 = CARTESIAN_POINT('',(0.860763767825,-0.6));
#3507 = CARTESIAN_POINT('',(0.790615456543,-0.6));
#3508 = CARTESIAN_POINT('',(0.720307148845,-0.6));
#3509 = CARTESIAN_POINT('',(0.518064996981,-0.6));
#3510 = CARTESIAN_POINT('',(0.386099312473,-0.6));
#3511 = CARTESIAN_POINT('',(0.255232907858,-0.6));
#3512 = CARTESIAN_POINT('',(0.126319876917,-0.6));
#3513 = CARTESIAN_POINT('',(0.,-0.6));
#3514 = ( GEOMETRIC_REPRESENTATION_CONTEXT(2) 
PARAMETRIC_REPRESENTATION_CONTEXT() REPRESENTATION_CONTEXT('2D SPACE',''
  ) );
#3515 = ORIENTED_EDGE('',*,*,#3516,.F.);
#3516 = EDGE_CURVE('',#1740,#3466,#3517,.T.);
#3517 = SURFACE_CURVE('',#3518,(#3529,#3543),.PCURVE_S1.);
#3518 = B_SPLINE_CURVE_WITH_KNOTS('',5,(#3519,#3520,#3521,#3522,#3523,
    #3524,#3525,#3526,#3527,#3528),.UNSPECIFIED.,.F.,.F.,(6,4,6),(0.,
    0.680447956074,1.),.UNSPECIFIED.);
#3519 = CARTESIAN_POINT('',(6.70166010625,-15.15356445312,18.4));
#3520 = CARTESIAN_POINT('',(6.706294042158,-15.32386159773,18.4));
#3521 = CARTESIAN_POINT('',(6.724860663758,-15.49178943777,18.4));
#3522 = CARTESIAN_POINT('',(6.758456514453,-15.6560218898,18.4));
#3523 = CARTESIAN_POINT('',(6.807671921547,-15.8151605429,18.4));
#3524 = CARTESIAN_POINT('',(6.902140661009,-16.03966220102,18.4));
#3525 = CARTESIAN_POINT('',(6.935654369622,-16.11000401371,18.4));
#3526 = CARTESIAN_POINT('',(6.972441738288,-16.17882264579,18.4));
#3527 = CARTESIAN_POINT('',(7.01240719901,-16.24602047817,18.4));
#3528 = CARTESIAN_POINT('',(7.055419871875,-16.3115234375,18.4));
#3529 = PCURVE('',#522,#3530);
#3530 = DEFINITIONAL_REPRESENTATION('',(#3531),#3542);
#3531 = B_SPLINE_CURVE_WITH_KNOTS('',5,(#3532,#3533,#3534,#3535,#3536,
    #3537,#3538,#3539,#3540,#3541),.UNSPECIFIED.,.F.,.F.,(6,4,6),(0.,
    0.680447956074,1.),.UNSPECIFIED.);
#3532 = CARTESIAN_POINT('',(6.70166010625,-15.15356445312));
#3533 = CARTESIAN_POINT('',(6.706294042158,-15.32386159773));
#3534 = CARTESIAN_POINT('',(6.724860663758,-15.49178943777));
#3535 = CARTESIAN_POINT('',(6.758456514453,-15.6560218898));
#3536 = CARTESIAN_POINT('',(6.807671921547,-15.8151605429));
#3537 = CARTESIAN_POINT('',(6.902140661009,-16.03966220102));
#3538 = CARTESIAN_POINT('',(6.935654369622,-16.11000401371));
#3539 = CARTESIAN_POINT('',(6.972441738288,-16.17882264579));
#3540 = CARTESIAN_POINT('',(7.01240719901,-16.24602047817));
#3541 = CARTESIAN_POINT('',(7.055419871875,-16.3115234375));
#3542 = ( GEOMETRIC_REPRESENTATION_CONTEXT(2) 
PARAMETRIC_REPRESENTATION_CONTEXT() REPRESENTATION_CONTEXT('2D SPACE',''
  ) );
#3543 = PCURVE('',#3544,#3551);
#3544 = SURFACE_OF_LINEAR_EXTRUSION('',#3545,#3549);
#3545 = B_SPLINE_CURVE_WITH_KNOTS('',2,(#3546,#3547,#3548),
  .UNSPECIFIED.,.F.,.F.,(3,3),(0.,1.),.PIECEWISE_BEZIER_KNOTS.);
#3546 = CARTESIAN_POINT('',(7.055419871875,-16.3115234375,17.8));
#3547 = CARTESIAN_POINT('',(6.71923823125,-15.79956054687,17.8));
#3548 = CARTESIAN_POINT('',(6.70166010625,-15.15356445312,17.8));
#3549 = VECTOR('',#3550,1.);
#3550 = DIRECTION('',(-0.,-0.,-1.));
#3551 = DEFINITIONAL_REPRESENTATION('',(#3552),#3563);
#3552 = B_SPLINE_CURVE_WITH_KNOTS('',5,(#3553,#3554,#3555,#3556,#3557,
    #3558,#3559,#3560,#3561,#3562),.UNSPECIFIED.,.F.,.F.,(6,4,6),(0.,
    0.680447956074,1.),.UNSPECIFIED.);
#3553 = CARTESIAN_POINT('',(1.,-0.6));
#3554 = CARTESIAN_POINT('',(0.868190267514,-0.6));
#3555 = CARTESIAN_POINT('',(0.733708297414,-0.6));
#3556 = CARTESIAN_POINT('',(0.5972158519,-0.6));
#3557 = CARTESIAN_POINT('',(0.459593006063,-0.6));
#3558 = CARTESIAN_POINT('',(0.257383557368,-0.6));
#3559 = CARTESIAN_POINT('',(0.19276629186,-0.6));
#3560 = CARTESIAN_POINT('',(0.128260740234,-0.6));
#3561 = CARTESIAN_POINT('',(6.397237038967E-02,-0.6));
#3562 = CARTESIAN_POINT('',(0.,-0.6));
#3563 = ( GEOMETRIC_REPRESENTATION_CONTEXT(2) 
PARAMETRIC_REPRESENTATION_CONTEXT() REPRESENTATION_CONTEXT('2D SPACE',''
  ) );
#3564 = FACE_BOUND('',#3565,.T.);
#3565 = EDGE_LOOP('',(#3566,#3594,#3620,#3646,#3688,#3739,#3790,#3841,
    #3904,#3976,#4002));
#3566 = ORIENTED_EDGE('',*,*,#3567,.F.);
#3567 = EDGE_CURVE('',#3568,#3570,#3572,.T.);
#3568 = VERTEX_POINT('',#3569);
#3569 = CARTESIAN_POINT('',(-10.16235351562,10.77880859375,18.4));
#3570 = VERTEX_POINT('',#3571);
#3571 = CARTESIAN_POINT('',(-9.309814453125,10.77880859375,18.4));
#3572 = SURFACE_CURVE('',#3573,(#3577,#3583),.PCURVE_S1.);
#3573 = LINE('',#3574,#3575);
#3574 = CARTESIAN_POINT('',(-4.654907226562,10.77880859375,18.4));
#3575 = VECTOR('',#3576,1.);
#3576 = DIRECTION('',(1.,0.,-0.));
#3577 = PCURVE('',#522,#3578);
#3578 = DEFINITIONAL_REPRESENTATION('',(#3579),#3582);
#3579 = B_SPLINE_CURVE_WITH_KNOTS('',1,(#3580,#3581),.UNSPECIFIED.,.F.,
  .F.,(2,2),(-5.507446289062,-4.654907226562),.PIECEWISE_BEZIER_KNOTS.);
#3580 = CARTESIAN_POINT('',(-10.16235351562,10.77880859375));
#3581 = CARTESIAN_POINT('',(-9.309814453125,10.77880859375));
#3582 = ( GEOMETRIC_REPRESENTATION_CONTEXT(2) 
PARAMETRIC_REPRESENTATION_CONTEXT() REPRESENTATION_CONTEXT('2D SPACE',''
  ) );
#3583 = PCURVE('',#3584,#3589);
#3584 = PLANE('',#3585);
#3585 = AXIS2_PLACEMENT_3D('',#3586,#3587,#3588);
#3586 = CARTESIAN_POINT('',(-9.309814453125,10.77880859375,17.8));
#3587 = DIRECTION('',(0.,-1.,0.));
#3588 = DIRECTION('',(-1.,0.,0.));
#3589 = DEFINITIONAL_REPRESENTATION('',(#3590),#3593);
#3590 = B_SPLINE_CURVE_WITH_KNOTS('',1,(#3591,#3592),.UNSPECIFIED.,.F.,
  .F.,(2,2),(-5.507446289062,-4.654907226562),.PIECEWISE_BEZIER_KNOTS.);
#3591 = CARTESIAN_POINT('',(0.8525390625,-0.6));
#3592 = CARTESIAN_POINT('',(0.,-0.6));
#3593 = ( GEOMETRIC_REPRESENTATION_CONTEXT(2) 
PARAMETRIC_REPRESENTATION_CONTEXT() REPRESENTATION_CONTEXT('2D SPACE',''
  ) );
#3594 = ORIENTED_EDGE('',*,*,#3595,.F.);
#3595 = EDGE_CURVE('',#3596,#3568,#3598,.T.);
#3596 = VERTEX_POINT('',#3597);
#3597 = CARTESIAN_POINT('',(-10.16235351562,17.22119140625,18.4));
#3598 = SURFACE_CURVE('',#3599,(#3603,#3609),.PCURVE_S1.);
#3599 = LINE('',#3600,#3601);
#3600 = CARTESIAN_POINT('',(-10.16235351562,5.389404296875,18.4));
#3601 = VECTOR('',#3602,1.);
#3602 = DIRECTION('',(0.,-1.,0.));
#3603 = PCURVE('',#522,#3604);
#3604 = DEFINITIONAL_REPRESENTATION('',(#3605),#3608);
#3605 = B_SPLINE_CURVE_WITH_KNOTS('',1,(#3606,#3607),.UNSPECIFIED.,.F.,
  .F.,(2,2),(-11.83178710937,-5.389404296875),.PIECEWISE_BEZIER_KNOTS.);
#3606 = CARTESIAN_POINT('',(-10.16235351562,17.22119140625));
#3607 = CARTESIAN_POINT('',(-10.16235351562,10.77880859375));
#3608 = ( GEOMETRIC_REPRESENTATION_CONTEXT(2) 
PARAMETRIC_REPRESENTATION_CONTEXT() REPRESENTATION_CONTEXT('2D SPACE',''
  ) );
#3609 = PCURVE('',#3610,#3615);
#3610 = PLANE('',#3611);
#3611 = AXIS2_PLACEMENT_3D('',#3612,#3613,#3614);
#3612 = CARTESIAN_POINT('',(-10.16235351562,10.77880859375,17.8));
#3613 = DIRECTION('',(-1.,0.,0.));
#3614 = DIRECTION('',(0.,1.,0.));
#3615 = DEFINITIONAL_REPRESENTATION('',(#3616),#3619);
#3616 = B_SPLINE_CURVE_WITH_KNOTS('',1,(#3617,#3618),.UNSPECIFIED.,.F.,
  .F.,(2,2),(-11.83178710937,-5.389404296875),.PIECEWISE_BEZIER_KNOTS.);
#3617 = CARTESIAN_POINT('',(6.4423828125,-0.6));
#3618 = CARTESIAN_POINT('',(0.,-0.6));
#3619 = ( GEOMETRIC_REPRESENTATION_CONTEXT(2) 
PARAMETRIC_REPRESENTATION_CONTEXT() REPRESENTATION_CONTEXT('2D SPACE',''
  ) );
#3620 = ORIENTED_EDGE('',*,*,#3621,.F.);
#3621 = EDGE_CURVE('',#3622,#3596,#3624,.T.);
#3622 = VERTEX_POINT('',#3623);
#3623 = CARTESIAN_POINT('',(-7.732177734375,17.22119140625,18.4));
#3624 = SURFACE_CURVE('',#3625,(#3629,#3635),.PCURVE_S1.);
#3625 = LINE('',#3626,#3627);
#3626 = CARTESIAN_POINT('',(-5.081176757812,17.22119140625,18.4));
#3627 = VECTOR('',#3628,1.);
#3628 = DIRECTION('',(-1.,0.,0.));
#3629 = PCURVE('',#522,#3630);
#3630 = DEFINITIONAL_REPRESENTATION('',(#3631),#3634);
#3631 = B_SPLINE_CURVE_WITH_KNOTS('',1,(#3632,#3633),.UNSPECIFIED.,.F.,
  .F.,(2,2),(2.651000976562,5.081176757812),.PIECEWISE_BEZIER_KNOTS.);
#3632 = CARTESIAN_POINT('',(-7.732177734375,17.22119140625));
#3633 = CARTESIAN_POINT('',(-10.16235351562,17.22119140625));
#3634 = ( GEOMETRIC_REPRESENTATION_CONTEXT(2) 
PARAMETRIC_REPRESENTATION_CONTEXT() REPRESENTATION_CONTEXT('2D SPACE',''
  ) );
#3635 = PCURVE('',#3636,#3641);
#3636 = PLANE('',#3637);
#3637 = AXIS2_PLACEMENT_3D('',#3638,#3639,#3640);
#3638 = CARTESIAN_POINT('',(-10.16235351562,17.22119140625,17.8));
#3639 = DIRECTION('',(0.,1.,0.));
#3640 = DIRECTION('',(1.,0.,0.));
#3641 = DEFINITIONAL_REPRESENTATION('',(#3642),#3645);
#3642 = B_SPLINE_CURVE_WITH_KNOTS('',1,(#3643,#3644),.UNSPECIFIED.,.F.,
  .F.,(2,2),(2.651000976562,5.081176757812),.PIECEWISE_BEZIER_KNOTS.);
#3643 = CARTESIAN_POINT('',(2.43017578125,-0.6));
#3644 = CARTESIAN_POINT('',(0.,-0.6));
#3645 = ( GEOMETRIC_REPRESENTATION_CONTEXT(2) 
PARAMETRIC_REPRESENTATION_CONTEXT() REPRESENTATION_CONTEXT('2D SPACE',''
  ) );
#3646 = ORIENTED_EDGE('',*,*,#3647,.F.);
#3647 = EDGE_CURVE('',#3648,#3622,#3650,.T.);
#3648 = VERTEX_POINT('',#3649);
#3649 = CARTESIAN_POINT('',(-6.752197265625,17.15966796875,18.4));
#3650 = SURFACE_CURVE('',#3651,(#3659,#3670),.PCURVE_S1.);
#3651 = B_SPLINE_CURVE_WITH_KNOTS('',6,(#3652,#3653,#3654,#3655,#3656,
    #3657,#3658),.UNSPECIFIED.,.F.,.F.,(7,7),(0.,1.),
  .PIECEWISE_BEZIER_KNOTS.);
#3652 = CARTESIAN_POINT('',(-6.752197265625,17.15966796875,18.4));
#3653 = CARTESIAN_POINT('',(-6.883073382069,17.183463626285,18.4));
#3654 = CARTESIAN_POINT('',(-7.03278520533,17.20021395709,18.4));
#3655 = CARTESIAN_POINT('',(-7.195681598632,17.211401546253,18.4));
#3656 = CARTESIAN_POINT('',(-7.367894006839,17.218117072134,18.4));
#3657 = CARTESIAN_POINT('',(-7.547027424246,17.22119140625,18.4));
#3658 = CARTESIAN_POINT('',(-7.732177734375,17.22119140625,18.4));
#3659 = PCURVE('',#522,#3660);
#3660 = DEFINITIONAL_REPRESENTATION('',(#3661),#3669);
#3661 = B_SPLINE_CURVE_WITH_KNOTS('',6,(#3662,#3663,#3664,#3665,#3666,
    #3667,#3668),.UNSPECIFIED.,.F.,.F.,(7,7),(0.,1.),
  .PIECEWISE_BEZIER_KNOTS.);
#3662 = CARTESIAN_POINT('',(-6.752197265625,17.15966796875));
#3663 = CARTESIAN_POINT('',(-6.883073382069,17.183463626285));
#3664 = CARTESIAN_POINT('',(-7.03278520533,17.20021395709));
#3665 = CARTESIAN_POINT('',(-7.195681598632,17.211401546253));
#3666 = CARTESIAN_POINT('',(-7.367894006839,17.218117072134));
#3667 = CARTESIAN_POINT('',(-7.547027424246,17.22119140625));
#3668 = CARTESIAN_POINT('',(-7.732177734375,17.22119140625));
#3669 = ( GEOMETRIC_REPRESENTATION_CONTEXT(2) 
PARAMETRIC_REPRESENTATION_CONTEXT() REPRESENTATION_CONTEXT('2D SPACE',''
  ) );
#3670 = PCURVE('',#3671,#3678);
#3671 = SURFACE_OF_LINEAR_EXTRUSION('',#3672,#3676);
#3672 = B_SPLINE_CURVE_WITH_KNOTS('',2,(#3673,#3674,#3675),
  .UNSPECIFIED.,.F.,.F.,(3,3),(0.,1.),.PIECEWISE_BEZIER_KNOTS.);
#3673 = CARTESIAN_POINT('',(-7.732177734375,17.22119140625,17.8));
#3674 = CARTESIAN_POINT('',(-7.090576171875,17.22119140625,17.8));
#3675 = CARTESIAN_POINT('',(-6.752197265625,17.15966796875,17.8));
#3676 = VECTOR('',#3677,1.);
#3677 = DIRECTION('',(-0.,-0.,-1.));
#3678 = DEFINITIONAL_REPRESENTATION('',(#3679),#3687);
#3679 = B_SPLINE_CURVE_WITH_KNOTS('',6,(#3680,#3681,#3682,#3683,#3684,
    #3685,#3686),.UNSPECIFIED.,.F.,.F.,(7,7),(0.,1.),
  .PIECEWISE_BEZIER_KNOTS.);
#3680 = CARTESIAN_POINT('',(1.,-0.6));
#3681 = CARTESIAN_POINT('',(0.80661306892,-0.6));
#3682 = CARTESIAN_POINT('',(0.625607411623,-0.6));
#3683 = CARTESIAN_POINT('',(0.455692593498,-0.6));
#3684 = CARTESIAN_POINT('',(0.295694263387,-0.6));
#3685 = CARTESIAN_POINT('',(0.144287608502,-0.6));
#3686 = CARTESIAN_POINT('',(0.,-0.6));
#3687 = ( GEOMETRIC_REPRESENTATION_CONTEXT(2) 
PARAMETRIC_REPRESENTATION_CONTEXT() REPRESENTATION_CONTEXT('2D SPACE',''
  ) );
#3688 = ORIENTED_EDGE('',*,*,#3689,.F.);
#3689 = EDGE_CURVE('',#3690,#3648,#3692,.T.);
#3690 = VERTEX_POINT('',#3691);
#3691 = CARTESIAN_POINT('',(-5.956787109375,16.858642578125,18.4));
#3692 = SURFACE_CURVE('',#3693,(#3704,#3718),.PCURVE_S1.);
#3693 = B_SPLINE_CURVE_WITH_KNOTS('',5,(#3694,#3695,#3696,#3697,#3698,
    #3699,#3700,#3701,#3702,#3703),.UNSPECIFIED.,.F.,.F.,(6,4,6),(0.,
    0.488598471327,1.),.UNSPECIFIED.);
#3694 = CARTESIAN_POINT('',(-5.956787109375,16.858642578125,18.4));
#3695 = CARTESIAN_POINT('',(-6.021932874195,16.903709168857,18.4));
#3696 = CARTESIAN_POINT('',(-6.090681105139,16.944844329048,18.4));
#3697 = CARTESIAN_POINT('',(-6.162797592558,16.982029055912,18.4));
#3698 = CARTESIAN_POINT('',(-6.238009920873,17.015330104507,18.4));
#3699 = CARTESIAN_POINT('',(-6.397711849488,17.075769784673,18.4));
#3700 = CARTESIAN_POINT('',(-6.482472162202,17.102548818007,18.4));
#3701 = CARTESIAN_POINT('',(-6.570006273742,17.125330054167,18.4));
#3702 = CARTESIAN_POINT('',(-6.660005392504,17.144302656563,18.4));
#3703 = CARTESIAN_POINT('',(-6.752197265625,17.15966796875,18.4));
#3704 = PCURVE('',#522,#3705);
#3705 = DEFINITIONAL_REPRESENTATION('',(#3706),#3717);
#3706 = B_SPLINE_CURVE_WITH_KNOTS('',5,(#3707,#3708,#3709,#3710,#3711,
    #3712,#3713,#3714,#3715,#3716),.UNSPECIFIED.,.F.,.F.,(6,4,6),(0.,
    0.488598471327,1.),.UNSPECIFIED.);
#3707 = CARTESIAN_POINT('',(-5.956787109375,16.858642578125));
#3708 = CARTESIAN_POINT('',(-6.021932874195,16.903709168857));
#3709 = CARTESIAN_POINT('',(-6.090681105139,16.944844329048));
#3710 = CARTESIAN_POINT('',(-6.162797592558,16.982029055912));
#3711 = CARTESIAN_POINT('',(-6.238009920873,17.015330104507));
#3712 = CARTESIAN_POINT('',(-6.397711849488,17.075769784673));
#3713 = CARTESIAN_POINT('',(-6.482472162202,17.102548818007));
#3714 = CARTESIAN_POINT('',(-6.570006273742,17.125330054167));
#3715 = CARTESIAN_POINT('',(-6.660005392504,17.144302656563));
#3716 = CARTESIAN_POINT('',(-6.752197265625,17.15966796875));
#3717 = ( GEOMETRIC_REPRESENTATION_CONTEXT(2) 
PARAMETRIC_REPRESENTATION_CONTEXT() REPRESENTATION_CONTEXT('2D SPACE',''
  ) );
#3718 = PCURVE('',#3719,#3726);
#3719 = SURFACE_OF_LINEAR_EXTRUSION('',#3720,#3724);
#3720 = B_SPLINE_CURVE_WITH_KNOTS('',2,(#3721,#3722,#3723),
  .UNSPECIFIED.,.F.,.F.,(3,3),(0.,1.),.PIECEWISE_BEZIER_KNOTS.);
#3721 = CARTESIAN_POINT('',(-6.752197265625,17.15966796875,17.8));
#3722 = CARTESIAN_POINT('',(-6.277587890625,17.08056640625,17.8));
#3723 = CARTESIAN_POINT('',(-5.956787109375,16.858642578125,17.8));
#3724 = VECTOR('',#3725,1.);
#3725 = DIRECTION('',(-0.,-0.,-1.));
#3726 = DEFINITIONAL_REPRESENTATION('',(#3727),#3738);
#3727 = B_SPLINE_CURVE_WITH_KNOTS('',5,(#3728,#3729,#3730,#3731,#3732,
    #3733,#3734,#3735,#3736,#3737),.UNSPECIFIED.,.F.,.F.,(6,4,6),(0.,
    0.488598471327,1.),.UNSPECIFIED.);
#3728 = CARTESIAN_POINT('',(1.,-0.6));
#3729 = CARTESIAN_POINT('',(0.898463830782,-0.6));
#3730 = CARTESIAN_POINT('',(0.797491601392,-0.6));
#3731 = CARTESIAN_POINT('',(0.697310782496,-0.6));
#3732 = CARTESIAN_POINT('',(0.598100480081,-0.6));
#3733 = CARTESIAN_POINT('',(0.397321137046,-0.6));
#3734 = CARTESIAN_POINT('',(0.295856194433,-0.6));
#3735 = CARTESIAN_POINT('',(0.195759180583,-0.6));
#3736 = CARTESIAN_POINT('',(9.712394863741E-02,-0.6));
#3737 = CARTESIAN_POINT('',(0.,-0.6));
#3738 = ( GEOMETRIC_REPRESENTATION_CONTEXT(2) 
PARAMETRIC_REPRESENTATION_CONTEXT() REPRESENTATION_CONTEXT('2D SPACE',''
  ) );
#3739 = ORIENTED_EDGE('',*,*,#3740,.F.);
#3740 = EDGE_CURVE('',#3741,#3690,#3743,.T.);
#3741 = VERTEX_POINT('',#3742);
#3742 = CARTESIAN_POINT('',(-5.4404296875,16.23681640625,18.4));
#3743 = SURFACE_CURVE('',#3744,(#3755,#3769),.PCURVE_S1.);
#3744 = B_SPLINE_CURVE_WITH_KNOTS('',5,(#3745,#3746,#3747,#3748,#3749,
    #3750,#3751,#3752,#3753,#3754),.UNSPECIFIED.,.F.,.F.,(6,4,6),(0.,
    0.500904636782,1.),.UNSPECIFIED.);
#3745 = CARTESIAN_POINT('',(-5.4404296875,16.23681640625,18.4));
#3746 = CARTESIAN_POINT('',(-5.478231771131,16.314119543563,18.4));
#3747 = CARTESIAN_POINT('',(-5.519435280574,16.388240282143,18.4));
#3748 = CARTESIAN_POINT('',(-5.564140024726,16.458872522142,18.4));
#3749 = CARTESIAN_POINT('',(-5.612404061236,16.525709759792,18.4));
#3750 = CARTESIAN_POINT('',(-5.715816292825,16.651037002612,18.4));
#3751 = CARTESIAN_POINT('',(-5.770941381724,16.709559299668,18.4));
#3752 = CARTESIAN_POINT('',(-5.829553275282,16.763787366851,18.4));
#3753 = CARTESIAN_POINT('',(-5.891560233259,16.813519876155,18.4));
#3754 = CARTESIAN_POINT('',(-5.956787109375,16.858642578125,18.4));
#3755 = PCURVE('',#522,#3756);
#3756 = DEFINITIONAL_REPRESENTATION('',(#3757),#3768);
#3757 = B_SPLINE_CURVE_WITH_KNOTS('',5,(#3758,#3759,#3760,#3761,#3762,
    #3763,#3764,#3765,#3766,#3767),.UNSPECIFIED.,.F.,.F.,(6,4,6),(0.,
    0.500904636782,1.),.UNSPECIFIED.);
#3758 = CARTESIAN_POINT('',(-5.4404296875,16.23681640625));
#3759 = CARTESIAN_POINT('',(-5.478231771131,16.314119543563));
#3760 = CARTESIAN_POINT('',(-5.519435280574,16.388240282143));
#3761 = CARTESIAN_POINT('',(-5.564140024726,16.458872522142));
#3762 = CARTESIAN_POINT('',(-5.612404061236,16.525709759792));
#3763 = CARTESIAN_POINT('',(-5.715816292825,16.651037002612));
#3764 = CARTESIAN_POINT('',(-5.770941381724,16.709559299668));
#3765 = CARTESIAN_POINT('',(-5.829553275282,16.763787366851));
#3766 = CARTESIAN_POINT('',(-5.891560233259,16.813519876155));
#3767 = CARTESIAN_POINT('',(-5.956787109375,16.858642578125));
#3768 = ( GEOMETRIC_REPRESENTATION_CONTEXT(2) 
PARAMETRIC_REPRESENTATION_CONTEXT() REPRESENTATION_CONTEXT('2D SPACE',''
  ) );
#3769 = PCURVE('',#3770,#3777);
#3770 = SURFACE_OF_LINEAR_EXTRUSION('',#3771,#3775);
#3771 = B_SPLINE_CURVE_WITH_KNOTS('',2,(#3772,#3773,#3774),
  .UNSPECIFIED.,.F.,.F.,(3,3),(0.,1.),.PIECEWISE_BEZIER_KNOTS.);
#3772 = CARTESIAN_POINT('',(-5.956787109375,16.858642578125,17.8));
#3773 = CARTESIAN_POINT('',(-5.635986328125,16.63671875,17.8));
#3774 = CARTESIAN_POINT('',(-5.4404296875,16.23681640625,17.8));
#3775 = VECTOR('',#3776,1.);
#3776 = DIRECTION('',(-0.,-0.,-1.));
#3777 = DEFINITIONAL_REPRESENTATION('',(#3778),#3789);
#3778 = B_SPLINE_CURVE_WITH_KNOTS('',5,(#3779,#3780,#3781,#3782,#3783,
    #3784,#3785,#3786,#3787,#3788),.UNSPECIFIED.,.F.,.F.,(6,4,6),(0.,
    0.500904636782,1.),.UNSPECIFIED.);
#3779 = CARTESIAN_POINT('',(1.,-0.6));
#3780 = CARTESIAN_POINT('',(0.903347481553,-0.6));
#3781 = CARTESIAN_POINT('',(0.805476897508,-0.6));
#3782 = CARTESIAN_POINT('',(0.706509424087,-0.6));
#3783 = CARTESIAN_POINT('',(0.606610302695,-0.6));
#3784 = CARTESIAN_POINT('',(0.405753102927,-0.6));
#3785 = CARTESIAN_POINT('',(0.304795425269,-0.6));
#3786 = CARTESIAN_POINT('',(0.2033503587,-0.6));
#3787 = CARTESIAN_POINT('',(0.101662589258,-0.6));
#3788 = CARTESIAN_POINT('',(0.,-0.6));
#3789 = ( GEOMETRIC_REPRESENTATION_CONTEXT(2) 
PARAMETRIC_REPRESENTATION_CONTEXT() REPRESENTATION_CONTEXT('2D SPACE',''
  ) );
#3790 = ORIENTED_EDGE('',*,*,#3791,.F.);
#3791 = EDGE_CURVE('',#3792,#3741,#3794,.T.);
#3792 = VERTEX_POINT('',#3793);
#3793 = CARTESIAN_POINT('',(-5.244873046875,15.35791015625,18.4));
#3794 = SURFACE_CURVE('',#3795,(#3806,#3820),.PCURVE_S1.);
#3795 = B_SPLINE_CURVE_WITH_KNOTS('',5,(#3796,#3797,#3798,#3799,#3800,
    #3801,#3802,#3803,#3804,#3805),.UNSPECIFIED.,.F.,.F.,(6,4,6),(0.,
    0.853434922421,1.),.UNSPECIFIED.);
#3796 = CARTESIAN_POINT('',(-5.244873046875,15.35791015625,18.4));
#3797 = CARTESIAN_POINT('',(-5.244873046875,15.517433372299,18.4));
#3798 = CARTESIAN_POINT('',(-5.258428868863,15.674127994282,18.4));
#3799 = CARTESIAN_POINT('',(-5.286442043131,15.826929686769,18.4));
#3800 = CARTESIAN_POINT('',(-5.329372691507,15.974772202179,18.4));
#3801 = CARTESIAN_POINT('',(-5.396695578718,16.14108889015,18.4));
#3802 = CARTESIAN_POINT('',(-5.406991407885,16.16529167394,18.4));
#3803 = CARTESIAN_POINT('',(-5.417714077521,16.1893165811,18.4));
#3804 = CARTESIAN_POINT('',(-5.428861176585,16.213159451344,18.4));
#3805 = CARTESIAN_POINT('',(-5.4404296875,16.23681640625,18.4));
#3806 = PCURVE('',#522,#3807);
#3807 = DEFINITIONAL_REPRESENTATION('',(#3808),#3819);
#3808 = B_SPLINE_CURVE_WITH_KNOTS('',5,(#3809,#3810,#3811,#3812,#3813,
    #3814,#3815,#3816,#3817,#3818),.UNSPECIFIED.,.F.,.F.,(6,4,6),(0.,
    0.853434922421,1.),.UNSPECIFIED.);
#3809 = CARTESIAN_POINT('',(-5.244873046875,15.35791015625));
#3810 = CARTESIAN_POINT('',(-5.244873046875,15.517433372299));
#3811 = CARTESIAN_POINT('',(-5.258428868863,15.674127994282));
#3812 = CARTESIAN_POINT('',(-5.286442043131,15.826929686769));
#3813 = CARTESIAN_POINT('',(-5.329372691507,15.974772202179));
#3814 = CARTESIAN_POINT('',(-5.396695578718,16.14108889015));
#3815 = CARTESIAN_POINT('',(-5.406991407885,16.16529167394));
#3816 = CARTESIAN_POINT('',(-5.417714077521,16.1893165811));
#3817 = CARTESIAN_POINT('',(-5.428861176585,16.213159451344));
#3818 = CARTESIAN_POINT('',(-5.4404296875,16.23681640625));
#3819 = ( GEOMETRIC_REPRESENTATION_CONTEXT(2) 
PARAMETRIC_REPRESENTATION_CONTEXT() REPRESENTATION_CONTEXT('2D SPACE',''
  ) );
#3820 = PCURVE('',#3821,#3828);
#3821 = SURFACE_OF_LINEAR_EXTRUSION('',#3822,#3826);
#3822 = B_SPLINE_CURVE_WITH_KNOTS('',2,(#3823,#3824,#3825),
  .UNSPECIFIED.,.F.,.F.,(3,3),(0.,1.),.PIECEWISE_BEZIER_KNOTS.);
#3823 = CARTESIAN_POINT('',(-5.4404296875,16.23681640625,17.8));
#3824 = CARTESIAN_POINT('',(-5.244873046875,15.8369140625,17.8));
#3825 = CARTESIAN_POINT('',(-5.244873046875,15.35791015625,17.8));
#3826 = VECTOR('',#3827,1.);
#3827 = DIRECTION('',(-0.,-0.,-1.));
#3828 = DEFINITIONAL_REPRESENTATION('',(#3829),#3840);
#3829 = B_SPLINE_CURVE_WITH_KNOTS('',5,(#3830,#3831,#3832,#3833,#3834,
    #3835,#3836,#3837,#3838,#3839),.UNSPECIFIED.,.F.,.F.,(6,4,6),(0.,
    0.853434922421,1.),.UNSPECIFIED.);
#3830 = CARTESIAN_POINT('',(1.,-0.6));
#3831 = CARTESIAN_POINT('',(0.833484430954,-0.6));
#3832 = CARTESIAN_POINT('',(0.664197840903,-0.6));
#3833 = CARTESIAN_POINT('',(0.492870569914,-0.6));
#3834 = CARTESIAN_POINT('',(0.320421327497,-0.6));
#3835 = CARTESIAN_POINT('',(0.118389136211,-0.6));
#3836 = CARTESIAN_POINT('',(8.877832461171E-02,-0.6));
#3837 = CARTESIAN_POINT('',(5.917296396865E-02,-0.6));
#3838 = CARTESIAN_POINT('',(2.957841492459E-02,-0.6));
#3839 = CARTESIAN_POINT('',(0.,-0.6));
#3840 = ( GEOMETRIC_REPRESENTATION_CONTEXT(2) 
PARAMETRIC_REPRESENTATION_CONTEXT() REPRESENTATION_CONTEXT('2D SPACE',''
  ) );
#3841 = ORIENTED_EDGE('',*,*,#3842,.F.);
#3842 = EDGE_CURVE('',#3843,#3792,#3845,.T.);
#3843 = VERTEX_POINT('',#3844);
#3844 = CARTESIAN_POINT('',(-5.767822265625,13.967041015625,18.4));
#3845 = SURFACE_CURVE('',#3846,(#3861,#3879),.PCURVE_S1.);
#3846 = B_SPLINE_CURVE_WITH_KNOTS('',5,(#3847,#3848,#3849,#3850,#3851,
    #3852,#3853,#3854,#3855,#3856,#3857,#3858,#3859,#3860),
  .UNSPECIFIED.,.F.,.F.,(6,4,4,6),(0.,0.380343916824,0.791043332032,1.),
  .UNSPECIFIED.);
#3847 = CARTESIAN_POINT('',(-5.767822265625,13.967041015625,18.4));
#3848 = CARTESIAN_POINT('',(-5.689093447883,14.052716493756,18.4));
#3849 = CARTESIAN_POINT('',(-5.616627345032,14.143217489626,18.4));
#3850 = CARTESIAN_POINT('',(-5.551166137544,14.238413331218,18.4));
#3851 = CARTESIAN_POINT('',(-5.493299669701,14.337992001795,18.4));
#3852 = CARTESIAN_POINT('',(-5.389329094491,14.552985178024,18.4));
#3853 = CARTESIAN_POINT('',(-5.344517337482,14.669060377178,18.4));
#3854 = CARTESIAN_POINT('',(-5.309241539589,14.788844741046,18.4));
#3855 = CARTESIAN_POINT('',(-5.283304813021,14.911506968347,18.4));
#3856 = CARTESIAN_POINT('',(-5.257514671674,15.099675865099,18.4));
#3857 = CARTESIAN_POINT('',(-5.25110620344,15.163666901422,18.4));
#3858 = CARTESIAN_POINT('',(-5.246920484937,15.228094957591,18.4));
#3859 = CARTESIAN_POINT('',(-5.244873046875,15.292869006282,18.4));
#3860 = CARTESIAN_POINT('',(-5.244873046875,15.35791015625,18.4));
#3861 = PCURVE('',#522,#3862);
#3862 = DEFINITIONAL_REPRESENTATION('',(#3863),#3878);
#3863 = B_SPLINE_CURVE_WITH_KNOTS('',5,(#3864,#3865,#3866,#3867,#3868,
    #3869,#3870,#3871,#3872,#3873,#3874,#3875,#3876,#3877),
  .UNSPECIFIED.,.F.,.F.,(6,4,4,6),(0.,0.380343916824,0.791043332032,1.),
  .UNSPECIFIED.);
#3864 = CARTESIAN_POINT('',(-5.767822265625,13.967041015625));
#3865 = CARTESIAN_POINT('',(-5.689093447883,14.052716493756));
#3866 = CARTESIAN_POINT('',(-5.616627345032,14.143217489626));
#3867 = CARTESIAN_POINT('',(-5.551166137544,14.238413331218));
#3868 = CARTESIAN_POINT('',(-5.493299669701,14.337992001795));
#3869 = CARTESIAN_POINT('',(-5.389329094491,14.552985178024));
#3870 = CARTESIAN_POINT('',(-5.344517337482,14.669060377178));
#3871 = CARTESIAN_POINT('',(-5.309241539589,14.788844741046));
#3872 = CARTESIAN_POINT('',(-5.283304813021,14.911506968347));
#3873 = CARTESIAN_POINT('',(-5.257514671674,15.099675865099));
#3874 = CARTESIAN_POINT('',(-5.25110620344,15.163666901422));
#3875 = CARTESIAN_POINT('',(-5.246920484937,15.228094957591));
#3876 = CARTESIAN_POINT('',(-5.244873046875,15.292869006282));
#3877 = CARTESIAN_POINT('',(-5.244873046875,15.35791015625));
#3878 = ( GEOMETRIC_REPRESENTATION_CONTEXT(2) 
PARAMETRIC_REPRESENTATION_CONTEXT() REPRESENTATION_CONTEXT('2D SPACE',''
  ) );
#3879 = PCURVE('',#3880,#3887);
#3880 = SURFACE_OF_LINEAR_EXTRUSION('',#3881,#3885);
#3881 = B_SPLINE_CURVE_WITH_KNOTS('',2,(#3882,#3883,#3884),
  .UNSPECIFIED.,.F.,.F.,(3,3),(0.,1.),.PIECEWISE_BEZIER_KNOTS.);
#3882 = CARTESIAN_POINT('',(-5.244873046875,15.35791015625,17.8));
#3883 = CARTESIAN_POINT('',(-5.244873046875,14.5361328125,17.8));
#3884 = CARTESIAN_POINT('',(-5.767822265625,13.967041015625,17.8));
#3885 = VECTOR('',#3886,1.);
#3886 = DIRECTION('',(-0.,-0.,-1.));
#3887 = DEFINITIONAL_REPRESENTATION('',(#3888),#3903);
#3888 = B_SPLINE_CURVE_WITH_KNOTS('',5,(#3889,#3890,#3891,#3892,#3893,
    #3894,#3895,#3896,#3897,#3898,#3899,#3900,#3901,#3902),
  .UNSPECIFIED.,.F.,.F.,(6,4,4,6),(0.,0.380343916824,0.791043332032,1.),
  .UNSPECIFIED.);
#3889 = CARTESIAN_POINT('',(1.,-0.6));
#3890 = CARTESIAN_POINT('',(0.924726135044,-0.6));
#3891 = CARTESIAN_POINT('',(0.848357438247,-0.6));
#3892 = CARTESIAN_POINT('',(0.771191611067,-0.6));
#3893 = CARTESIAN_POINT('',(0.693591906116,-0.6));
#3894 = CARTESIAN_POINT('',(0.532215432777,-0.6));
#3895 = CARTESIAN_POINT('',(0.448416615535,-0.6));
#3896 = CARTESIAN_POINT('',(0.365164507587,-0.6));
#3897 = CARTESIAN_POINT('',(0.282907020056,-0.6));
#3898 = CARTESIAN_POINT('',(0.160835925496,-0.6));
#3899 = CARTESIAN_POINT('',(0.120017347568,-0.6));
#3900 = CARTESIAN_POINT('',(7.958634291968E-02,-0.6));
#3901 = CARTESIAN_POINT('',(3.957346260667E-02,-0.6));
#3902 = CARTESIAN_POINT('',(0.,-0.6));
#3903 = ( GEOMETRIC_REPRESENTATION_CONTEXT(2) 
PARAMETRIC_REPRESENTATION_CONTEXT() REPRESENTATION_CONTEXT('2D SPACE',''
  ) );
#3904 = ORIENTED_EDGE('',*,*,#3905,.F.);
#3905 = EDGE_CURVE('',#3906,#3843,#3908,.T.);
#3906 = VERTEX_POINT('',#3907);
#3907 = CARTESIAN_POINT('',(-7.657470703125,13.39794921875,18.4));
#3908 = SURFACE_CURVE('',#3909,(#3927,#3948),.PCURVE_S1.);
#3909 = B_SPLINE_CURVE_WITH_KNOTS('',6,(#3910,#3911,#3912,#3913,#3914,
    #3915,#3916,#3917,#3918,#3919,#3920,#3921,#3922,#3923,#3924,#3925,
    #3926),.UNSPECIFIED.,.F.,.F.,(7,5,5,7),(0.,0.331033383352,
    0.61414898673,1.),.UNSPECIFIED.);
#3910 = CARTESIAN_POINT('',(-7.657470703125,13.39794921875,18.4));
#3911 = CARTESIAN_POINT('',(-7.540051469092,13.39794921875,18.4));
#3912 = CARTESIAN_POINT('',(-7.423083766264,13.400469243654,18.4));
#3913 = CARTESIAN_POINT('',(-7.306668666799,13.40577536262,18.4));
#3914 = CARTESIAN_POINT('',(-7.190974785331,13.41418314913,18.4));
#3915 = CARTESIAN_POINT('',(-7.076243523168,13.426077242467,18.4));
#3916 = CARTESIAN_POINT('',(-6.865767114198,13.455489724221,18.4));
#3917 = CARTESIAN_POINT('',(-6.769697361487,13.471942544784,18.4));
#3918 = CARTESIAN_POINT('',(-6.674774561212,13.491584988499,18.4));
#3919 = CARTESIAN_POINT('',(-6.581293198341,13.514759054594,18.4));
#3920 = CARTESIAN_POINT('',(-6.48964824409,13.541843417337,18.4));
#3921 = CARTESIAN_POINT('',(-6.278602019137,13.616038388003,18.4));
#3922 = CARTESIAN_POINT('',(-6.161150450972,13.666864289926,18.4));
#3923 = CARTESIAN_POINT('',(-6.049340414821,13.72672159814,18.4));
#3924 = CARTESIAN_POINT('',(-5.945085649146,13.796530010808,18.4));
#3925 = CARTESIAN_POINT('',(-5.850660827353,13.876893169039,18.4));
#3926 = CARTESIAN_POINT('',(-5.767822265625,13.967041015625,18.4));
#3927 = PCURVE('',#522,#3928);
#3928 = DEFINITIONAL_REPRESENTATION('',(#3929),#3947);
#3929 = B_SPLINE_CURVE_WITH_KNOTS('',6,(#3930,#3931,#3932,#3933,#3934,
    #3935,#3936,#3937,#3938,#3939,#3940,#3941,#3942,#3943,#3944,#3945,
    #3946),.UNSPECIFIED.,.F.,.F.,(7,5,5,7),(0.,0.331033383352,
    0.61414898673,1.),.UNSPECIFIED.);
#3930 = CARTESIAN_POINT('',(-7.657470703125,13.39794921875));
#3931 = CARTESIAN_POINT('',(-7.540051469092,13.39794921875));
#3932 = CARTESIAN_POINT('',(-7.423083766264,13.400469243654));
#3933 = CARTESIAN_POINT('',(-7.306668666799,13.40577536262));
#3934 = CARTESIAN_POINT('',(-7.190974785331,13.41418314913));
#3935 = CARTESIAN_POINT('',(-7.076243523168,13.426077242467));
#3936 = CARTESIAN_POINT('',(-6.865767114198,13.455489724221));
#3937 = CARTESIAN_POINT('',(-6.769697361487,13.471942544784));
#3938 = CARTESIAN_POINT('',(-6.674774561212,13.491584988499));
#3939 = CARTESIAN_POINT('',(-6.581293198341,13.514759054594));
#3940 = CARTESIAN_POINT('',(-6.48964824409,13.541843417337));
#3941 = CARTESIAN_POINT('',(-6.278602019137,13.616038388003));
#3942 = CARTESIAN_POINT('',(-6.161150450972,13.666864289926));
#3943 = CARTESIAN_POINT('',(-6.049340414821,13.72672159814));
#3944 = CARTESIAN_POINT('',(-5.945085649146,13.796530010808));
#3945 = CARTESIAN_POINT('',(-5.850660827353,13.876893169039));
#3946 = CARTESIAN_POINT('',(-5.767822265625,13.967041015625));
#3947 = ( GEOMETRIC_REPRESENTATION_CONTEXT(2) 
PARAMETRIC_REPRESENTATION_CONTEXT() REPRESENTATION_CONTEXT('2D SPACE',''
  ) );
#3948 = PCURVE('',#3949,#3956);
#3949 = SURFACE_OF_LINEAR_EXTRUSION('',#3950,#3954);
#3950 = B_SPLINE_CURVE_WITH_KNOTS('',2,(#3951,#3952,#3953),
  .UNSPECIFIED.,.F.,.F.,(3,3),(0.,1.),.PIECEWISE_BEZIER_KNOTS.);
#3951 = CARTESIAN_POINT('',(-5.767822265625,13.967041015625,17.8));
#3952 = CARTESIAN_POINT('',(-6.290771484375,13.39794921875,17.8));
#3953 = CARTESIAN_POINT('',(-7.657470703125,13.39794921875,17.8));
#3954 = VECTOR('',#3955,1.);
#3955 = DIRECTION('',(-0.,-0.,-1.));
#3956 = DEFINITIONAL_REPRESENTATION('',(#3957),#3975);
#3957 = B_SPLINE_CURVE_WITH_KNOTS('',6,(#3958,#3959,#3960,#3961,#3962,
    #3963,#3964,#3965,#3966,#3967,#3968,#3969,#3970,#3971,#3972,#3973,
    #3974),.UNSPECIFIED.,.F.,.F.,(7,5,5,7),(0.,0.331033383352,
    0.61414898673,1.),.UNSPECIFIED.);
#3958 = CARTESIAN_POINT('',(1.,-0.6));
#3959 = CARTESIAN_POINT('',(0.957042766828,-0.6));
#3960 = CARTESIAN_POINT('',(0.912883834741,-0.6));
#3961 = CARTESIAN_POINT('',(0.86741586163,-0.6));
#3962 = CARTESIAN_POINT('',(0.820529363766,-0.6));
#3963 = CARTESIAN_POINT('',(0.772104024006,-0.6));
#3964 = CARTESIAN_POINT('',(0.679148639075,-0.6));
#3965 = CARTESIAN_POINT('',(0.635077814242,-0.6));
#3966 = CARTESIAN_POINT('',(0.589696509356,-0.6));
#3967 = CARTESIAN_POINT('',(0.542926956097,-0.6));
#3968 = CARTESIAN_POINT('',(0.494708255586,-0.6));
#3969 = CARTESIAN_POINT('',(0.377253890082,-0.6));
#3970 = CARTESIAN_POINT('',(0.306716297433,-0.6));
#3971 = CARTESIAN_POINT('',(0.233343896294,-0.6));
#3972 = CARTESIAN_POINT('',(0.157337963771,-0.6));
#3973 = CARTESIAN_POINT('',(7.920325603102E-02,-0.6));
#3974 = CARTESIAN_POINT('',(0.,-0.6));
#3975 = ( GEOMETRIC_REPRESENTATION_CONTEXT(2) 
PARAMETRIC_REPRESENTATION_CONTEXT() REPRESENTATION_CONTEXT('2D SPACE',''
  ) );
#3976 = ORIENTED_EDGE('',*,*,#3977,.F.);
#3977 = EDGE_CURVE('',#3978,#3906,#3980,.T.);
#3978 = VERTEX_POINT('',#3979);
#3979 = CARTESIAN_POINT('',(-9.309814453125,13.39794921875,18.4));
#3980 = SURFACE_CURVE('',#3981,(#3985,#3991),.PCURVE_S1.);
#3981 = LINE('',#3982,#3983);
#3982 = CARTESIAN_POINT('',(-3.828735351562,13.39794921875,18.4));
#3983 = VECTOR('',#3984,1.);
#3984 = DIRECTION('',(1.,0.,-0.));
#3985 = PCURVE('',#522,#3986);
#3986 = DEFINITIONAL_REPRESENTATION('',(#3987),#3990);
#3987 = B_SPLINE_CURVE_WITH_KNOTS('',1,(#3988,#3989),.UNSPECIFIED.,.F.,
  .F.,(2,2),(-5.481079101562,-3.828735351562),.PIECEWISE_BEZIER_KNOTS.);
#3988 = CARTESIAN_POINT('',(-9.309814453125,13.39794921875));
#3989 = CARTESIAN_POINT('',(-7.657470703125,13.39794921875));
#3990 = ( GEOMETRIC_REPRESENTATION_CONTEXT(2) 
PARAMETRIC_REPRESENTATION_CONTEXT() REPRESENTATION_CONTEXT('2D SPACE',''
  ) );
#3991 = PCURVE('',#3992,#3997);
#3992 = PLANE('',#3993);
#3993 = AXIS2_PLACEMENT_3D('',#3994,#3995,#3996);
#3994 = CARTESIAN_POINT('',(-7.657470703125,13.39794921875,17.8));
#3995 = DIRECTION('',(0.,-1.,0.));
#3996 = DIRECTION('',(-1.,0.,0.));
#3997 = DEFINITIONAL_REPRESENTATION('',(#3998),#4001);
#3998 = B_SPLINE_CURVE_WITH_KNOTS('',1,(#3999,#4000),.UNSPECIFIED.,.F.,
  .F.,(2,2),(-5.481079101562,-3.828735351562),.PIECEWISE_BEZIER_KNOTS.);
#3999 = CARTESIAN_POINT('',(1.65234375,-0.6));
#4000 = CARTESIAN_POINT('',(0.,-0.6));
#4001 = ( GEOMETRIC_REPRESENTATION_CONTEXT(2) 
PARAMETRIC_REPRESENTATION_CONTEXT() REPRESENTATION_CONTEXT('2D SPACE',''
  ) );
#4002 = ORIENTED_EDGE('',*,*,#4003,.F.);
#4003 = EDGE_CURVE('',#3570,#3978,#4004,.T.);
#4004 = SURFACE_CURVE('',#4005,(#4009,#4015),.PCURVE_S1.);
#4005 = LINE('',#4006,#4007);
#4006 = CARTESIAN_POINT('',(-9.309814453125,6.698974609375,18.4));
#4007 = VECTOR('',#4008,1.);
#4008 = DIRECTION('',(-0.,1.,0.));
#4009 = PCURVE('',#522,#4010);
#4010 = DEFINITIONAL_REPRESENTATION('',(#4011),#4014);
#4011 = B_SPLINE_CURVE_WITH_KNOTS('',1,(#4012,#4013),.UNSPECIFIED.,.F.,
  .F.,(2,2),(4.079833984375,6.698974609375),.PIECEWISE_BEZIER_KNOTS.);
#4012 = CARTESIAN_POINT('',(-9.309814453125,10.77880859375));
#4013 = CARTESIAN_POINT('',(-9.309814453125,13.39794921875));
#4014 = ( GEOMETRIC_REPRESENTATION_CONTEXT(2) 
PARAMETRIC_REPRESENTATION_CONTEXT() REPRESENTATION_CONTEXT('2D SPACE',''
  ) );
#4015 = PCURVE('',#4016,#4021);
#4016 = PLANE('',#4017);
#4017 = AXIS2_PLACEMENT_3D('',#4018,#4019,#4020);
#4018 = CARTESIAN_POINT('',(-9.309814453125,13.39794921875,17.8));
#4019 = DIRECTION('',(1.,0.,-0.));
#4020 = DIRECTION('',(0.,-1.,0.));
#4021 = DEFINITIONAL_REPRESENTATION('',(#4022),#4025);
#4022 = B_SPLINE_CURVE_WITH_KNOTS('',1,(#4023,#4024),.UNSPECIFIED.,.F.,
  .F.,(2,2),(4.079833984375,6.698974609375),.PIECEWISE_BEZIER_KNOTS.);
#4023 = CARTESIAN_POINT('',(2.619140625,-0.6));
#4024 = CARTESIAN_POINT('',(0.,-0.6));
#4025 = ( GEOMETRIC_REPRESENTATION_CONTEXT(2) 
PARAMETRIC_REPRESENTATION_CONTEXT() REPRESENTATION_CONTEXT('2D SPACE',''
  ) );
#4026 = FACE_BOUND('',#4027,.T.);
#4027 = EDGE_LOOP('',(#4028,#4056,#4082,#4108));
#4028 = ORIENTED_EDGE('',*,*,#4029,.F.);
#4029 = EDGE_CURVE('',#4030,#4032,#4034,.T.);
#4030 = VERTEX_POINT('',#4031);
#4031 = CARTESIAN_POINT('',(-4.014404296875,10.77880859375,18.4));
#4032 = VERTEX_POINT('',#4033);
#4033 = CARTESIAN_POINT('',(-3.161865234375,10.77880859375,18.4));
#4034 = SURFACE_CURVE('',#4035,(#4039,#4045),.PCURVE_S1.);
#4035 = LINE('',#4036,#4037);
#4036 = CARTESIAN_POINT('',(-1.580932617188,10.77880859375,18.4));
#4037 = VECTOR('',#4038,1.);
#4038 = DIRECTION('',(1.,0.,-0.));
#4039 = PCURVE('',#522,#4040);
#4040 = DEFINITIONAL_REPRESENTATION('',(#4041),#4044);
#4041 = B_SPLINE_CURVE_WITH_KNOTS('',1,(#4042,#4043),.UNSPECIFIED.,.F.,
  .F.,(2,2),(-2.433471679688,-1.580932617188),.PIECEWISE_BEZIER_KNOTS.);
#4042 = CARTESIAN_POINT('',(-4.014404296875,10.77880859375));
#4043 = CARTESIAN_POINT('',(-3.161865234375,10.77880859375));
#4044 = ( GEOMETRIC_REPRESENTATION_CONTEXT(2) 
PARAMETRIC_REPRESENTATION_CONTEXT() REPRESENTATION_CONTEXT('2D SPACE',''
  ) );
#4045 = PCURVE('',#4046,#4051);
#4046 = PLANE('',#4047);
#4047 = AXIS2_PLACEMENT_3D('',#4048,#4049,#4050);
#4048 = CARTESIAN_POINT('',(-3.161865234375,10.77880859375,17.8));
#4049 = DIRECTION('',(0.,-1.,0.));
#4050 = DIRECTION('',(-1.,0.,0.));
#4051 = DEFINITIONAL_REPRESENTATION('',(#4052),#4055);
#4052 = B_SPLINE_CURVE_WITH_KNOTS('',1,(#4053,#4054),.UNSPECIFIED.,.F.,
  .F.,(2,2),(-2.433471679688,-1.580932617188),.PIECEWISE_BEZIER_KNOTS.);
#4053 = CARTESIAN_POINT('',(0.8525390625,-0.6));
#4054 = CARTESIAN_POINT('',(0.,-0.6));
#4055 = ( GEOMETRIC_REPRESENTATION_CONTEXT(2) 
PARAMETRIC_REPRESENTATION_CONTEXT() REPRESENTATION_CONTEXT('2D SPACE',''
  ) );
#4056 = ORIENTED_EDGE('',*,*,#4057,.F.);
#4057 = EDGE_CURVE('',#4058,#4030,#4060,.T.);
#4058 = VERTEX_POINT('',#4059);
#4059 = CARTESIAN_POINT('',(-4.014404296875,17.22119140625,18.4));
#4060 = SURFACE_CURVE('',#4061,(#4065,#4071),.PCURVE_S1.);
#4061 = LINE('',#4062,#4063);
#4062 = CARTESIAN_POINT('',(-4.014404296875,5.389404296875,18.4));
#4063 = VECTOR('',#4064,1.);
#4064 = DIRECTION('',(0.,-1.,0.));
#4065 = PCURVE('',#522,#4066);
#4066 = DEFINITIONAL_REPRESENTATION('',(#4067),#4070);
#4067 = B_SPLINE_CURVE_WITH_KNOTS('',1,(#4068,#4069),.UNSPECIFIED.,.F.,
  .F.,(2,2),(-11.83178710937,-5.389404296875),.PIECEWISE_BEZIER_KNOTS.);
#4068 = CARTESIAN_POINT('',(-4.014404296875,17.22119140625));
#4069 = CARTESIAN_POINT('',(-4.014404296875,10.77880859375));
#4070 = ( GEOMETRIC_REPRESENTATION_CONTEXT(2) 
PARAMETRIC_REPRESENTATION_CONTEXT() REPRESENTATION_CONTEXT('2D SPACE',''
  ) );
#4071 = PCURVE('',#4072,#4077);
#4072 = PLANE('',#4073);
#4073 = AXIS2_PLACEMENT_3D('',#4074,#4075,#4076);
#4074 = CARTESIAN_POINT('',(-4.014404296875,10.77880859375,17.8));
#4075 = DIRECTION('',(-1.,0.,0.));
#4076 = DIRECTION('',(0.,1.,0.));
#4077 = DEFINITIONAL_REPRESENTATION('',(#4078),#4081);
#4078 = B_SPLINE_CURVE_WITH_KNOTS('',1,(#4079,#4080),.UNSPECIFIED.,.F.,
  .F.,(2,2),(-11.83178710937,-5.389404296875),.PIECEWISE_BEZIER_KNOTS.);
#4079 = CARTESIAN_POINT('',(6.4423828125,-0.6));
#4080 = CARTESIAN_POINT('',(0.,-0.6));
#4081 = ( GEOMETRIC_REPRESENTATION_CONTEXT(2) 
PARAMETRIC_REPRESENTATION_CONTEXT() REPRESENTATION_CONTEXT('2D SPACE',''
  ) );
#4082 = ORIENTED_EDGE('',*,*,#4083,.F.);
#4083 = EDGE_CURVE('',#4084,#4058,#4086,.T.);
#4084 = VERTEX_POINT('',#4085);
#4085 = CARTESIAN_POINT('',(-3.161865234375,17.22119140625,18.4));
#4086 = SURFACE_CURVE('',#4087,(#4091,#4097),.PCURVE_S1.);
#4087 = LINE('',#4088,#4089);
#4088 = CARTESIAN_POINT('',(-2.007202148438,17.22119140625,18.4));
#4089 = VECTOR('',#4090,1.);
#4090 = DIRECTION('',(-1.,0.,0.));
#4091 = PCURVE('',#522,#4092);
#4092 = DEFINITIONAL_REPRESENTATION('',(#4093),#4096);
#4093 = B_SPLINE_CURVE_WITH_KNOTS('',1,(#4094,#4095),.UNSPECIFIED.,.F.,
  .F.,(2,2),(1.154663085938,2.007202148438),.PIECEWISE_BEZIER_KNOTS.);
#4094 = CARTESIAN_POINT('',(-3.161865234375,17.22119140625));
#4095 = CARTESIAN_POINT('',(-4.014404296875,17.22119140625));
#4096 = ( GEOMETRIC_REPRESENTATION_CONTEXT(2) 
PARAMETRIC_REPRESENTATION_CONTEXT() REPRESENTATION_CONTEXT('2D SPACE',''
  ) );
#4097 = PCURVE('',#4098,#4103);
#4098 = PLANE('',#4099);
#4099 = AXIS2_PLACEMENT_3D('',#4100,#4101,#4102);
#4100 = CARTESIAN_POINT('',(-4.014404296875,17.22119140625,17.8));
#4101 = DIRECTION('',(0.,1.,0.));
#4102 = DIRECTION('',(1.,0.,0.));
#4103 = DEFINITIONAL_REPRESENTATION('',(#4104),#4107);
#4104 = B_SPLINE_CURVE_WITH_KNOTS('',1,(#4105,#4106),.UNSPECIFIED.,.F.,
  .F.,(2,2),(1.154663085938,2.007202148438),.PIECEWISE_BEZIER_KNOTS.);
#4105 = CARTESIAN_POINT('',(0.8525390625,-0.6));
#4106 = CARTESIAN_POINT('',(0.,-0.6));
#4107 = ( GEOMETRIC_REPRESENTATION_CONTEXT(2) 
PARAMETRIC_REPRESENTATION_CONTEXT() REPRESENTATION_CONTEXT('2D SPACE',''
  ) );
#4108 = ORIENTED_EDGE('',*,*,#4109,.F.);
#4109 = EDGE_CURVE('',#4032,#4084,#4110,.T.);
#4110 = SURFACE_CURVE('',#4111,(#4115,#4121),.PCURVE_S1.);
#4111 = LINE('',#4112,#4113);
#4112 = CARTESIAN_POINT('',(-3.161865234375,8.610595703125,18.4));
#4113 = VECTOR('',#4114,1.);
#4114 = DIRECTION('',(-0.,1.,0.));
#4115 = PCURVE('',#522,#4116);
#4116 = DEFINITIONAL_REPRESENTATION('',(#4117),#4120);
#4117 = B_SPLINE_CURVE_WITH_KNOTS('',1,(#4118,#4119),.UNSPECIFIED.,.F.,
  .F.,(2,2),(2.168212890625,8.610595703125),.PIECEWISE_BEZIER_KNOTS.);
#4118 = CARTESIAN_POINT('',(-3.161865234375,10.77880859375));
#4119 = CARTESIAN_POINT('',(-3.161865234375,17.22119140625));
#4120 = ( GEOMETRIC_REPRESENTATION_CONTEXT(2) 
PARAMETRIC_REPRESENTATION_CONTEXT() REPRESENTATION_CONTEXT('2D SPACE',''
  ) );
#4121 = PCURVE('',#4122,#4127);
#4122 = PLANE('',#4123);
#4123 = AXIS2_PLACEMENT_3D('',#4124,#4125,#4126);
#4124 = CARTESIAN_POINT('',(-3.161865234375,17.22119140625,17.8));
#4125 = DIRECTION('',(1.,0.,-0.));
#4126 = DIRECTION('',(0.,-1.,0.));
#4127 = DEFINITIONAL_REPRESENTATION('',(#4128),#4131);
#4128 = B_SPLINE_CURVE_WITH_KNOTS('',1,(#4129,#4130),.UNSPECIFIED.,.F.,
  .F.,(2,2),(2.168212890625,8.610595703125),.PIECEWISE_BEZIER_KNOTS.);
#4129 = CARTESIAN_POINT('',(6.4423828125,-0.6));
#4130 = CARTESIAN_POINT('',(0.,-0.6));
#4131 = ( GEOMETRIC_REPRESENTATION_CONTEXT(2) 
PARAMETRIC_REPRESENTATION_CONTEXT() REPRESENTATION_CONTEXT('2D SPACE',''
  ) );
#4132 = FACE_BOUND('',#4133,.T.);
#4133 = EDGE_LOOP('',(#4134));
#4134 = ORIENTED_EDGE('',*,*,#4135,.F.);
#4135 = EDGE_CURVE('',#4136,#4136,#4138,.T.);
#4136 = VERTEX_POINT('',#4137);
#4137 = CARTESIAN_POINT('',(6.7,-1.641026710857E-15,18.4));
#4138 = SURFACE_CURVE('',#4139,(#4144,#4151),.PCURVE_S1.);
#4139 = CIRCLE('',#4140,6.7);
#4140 = AXIS2_PLACEMENT_3D('',#4141,#4142,#4143);
#4141 = CARTESIAN_POINT('',(0.,0.,18.4));
#4142 = DIRECTION('',(0.,0.,1.));
#4143 = DIRECTION('',(1.,0.,-0.));
#4144 = PCURVE('',#522,#4145);
#4145 = DEFINITIONAL_REPRESENTATION('',(#4146),#4150);
#4146 = CIRCLE('',#4147,6.7);
#4147 = AXIS2_PLACEMENT_2D('',#4148,#4149);
#4148 = CARTESIAN_POINT('',(0.,0.));
#4149 = DIRECTION('',(1.,0.));
#4150 = ( GEOMETRIC_REPRESENTATION_CONTEXT(2) 
PARAMETRIC_REPRESENTATION_CONTEXT() REPRESENTATION_CONTEXT('2D SPACE',''
  ) );
#4151 = PCURVE('',#4152,#4157);
#4152 = CYLINDRICAL_SURFACE('',#4153,6.7);
#4153 = AXIS2_PLACEMENT_3D('',#4154,#4155,#4156);
#4154 = CARTESIAN_POINT('',(0.,0.,15.9));
#4155 = DIRECTION('',(0.,0.,1.));
#4156 = DIRECTION('',(1.,0.,-0.));
#4157 = DEFINITIONAL_REPRESENTATION('',(#4158),#4162);
#4158 = LINE('',#4159,#4160);
#4159 = CARTESIAN_POINT('',(0.,2.5));
#4160 = VECTOR('',#4161,1.);
#4161 = DIRECTION('',(1.,0.));
#4162 = ( GEOMETRIC_REPRESENTATION_CONTEXT(2) 
PARAMETRIC_REPRESENTATION_CONTEXT() REPRESENTATION_CONTEXT('2D SPACE',''
  ) );
#4163 = FACE_BOUND('',#4164,.T.);
#4164 = EDGE_LOOP('',(#4165,#4193,#4280,#4343,#4400,#4457,#4508,#4559,
    #4610,#4661,#4733,#4796,#4822,#4879,#4942,#4999,#5050,#5101,#5152,
    #5209,#5260,#5317));
#4165 = ORIENTED_EDGE('',*,*,#4166,.F.);
#4166 = EDGE_CURVE('',#4167,#4169,#4171,.T.);
#4167 = VERTEX_POINT('',#4168);
#4168 = CARTESIAN_POINT('',(3.790283203125,12.822265625,18.4));
#4169 = VERTEX_POINT('',#4170);
#4170 = CARTESIAN_POINT('',(2.937744140625,13.03759765625,18.4));
#4171 = SURFACE_CURVE('',#4172,(#4176,#4182),.PCURVE_S1.);
#4172 = LINE('',#4173,#4174);
#4173 = CARTESIAN_POINT('',(3.104720498041,12.995423215459,18.4));
#4174 = VECTOR('',#4175,1.);
#4175 = DIRECTION('',(-0.969551685994,0.24488676605,0.));
#4176 = PCURVE('',#522,#4177);
#4177 = DEFINITIONAL_REPRESENTATION('',(#4178),#4181);
#4178 = B_SPLINE_CURVE_WITH_KNOTS('',1,(#4179,#4180),.UNSPECIFIED.,.F.,
  .F.,(2,2),(-0.707092478913,0.172220171269),.PIECEWISE_BEZIER_KNOTS.);
#4179 = CARTESIAN_POINT('',(3.790283203125,12.822265625));
#4180 = CARTESIAN_POINT('',(2.937744140625,13.03759765625));
#4181 = ( GEOMETRIC_REPRESENTATION_CONTEXT(2) 
PARAMETRIC_REPRESENTATION_CONTEXT() REPRESENTATION_CONTEXT('2D SPACE',''
  ) );
#4182 = PCURVE('',#4183,#4188);
#4183 = PLANE('',#4184);
#4184 = AXIS2_PLACEMENT_3D('',#4185,#4186,#4187);
#4185 = CARTESIAN_POINT('',(2.937744140625,13.03759765625,17.8));
#4186 = DIRECTION('',(0.24488676605,0.969551685994,-0.));
#4187 = DIRECTION('',(0.969551685994,-0.24488676605,0.));
#4188 = DEFINITIONAL_REPRESENTATION('',(#4189),#4192);
#4189 = B_SPLINE_CURVE_WITH_KNOTS('',1,(#4190,#4191),.UNSPECIFIED.,.F.,
  .F.,(2,2),(-0.707092478913,0.172220171269),.PIECEWISE_BEZIER_KNOTS.);
#4190 = CARTESIAN_POINT('',(0.879312650182,-0.6));
#4191 = CARTESIAN_POINT('',(0.,-0.6));
#4192 = ( GEOMETRIC_REPRESENTATION_CONTEXT(2) 
PARAMETRIC_REPRESENTATION_CONTEXT() REPRESENTATION_CONTEXT('2D SPACE',''
  ) );
#4193 = ORIENTED_EDGE('',*,*,#4194,.F.);
#4194 = EDGE_CURVE('',#4195,#4167,#4197,.T.);
#4195 = VERTEX_POINT('',#4196);
#4196 = CARTESIAN_POINT('',(2.82568359375,11.220458984375,18.4));
#4197 = SURFACE_CURVE('',#4198,(#4221,#4247),.PCURVE_S1.);
#4198 = B_SPLINE_CURVE_WITH_KNOTS('',5,(#4199,#4200,#4201,#4202,#4203,
    #4204,#4205,#4206,#4207,#4208,#4209,#4210,#4211,#4212,#4213,#4214,
    #4215,#4216,#4217,#4218,#4219,#4220),.UNSPECIFIED.,.F.,.F.,(6,4,4,4,
    4,6),(0.,5.11533404837E-02,0.276485143605,0.505989103914,
    0.746426787422,1.),.UNSPECIFIED.);
#4199 = CARTESIAN_POINT('',(2.82568359375,11.220458984375,18.4));
#4200 = CARTESIAN_POINT('',(2.84072262173,11.232366858264,18.4));
#4201 = CARTESIAN_POINT('',(2.855641371835,11.244423670502,18.4));
#4202 = CARTESIAN_POINT('',(2.870438178086,11.256628398698,18.4));
#4203 = CARTESIAN_POINT('',(2.885111469583,11.268979898056,18.4));
#4204 = CARTESIAN_POINT('',(2.963745416698,11.336526527904,18.4));
#4205 = CARTESIAN_POINT('',(3.025407017691,11.394400658037,18.4));
#4206 = CARTESIAN_POINT('',(3.084514555311,11.454988075506,18.4));
#4207 = CARTESIAN_POINT('',(3.140986813571,11.518139684719,18.4));
#4208 = CARTESIAN_POINT('',(3.249575096796,11.650427922464,18.4));
#4209 = CARTESIAN_POINT('',(3.301592814519,11.719655849102,18.4));
#4210 = CARTESIAN_POINT('',(3.350794132521,11.791174438058,18.4));
#4211 = CARTESIAN_POINT('',(3.397191944311,11.864782187234,18.4));
#4212 = CARTESIAN_POINT('',(3.486550963849,12.019374312947,18.4));
#4213 = CARTESIAN_POINT('',(3.5292436847,12.100544037785,18.4));
#4214 = CARTESIAN_POINT('',(3.568964467527,12.183562536054,18.4));
#4215 = CARTESIAN_POINT('',(3.60580971855,12.268213658612,18.4));
#4216 = CARTESIAN_POINT('',(3.675836199616,12.445104500809,18.4));
#4217 = CARTESIAN_POINT('',(3.708707065198,12.537505563833,18.4));
#4218 = CARTESIAN_POINT('',(3.738638048768,12.631289361298,18.4));
#4219 = CARTESIAN_POINT('',(3.765780187553,12.726262006613,18.4));
#4220 = CARTESIAN_POINT('',(3.790283203125,12.822265625,18.4));
#4221 = PCURVE('',#522,#4222);
#4222 = DEFINITIONAL_REPRESENTATION('',(#4223),#4246);
#4223 = B_SPLINE_CURVE_WITH_KNOTS('',5,(#4224,#4225,#4226,#4227,#4228,
    #4229,#4230,#4231,#4232,#4233,#4234,#4235,#4236,#4237,#4238,#4239,
    #4240,#4241,#4242,#4243,#4244,#4245),.UNSPECIFIED.,.F.,.F.,(6,4,4,4,
    4,6),(0.,5.11533404837E-02,0.276485143605,0.505989103914,
    0.746426787422,1.),.UNSPECIFIED.);
#4224 = CARTESIAN_POINT('',(2.82568359375,11.220458984375));
#4225 = CARTESIAN_POINT('',(2.84072262173,11.232366858264));
#4226 = CARTESIAN_POINT('',(2.855641371835,11.244423670502));
#4227 = CARTESIAN_POINT('',(2.870438178086,11.256628398698));
#4228 = CARTESIAN_POINT('',(2.885111469583,11.268979898056));
#4229 = CARTESIAN_POINT('',(2.963745416698,11.336526527904));
#4230 = CARTESIAN_POINT('',(3.025407017691,11.394400658037));
#4231 = CARTESIAN_POINT('',(3.084514555311,11.454988075506));
#4232 = CARTESIAN_POINT('',(3.140986813571,11.518139684719));
#4233 = CARTESIAN_POINT('',(3.249575096796,11.650427922464));
#4234 = CARTESIAN_POINT('',(3.301592814519,11.719655849102));
#4235 = CARTESIAN_POINT('',(3.350794132521,11.791174438058));
#4236 = CARTESIAN_POINT('',(3.397191944311,11.864782187234));
#4237 = CARTESIAN_POINT('',(3.486550963849,12.019374312947));
#4238 = CARTESIAN_POINT('',(3.5292436847,12.100544037785));
#4239 = CARTESIAN_POINT('',(3.568964467527,12.183562536054));
#4240 = CARTESIAN_POINT('',(3.60580971855,12.268213658612));
#4241 = CARTESIAN_POINT('',(3.675836199616,12.445104500809));
#4242 = CARTESIAN_POINT('',(3.708707065198,12.537505563833));
#4243 = CARTESIAN_POINT('',(3.738638048768,12.631289361298));
#4244 = CARTESIAN_POINT('',(3.765780187553,12.726262006613));
#4245 = CARTESIAN_POINT('',(3.790283203125,12.822265625));
#4246 = ( GEOMETRIC_REPRESENTATION_CONTEXT(2) 
PARAMETRIC_REPRESENTATION_CONTEXT() REPRESENTATION_CONTEXT('2D SPACE',''
  ) );
#4247 = PCURVE('',#4248,#4255);
#4248 = SURFACE_OF_LINEAR_EXTRUSION('',#4249,#4253);
#4249 = B_SPLINE_CURVE_WITH_KNOTS('',2,(#4250,#4251,#4252),
  .UNSPECIFIED.,.F.,.F.,(3,3),(0.,1.),.PIECEWISE_BEZIER_KNOTS.);
#4250 = CARTESIAN_POINT('',(3.790283203125,12.822265625,17.8));
#4251 = CARTESIAN_POINT('',(3.522216796875,11.77197265625,17.8));
#4252 = CARTESIAN_POINT('',(2.82568359375,11.220458984375,17.8));
#4253 = VECTOR('',#4254,1.);
#4254 = DIRECTION('',(-0.,-0.,-1.));
#4255 = DEFINITIONAL_REPRESENTATION('',(#4256),#4279);
#4256 = B_SPLINE_CURVE_WITH_KNOTS('',5,(#4257,#4258,#4259,#4260,#4261,
    #4262,#4263,#4264,#4265,#4266,#4267,#4268,#4269,#4270,#4271,#4272,
    #4273,#4274,#4275,#4276,#4277,#4278),.UNSPECIFIED.,.F.,.F.,(6,4,4,4,
    4,6),(0.,5.11533404837E-02,0.276485143605,0.505989103914,
    0.746426787422,1.),.UNSPECIFIED.);
#4257 = CARTESIAN_POINT('',(1.,-0.6));
#4258 = CARTESIAN_POINT('',(0.989204371082,-0.6));
#4259 = CARTESIAN_POINT('',(0.978405467467,-0.6));
#4260 = CARTESIAN_POINT('',(0.967604376159,-0.6));
#4261 = CARTESIAN_POINT('',(0.956802188466,-0.6));
#4262 = CARTESIAN_POINT('',(0.898416077195,-0.6));
#4263 = CARTESIAN_POINT('',(0.850831175799,-0.6));
#4264 = CARTESIAN_POINT('',(0.803341662678,-0.6));
#4265 = CARTESIAN_POINT('',(0.75603695662,-0.6));
#4266 = CARTESIAN_POINT('',(0.661092125143,-0.6));
#4267 = CARTESIAN_POINT('',(0.613460492994,-0.6));
#4268 = CARTESIAN_POINT('',(0.56619143874,-0.6));
#4269 = CARTESIAN_POINT('',(0.519353407629,-0.6));
#4270 = CARTESIAN_POINT('',(0.424438284821,-0.6));
#4271 = CARTESIAN_POINT('',(0.376407876431,-0.6));
#4272 = CARTESIAN_POINT('',(0.328968677175,-0.6));
#4273 = CARTESIAN_POINT('',(0.282158827924,-0.6));
#4274 = CARTESIAN_POINT('',(0.187319434979,-0.6));
#4275 = CARTESIAN_POINT('',(0.139363276507,-0.6));
#4276 = CARTESIAN_POINT('',(9.215567387897E-02,-0.6));
#4277 = CARTESIAN_POINT('',(4.5703256731E-02,-0.6));
#4278 = CARTESIAN_POINT('',(0.,-0.6));
#4279 = ( GEOMETRIC_REPRESENTATION_CONTEXT(2) 
PARAMETRIC_REPRESENTATION_CONTEXT() REPRESENTATION_CONTEXT('2D SPACE',''
  ) );
#4280 = ORIENTED_EDGE('',*,*,#4281,.F.);
#4281 = EDGE_CURVE('',#4282,#4195,#4284,.T.);
#4282 = VERTEX_POINT('',#4283);
#4283 = CARTESIAN_POINT('',(1.122802734375,10.6689453125,18.4));
#4284 = SURFACE_CURVE('',#4285,(#4300,#4318),.PCURVE_S1.);
#4285 = B_SPLINE_CURVE_WITH_KNOTS('',5,(#4286,#4287,#4288,#4289,#4290,
    #4291,#4292,#4293,#4294,#4295,#4296,#4297,#4298,#4299),
  .UNSPECIFIED.,.F.,.F.,(6,4,4,6),(0.,0.403740061921,0.78488388583,1.),
  .UNSPECIFIED.);
#4286 = CARTESIAN_POINT('',(1.122802734375,10.6689453125,18.4));
#4287 = CARTESIAN_POINT('',(1.273323372113,10.6689453125,18.4));
#4288 = CARTESIAN_POINT('',(1.42299039427,10.676657423701,18.4));
#4289 = CARTESIAN_POINT('',(1.571272737893,10.692789880908,18.4));
#4290 = CARTESIAN_POINT('',(1.71743987291,10.718049787287,18.4));
#4291 = CARTESIAN_POINT('',(1.995808356141,10.785664712037,18.4));
#4292 = CARTESIAN_POINT('',(2.128350064895,10.826987167534,18.4));
#4293 = CARTESIAN_POINT('',(2.257489612852,10.877118517042,18.4));
#4294 = CARTESIAN_POINT('',(2.382483331886,10.936120958296,18.4));
#4295 = CARTESIAN_POINT('',(2.570525219432,11.041726245017,18.4));
#4296 = CARTESIAN_POINT('',(2.636844291475,11.082537743791,18.4));
#4297 = CARTESIAN_POINT('',(2.701530393069,11.125997256287,18.4));
#4298 = CARTESIAN_POINT('',(2.764497287317,11.172011782751,18.4));
#4299 = CARTESIAN_POINT('',(2.82568359375,11.220458984375,18.4));
#4300 = PCURVE('',#522,#4301);
#4301 = DEFINITIONAL_REPRESENTATION('',(#4302),#4317);
#4302 = B_SPLINE_CURVE_WITH_KNOTS('',5,(#4303,#4304,#4305,#4306,#4307,
    #4308,#4309,#4310,#4311,#4312,#4313,#4314,#4315,#4316),
  .UNSPECIFIED.,.F.,.F.,(6,4,4,6),(0.,0.403740061921,0.78488388583,1.),
  .UNSPECIFIED.);
#4303 = CARTESIAN_POINT('',(1.122802734375,10.6689453125));
#4304 = CARTESIAN_POINT('',(1.273323372113,10.6689453125));
#4305 = CARTESIAN_POINT('',(1.42299039427,10.676657423701));
#4306 = CARTESIAN_POINT('',(1.571272737893,10.692789880908));
#4307 = CARTESIAN_POINT('',(1.71743987291,10.718049787287));
#4308 = CARTESIAN_POINT('',(1.995808356141,10.785664712037));
#4309 = CARTESIAN_POINT('',(2.128350064895,10.826987167534));
#4310 = CARTESIAN_POINT('',(2.257489612852,10.877118517042));
#4311 = CARTESIAN_POINT('',(2.382483331886,10.936120958296));
#4312 = CARTESIAN_POINT('',(2.570525219432,11.041726245017));
#4313 = CARTESIAN_POINT('',(2.636844291475,11.082537743791));
#4314 = CARTESIAN_POINT('',(2.701530393069,11.125997256287));
#4315 = CARTESIAN_POINT('',(2.764497287317,11.172011782751));
#4316 = CARTESIAN_POINT('',(2.82568359375,11.220458984375));
#4317 = ( GEOMETRIC_REPRESENTATION_CONTEXT(2) 
PARAMETRIC_REPRESENTATION_CONTEXT() REPRESENTATION_CONTEXT('2D SPACE',''
  ) );
#4318 = PCURVE('',#4319,#4326);
#4319 = SURFACE_OF_LINEAR_EXTRUSION('',#4320,#4324);
#4320 = B_SPLINE_CURVE_WITH_KNOTS('',2,(#4321,#4322,#4323),
  .UNSPECIFIED.,.F.,.F.,(3,3),(0.,1.),.PIECEWISE_BEZIER_KNOTS.);
#4321 = CARTESIAN_POINT('',(2.82568359375,11.220458984375,17.8));
#4322 = CARTESIAN_POINT('',(2.129150390625,10.6689453125,17.8));
#4323 = CARTESIAN_POINT('',(1.122802734375,10.6689453125,17.8));
#4324 = VECTOR('',#4325,1.);
#4325 = DIRECTION('',(-0.,-0.,-1.));
#4326 = DEFINITIONAL_REPRESENTATION('',(#4327),#4342);
#4327 = B_SPLINE_CURVE_WITH_KNOTS('',5,(#4328,#4329,#4330,#4331,#4332,
    #4333,#4334,#4335,#4336,#4337,#4338,#4339,#4340,#4341),
  .UNSPECIFIED.,.F.,.F.,(6,4,4,6),(0.,0.403740061921,0.78488388583,1.),
  .UNSPECIFIED.);
#4328 = CARTESIAN_POINT('',(1.,-0.6));
#4329 = CARTESIAN_POINT('',(0.925214394447,-0.6));
#4330 = CARTESIAN_POINT('',(0.84870041704,-0.6));
#4331 = CARTESIAN_POINT('',(0.770524252627,-0.6));
#4332 = CARTESIAN_POINT('',(0.690851506381,-0.6));
#4333 = CARTESIAN_POINT('',(0.5336735335,-0.6));
#4334 = CARTESIAN_POINT('',(0.456287393315,-0.6));
#4335 = CARTESIAN_POINT('',(0.378132998876,-0.6));
#4336 = CARTESIAN_POINT('',(0.299562479172,-0.6));
#4337 = CARTESIAN_POINT('',(0.176659637704,-0.6));
#4338 = CARTESIAN_POINT('',(0.132318572828,-0.6));
#4339 = CARTESIAN_POINT('',(8.804976967447E-02,-0.6));
#4340 = CARTESIAN_POINT('',(4.392203139664E-02,-0.6));
#4341 = CARTESIAN_POINT('',(0.,-0.6));
#4342 = ( GEOMETRIC_REPRESENTATION_CONTEXT(2) 
PARAMETRIC_REPRESENTATION_CONTEXT() REPRESENTATION_CONTEXT('2D SPACE',''
  ) );
#4343 = ORIENTED_EDGE('',*,*,#4344,.F.);
#4344 = EDGE_CURVE('',#4345,#4282,#4347,.T.);
#4345 = VERTEX_POINT('',#4346);
#4346 = CARTESIAN_POINT('',(-0.5712890625,11.093017578125,18.4));
#4347 = SURFACE_CURVE('',#4348,(#4361,#4377),.PCURVE_S1.);
#4348 = B_SPLINE_CURVE_WITH_KNOTS('',6,(#4349,#4350,#4351,#4352,#4353,
    #4354,#4355,#4356,#4357,#4358,#4359,#4360),.UNSPECIFIED.,.F.,.F.,(7,
    5,7),(0.,0.358973098688,1.),.UNSPECIFIED.);
#4349 = CARTESIAN_POINT('',(-0.5712890625,11.093017578125,18.4));
#4350 = CARTESIAN_POINT('',(-0.48538707581,11.037195748391,18.4));
#4351 = CARTESIAN_POINT('',(-0.396025439309,10.986162311303,18.4));
#4352 = CARTESIAN_POINT('',(-0.303556052068,10.939965041761,18.4));
#4353 = CARTESIAN_POINT('',(-0.208348574239,10.898534416258,18.4));
#4354 = CARTESIAN_POINT('',(-0.110767513302,10.861722201857,18.4));
#4355 = CARTESIAN_POINT('',(0.166741312187,10.771514448659,18.4));
#4356 = CARTESIAN_POINT('',(0.351088950455,10.727827767297,18.4));
#4357 = CARTESIAN_POINT('',(0.540127312771,10.697133771449,18.4));
#4358 = CARTESIAN_POINT('',(0.732377127671,10.677956515299,18.4));
#4359 = CARTESIAN_POINT('',(0.926796726502,10.6689453125,18.4));
#4360 = CARTESIAN_POINT('',(1.122802734375,10.6689453125,18.4));
#4361 = PCURVE('',#522,#4362);
#4362 = DEFINITIONAL_REPRESENTATION('',(#4363),#4376);
#4363 = B_SPLINE_CURVE_WITH_KNOTS('',6,(#4364,#4365,#4366,#4367,#4368,
    #4369,#4370,#4371,#4372,#4373,#4374,#4375),.UNSPECIFIED.,.F.,.F.,(7,
    5,7),(0.,0.358973098688,1.),.UNSPECIFIED.);
#4364 = CARTESIAN_POINT('',(-0.5712890625,11.093017578125));
#4365 = CARTESIAN_POINT('',(-0.48538707581,11.037195748391));
#4366 = CARTESIAN_POINT('',(-0.396025439309,10.986162311303));
#4367 = CARTESIAN_POINT('',(-0.303556052068,10.939965041761));
#4368 = CARTESIAN_POINT('',(-0.208348574239,10.898534416258));
#4369 = CARTESIAN_POINT('',(-0.110767513302,10.861722201857));
#4370 = CARTESIAN_POINT('',(0.166741312187,10.771514448659));
#4371 = CARTESIAN_POINT('',(0.351088950455,10.727827767297));
#4372 = CARTESIAN_POINT('',(0.540127312771,10.697133771449));
#4373 = CARTESIAN_POINT('',(0.732377127671,10.677956515299));
#4374 = CARTESIAN_POINT('',(0.926796726502,10.6689453125));
#4375 = CARTESIAN_POINT('',(1.122802734375,10.6689453125));
#4376 = ( GEOMETRIC_REPRESENTATION_CONTEXT(2) 
PARAMETRIC_REPRESENTATION_CONTEXT() REPRESENTATION_CONTEXT('2D SPACE',''
  ) );
#4377 = PCURVE('',#4378,#4385);
#4378 = SURFACE_OF_LINEAR_EXTRUSION('',#4379,#4383);
#4379 = B_SPLINE_CURVE_WITH_KNOTS('',2,(#4380,#4381,#4382),
  .UNSPECIFIED.,.F.,.F.,(3,3),(0.,1.),.PIECEWISE_BEZIER_KNOTS.);
#4380 = CARTESIAN_POINT('',(1.122802734375,10.6689453125,17.8));
#4381 = CARTESIAN_POINT('',(8.1298828125E-02,10.6689453125,17.8));
#4382 = CARTESIAN_POINT('',(-0.5712890625,11.093017578125,17.8));
#4383 = VECTOR('',#4384,1.);
#4384 = DIRECTION('',(-0.,-0.,-1.));
#4385 = DEFINITIONAL_REPRESENTATION('',(#4386),#4399);
#4386 = B_SPLINE_CURVE_WITH_KNOTS('',6,(#4387,#4388,#4389,#4390,#4391,
    #4392,#4393,#4394,#4395,#4396,#4397,#4398),.UNSPECIFIED.,.F.,.F.,(7,
    5,7),(0.,0.358973098688,1.),.UNSPECIFIED.);
#4387 = CARTESIAN_POINT('',(1.,-0.6));
#4388 = CARTESIAN_POINT('',(0.9341835882,-0.6));
#4389 = CARTESIAN_POINT('',(0.868814499563,-0.6));
#4390 = CARTESIAN_POINT('',(0.804082706182,-0.6));
#4391 = CARTESIAN_POINT('',(0.740135063126,-0.6));
#4392 = CARTESIAN_POINT('',(0.677081297914,-0.6));
#4393 = CARTESIAN_POINT('',(0.504139932277,-0.6));
#4394 = CARTESIAN_POINT('',(0.396405038297,-0.6));
#4395 = CARTESIAN_POINT('',(0.292138613134,-0.6));
#4396 = CARTESIAN_POINT('',(0.191400994462,-0.6));
#4397 = CARTESIAN_POINT('',(9.409758652673E-02,-0.6));
#4398 = CARTESIAN_POINT('',(0.,-0.6));
#4399 = ( GEOMETRIC_REPRESENTATION_CONTEXT(2) 
PARAMETRIC_REPRESENTATION_CONTEXT() REPRESENTATION_CONTEXT('2D SPACE',''
  ) );
#4400 = ORIENTED_EDGE('',*,*,#4401,.F.);
#4401 = EDGE_CURVE('',#4402,#4345,#4404,.T.);
#4402 = VERTEX_POINT('',#4403);
#4403 = CARTESIAN_POINT('',(-1.564453125,12.3212890625,18.4));
#4404 = SURFACE_CURVE('',#4405,(#4418,#4434),.PCURVE_S1.);
#4405 = B_SPLINE_CURVE_WITH_KNOTS('',6,(#4406,#4407,#4408,#4409,#4410,
    #4411,#4412,#4413,#4414,#4415,#4416,#4417),.UNSPECIFIED.,.F.,.F.,(7,
    5,7),(0.,0.828235453172,1.),.UNSPECIFIED.);
#4406 = CARTESIAN_POINT('',(-1.564453125,12.3212890625,18.4));
#4407 = CARTESIAN_POINT('',(-1.4761765346,12.112842403879,18.4));
#4408 = CARTESIAN_POINT('',(-1.372539425395,11.91314703374,18.4));
#4409 = CARTESIAN_POINT('',(-1.252389482783,11.724801695356,18.4));
#4410 = CARTESIAN_POINT('',(-1.115018693482,11.550610874457,18.4));
#4411 = CARTESIAN_POINT('',(-0.960654555934,11.393157649701,18.4));
#4412 = CARTESIAN_POINT('',(-0.756220623185,11.225220113287,18.4));
#4413 = CARTESIAN_POINT('',(-0.720459603722,11.197161439017,18.4));
#4414 = CARTESIAN_POINT('',(-0.684067823641,11.169902701774,18.4));
#4415 = CARTESIAN_POINT('',(-0.647062611473,11.143454298104,18.4));
#4416 = CARTESIAN_POINT('',(-0.609462867249,11.117824124646,18.4));
#4417 = CARTESIAN_POINT('',(-0.5712890625,11.093017578125,18.4));
#4418 = PCURVE('',#522,#4419);
#4419 = DEFINITIONAL_REPRESENTATION('',(#4420),#4433);
#4420 = B_SPLINE_CURVE_WITH_KNOTS('',6,(#4421,#4422,#4423,#4424,#4425,
    #4426,#4427,#4428,#4429,#4430,#4431,#4432),.UNSPECIFIED.,.F.,.F.,(7,
    5,7),(0.,0.828235453172,1.),.UNSPECIFIED.);
#4421 = CARTESIAN_POINT('',(-1.564453125,12.3212890625));
#4422 = CARTESIAN_POINT('',(-1.4761765346,12.112842403879));
#4423 = CARTESIAN_POINT('',(-1.372539425395,11.91314703374));
#4424 = CARTESIAN_POINT('',(-1.252389482783,11.724801695356));
#4425 = CARTESIAN_POINT('',(-1.115018693482,11.550610874457));
#4426 = CARTESIAN_POINT('',(-0.960654555934,11.393157649701));
#4427 = CARTESIAN_POINT('',(-0.756220623185,11.225220113287));
#4428 = CARTESIAN_POINT('',(-0.720459603722,11.197161439017));
#4429 = CARTESIAN_POINT('',(-0.684067823641,11.169902701774));
#4430 = CARTESIAN_POINT('',(-0.647062611473,11.143454298104));
#4431 = CARTESIAN_POINT('',(-0.609462867249,11.117824124646));
#4432 = CARTESIAN_POINT('',(-0.5712890625,11.093017578125));
#4433 = ( GEOMETRIC_REPRESENTATION_CONTEXT(2) 
PARAMETRIC_REPRESENTATION_CONTEXT() REPRESENTATION_CONTEXT('2D SPACE',''
  ) );
#4434 = PCURVE('',#4435,#4442);
#4435 = SURFACE_OF_LINEAR_EXTRUSION('',#4436,#4440);
#4436 = B_SPLINE_CURVE_WITH_KNOTS('',2,(#4437,#4438,#4439),
  .UNSPECIFIED.,.F.,.F.,(3,3),(0.,1.),.PIECEWISE_BEZIER_KNOTS.);
#4437 = CARTESIAN_POINT('',(-0.5712890625,11.093017578125,17.8));
#4438 = CARTESIAN_POINT('',(-1.223876953125,11.51708984375,17.8));
#4439 = CARTESIAN_POINT('',(-1.564453125,12.3212890625,17.8));
#4440 = VECTOR('',#4441,1.);
#4441 = DIRECTION('',(-0.,-0.,-1.));
#4442 = DEFINITIONAL_REPRESENTATION('',(#4443),#4456);
#4443 = B_SPLINE_CURVE_WITH_KNOTS('',6,(#4444,#4445,#4446,#4447,#4448,
    #4449,#4450,#4451,#4452,#4453,#4454,#4455),.UNSPECIFIED.,.F.,.F.,(7,
    5,7),(0.,0.828235453172,1.),.UNSPECIFIED.);
#4444 = CARTESIAN_POINT('',(1.,-0.6));
#4445 = CARTESIAN_POINT('',(0.870401105994,-0.6));
#4446 = CARTESIAN_POINT('',(0.736716260775,-0.6));
#4447 = CARTESIAN_POINT('',(0.599435514805,-0.6));
#4448 = CARTESIAN_POINT('',(0.459355301483,-0.6));
#4449 = CARTESIAN_POINT('',(0.317648691114,-0.6));
#4450 = CARTESIAN_POINT('',(0.14662402588,-0.6));
#4451 = CARTESIAN_POINT('',(0.117247798193,-0.6));
#4452 = CARTESIAN_POINT('',(8.788447939976E-02,-0.6));
#4453 = CARTESIAN_POINT('',(5.854699189349E-02,-0.6));
#4454 = CARTESIAN_POINT('',(2.924801800483E-02,-0.6));
#4455 = CARTESIAN_POINT('',(0.,-0.6));
#4456 = ( GEOMETRIC_REPRESENTATION_CONTEXT(2) 
PARAMETRIC_REPRESENTATION_CONTEXT() REPRESENTATION_CONTEXT('2D SPACE',''
  ) );
#4457 = ORIENTED_EDGE('',*,*,#4458,.F.);
#4458 = EDGE_CURVE('',#4459,#4402,#4461,.T.);
#4459 = VERTEX_POINT('',#4460);
#4460 = CARTESIAN_POINT('',(-1.905029296875,14.04833984375,18.4));
#4461 = SURFACE_CURVE('',#4462,(#4473,#4487),.PCURVE_S1.);
#4462 = B_SPLINE_CURVE_WITH_KNOTS('',5,(#4463,#4464,#4465,#4466,#4467,
    #4468,#4469,#4470,#4471,#4472),.UNSPECIFIED.,.F.,.F.,(6,4,6),(0.,
    0.843896923306,1.),.UNSPECIFIED.);
#4463 = CARTESIAN_POINT('',(-1.905029296875,14.04833984375,18.4));
#4464 = CARTESIAN_POINT('',(-1.905029296875,13.746367454176,18.4));
#4465 = CARTESIAN_POINT('',(-1.882237580759,13.446107296088,18.4));
#4466 = CARTESIAN_POINT('',(-1.834778193262,13.149745622039,18.4));
#4467 = CARTESIAN_POINT('',(-1.761602078402,12.859697548613,18.4));
#4468 = CARTESIAN_POINT('',(-1.645439755804,12.526339897804,18.4));
#4469 = CARTESIAN_POINT('',(-1.626455336203,12.474598287225,18.4));
#4470 = CARTESIAN_POINT('',(-1.606624692377,12.423167242644,18.4));
#4471 = CARTESIAN_POINT('',(-1.5859544828,12.372060010595,18.4));
#4472 = CARTESIAN_POINT('',(-1.564453125,12.3212890625,18.4));
#4473 = PCURVE('',#522,#4474);
#4474 = DEFINITIONAL_REPRESENTATION('',(#4475),#4486);
#4475 = B_SPLINE_CURVE_WITH_KNOTS('',5,(#4476,#4477,#4478,#4479,#4480,
    #4481,#4482,#4483,#4484,#4485),.UNSPECIFIED.,.F.,.F.,(6,4,6),(0.,
    0.843896923306,1.),.UNSPECIFIED.);
#4476 = CARTESIAN_POINT('',(-1.905029296875,14.04833984375));
#4477 = CARTESIAN_POINT('',(-1.905029296875,13.746367454176));
#4478 = CARTESIAN_POINT('',(-1.882237580759,13.446107296088));
#4479 = CARTESIAN_POINT('',(-1.834778193262,13.149745622039));
#4480 = CARTESIAN_POINT('',(-1.761602078402,12.859697548613));
#4481 = CARTESIAN_POINT('',(-1.645439755804,12.526339897804));
#4482 = CARTESIAN_POINT('',(-1.626455336203,12.474598287225));
#4483 = CARTESIAN_POINT('',(-1.606624692377,12.423167242644));
#4484 = CARTESIAN_POINT('',(-1.5859544828,12.372060010595));
#4485 = CARTESIAN_POINT('',(-1.564453125,12.3212890625));
#4486 = ( GEOMETRIC_REPRESENTATION_CONTEXT(2) 
PARAMETRIC_REPRESENTATION_CONTEXT() REPRESENTATION_CONTEXT('2D SPACE',''
  ) );
#4487 = PCURVE('',#4488,#4495);
#4488 = SURFACE_OF_LINEAR_EXTRUSION('',#4489,#4493);
#4489 = B_SPLINE_CURVE_WITH_KNOTS('',2,(#4490,#4491,#4492),
  .UNSPECIFIED.,.F.,.F.,(3,3),(0.,1.),.PIECEWISE_BEZIER_KNOTS.);
#4490 = CARTESIAN_POINT('',(-1.564453125,12.3212890625,17.8));
#4491 = CARTESIAN_POINT('',(-1.905029296875,13.12548828125,17.8));
#4492 = CARTESIAN_POINT('',(-1.905029296875,14.04833984375,17.8));
#4493 = VECTOR('',#4494,1.);
#4494 = DIRECTION('',(-0.,-0.,-1.));
#4495 = DEFINITIONAL_REPRESENTATION('',(#4496),#4507);
#4496 = B_SPLINE_CURVE_WITH_KNOTS('',5,(#4497,#4498,#4499,#4500,#4501,
    #4502,#4503,#4504,#4505,#4506),.UNSPECIFIED.,.F.,.F.,(6,4,6),(0.,
    0.843896923306,1.),.UNSPECIFIED.);
#4497 = CARTESIAN_POINT('',(1.,-0.6));
#4498 = CARTESIAN_POINT('',(0.836391678876,-0.6));
#4499 = CARTESIAN_POINT('',(0.669408975254,-0.6));
#4500 = CARTESIAN_POINT('',(0.499882301091,-0.6));
#4501 = CARTESIAN_POINT('',(0.328922148637,-0.6));
#4502 = CARTESIAN_POINT('',(0.12638301866,-0.6));
#4503 = CARTESIAN_POINT('',(9.476605024417E-02,-0.6));
#4504 = CARTESIAN_POINT('',(6.315761646047E-02,-0.6));
#4505 = CARTESIAN_POINT('',(3.156615109226E-02,-0.6));
#4506 = CARTESIAN_POINT('',(0.,-0.6));
#4507 = ( GEOMETRIC_REPRESENTATION_CONTEXT(2) 
PARAMETRIC_REPRESENTATION_CONTEXT() REPRESENTATION_CONTEXT('2D SPACE',''
  ) );
#4508 = ORIENTED_EDGE('',*,*,#4509,.F.);
#4509 = EDGE_CURVE('',#4510,#4459,#4512,.T.);
#4510 = VERTEX_POINT('',#4511);
#4511 = CARTESIAN_POINT('',(-1.5205078125,15.803955078125,18.4));
#4512 = SURFACE_CURVE('',#4513,(#4524,#4538),.PCURVE_S1.);
#4513 = B_SPLINE_CURVE_WITH_KNOTS('',5,(#4514,#4515,#4516,#4517,#4518,
    #4519,#4520,#4521,#4522,#4523),.UNSPECIFIED.,.F.,.F.,(6,4,6),(0.,
    0.484373116732,1.),.UNSPECIFIED.);
#4514 = CARTESIAN_POINT('',(-1.5205078125,15.803955078125,18.4));
#4515 = CARTESIAN_POINT('',(-1.599321830891,15.650380333717,18.4));
#4516 = CARTESIAN_POINT('',(-1.667572445695,15.490964633155,18.4));
#4517 = CARTESIAN_POINT('',(-1.725113880808,15.326622888847,18.4));
#4518 = CARTESIAN_POINT('',(-1.77229613658,15.158312876705,18.4));
#4519 = CARTESIAN_POINT('',(-1.849448011433,14.804437632385,18.4));
#4520 = CARTESIAN_POINT('',(-1.878112354103,14.618449387196,18.4));
#4521 = CARTESIAN_POINT('',(-1.89633738123,14.429937638591,18.4));
#4522 = CARTESIAN_POINT('',(-1.905029296875,14.23971492383,18.4));
#4523 = CARTESIAN_POINT('',(-1.905029296875,14.04833984375,18.4));
#4524 = PCURVE('',#522,#4525);
#4525 = DEFINITIONAL_REPRESENTATION('',(#4526),#4537);
#4526 = B_SPLINE_CURVE_WITH_KNOTS('',5,(#4527,#4528,#4529,#4530,#4531,
    #4532,#4533,#4534,#4535,#4536),.UNSPECIFIED.,.F.,.F.,(6,4,6),(0.,
    0.484373116732,1.),.UNSPECIFIED.);
#4527 = CARTESIAN_POINT('',(-1.5205078125,15.803955078125));
#4528 = CARTESIAN_POINT('',(-1.599321830891,15.650380333717));
#4529 = CARTESIAN_POINT('',(-1.667572445695,15.490964633155));
#4530 = CARTESIAN_POINT('',(-1.725113880808,15.326622888847));
#4531 = CARTESIAN_POINT('',(-1.77229613658,15.158312876705));
#4532 = CARTESIAN_POINT('',(-1.849448011433,14.804437632385));
#4533 = CARTESIAN_POINT('',(-1.878112354103,14.618449387196));
#4534 = CARTESIAN_POINT('',(-1.89633738123,14.429937638591));
#4535 = CARTESIAN_POINT('',(-1.905029296875,14.23971492383));
#4536 = CARTESIAN_POINT('',(-1.905029296875,14.04833984375));
#4537 = ( GEOMETRIC_REPRESENTATION_CONTEXT(2) 
PARAMETRIC_REPRESENTATION_CONTEXT() REPRESENTATION_CONTEXT('2D SPACE',''
  ) );
#4538 = PCURVE('',#4539,#4546);
#4539 = SURFACE_OF_LINEAR_EXTRUSION('',#4540,#4544);
#4540 = B_SPLINE_CURVE_WITH_KNOTS('',2,(#4541,#4542,#4543),
  .UNSPECIFIED.,.F.,.F.,(3,3),(0.,1.),.PIECEWISE_BEZIER_KNOTS.);
#4541 = CARTESIAN_POINT('',(-1.905029296875,14.04833984375,17.8));
#4542 = CARTESIAN_POINT('',(-1.905029296875,15.0546875,17.8));
#4543 = CARTESIAN_POINT('',(-1.5205078125,15.803955078125,17.8));
#4544 = VECTOR('',#4545,1.);
#4545 = DIRECTION('',(-0.,-0.,-1.));
#4546 = DEFINITIONAL_REPRESENTATION('',(#4547),#4558);
#4547 = B_SPLINE_CURVE_WITH_KNOTS('',5,(#4548,#4549,#4550,#4551,#4552,
    #4553,#4554,#4555,#4556,#4557),.UNSPECIFIED.,.F.,.F.,(6,4,6),(0.,
    0.484373116732,1.),.UNSPECIFIED.);
#4548 = CARTESIAN_POINT('',(1.,-0.6));
#4549 = CARTESIAN_POINT('',(0.897516755768,-0.6));
#4550 = CARTESIAN_POINT('',(0.795640376205,-0.6));
#4551 = CARTESIAN_POINT('',(0.694873855547,-0.6));
#4552 = CARTESIAN_POINT('',(0.595576798986,-0.6));
#4553 = CARTESIAN_POINT('',(0.394127140416,-0.6));
#4554 = CARTESIAN_POINT('',(0.292197949026,-0.6));
#4555 = CARTESIAN_POINT('',(0.192482666847,-0.6));
#4556 = CARTESIAN_POINT('',(9.508397962262E-02,-0.6));
#4557 = CARTESIAN_POINT('',(0.,-0.6));
#4558 = ( GEOMETRIC_REPRESENTATION_CONTEXT(2) 
PARAMETRIC_REPRESENTATION_CONTEXT() REPRESENTATION_CONTEXT('2D SPACE',''
  ) );
#4559 = ORIENTED_EDGE('',*,*,#4560,.F.);
#4560 = EDGE_CURVE('',#4561,#4510,#4563,.T.);
#4561 = VERTEX_POINT('',#4562);
#4562 = CARTESIAN_POINT('',(-0.42626953125,16.942138671875,18.4));
#4563 = SURFACE_CURVE('',#4564,(#4575,#4589),.PCURVE_S1.);
#4564 = B_SPLINE_CURVE_WITH_KNOTS('',5,(#4565,#4566,#4567,#4568,#4569,
    #4570,#4571,#4572,#4573,#4574),.UNSPECIFIED.,.F.,.F.,(6,4,6),(0.,
    0.381635784922,1.),.UNSPECIFIED.);
#4565 = CARTESIAN_POINT('',(-0.42626953125,16.942138671875,18.4));
#4566 = CARTESIAN_POINT('',(-0.533870364499,16.883174747772,18.4));
#4567 = CARTESIAN_POINT('',(-0.637827340677,16.8184706634,18.4));
#4568 = CARTESIAN_POINT('',(-0.737660851399,16.747993467597,18.4));
#4569 = CARTESIAN_POINT('',(-0.832951536438,16.671845139681,18.4));
#4570 = CARTESIAN_POINT('',(-1.069901262812,16.458212217856,18.4));
#4571 = CARTESIAN_POINT('',(-1.203707891909,16.311934180835,18.4));
#4572 = CARTESIAN_POINT('',(-1.323352224903,16.15276050614,18.4));
#4573 = CARTESIAN_POINT('',(-1.428765699903,15.982721137528,18.4));
#4574 = CARTESIAN_POINT('',(-1.5205078125,15.803955078125,18.4));
#4575 = PCURVE('',#522,#4576);
#4576 = DEFINITIONAL_REPRESENTATION('',(#4577),#4588);
#4577 = B_SPLINE_CURVE_WITH_KNOTS('',5,(#4578,#4579,#4580,#4581,#4582,
    #4583,#4584,#4585,#4586,#4587),.UNSPECIFIED.,.F.,.F.,(6,4,6),(0.,
    0.381635784922,1.),.UNSPECIFIED.);
#4578 = CARTESIAN_POINT('',(-0.42626953125,16.942138671875));
#4579 = CARTESIAN_POINT('',(-0.533870364499,16.883174747772));
#4580 = CARTESIAN_POINT('',(-0.637827340677,16.8184706634));
#4581 = CARTESIAN_POINT('',(-0.737660851399,16.747993467597));
#4582 = CARTESIAN_POINT('',(-0.832951536438,16.671845139681));
#4583 = CARTESIAN_POINT('',(-1.069901262812,16.458212217856));
#4584 = CARTESIAN_POINT('',(-1.203707891909,16.311934180835));
#4585 = CARTESIAN_POINT('',(-1.323352224903,16.15276050614));
#4586 = CARTESIAN_POINT('',(-1.428765699903,15.982721137528));
#4587 = CARTESIAN_POINT('',(-1.5205078125,15.803955078125));
#4588 = ( GEOMETRIC_REPRESENTATION_CONTEXT(2) 
PARAMETRIC_REPRESENTATION_CONTEXT() REPRESENTATION_CONTEXT('2D SPACE',''
  ) );
#4589 = PCURVE('',#4590,#4597);
#4590 = SURFACE_OF_LINEAR_EXTRUSION('',#4591,#4595);
#4591 = B_SPLINE_CURVE_WITH_KNOTS('',2,(#4592,#4593,#4594),
  .UNSPECIFIED.,.F.,.F.,(3,3),(0.,1.),.PIECEWISE_BEZIER_KNOTS.);
#4592 = CARTESIAN_POINT('',(-1.5205078125,15.803955078125,17.8));
#4593 = CARTESIAN_POINT('',(-1.135986328125,16.55322265625,17.8));
#4594 = CARTESIAN_POINT('',(-0.42626953125,16.942138671875,17.8));
#4595 = VECTOR('',#4596,1.);
#4596 = DIRECTION('',(-0.,-0.,-1.));
#4597 = DEFINITIONAL_REPRESENTATION('',(#4598),#4609);
#4598 = B_SPLINE_CURVE_WITH_KNOTS('',5,(#4599,#4600,#4601,#4602,#4603,
    #4604,#4605,#4606,#4607,#4608),.UNSPECIFIED.,.F.,.F.,(6,4,6),(0.,
    0.381635784922,1.),.UNSPECIFIED.);
#4599 = CARTESIAN_POINT('',(1.,-0.6));
#4600 = CARTESIAN_POINT('',(0.92419452821,-0.6));
#4601 = CARTESIAN_POINT('',(0.847664863738,-0.6));
#4602 = CARTESIAN_POINT('',(0.770623072343,-0.6));
#4603 = CARTESIAN_POINT('',(0.693310219016,-0.6));
#4604 = CARTESIAN_POINT('',(0.490734302212,-0.6));
#4605 = CARTESIAN_POINT('',(0.365432050094,-0.6));
#4606 = CARTESIAN_POINT('',(0.241319952465,-0.6));
#4607 = CARTESIAN_POINT('',(0.119293870856,-0.6));
#4608 = CARTESIAN_POINT('',(0.,-0.6));
#4609 = ( GEOMETRIC_REPRESENTATION_CONTEXT(2) 
PARAMETRIC_REPRESENTATION_CONTEXT() REPRESENTATION_CONTEXT('2D SPACE',''
  ) );
#4610 = ORIENTED_EDGE('',*,*,#4611,.F.);
#4611 = EDGE_CURVE('',#4612,#4561,#4614,.T.);
#4612 = VERTEX_POINT('',#4613);
#4613 = CARTESIAN_POINT('',(1.135986328125,17.3310546875,18.4));
#4614 = SURFACE_CURVE('',#4615,(#4626,#4640),.PCURVE_S1.);
#4615 = B_SPLINE_CURVE_WITH_KNOTS('',5,(#4616,#4617,#4618,#4619,#4620,
    #4621,#4622,#4623,#4624,#4625),.UNSPECIFIED.,.F.,.F.,(6,4,6),(0.,
    0.71267981934,1.),.UNSPECIFIED.);
#4616 = CARTESIAN_POINT('',(1.135986328125,17.3310546875,18.4));
#4617 = CARTESIAN_POINT('',(0.901156673585,17.3310546875,18.4));
#4618 = CARTESIAN_POINT('',(0.66798220574,17.312611811991,18.4));
#4619 = CARTESIAN_POINT('',(0.438286404798,17.274122878959,18.4));
#4620 = CARTESIAN_POINT('',(0.21408839062,17.214668789658,18.4));
#4621 = CARTESIAN_POINT('',(-8.999041344101E-02,17.102884137599,18.4));
#4622 = CARTESIAN_POINT('',(-0.176150635353,17.067477351592,18.4));
#4623 = CARTESIAN_POINT('',(-0.260982353621,17.028827292786,18.4));
#4624 = CARTESIAN_POINT('',(-0.344383268923,16.987011329559,18.4));
#4625 = CARTESIAN_POINT('',(-0.42626953125,16.942138671875,18.4));
#4626 = PCURVE('',#522,#4627);
#4627 = DEFINITIONAL_REPRESENTATION('',(#4628),#4639);
#4628 = B_SPLINE_CURVE_WITH_KNOTS('',5,(#4629,#4630,#4631,#4632,#4633,
    #4634,#4635,#4636,#4637,#4638),.UNSPECIFIED.,.F.,.F.,(6,4,6),(0.,
    0.71267981934,1.),.UNSPECIFIED.);
#4629 = CARTESIAN_POINT('',(1.135986328125,17.3310546875));
#4630 = CARTESIAN_POINT('',(0.901156673585,17.3310546875));
#4631 = CARTESIAN_POINT('',(0.66798220574,17.312611811991));
#4632 = CARTESIAN_POINT('',(0.438286404798,17.274122878959));
#4633 = CARTESIAN_POINT('',(0.21408839062,17.214668789658));
#4634 = CARTESIAN_POINT('',(-8.999041344101E-02,17.102884137599));
#4635 = CARTESIAN_POINT('',(-0.176150635353,17.067477351592));
#4636 = CARTESIAN_POINT('',(-0.260982353621,17.028827292786));
#4637 = CARTESIAN_POINT('',(-0.344383268923,16.987011329559));
#4638 = CARTESIAN_POINT('',(-0.42626953125,16.942138671875));
#4639 = ( GEOMETRIC_REPRESENTATION_CONTEXT(2) 
PARAMETRIC_REPRESENTATION_CONTEXT() REPRESENTATION_CONTEXT('2D SPACE',''
  ) );
#4640 = PCURVE('',#4641,#4648);
#4641 = SURFACE_OF_LINEAR_EXTRUSION('',#4642,#4646);
#4642 = B_SPLINE_CURVE_WITH_KNOTS('',2,(#4643,#4644,#4645),
  .UNSPECIFIED.,.F.,.F.,(3,3),(0.,1.),.PIECEWISE_BEZIER_KNOTS.);
#4643 = CARTESIAN_POINT('',(-0.42626953125,16.942138671875,17.8));
#4644 = CARTESIAN_POINT('',(0.283447265625,17.3310546875,17.8));
#4645 = CARTESIAN_POINT('',(1.135986328125,17.3310546875,17.8));
#4646 = VECTOR('',#4647,1.);
#4647 = DIRECTION('',(-0.,-0.,-1.));
#4648 = DEFINITIONAL_REPRESENTATION('',(#4649),#4660);
#4649 = B_SPLINE_CURVE_WITH_KNOTS('',5,(#4650,#4651,#4652,#4653,#4654,
    #4655,#4656,#4657,#4658,#4659),.UNSPECIFIED.,.F.,.F.,(6,4,6),(0.,
    0.71267981934,1.),.UNSPECIFIED.);
#4650 = CARTESIAN_POINT('',(1.,-0.6));
#4651 = CARTESIAN_POINT('',(0.86227630799,-0.6));
#4652 = CARTESIAN_POINT('',(0.721551216443,-0.6));
#4653 = CARTESIAN_POINT('',(0.578548880477,-0.6));
#4654 = CARTESIAN_POINT('',(0.434255529225,-0.6));
#4655 = CARTESIAN_POINT('',(0.231842713104,-0.6));
#4656 = CARTESIAN_POINT('',(0.173685428406,-0.6));
#4657 = CARTESIAN_POINT('',(0.115608768319,-0.6));
#4658 = CARTESIAN_POINT('',(5.768939292943E-02,-0.6));
#4659 = CARTESIAN_POINT('',(0.,-0.6));
#4660 = ( GEOMETRIC_REPRESENTATION_CONTEXT(2) 
PARAMETRIC_REPRESENTATION_CONTEXT() REPRESENTATION_CONTEXT('2D SPACE',''
  ) );
#4661 = ORIENTED_EDGE('',*,*,#4662,.F.);
#4662 = EDGE_CURVE('',#4663,#4612,#4665,.T.);
#4663 = VERTEX_POINT('',#4664);
#4664 = CARTESIAN_POINT('',(2.761962890625,16.8388671875,18.4));
#4665 = SURFACE_CURVE('',#4666,(#4684,#4705),.PCURVE_S1.);
#4666 = B_SPLINE_CURVE_WITH_KNOTS('',6,(#4667,#4668,#4669,#4670,#4671,
    #4672,#4673,#4674,#4675,#4676,#4677,#4678,#4679,#4680,#4681,#4682,
    #4683),.UNSPECIFIED.,.F.,.F.,(7,5,5,7),(0.,0.11255415166,
    0.529467125525,1.),.UNSPECIFIED.);
#4667 = CARTESIAN_POINT('',(2.761962890625,16.8388671875,18.4));
#4668 = CARTESIAN_POINT('',(2.736297667427,16.858030554154,18.4));
#4669 = CARTESIAN_POINT('',(2.710327090451,16.876765331305,18.4));
#4670 = CARTESIAN_POINT('',(2.684056389713,16.89506514616,18.4));
#4671 = CARTESIAN_POINT('',(2.65749133036,16.912924320512,18.4));
#4672 = CARTESIAN_POINT('',(2.630638212674,16.930337870741,18.4));
#4673 = CARTESIAN_POINT('',(2.50299528604,17.010136687811,18.4));
#4674 = CARTESIAN_POINT('',(2.398617186155,17.066805808599,18.4));
#4675 = CARTESIAN_POINT('',(2.290740119008,17.117073588062,18.4));
#4676 = CARTESIAN_POINT('',(2.179783065051,17.160886609224,18.4));
#4677 = CARTESIAN_POINT('',(2.066194435027,17.1983338093,18.4));
#4678 = CARTESIAN_POINT('',(1.819783427406,17.264902223473,18.4));
#4679 = CARTESIAN_POINT('',(1.686350883806,17.292337355408,18.4));
#4680 = CARTESIAN_POINT('',(1.550750521982,17.312196843649,18.4));
#4681 = CARTESIAN_POINT('',(1.413534632342,17.324934884483,18.4));
#4682 = CARTESIAN_POINT('',(1.275162345145,17.3310546875,18.4));
#4683 = CARTESIAN_POINT('',(1.135986328125,17.3310546875,18.4));
#4684 = PCURVE('',#522,#4685);
#4685 = DEFINITIONAL_REPRESENTATION('',(#4686),#4704);
#4686 = B_SPLINE_CURVE_WITH_KNOTS('',6,(#4687,#4688,#4689,#4690,#4691,
    #4692,#4693,#4694,#4695,#4696,#4697,#4698,#4699,#4700,#4701,#4702,
    #4703),.UNSPECIFIED.,.F.,.F.,(7,5,5,7),(0.,0.11255415166,
    0.529467125525,1.),.UNSPECIFIED.);
#4687 = CARTESIAN_POINT('',(2.761962890625,16.8388671875));
#4688 = CARTESIAN_POINT('',(2.736297667427,16.858030554154));
#4689 = CARTESIAN_POINT('',(2.710327090451,16.876765331305));
#4690 = CARTESIAN_POINT('',(2.684056389713,16.89506514616));
#4691 = CARTESIAN_POINT('',(2.65749133036,16.912924320512));
#4692 = CARTESIAN_POINT('',(2.630638212674,16.930337870741));
#4693 = CARTESIAN_POINT('',(2.50299528604,17.010136687811));
#4694 = CARTESIAN_POINT('',(2.398617186155,17.066805808599));
#4695 = CARTESIAN_POINT('',(2.290740119008,17.117073588062));
#4696 = CARTESIAN_POINT('',(2.179783065051,17.160886609224));
#4697 = CARTESIAN_POINT('',(2.066194435027,17.1983338093));
#4698 = CARTESIAN_POINT('',(1.819783427406,17.264902223473));
#4699 = CARTESIAN_POINT('',(1.686350883806,17.292337355408));
#4700 = CARTESIAN_POINT('',(1.550750521982,17.312196843649));
#4701 = CARTESIAN_POINT('',(1.413534632342,17.324934884483));
#4702 = CARTESIAN_POINT('',(1.275162345145,17.3310546875));
#4703 = CARTESIAN_POINT('',(1.135986328125,17.3310546875));
#4704 = ( GEOMETRIC_REPRESENTATION_CONTEXT(2) 
PARAMETRIC_REPRESENTATION_CONTEXT() REPRESENTATION_CONTEXT('2D SPACE',''
  ) );
#4705 = PCURVE('',#4706,#4713);
#4706 = SURFACE_OF_LINEAR_EXTRUSION('',#4707,#4711);
#4707 = B_SPLINE_CURVE_WITH_KNOTS('',2,(#4708,#4709,#4710),
  .UNSPECIFIED.,.F.,.F.,(3,3),(0.,1.),.PIECEWISE_BEZIER_KNOTS.);
#4708 = CARTESIAN_POINT('',(1.135986328125,17.3310546875,17.8));
#4709 = CARTESIAN_POINT('',(2.102783203125,17.3310546875,17.8));
#4710 = CARTESIAN_POINT('',(2.761962890625,16.8388671875,17.8));
#4711 = VECTOR('',#4712,1.);
#4712 = DIRECTION('',(-0.,-0.,-1.));
#4713 = DEFINITIONAL_REPRESENTATION('',(#4714),#4732);
#4714 = B_SPLINE_CURVE_WITH_KNOTS('',6,(#4715,#4716,#4717,#4718,#4719,
    #4720,#4721,#4722,#4723,#4724,#4725,#4726,#4727,#4728,#4729,#4730,
    #4731),.UNSPECIFIED.,.F.,.F.,(7,5,5,7),(0.,0.11255415166,
    0.529467125525,1.),.UNSPECIFIED.);
#4715 = CARTESIAN_POINT('',(1.,-0.6));
#4716 = CARTESIAN_POINT('',(0.980532452923,-0.6));
#4717 = CARTESIAN_POINT('',(0.961045519488,-0.6));
#4718 = CARTESIAN_POINT('',(0.941543964406,-0.6));
#4719 = CARTESIAN_POINT('',(0.922032604627,-0.6));
#4720 = CARTESIAN_POINT('',(0.902516309346,-0.6));
#4721 = CARTESIAN_POINT('',(0.810709440761,-0.6));
#4722 = CARTESIAN_POINT('',(0.73841074804,-0.6));
#4723 = CARTESIAN_POINT('',(0.666371608841,-0.6));
#4724 = CARTESIAN_POINT('',(0.594825974095,-0.6));
#4725 = CARTESIAN_POINT('',(0.523977001775,-0.6));
#4726 = CARTESIAN_POINT('',(0.375023134667,-0.6));
#4727 = CARTESIAN_POINT('',(0.297147675533,-0.6));
#4728 = CARTESIAN_POINT('',(0.220599775037,-0.6));
#4729 = CARTESIAN_POINT('',(0.145518251237,-0.6));
#4730 = CARTESIAN_POINT('',(7.197789971125E-02,-0.6));
#4731 = CARTESIAN_POINT('',(0.,-0.6));
#4732 = ( GEOMETRIC_REPRESENTATION_CONTEXT(2) 
PARAMETRIC_REPRESENTATION_CONTEXT() REPRESENTATION_CONTEXT('2D SPACE',''
  ) );
#4733 = ORIENTED_EDGE('',*,*,#4734,.F.);
#4734 = EDGE_CURVE('',#4735,#4663,#4737,.T.);
#4735 = VERTEX_POINT('',#4736);
#4736 = CARTESIAN_POINT('',(3.680419921875,15.45458984375,18.4));
#4737 = SURFACE_CURVE('',#4738,(#4753,#4771),.PCURVE_S1.);
#4738 = B_SPLINE_CURVE_WITH_KNOTS('',5,(#4739,#4740,#4741,#4742,#4743,
    #4744,#4745,#4746,#4747,#4748,#4749,#4750,#4751,#4752),
  .UNSPECIFIED.,.F.,.F.,(6,4,4,6),(0.,0.415778066107,0.796290079514,1.),
  .UNSPECIFIED.);
#4739 = CARTESIAN_POINT('',(3.680419921875,15.45458984375,18.4));
#4740 = CARTESIAN_POINT('',(3.640255197166,15.592783727071,18.4));
#4741 = CARTESIAN_POINT('',(3.593206647588,15.728026025526,18.4));
#4742 = CARTESIAN_POINT('',(3.538790845362,15.859645031703,18.4));
#4743 = CARTESIAN_POINT('',(3.476588428644,15.986808845853,18.4));
#4744 = CARTESIAN_POINT('',(3.342346171438,16.220188293703,18.4));
#4745 = CARTESIAN_POINT('',(3.271582214388,16.32727744294,18.4));
#4746 = CARTESIAN_POINT('',(3.194137688739,16.429255118613,18.4));
#4747 = CARTESIAN_POINT('',(3.110143981431,16.52552641933,18.4));
#4748 = CARTESIAN_POINT('',(2.971789678146,16.663920861746,18.4));
#4749 = CARTESIAN_POINT('',(2.921791104095,16.71042182465,18.4));
#4750 = CARTESIAN_POINT('',(2.870099585503,16.755104886615,18.4));
#4751 = CARTESIAN_POINT('',(2.816792845941,16.797927487531,18.4));
#4752 = CARTESIAN_POINT('',(2.761962890625,16.8388671875,18.4));
#4753 = PCURVE('',#522,#4754);
#4754 = DEFINITIONAL_REPRESENTATION('',(#4755),#4770);
#4755 = B_SPLINE_CURVE_WITH_KNOTS('',5,(#4756,#4757,#4758,#4759,#4760,
    #4761,#4762,#4763,#4764,#4765,#4766,#4767,#4768,#4769),
  .UNSPECIFIED.,.F.,.F.,(6,4,4,6),(0.,0.415778066107,0.796290079514,1.),
  .UNSPECIFIED.);
#4756 = CARTESIAN_POINT('',(3.680419921875,15.45458984375));
#4757 = CARTESIAN_POINT('',(3.640255197166,15.592783727071));
#4758 = CARTESIAN_POINT('',(3.593206647588,15.728026025526));
#4759 = CARTESIAN_POINT('',(3.538790845362,15.859645031703));
#4760 = CARTESIAN_POINT('',(3.476588428644,15.986808845853));
#4761 = CARTESIAN_POINT('',(3.342346171438,16.220188293703));
#4762 = CARTESIAN_POINT('',(3.271582214388,16.32727744294));
#4763 = CARTESIAN_POINT('',(3.194137688739,16.429255118613));
#4764 = CARTESIAN_POINT('',(3.110143981431,16.52552641933));
#4765 = CARTESIAN_POINT('',(2.971789678146,16.663920861746));
#4766 = CARTESIAN_POINT('',(2.921791104095,16.71042182465));
#4767 = CARTESIAN_POINT('',(2.870099585503,16.755104886615));
#4768 = CARTESIAN_POINT('',(2.816792845941,16.797927487531));
#4769 = CARTESIAN_POINT('',(2.761962890625,16.8388671875));
#4770 = ( GEOMETRIC_REPRESENTATION_CONTEXT(2) 
PARAMETRIC_REPRESENTATION_CONTEXT() REPRESENTATION_CONTEXT('2D SPACE',''
  ) );
#4771 = PCURVE('',#4772,#4779);
#4772 = SURFACE_OF_LINEAR_EXTRUSION('',#4773,#4777);
#4773 = B_SPLINE_CURVE_WITH_KNOTS('',2,(#4774,#4775,#4776),
  .UNSPECIFIED.,.F.,.F.,(3,3),(0.,1.),.PIECEWISE_BEZIER_KNOTS.);
#4774 = CARTESIAN_POINT('',(2.761962890625,16.8388671875,17.8));
#4775 = CARTESIAN_POINT('',(3.421142578125,16.3466796875,17.8));
#4776 = CARTESIAN_POINT('',(3.680419921875,15.45458984375,17.8));
#4777 = VECTOR('',#4778,1.);
#4778 = DIRECTION('',(-0.,-0.,-1.));
#4779 = DEFINITIONAL_REPRESENTATION('',(#4780),#4795);
#4780 = B_SPLINE_CURVE_WITH_KNOTS('',5,(#4781,#4782,#4783,#4784,#4785,
    #4786,#4787,#4788,#4789,#4790,#4791,#4792,#4793,#4794),
  .UNSPECIFIED.,.F.,.F.,(6,4,4,6),(0.,0.415778066107,0.796290079514,1.),
  .UNSPECIFIED.);
#4781 = CARTESIAN_POINT('',(1.,-0.6));
#4782 = CARTESIAN_POINT('',(0.922544862331,-0.6));
#4783 = CARTESIAN_POINT('',(0.843382085238,-0.6));
#4784 = CARTESIAN_POINT('',(0.762593432225,-0.6));
#4785 = CARTESIAN_POINT('',(0.680358054613,-0.6));
#4786 = CARTESIAN_POINT('',(0.520712326888,-0.6));
#4787 = CARTESIAN_POINT('',(0.443476711604,-0.6));
#4788 = CARTESIAN_POINT('',(0.365559691183,-0.6));
#4789 = CARTESIAN_POINT('',(0.28727666819,-0.6));
#4790 = CARTESIAN_POINT('',(0.167094006783,-0.6));
#4791 = CARTESIAN_POINT('',(0.125187507274,-0.6));
#4792 = CARTESIAN_POINT('',(8.333527212089E-02,-0.6));
#4793 = CARTESIAN_POINT('',(4.15895364769E-02,-0.6));
#4794 = CARTESIAN_POINT('',(0.,-0.6));
#4795 = ( GEOMETRIC_REPRESENTATION_CONTEXT(2) 
PARAMETRIC_REPRESENTATION_CONTEXT() REPRESENTATION_CONTEXT('2D SPACE',''
  ) );
#4796 = ORIENTED_EDGE('',*,*,#4797,.F.);
#4797 = EDGE_CURVE('',#4798,#4735,#4800,.T.);
#4798 = VERTEX_POINT('',#4799);
#4799 = CARTESIAN_POINT('',(2.841064453125,15.2568359375,18.4));
#4800 = SURFACE_CURVE('',#4801,(#4805,#4811),.PCURVE_S1.);
#4801 = LINE('',#4802,#4803);
#4802 = CARTESIAN_POINT('',(0.212160444431,14.637460647493,18.4));
#4803 = VECTOR('',#4804,1.);
#4804 = DIRECTION('',(0.973350293123,0.22932336749,-0.));
#4805 = PCURVE('',#522,#4806);
#4806 = DEFINITIONAL_REPRESENTATION('',(#4807),#4810);
#4807 = B_SPLINE_CURVE_WITH_KNOTS('',1,(#4808,#4809),.UNSPECIFIED.,.F.,
  .F.,(2,2),(2.7008817147,3.563218197958),.PIECEWISE_BEZIER_KNOTS.);
#4808 = CARTESIAN_POINT('',(2.841064453125,15.2568359375));
#4809 = CARTESIAN_POINT('',(3.680419921875,15.45458984375));
#4810 = ( GEOMETRIC_REPRESENTATION_CONTEXT(2) 
PARAMETRIC_REPRESENTATION_CONTEXT() REPRESENTATION_CONTEXT('2D SPACE',''
  ) );
#4811 = PCURVE('',#4812,#4817);
#4812 = PLANE('',#4813);
#4813 = AXIS2_PLACEMENT_3D('',#4814,#4815,#4816);
#4814 = CARTESIAN_POINT('',(3.680419921875,15.45458984375,17.8));
#4815 = DIRECTION('',(0.22932336749,-0.973350293123,0.));
#4816 = DIRECTION('',(-0.973350293123,-0.22932336749,0.));
#4817 = DEFINITIONAL_REPRESENTATION('',(#4818),#4821);
#4818 = B_SPLINE_CURVE_WITH_KNOTS('',1,(#4819,#4820),.UNSPECIFIED.,.F.,
  .F.,(2,2),(2.7008817147,3.563218197958),.PIECEWISE_BEZIER_KNOTS.);
#4819 = CARTESIAN_POINT('',(0.862336483258,-0.6));
#4820 = CARTESIAN_POINT('',(0.,-0.6));
#4821 = ( GEOMETRIC_REPRESENTATION_CONTEXT(2) 
PARAMETRIC_REPRESENTATION_CONTEXT() REPRESENTATION_CONTEXT('2D SPACE',''
  ) );
#4822 = ORIENTED_EDGE('',*,*,#4823,.F.);
#4823 = EDGE_CURVE('',#4824,#4798,#4826,.T.);
#4824 = VERTEX_POINT('',#4825);
#4825 = CARTESIAN_POINT('',(2.190673828125,16.28076171875,18.4));
#4826 = SURFACE_CURVE('',#4827,(#4840,#4856),.PCURVE_S1.);
#4827 = B_SPLINE_CURVE_WITH_KNOTS('',6,(#4828,#4829,#4830,#4831,#4832,
    #4833,#4834,#4835,#4836,#4837,#4838,#4839),.UNSPECIFIED.,.F.,.F.,(7,
    5,7),(0.,0.476345049118,1.),.UNSPECIFIED.);
#4828 = CARTESIAN_POINT('',(2.190673828125,16.28076171875,18.4));
#4829 = CARTESIAN_POINT('',(2.264220634116,16.225412060633,18.4));
#4830 = CARTESIAN_POINT('',(2.333641971391,16.163621111007,18.4));
#4831 = CARTESIAN_POINT('',(2.398688158525,16.095827347312,18.4));
#4832 = CARTESIAN_POINT('',(2.45931578491,16.022609329919,18.4));
#4833 = CARTESIAN_POINT('',(2.515604053675,15.944580981789,18.4));
#4834 = CARTESIAN_POINT('',(2.624983103752,15.771911023346,18.4));
#4835 = CARTESIAN_POINT('',(2.677203499583,15.676385119396,18.4));
#4836 = CARTESIAN_POINT('',(2.724597697497,15.576490921081,18.4));
#4837 = CARTESIAN_POINT('',(2.767485159288,15.472912999342,18.4));
#4838 = CARTESIAN_POINT('',(2.806198978748,15.366217817899,18.4));
#4839 = CARTESIAN_POINT('',(2.841064453125,15.2568359375,18.4));
#4840 = PCURVE('',#522,#4841);
#4841 = DEFINITIONAL_REPRESENTATION('',(#4842),#4855);
#4842 = B_SPLINE_CURVE_WITH_KNOTS('',6,(#4843,#4844,#4845,#4846,#4847,
    #4848,#4849,#4850,#4851,#4852,#4853,#4854),.UNSPECIFIED.,.F.,.F.,(7,
    5,7),(0.,0.476345049118,1.),.UNSPECIFIED.);
#4843 = CARTESIAN_POINT('',(2.190673828125,16.28076171875));
#4844 = CARTESIAN_POINT('',(2.264220634116,16.225412060633));
#4845 = CARTESIAN_POINT('',(2.333641971391,16.163621111007));
#4846 = CARTESIAN_POINT('',(2.398688158525,16.095827347312));
#4847 = CARTESIAN_POINT('',(2.45931578491,16.022609329919));
#4848 = CARTESIAN_POINT('',(2.515604053675,15.944580981789));
#4849 = CARTESIAN_POINT('',(2.624983103752,15.771911023346));
#4850 = CARTESIAN_POINT('',(2.677203499583,15.676385119396));
#4851 = CARTESIAN_POINT('',(2.724597697497,15.576490921081));
#4852 = CARTESIAN_POINT('',(2.767485159288,15.472912999342));
#4853 = CARTESIAN_POINT('',(2.806198978748,15.366217817899));
#4854 = CARTESIAN_POINT('',(2.841064453125,15.2568359375));
#4855 = ( GEOMETRIC_REPRESENTATION_CONTEXT(2) 
PARAMETRIC_REPRESENTATION_CONTEXT() REPRESENTATION_CONTEXT('2D SPACE',''
  ) );
#4856 = PCURVE('',#4857,#4864);
#4857 = SURFACE_OF_LINEAR_EXTRUSION('',#4858,#4862);
#4858 = B_SPLINE_CURVE_WITH_KNOTS('',2,(#4859,#4860,#4861),
  .UNSPECIFIED.,.F.,.F.,(3,3),(0.,1.),.PIECEWISE_BEZIER_KNOTS.);
#4859 = CARTESIAN_POINT('',(2.841064453125,15.2568359375,17.8));
#4860 = CARTESIAN_POINT('',(2.616943359375,15.9599609375,17.8));
#4861 = CARTESIAN_POINT('',(2.190673828125,16.28076171875,17.8));
#4862 = VECTOR('',#4863,1.);
#4863 = DIRECTION('',(-0.,-0.,-1.));
#4864 = DEFINITIONAL_REPRESENTATION('',(#4865),#4878);
#4865 = B_SPLINE_CURVE_WITH_KNOTS('',6,(#4866,#4867,#4868,#4869,#4870,
    #4871,#4872,#4873,#4874,#4875,#4876,#4877),.UNSPECIFIED.,.F.,.F.,(7,
    5,7),(0.,0.476345049118,1.),.UNSPECIFIED.);
#4866 = CARTESIAN_POINT('',(1.,-0.6));
#4867 = CARTESIAN_POINT('',(0.913732039708,-0.6));
#4868 = CARTESIAN_POINT('',(0.828067991538,-0.6));
#4869 = CARTESIAN_POINT('',(0.743411890981,-0.6));
#4870 = CARTESIAN_POINT('',(0.660056843364,-0.6));
#4871 = CARTESIAN_POINT('',(0.578208759594,-0.6));
#4872 = CARTESIAN_POINT('',(0.409825022337,-0.6));
#4873 = CARTESIAN_POINT('',(0.323627375069,-0.6));
#4874 = CARTESIAN_POINT('',(0.239541302139,-0.6));
#4875 = CARTESIAN_POINT('',(0.157602460611,-0.6));
#4876 = CARTESIAN_POINT('',(7.778267050579E-02,-0.6));
#4877 = CARTESIAN_POINT('',(0.,-0.6));
#4878 = ( GEOMETRIC_REPRESENTATION_CONTEXT(2) 
PARAMETRIC_REPRESENTATION_CONTEXT() REPRESENTATION_CONTEXT('2D SPACE',''
  ) );
#4879 = ORIENTED_EDGE('',*,*,#4880,.F.);
#4880 = EDGE_CURVE('',#4881,#4824,#4883,.T.);
#4881 = VERTEX_POINT('',#4882);
#4882 = CARTESIAN_POINT('',(1.118408203125,16.6015625,18.4));
#4883 = SURFACE_CURVE('',#4884,(#4899,#4917),.PCURVE_S1.);
#4884 = B_SPLINE_CURVE_WITH_KNOTS('',5,(#4885,#4886,#4887,#4888,#4889,
    #4890,#4891,#4892,#4893,#4894,#4895,#4896,#4897,#4898),
  .UNSPECIFIED.,.F.,.F.,(6,4,4,6),(0.,0.484617095948,0.940242640734,1.),
  .UNSPECIFIED.);
#4885 = CARTESIAN_POINT('',(1.118408203125,16.6015625,18.4));
#4886 = CARTESIAN_POINT('',(1.23465407936,16.6015625,18.4));
#4887 = CARTESIAN_POINT('',(1.349236819136,16.595069332308,18.4));
#4888 = CARTESIAN_POINT('',(1.461640866595,16.581465351402,18.4));
#4889 = CARTESIAN_POINT('',(1.571181516104,16.560125146483,18.4));
#4890 = CARTESIAN_POINT('',(1.776695508685,16.503030530407,18.4));
#4891 = CARTESIAN_POINT('',(1.873101399963,16.468211887194,18.4));
#4892 = CARTESIAN_POINT('',(1.965664986604,16.425959880339,18.4));
#4893 = CARTESIAN_POINT('',(2.053778043674,16.376217025447,18.4));
#4894 = CARTESIAN_POINT('',(2.14788301331,16.311843961602,18.4));
#4895 = CARTESIAN_POINT('',(2.158709796588,16.304256679833,18.4));
#4896 = CARTESIAN_POINT('',(2.169451134698,16.296546688646,18.4));
#4897 = CARTESIAN_POINT('',(2.180106099687,16.288714751492,18.4));
#4898 = CARTESIAN_POINT('',(2.190673828125,16.28076171875,18.4));
#4899 = PCURVE('',#522,#4900);
#4900 = DEFINITIONAL_REPRESENTATION('',(#4901),#4916);
#4901 = B_SPLINE_CURVE_WITH_KNOTS('',5,(#4902,#4903,#4904,#4905,#4906,
    #4907,#4908,#4909,#4910,#4911,#4912,#4913,#4914,#4915),
  .UNSPECIFIED.,.F.,.F.,(6,4,4,6),(0.,0.484617095948,0.940242640734,1.),
  .UNSPECIFIED.);
#4902 = CARTESIAN_POINT('',(1.118408203125,16.6015625));
#4903 = CARTESIAN_POINT('',(1.23465407936,16.6015625));
#4904 = CARTESIAN_POINT('',(1.349236819136,16.595069332308));
#4905 = CARTESIAN_POINT('',(1.461640866595,16.581465351402));
#4906 = CARTESIAN_POINT('',(1.571181516104,16.560125146483));
#4907 = CARTESIAN_POINT('',(1.776695508685,16.503030530407));
#4908 = CARTESIAN_POINT('',(1.873101399963,16.468211887194));
#4909 = CARTESIAN_POINT('',(1.965664986604,16.425959880339));
#4910 = CARTESIAN_POINT('',(2.053778043674,16.376217025447));
#4911 = CARTESIAN_POINT('',(2.14788301331,16.311843961602));
#4912 = CARTESIAN_POINT('',(2.158709796588,16.304256679833));
#4913 = CARTESIAN_POINT('',(2.169451134698,16.296546688646));
#4914 = CARTESIAN_POINT('',(2.180106099687,16.288714751492));
#4915 = CARTESIAN_POINT('',(2.190673828125,16.28076171875));
#4916 = ( GEOMETRIC_REPRESENTATION_CONTEXT(2) 
PARAMETRIC_REPRESENTATION_CONTEXT() REPRESENTATION_CONTEXT('2D SPACE',''
  ) );
#4917 = PCURVE('',#4918,#4925);
#4918 = SURFACE_OF_LINEAR_EXTRUSION('',#4919,#4923);
#4919 = B_SPLINE_CURVE_WITH_KNOTS('',2,(#4920,#4921,#4922),
  .UNSPECIFIED.,.F.,.F.,(3,3),(0.,1.),.PIECEWISE_BEZIER_KNOTS.);
#4920 = CARTESIAN_POINT('',(2.190673828125,16.28076171875,17.8));
#4921 = CARTESIAN_POINT('',(1.764404296875,16.6015625,17.8));
#4922 = CARTESIAN_POINT('',(1.118408203125,16.6015625,17.8));
#4923 = VECTOR('',#4924,1.);
#4924 = DIRECTION('',(-0.,-0.,-1.));
#4925 = DEFINITIONAL_REPRESENTATION('',(#4926),#4941);
#4926 = B_SPLINE_CURVE_WITH_KNOTS('',5,(#4927,#4928,#4929,#4930,#4931,
    #4932,#4933,#4934,#4935,#4936,#4937,#4938,#4939,#4940),
  .UNSPECIFIED.,.F.,.F.,(6,4,4,6),(0.,0.484617095948,0.940242640734,1.),
  .UNSPECIFIED.);
#4927 = CARTESIAN_POINT('',(1.,-0.6));
#4928 = CARTESIAN_POINT('',(0.910025867525,-0.6));
#4929 = CARTESIAN_POINT('',(0.817896738526,-0.6));
#4930 = CARTESIAN_POINT('',(0.723684216363,-0.6));
#4931 = CARTESIAN_POINT('',(0.62758670941,-0.6));
#4932 = CARTESIAN_POINT('',(0.438251281248,-0.6));
#4933 = CARTESIAN_POINT('',(0.345174652608,-0.6));
#4934 = CARTESIAN_POINT('',(0.251131268648,-0.6));
#4935 = CARTESIAN_POINT('',(0.15656142,-0.6));
#4936 = CARTESIAN_POINT('',(4.959784034869E-02,-0.6));
#4937 = CARTESIAN_POINT('',(3.719563562378E-02,-0.6));
#4938 = CARTESIAN_POINT('',(2.479451265488E-02,-0.6));
#4939 = CARTESIAN_POINT('',(1.239559441089E-02,-0.6));
#4940 = CARTESIAN_POINT('',(0.,-0.6));
#4941 = ( GEOMETRIC_REPRESENTATION_CONTEXT(2) 
PARAMETRIC_REPRESENTATION_CONTEXT() REPRESENTATION_CONTEXT('2D SPACE',''
  ) );
#4942 = ORIENTED_EDGE('',*,*,#4943,.F.);
#4943 = EDGE_CURVE('',#4944,#4881,#4946,.T.);
#4944 = VERTEX_POINT('',#4945);
#4945 = CARTESIAN_POINT('',(-0.123046875,16.24560546875,18.4));
#4946 = SURFACE_CURVE('',#4947,(#4960,#4976),.PCURVE_S1.);
#4947 = B_SPLINE_CURVE_WITH_KNOTS('',6,(#4948,#4949,#4950,#4951,#4952,
    #4953,#4954,#4955,#4956,#4957,#4958,#4959),.UNSPECIFIED.,.F.,.F.,(7,
    5,7),(0.,0.49778079832,1.),.UNSPECIFIED.);
#4948 = CARTESIAN_POINT('',(-0.123046875,16.24560546875,18.4));
#4949 = CARTESIAN_POINT('',(-3.665937581946E-02,16.307256459355,18.4));
#4950 = CARTESIAN_POINT('',(5.420317141737E-02,16.362561632665,18.4));
#4951 = CARTESIAN_POINT('',(0.149178445038,16.411226967942,18.4));
#4952 = CARTESIAN_POINT('',(0.2478249366,16.453181320165,18.4));
#4953 = CARTESIAN_POINT('',(0.349649469534,16.488526419878,18.4));
#4954 = CARTESIAN_POINT('',(0.559551596318,16.546705548656,18.4));
#4955 = CARTESIAN_POINT('',(0.667693795924,16.569429912809,18.4));
#4956 = CARTESIAN_POINT('',(0.778069639067,16.585897644121,18.4));
#4957 = CARTESIAN_POINT('',(0.890225450255,16.596474173735,18.4));
#4958 = CARTESIAN_POINT('',(1.003774184682,16.6015625,18.4));
#4959 = CARTESIAN_POINT('',(1.118408203125,16.6015625,18.4));
#4960 = PCURVE('',#522,#4961);
#4961 = DEFINITIONAL_REPRESENTATION('',(#4962),#4975);
#4962 = B_SPLINE_CURVE_WITH_KNOTS('',6,(#4963,#4964,#4965,#4966,#4967,
    #4968,#4969,#4970,#4971,#4972,#4973,#4974),.UNSPECIFIED.,.F.,.F.,(7,
    5,7),(0.,0.49778079832,1.),.UNSPECIFIED.);
#4963 = CARTESIAN_POINT('',(-0.123046875,16.24560546875));
#4964 = CARTESIAN_POINT('',(-3.665937581946E-02,16.307256459355));
#4965 = CARTESIAN_POINT('',(5.420317141737E-02,16.362561632665));
#4966 = CARTESIAN_POINT('',(0.149178445038,16.411226967942));
#4967 = CARTESIAN_POINT('',(0.2478249366,16.453181320165));
#4968 = CARTESIAN_POINT('',(0.349649469534,16.488526419878));
#4969 = CARTESIAN_POINT('',(0.559551596318,16.546705548656));
#4970 = CARTESIAN_POINT('',(0.667693795924,16.569429912809));
#4971 = CARTESIAN_POINT('',(0.778069639067,16.585897644121));
#4972 = CARTESIAN_POINT('',(0.890225450255,16.596474173735));
#4973 = CARTESIAN_POINT('',(1.003774184682,16.6015625));
#4974 = CARTESIAN_POINT('',(1.118408203125,16.6015625));
#4975 = ( GEOMETRIC_REPRESENTATION_CONTEXT(2) 
PARAMETRIC_REPRESENTATION_CONTEXT() REPRESENTATION_CONTEXT('2D SPACE',''
  ) );
#4976 = PCURVE('',#4977,#4984);
#4977 = SURFACE_OF_LINEAR_EXTRUSION('',#4978,#4982);
#4978 = B_SPLINE_CURVE_WITH_KNOTS('',2,(#4979,#4980,#4981),
  .UNSPECIFIED.,.F.,.F.,(3,3),(0.,1.),.PIECEWISE_BEZIER_KNOTS.);
#4979 = CARTESIAN_POINT('',(1.118408203125,16.6015625,17.8));
#4980 = CARTESIAN_POINT('',(0.375732421875,16.6015625,17.8));
#4981 = CARTESIAN_POINT('',(-0.123046875,16.24560546875,17.8));
#4982 = VECTOR('',#4983,1.);
#4983 = DIRECTION('',(-0.,-0.,-1.));
#4984 = DEFINITIONAL_REPRESENTATION('',(#4985),#4998);
#4985 = B_SPLINE_CURVE_WITH_KNOTS('',6,(#4986,#4987,#4988,#4989,#4990,
    #4991,#4992,#4993,#4994,#4995,#4996,#4997),.UNSPECIFIED.,.F.,.F.,(7,
    5,7),(0.,0.49778079832,1.),.UNSPECIFIED.);
#4986 = CARTESIAN_POINT('',(1.,-0.6));
#4987 = CARTESIAN_POINT('',(0.913401077669,-0.6));
#4988 = CARTESIAN_POINT('',(0.826716661735,-0.6));
#4989 = CARTESIAN_POINT('',(0.74032631239,-0.6));
#4990 = CARTESIAN_POINT('',(0.654560090186,-0.6));
#4991 = CARTESIAN_POINT('',(0.569703094167,-0.6));
#4992 = CARTESIAN_POINT('',(0.401550577136,-0.6));
#4993 = CARTESIAN_POINT('',(0.318262148734,-0.6));
#4994 = CARTESIAN_POINT('',(0.236356092455,-0.6));
#4995 = CARTESIAN_POINT('',(0.15596926983,-0.6));
#4996 = CARTESIAN_POINT('',(7.717635429683E-02,-0.6));
#4997 = CARTESIAN_POINT('',(0.,-0.6));
#4998 = ( GEOMETRIC_REPRESENTATION_CONTEXT(2) 
PARAMETRIC_REPRESENTATION_CONTEXT() REPRESENTATION_CONTEXT('2D SPACE',''
  ) );
#4999 = ORIENTED_EDGE('',*,*,#5000,.F.);
#5000 = EDGE_CURVE('',#5001,#4944,#5003,.T.);
#5001 = VERTEX_POINT('',#5002);
#5002 = CARTESIAN_POINT('',(-0.823974609375,15.289794921875,18.4));
#5003 = SURFACE_CURVE('',#5004,(#5015,#5029),.PCURVE_S1.);
#5004 = B_SPLINE_CURVE_WITH_KNOTS('',5,(#5005,#5006,#5007,#5008,#5009,
    #5010,#5011,#5012,#5013,#5014),.UNSPECIFIED.,.F.,.F.,(6,4,6),(0.,
    0.587638033482,1.),.UNSPECIFIED.);
#5005 = CARTESIAN_POINT('',(-0.823974609375,15.289794921875,18.4));
#5006 = CARTESIAN_POINT('',(-0.777841354532,15.426690341136,18.4));
#5007 = CARTESIAN_POINT('',(-0.721167252453,15.55827251042,18.4));
#5008 = CARTESIAN_POINT('',(-0.653436300349,15.683269726558,18.4));
#5009 = CARTESIAN_POINT('',(-0.574540885602,15.800485757601,18.4));
#5010 = CARTESIAN_POINT('',(-0.422498147603,15.985266866466,18.4));
#5011 = CARTESIAN_POINT('',(-0.354643219425,16.057228065578,18.4));
#5012 = CARTESIAN_POINT('',(-0.281863782883,16.124667509184,18.4));
#5013 = CARTESIAN_POINT('',(-0.204519327318,16.187462132734,18.4));
#5014 = CARTESIAN_POINT('',(-0.123046875,16.24560546875,18.4));
#5015 = PCURVE('',#522,#5016);
#5016 = DEFINITIONAL_REPRESENTATION('',(#5017),#5028);
#5017 = B_SPLINE_CURVE_WITH_KNOTS('',5,(#5018,#5019,#5020,#5021,#5022,
    #5023,#5024,#5025,#5026,#5027),.UNSPECIFIED.,.F.,.F.,(6,4,6),(0.,
    0.587638033482,1.),.UNSPECIFIED.);
#5018 = CARTESIAN_POINT('',(-0.823974609375,15.289794921875));
#5019 = CARTESIAN_POINT('',(-0.777841354532,15.426690341136));
#5020 = CARTESIAN_POINT('',(-0.721167252453,15.55827251042));
#5021 = CARTESIAN_POINT('',(-0.653436300349,15.683269726558));
#5022 = CARTESIAN_POINT('',(-0.574540885602,15.800485757601));
#5023 = CARTESIAN_POINT('',(-0.422498147603,15.985266866466));
#5024 = CARTESIAN_POINT('',(-0.354643219425,16.057228065578));
#5025 = CARTESIAN_POINT('',(-0.281863782883,16.124667509184));
#5026 = CARTESIAN_POINT('',(-0.204519327318,16.187462132734));
#5027 = CARTESIAN_POINT('',(-0.123046875,16.24560546875));
#5028 = ( GEOMETRIC_REPRESENTATION_CONTEXT(2) 
PARAMETRIC_REPRESENTATION_CONTEXT() REPRESENTATION_CONTEXT('2D SPACE',''
  ) );
#5029 = PCURVE('',#5030,#5037);
#5030 = SURFACE_OF_LINEAR_EXTRUSION('',#5031,#5035);
#5031 = B_SPLINE_CURVE_WITH_KNOTS('',2,(#5032,#5033,#5034),
  .UNSPECIFIED.,.F.,.F.,(3,3),(0.,1.),.PIECEWISE_BEZIER_KNOTS.);
#5032 = CARTESIAN_POINT('',(-0.123046875,16.24560546875,17.8));
#5033 = CARTESIAN_POINT('',(-0.621826171875,15.8896484375,17.8));
#5034 = CARTESIAN_POINT('',(-0.823974609375,15.289794921875,17.8));
#5035 = VECTOR('',#5036,1.);
#5036 = DIRECTION('',(-0.,-0.,-1.));
#5037 = DEFINITIONAL_REPRESENTATION('',(#5038),#5049);
#5038 = B_SPLINE_CURVE_WITH_KNOTS('',5,(#5039,#5040,#5041,#5042,#5043,
    #5044,#5045,#5046,#5047,#5048),.UNSPECIFIED.,.F.,.F.,(6,4,6),(0.,
    0.587638033482,1.),.UNSPECIFIED.);
#5039 = CARTESIAN_POINT('',(1.,-0.6));
#5040 = CARTESIAN_POINT('',(0.885892625703,-0.6));
#5041 = CARTESIAN_POINT('',(0.769596356694,-0.6));
#5042 = CARTESIAN_POINT('',(0.651664301922,-0.6));
#5043 = CARTESIAN_POINT('',(0.532819475265,-0.6));
#5044 = CARTESIAN_POINT('',(0.330621066559,-0.6));
#5045 = CARTESIAN_POINT('',(0.247238377005,-0.6));
#5046 = CARTESIAN_POINT('',(0.164164222388,-0.6));
#5047 = CARTESIAN_POINT('',(8.167184647483E-02,-0.6));
#5048 = CARTESIAN_POINT('',(0.,-0.6));
#5049 = ( GEOMETRIC_REPRESENTATION_CONTEXT(2) 
PARAMETRIC_REPRESENTATION_CONTEXT() REPRESENTATION_CONTEXT('2D SPACE',''
  ) );
#5050 = ORIENTED_EDGE('',*,*,#5051,.F.);
#5051 = EDGE_CURVE('',#5052,#5001,#5054,.T.);
#5052 = VERTEX_POINT('',#5053);
#5053 = CARTESIAN_POINT('',(-1.026123046875,14.052734375,18.4));
#5054 = SURFACE_CURVE('',#5055,(#5066,#5080),.PCURVE_S1.);
#5055 = B_SPLINE_CURVE_WITH_KNOTS('',5,(#5056,#5057,#5058,#5059,#5060,
    #5061,#5062,#5063,#5064,#5065),.UNSPECIFIED.,.F.,.F.,(6,4,6),(0.,
    0.564335595627,1.),.UNSPECIFIED.);
#5056 = CARTESIAN_POINT('',(-1.026123046875,14.052734375,18.4));
#5057 = CARTESIAN_POINT('',(-1.026123046875,14.195503793117,18.4));
#5058 = CARTESIAN_POINT('',(-1.019780569163,14.337829068202,18.4));
#5059 = CARTESIAN_POINT('',(-1.006966212404,14.47945869916,18.4));
#5060 = CARTESIAN_POINT('',(-0.987630423184,14.620140139595,18.4));
#5061 = CARTESIAN_POINT('',(-0.941895250915,14.867301161918,18.4));
#5062 = CARTESIAN_POINT('',(-0.918111047645,14.974267359742,18.4));
#5063 = CARTESIAN_POINT('',(-0.890489713122,15.080406153661,18.4));
#5064 = CARTESIAN_POINT('',(-0.859083416245,15.185613353663,18.4));
#5065 = CARTESIAN_POINT('',(-0.823974609375,15.289794921875,18.4));
#5066 = PCURVE('',#522,#5067);
#5067 = DEFINITIONAL_REPRESENTATION('',(#5068),#5079);
#5068 = B_SPLINE_CURVE_WITH_KNOTS('',5,(#5069,#5070,#5071,#5072,#5073,
    #5074,#5075,#5076,#5077,#5078),.UNSPECIFIED.,.F.,.F.,(6,4,6),(0.,
    0.564335595627,1.),.UNSPECIFIED.);
#5069 = CARTESIAN_POINT('',(-1.026123046875,14.052734375));
#5070 = CARTESIAN_POINT('',(-1.026123046875,14.195503793117));
#5071 = CARTESIAN_POINT('',(-1.019780569163,14.337829068202));
#5072 = CARTESIAN_POINT('',(-1.006966212404,14.47945869916));
#5073 = CARTESIAN_POINT('',(-0.987630423184,14.620140139595));
#5074 = CARTESIAN_POINT('',(-0.941895250915,14.867301161918));
#5075 = CARTESIAN_POINT('',(-0.918111047645,14.974267359742));
#5076 = CARTESIAN_POINT('',(-0.890489713122,15.080406153661));
#5077 = CARTESIAN_POINT('',(-0.859083416245,15.185613353663));
#5078 = CARTESIAN_POINT('',(-0.823974609375,15.289794921875));
#5079 = ( GEOMETRIC_REPRESENTATION_CONTEXT(2) 
PARAMETRIC_REPRESENTATION_CONTEXT() REPRESENTATION_CONTEXT('2D SPACE',''
  ) );
#5080 = PCURVE('',#5081,#5088);
#5081 = SURFACE_OF_LINEAR_EXTRUSION('',#5082,#5086);
#5082 = B_SPLINE_CURVE_WITH_KNOTS('',2,(#5083,#5084,#5085),
  .UNSPECIFIED.,.F.,.F.,(3,3),(0.,1.),.PIECEWISE_BEZIER_KNOTS.);
#5083 = CARTESIAN_POINT('',(-0.823974609375,15.289794921875,17.8));
#5084 = CARTESIAN_POINT('',(-1.026123046875,14.68994140625,17.8));
#5085 = CARTESIAN_POINT('',(-1.026123046875,14.052734375,17.8));
#5086 = VECTOR('',#5087,1.);
#5087 = DIRECTION('',(-0.,-0.,-1.));
#5088 = DEFINITIONAL_REPRESENTATION('',(#5089),#5100);
#5089 = B_SPLINE_CURVE_WITH_KNOTS('',5,(#5090,#5091,#5092,#5093,#5094,
    #5095,#5096,#5097,#5098,#5099),.UNSPECIFIED.,.F.,.F.,(6,4,6),(0.,
    0.564335595627,1.),.UNSPECIFIED.);
#5090 = CARTESIAN_POINT('',(1.,-0.6));
#5091 = CARTESIAN_POINT('',(0.887972502565,-0.6));
#5092 = CARTESIAN_POINT('',(0.775373890478,-0.6));
#5093 = CARTESIAN_POINT('',(0.662382747752,-0.6));
#5094 = CARTESIAN_POINT('',(0.549190056103,-0.6));
#5095 = CARTESIAN_POINT('',(0.34861781331,-0.6));
#5096 = CARTESIAN_POINT('',(0.26123561295,-0.6));
#5097 = CARTESIAN_POINT('',(0.173946293536,-0.6));
#5098 = CARTESIAN_POINT('',(8.683917448006E-02,-0.6));
#5099 = CARTESIAN_POINT('',(0.,-0.6));
#5100 = ( GEOMETRIC_REPRESENTATION_CONTEXT(2) 
PARAMETRIC_REPRESENTATION_CONTEXT() REPRESENTATION_CONTEXT('2D SPACE',''
  ) );
#5101 = ORIENTED_EDGE('',*,*,#5102,.F.);
#5102 = EDGE_CURVE('',#5103,#5052,#5105,.T.);
#5103 = VERTEX_POINT('',#5104);
#5104 = CARTESIAN_POINT('',(-0.78662109375,12.617919921875,18.4));
#5105 = SURFACE_CURVE('',#5106,(#5117,#5131),.PCURVE_S1.);
#5106 = B_SPLINE_CURVE_WITH_KNOTS('',5,(#5107,#5108,#5109,#5110,#5111,
    #5112,#5113,#5114,#5115,#5116),.UNSPECIFIED.,.F.,.F.,(6,4,6),(0.,
    0.482773039152,1.),.UNSPECIFIED.);
#5107 = CARTESIAN_POINT('',(-0.78662109375,12.617919921875,18.4));
#5108 = CARTESIAN_POINT('',(-0.836226016097,12.744890319441,18.4));
#5109 = CARTESIAN_POINT('',(-0.878745479629,12.875757967221,18.4));
#5110 = CARTESIAN_POINT('',(-0.914408421912,13.009923920928,18.4));
#5111 = CARTESIAN_POINT('',(-0.943599110763,13.146828399917,18.4));
#5112 = CARTESIAN_POINT('',(-0.991502559907,13.435129822131,18.4));
#5113 = CARTESIAN_POINT('',(-1.00931844432,13.586860707179,18.4));
#5114 = CARTESIAN_POINT('',(-1.020681198496,13.740651311577,18.4));
#5115 = CARTESIAN_POINT('',(-1.026123046875,13.896050512241,18.4));
#5116 = CARTESIAN_POINT('',(-1.026123046875,14.052734375,18.4));
#5117 = PCURVE('',#522,#5118);
#5118 = DEFINITIONAL_REPRESENTATION('',(#5119),#5130);
#5119 = B_SPLINE_CURVE_WITH_KNOTS('',5,(#5120,#5121,#5122,#5123,#5124,
    #5125,#5126,#5127,#5128,#5129),.UNSPECIFIED.,.F.,.F.,(6,4,6),(0.,
    0.482773039152,1.),.UNSPECIFIED.);
#5120 = CARTESIAN_POINT('',(-0.78662109375,12.617919921875));
#5121 = CARTESIAN_POINT('',(-0.836226016097,12.744890319441));
#5122 = CARTESIAN_POINT('',(-0.878745479629,12.875757967221));
#5123 = CARTESIAN_POINT('',(-0.914408421912,13.009923920928));
#5124 = CARTESIAN_POINT('',(-0.943599110763,13.146828399917));
#5125 = CARTESIAN_POINT('',(-0.991502559907,13.435129822131));
#5126 = CARTESIAN_POINT('',(-1.00931844432,13.586860707179));
#5127 = CARTESIAN_POINT('',(-1.020681198496,13.740651311577));
#5128 = CARTESIAN_POINT('',(-1.026123046875,13.896050512241));
#5129 = CARTESIAN_POINT('',(-1.026123046875,14.052734375));
#5130 = ( GEOMETRIC_REPRESENTATION_CONTEXT(2) 
PARAMETRIC_REPRESENTATION_CONTEXT() REPRESENTATION_CONTEXT('2D SPACE',''
  ) );
#5131 = PCURVE('',#5132,#5139);
#5132 = SURFACE_OF_LINEAR_EXTRUSION('',#5133,#5137);
#5133 = B_SPLINE_CURVE_WITH_KNOTS('',2,(#5134,#5135,#5136),
  .UNSPECIFIED.,.F.,.F.,(3,3),(0.,1.),.PIECEWISE_BEZIER_KNOTS.);
#5134 = CARTESIAN_POINT('',(-1.026123046875,14.052734375,17.8));
#5135 = CARTESIAN_POINT('',(-1.026123046875,13.23095703125,17.8));
#5136 = CARTESIAN_POINT('',(-0.78662109375,12.617919921875,17.8));
#5137 = VECTOR('',#5138,1.);
#5138 = DIRECTION('',(-0.,-0.,-1.));
#5139 = DEFINITIONAL_REPRESENTATION('',(#5140),#5151);
#5140 = B_SPLINE_CURVE_WITH_KNOTS('',5,(#5141,#5142,#5143,#5144,#5145,
    #5146,#5147,#5148,#5149,#5150),.UNSPECIFIED.,.F.,.F.,(6,4,6),(0.,
    0.482773039152,1.),.UNSPECIFIED.);
#5141 = CARTESIAN_POINT('',(1.,-0.6));
#5142 = CARTESIAN_POINT('',(0.89644150768,-0.6));
#5143 = CARTESIAN_POINT('',(0.794269126627,-0.6));
#5144 = CARTESIAN_POINT('',(0.69372587373,-0.6));
#5145 = CARTESIAN_POINT('',(0.594948567269,-0.6));
#5146 = CARTESIAN_POINT('',(0.394132532804,-0.6));
#5147 = CARTESIAN_POINT('',(0.292366225907,-0.6));
#5148 = CARTESIAN_POINT('',(0.192768735478,-0.6));
#5149 = CARTESIAN_POINT('',(9.533230865434E-02,-0.6));
#5150 = CARTESIAN_POINT('',(0.,-0.6));
#5151 = ( GEOMETRIC_REPRESENTATION_CONTEXT(2) 
PARAMETRIC_REPRESENTATION_CONTEXT() REPRESENTATION_CONTEXT('2D SPACE',''
  ) );
#5152 = ORIENTED_EDGE('',*,*,#5153,.F.);
#5153 = EDGE_CURVE('',#5154,#5103,#5156,.T.);
#5154 = VERTEX_POINT('',#5155);
#5155 = CARTESIAN_POINT('',(-4.1748046875E-02,11.70166015625,18.4));
#5156 = SURFACE_CURVE('',#5157,(#5170,#5186),.PCURVE_S1.);
#5157 = B_SPLINE_CURVE_WITH_KNOTS('',6,(#5158,#5159,#5160,#5161,#5162,
    #5163,#5164,#5165,#5166,#5167,#5168,#5169),.UNSPECIFIED.,.F.,.F.,(7,
    5,7),(0.,0.237748542579,1.),.UNSPECIFIED.);
#5158 = CARTESIAN_POINT('',(-4.1748046875E-02,11.70166015625,18.4));
#5159 = CARTESIAN_POINT('',(-8.22910464952E-02,11.725985956022,18.4));
#5160 = CARTESIAN_POINT('',(-0.121939886994,11.75158747211,18.4));
#5161 = CARTESIAN_POINT('',(-0.160650368559,11.778460851611,18.4));
#5162 = CARTESIAN_POINT('',(-0.198382800334,11.806594925219,18.4));
#5163 = CARTESIAN_POINT('',(-0.235102000426,11.835971207222,18.4));
#5164 = CARTESIAN_POINT('',(-0.385156739291,11.964647866829,18.4));
#5165 = CARTESIAN_POINT('',(-0.488852743481,12.075273935806,18.4));
#5166 = CARTESIAN_POINT('',(-0.580725824997,12.19749954923,18.4));
#5167 = CARTESIAN_POINT('',(-0.660640113415,12.329813510943,18.4));
#5168 = CARTESIAN_POINT('',(-0.729029819817,12.47050739502,18.4));
#5169 = CARTESIAN_POINT('',(-0.78662109375,12.617919921875,18.4));
#5170 = PCURVE('',#522,#5171);
#5171 = DEFINITIONAL_REPRESENTATION('',(#5172),#5185);
#5172 = B_SPLINE_CURVE_WITH_KNOTS('',6,(#5173,#5174,#5175,#5176,#5177,
    #5178,#5179,#5180,#5181,#5182,#5183,#5184),.UNSPECIFIED.,.F.,.F.,(7,
    5,7),(0.,0.237748542579,1.),.UNSPECIFIED.);
#5173 = CARTESIAN_POINT('',(-4.1748046875E-02,11.70166015625));
#5174 = CARTESIAN_POINT('',(-8.22910464952E-02,11.725985956022));
#5175 = CARTESIAN_POINT('',(-0.121939886994,11.75158747211));
#5176 = CARTESIAN_POINT('',(-0.160650368559,11.778460851611));
#5177 = CARTESIAN_POINT('',(-0.198382800334,11.806594925219));
#5178 = CARTESIAN_POINT('',(-0.235102000426,11.835971207222));
#5179 = CARTESIAN_POINT('',(-0.385156739291,11.964647866829));
#5180 = CARTESIAN_POINT('',(-0.488852743481,12.075273935806));
#5181 = CARTESIAN_POINT('',(-0.580725824997,12.19749954923));
#5182 = CARTESIAN_POINT('',(-0.660640113415,12.329813510943));
#5183 = CARTESIAN_POINT('',(-0.729029819817,12.47050739502));
#5184 = CARTESIAN_POINT('',(-0.78662109375,12.617919921875));
#5185 = ( GEOMETRIC_REPRESENTATION_CONTEXT(2) 
PARAMETRIC_REPRESENTATION_CONTEXT() REPRESENTATION_CONTEXT('2D SPACE',''
  ) );
#5186 = PCURVE('',#5187,#5194);
#5187 = SURFACE_OF_LINEAR_EXTRUSION('',#5188,#5192);
#5188 = B_SPLINE_CURVE_WITH_KNOTS('',2,(#5189,#5190,#5191),
  .UNSPECIFIED.,.F.,.F.,(3,3),(0.,1.),.PIECEWISE_BEZIER_KNOTS.);
#5189 = CARTESIAN_POINT('',(-0.78662109375,12.617919921875,17.8));
#5190 = CARTESIAN_POINT('',(-0.547119140625,12.0048828125,17.8));
#5191 = CARTESIAN_POINT('',(-4.1748046875E-02,11.70166015625,17.8));
#5192 = VECTOR('',#5193,1.);
#5193 = DIRECTION('',(-0.,-0.,-1.));
#5194 = DEFINITIONAL_REPRESENTATION('',(#5195),#5208);
#5195 = B_SPLINE_CURVE_WITH_KNOTS('',6,(#5196,#5197,#5198,#5199,#5200,
    #5201,#5202,#5203,#5204,#5205,#5206,#5207),.UNSPECIFIED.,.F.,.F.,(7,
    5,7),(0.,0.237748542579,1.),.UNSPECIFIED.);
#5196 = CARTESIAN_POINT('',(1.,-0.6));
#5197 = CARTESIAN_POINT('',(0.959887892163,-0.6));
#5198 = CARTESIAN_POINT('',(0.919644770178,-0.6));
#5199 = CARTESIAN_POINT('',(0.879301660189,-0.6));
#5200 = CARTESIAN_POINT('',(0.838890744098,-0.6));
#5201 = CARTESIAN_POINT('',(0.798445359563,-0.6));
#5202 = CARTESIAN_POINT('',(0.628327136653,-0.6));
#5203 = CARTESIAN_POINT('',(0.498602262313,-0.6));
#5204 = CARTESIAN_POINT('',(0.370097832129,-0.6));
#5205 = CARTESIAN_POINT('',(0.243749545879,-0.6));
#5206 = CARTESIAN_POINT('',(0.120231324173,-0.6));
#5207 = CARTESIAN_POINT('',(0.,-0.6));
#5208 = ( GEOMETRIC_REPRESENTATION_CONTEXT(2) 
PARAMETRIC_REPRESENTATION_CONTEXT() REPRESENTATION_CONTEXT('2D SPACE',''
  ) );
#5209 = ORIENTED_EDGE('',*,*,#5210,.F.);
#5210 = EDGE_CURVE('',#5211,#5154,#5213,.T.);
#5211 = VERTEX_POINT('',#5212);
#5212 = CARTESIAN_POINT('',(1.052490234375,11.3984375,18.4));
#5213 = SURFACE_CURVE('',#5214,(#5225,#5239),.PCURVE_S1.);
#5214 = B_SPLINE_CURVE_WITH_KNOTS('',5,(#5215,#5216,#5217,#5218,#5219,
    #5220,#5221,#5222,#5223,#5224),.UNSPECIFIED.,.F.,.F.,(6,4,6),(0.,
    0.497952127573,1.),.UNSPECIFIED.);
#5215 = CARTESIAN_POINT('',(1.052490234375,11.3984375,18.4));
#5216 = CARTESIAN_POINT('',(0.936806078397,11.3984375,18.4));
#5217 = CARTESIAN_POINT('',(0.82195746983,11.405751477827,18.4));
#5218 = CARTESIAN_POINT('',(0.708370080613,11.420677561916,18.4));
#5219 = CARTESIAN_POINT('',(0.596473503986,11.443345793451,18.4));
#5220 = CARTESIAN_POINT('',(0.375995234997,11.504179228057,18.4));
#5221 = CARTESIAN_POINT('',(0.267434574164,11.542474172689,18.4));
#5222 = CARTESIAN_POINT('',(0.161433873745,11.58840574549,18.4));
#5223 = CARTESIAN_POINT('',(5.830115739212E-02,11.64163063369,18.4));
#5224 = CARTESIAN_POINT('',(-4.1748046875E-02,11.70166015625,18.4));
#5225 = PCURVE('',#522,#5226);
#5226 = DEFINITIONAL_REPRESENTATION('',(#5227),#5238);
#5227 = B_SPLINE_CURVE_WITH_KNOTS('',5,(#5228,#5229,#5230,#5231,#5232,
    #5233,#5234,#5235,#5236,#5237),.UNSPECIFIED.,.F.,.F.,(6,4,6),(0.,
    0.497952127573,1.),.UNSPECIFIED.);
#5228 = CARTESIAN_POINT('',(1.052490234375,11.3984375));
#5229 = CARTESIAN_POINT('',(0.936806078397,11.3984375));
#5230 = CARTESIAN_POINT('',(0.82195746983,11.405751477827));
#5231 = CARTESIAN_POINT('',(0.708370080613,11.420677561916));
#5232 = CARTESIAN_POINT('',(0.596473503986,11.443345793451));
#5233 = CARTESIAN_POINT('',(0.375995234997,11.504179228057));
#5234 = CARTESIAN_POINT('',(0.267434574164,11.542474172689));
#5235 = CARTESIAN_POINT('',(0.161433873745,11.58840574549));
#5236 = CARTESIAN_POINT('',(5.830115739212E-02,11.64163063369));
#5237 = CARTESIAN_POINT('',(-4.1748046875E-02,11.70166015625));
#5238 = ( GEOMETRIC_REPRESENTATION_CONTEXT(2) 
PARAMETRIC_REPRESENTATION_CONTEXT() REPRESENTATION_CONTEXT('2D SPACE',''
  ) );
#5239 = PCURVE('',#5240,#5247);
#5240 = SURFACE_OF_LINEAR_EXTRUSION('',#5241,#5245);
#5241 = B_SPLINE_CURVE_WITH_KNOTS('',2,(#5242,#5243,#5244),
  .UNSPECIFIED.,.F.,.F.,(3,3),(0.,1.),.PIECEWISE_BEZIER_KNOTS.);
#5242 = CARTESIAN_POINT('',(-4.1748046875E-02,11.70166015625,17.8));
#5243 = CARTESIAN_POINT('',(0.463623046875,11.3984375,17.8));
#5244 = CARTESIAN_POINT('',(1.052490234375,11.3984375,17.8));
#5245 = VECTOR('',#5246,1.);
#5246 = DIRECTION('',(-0.,-0.,-1.));
#5247 = DEFINITIONAL_REPRESENTATION('',(#5248),#5259);
#5248 = B_SPLINE_CURVE_WITH_KNOTS('',5,(#5249,#5250,#5251,#5252,#5253,
    #5254,#5255,#5256,#5257,#5258),.UNSPECIFIED.,.F.,.F.,(6,4,6),(0.,
    0.497952127573,1.),.UNSPECIFIED.);
#5249 = CARTESIAN_POINT('',(1.,-0.6));
#5250 = CARTESIAN_POINT('',(0.901773983648,-0.6));
#5251 = CARTESIAN_POINT('',(0.802547362652,-0.6));
#5252 = CARTESIAN_POINT('',(0.702611865445,-0.6));
#5253 = CARTESIAN_POINT('',(0.602301849933,-0.6));
#5254 = CARTESIAN_POINT('',(0.400873149504,-0.6));
#5255 = CARTESIAN_POINT('',(0.299741987746,-0.6));
#5256 = CARTESIAN_POINT('',(0.198998961702,-0.6));
#5257 = CARTESIAN_POINT('',(9.898587939085E-02,-0.6));
#5258 = CARTESIAN_POINT('',(0.,-0.6));
#5259 = ( GEOMETRIC_REPRESENTATION_CONTEXT(2) 
PARAMETRIC_REPRESENTATION_CONTEXT() REPRESENTATION_CONTEXT('2D SPACE',''
  ) );
#5260 = ORIENTED_EDGE('',*,*,#5261,.F.);
#5261 = EDGE_CURVE('',#5262,#5211,#5264,.T.);
#5262 = VERTEX_POINT('',#5263);
#5263 = CARTESIAN_POINT('',(2.265380859375,11.8115234375,18.4));
#5264 = SURFACE_CURVE('',#5265,(#5278,#5294),.PCURVE_S1.);
#5265 = B_SPLINE_CURVE_WITH_KNOTS('',6,(#5266,#5267,#5268,#5269,#5270,
    #5271,#5272,#5273,#5274,#5275,#5276,#5277),.UNSPECIFIED.,.F.,.F.,(7,
    5,7),(0.,0.277263188433,1.),.UNSPECIFIED.);
#5266 = CARTESIAN_POINT('',(2.265380859375,11.8115234375,18.4));
#5267 = CARTESIAN_POINT('',(2.21910850498,11.773031390482,18.4));
#5268 = CARTESIAN_POINT('',(2.171451841787,11.736492075666,18.4));
#5269 = CARTESIAN_POINT('',(2.122443919621,11.70199329684,18.4));
#5270 = CARTESIAN_POINT('',(2.072130034638,11.66960874597,18.4));
#5271 = CARTESIAN_POINT('',(2.02056910701,11.639395782867,18.4));
#5272 = CARTESIAN_POINT('',(1.830374192516,11.538399440073,18.4));
#5273 = CARTESIAN_POINT('',(1.68487990299,11.480391533095,18.4));
#5274 = CARTESIAN_POINT('',(1.532788307745,11.438159451348,18.4));
#5275 = CARTESIAN_POINT('',(1.375695801187,11.411217549705,18.4));
#5276 = CARTESIAN_POINT('',(1.215145524949,11.3984375,18.4));
#5277 = CARTESIAN_POINT('',(1.052490234375,11.3984375,18.4));
#5278 = PCURVE('',#522,#5279);
#5279 = DEFINITIONAL_REPRESENTATION('',(#5280),#5293);
#5280 = B_SPLINE_CURVE_WITH_KNOTS('',6,(#5281,#5282,#5283,#5284,#5285,
    #5286,#5287,#5288,#5289,#5290,#5291,#5292),.UNSPECIFIED.,.F.,.F.,(7,
    5,7),(0.,0.277263188433,1.),.UNSPECIFIED.);
#5281 = CARTESIAN_POINT('',(2.265380859375,11.8115234375));
#5282 = CARTESIAN_POINT('',(2.21910850498,11.773031390482));
#5283 = CARTESIAN_POINT('',(2.171451841787,11.736492075666));
#5284 = CARTESIAN_POINT('',(2.122443919621,11.70199329684));
#5285 = CARTESIAN_POINT('',(2.072130034638,11.66960874597));
#5286 = CARTESIAN_POINT('',(2.02056910701,11.639395782867));
#5287 = CARTESIAN_POINT('',(1.830374192516,11.538399440073));
#5288 = CARTESIAN_POINT('',(1.68487990299,11.480391533095));
#5289 = CARTESIAN_POINT('',(1.532788307745,11.438159451348));
#5290 = CARTESIAN_POINT('',(1.375695801187,11.411217549705));
#5291 = CARTESIAN_POINT('',(1.215145524949,11.3984375));
#5292 = CARTESIAN_POINT('',(1.052490234375,11.3984375));
#5293 = ( GEOMETRIC_REPRESENTATION_CONTEXT(2) 
PARAMETRIC_REPRESENTATION_CONTEXT() REPRESENTATION_CONTEXT('2D SPACE',''
  ) );
#5294 = PCURVE('',#5295,#5302);
#5295 = SURFACE_OF_LINEAR_EXTRUSION('',#5296,#5300);
#5296 = B_SPLINE_CURVE_WITH_KNOTS('',2,(#5297,#5298,#5299),
  .UNSPECIFIED.,.F.,.F.,(3,3),(0.,1.),.PIECEWISE_BEZIER_KNOTS.);
#5297 = CARTESIAN_POINT('',(1.052490234375,11.3984375,17.8));
#5298 = CARTESIAN_POINT('',(1.768798828125,11.3984375,17.8));
#5299 = CARTESIAN_POINT('',(2.265380859375,11.8115234375,17.8));
#5300 = VECTOR('',#5301,1.);
#5301 = DIRECTION('',(-0.,-0.,-1.));
#5302 = DEFINITIONAL_REPRESENTATION('',(#5303),#5316);
#5303 = B_SPLINE_CURVE_WITH_KNOTS('',6,(#5304,#5305,#5306,#5307,#5308,
    #5309,#5310,#5311,#5312,#5313,#5314,#5315),.UNSPECIFIED.,.F.,.F.,(7,
    5,7),(0.,0.277263188433,1.),.UNSPECIFIED.);
#5304 = CARTESIAN_POINT('',(1.,-0.6));
#5305 = CARTESIAN_POINT('',(0.953409153491,-0.6));
#5306 = CARTESIAN_POINT('',(0.906577055194,-0.6));
#5307 = CARTESIAN_POINT('',(0.859559375228,-0.6));
#5308 = CARTESIAN_POINT('',(0.812415092371,-0.6));
#5309 = CARTESIAN_POINT('',(0.76520663133,-0.6));
#5310 = CARTESIAN_POINT('',(0.594947349538,-0.6));
#5311 = CARTESIAN_POINT('',(0.471851270045,-0.6));
#5312 = CARTESIAN_POINT('',(0.350007507428,-0.6));
#5313 = CARTESIAN_POINT('',(0.230350067325,-0.6));
#5314 = CARTESIAN_POINT('',(0.113537162609,-0.6));
#5315 = CARTESIAN_POINT('',(0.,-0.6));
#5316 = ( GEOMETRIC_REPRESENTATION_CONTEXT(2) 
PARAMETRIC_REPRESENTATION_CONTEXT() REPRESENTATION_CONTEXT('2D SPACE',''
  ) );
#5317 = ORIENTED_EDGE('',*,*,#5318,.F.);
#5318 = EDGE_CURVE('',#4169,#5262,#5319,.T.);
#5319 = SURFACE_CURVE('',#5320,(#5333,#5349),.PCURVE_S1.);
#5320 = B_SPLINE_CURVE_WITH_KNOTS('',6,(#5321,#5322,#5323,#5324,#5325,
    #5326,#5327,#5328,#5329,#5330,#5331,#5332),.UNSPECIFIED.,.F.,.F.,(7,
    5,7),(0.,0.649377233649,1.),.UNSPECIFIED.);
#5321 = CARTESIAN_POINT('',(2.937744140625,13.03759765625,18.4));
#5322 = CARTESIAN_POINT('',(2.903599613214,12.879679216972,18.4));
#5323 = CARTESIAN_POINT('',(2.861056407523,12.725556847466,18.4));
#5324 = CARTESIAN_POINT('',(2.809172032681,12.576209049457,18.4));
#5325 = CARTESIAN_POINT('',(2.746982316049,12.433022213454,18.4));
#5326 = CARTESIAN_POINT('',(2.673634209237,12.297708795753,18.4));
#5327 = CARTESIAN_POINT('',(2.543201127661,12.104053818142,18.4));
#5328 = CARTESIAN_POINT('',(2.494160778704,12.03894321672,18.4));
#5329 = CARTESIAN_POINT('',(2.441794116918,11.976902215183,18.4));
#5330 = CARTESIAN_POINT('',(2.386132081653,11.918185288717,18.4));
#5331 = CARTESIAN_POINT('',(2.327269765994,11.863006244776,18.4));
#5332 = CARTESIAN_POINT('',(2.265380859375,11.8115234375,18.4));
#5333 = PCURVE('',#522,#5334);
#5334 = DEFINITIONAL_REPRESENTATION('',(#5335),#5348);
#5335 = B_SPLINE_CURVE_WITH_KNOTS('',6,(#5336,#5337,#5338,#5339,#5340,
    #5341,#5342,#5343,#5344,#5345,#5346,#5347),.UNSPECIFIED.,.F.,.F.,(7,
    5,7),(0.,0.649377233649,1.),.UNSPECIFIED.);
#5336 = CARTESIAN_POINT('',(2.937744140625,13.03759765625));
#5337 = CARTESIAN_POINT('',(2.903599613214,12.879679216972));
#5338 = CARTESIAN_POINT('',(2.861056407523,12.725556847466));
#5339 = CARTESIAN_POINT('',(2.809172032681,12.576209049457));
#5340 = CARTESIAN_POINT('',(2.746982316049,12.433022213454));
#5341 = CARTESIAN_POINT('',(2.673634209237,12.297708795753));
#5342 = CARTESIAN_POINT('',(2.543201127661,12.104053818142));
#5343 = CARTESIAN_POINT('',(2.494160778704,12.03894321672));
#5344 = CARTESIAN_POINT('',(2.441794116918,11.976902215183));
#5345 = CARTESIAN_POINT('',(2.386132081653,11.918185288717));
#5346 = CARTESIAN_POINT('',(2.327269765994,11.863006244776));
#5347 = CARTESIAN_POINT('',(2.265380859375,11.8115234375));
#5348 = ( GEOMETRIC_REPRESENTATION_CONTEXT(2) 
PARAMETRIC_REPRESENTATION_CONTEXT() REPRESENTATION_CONTEXT('2D SPACE',''
  ) );
#5349 = PCURVE('',#5350,#5357);
#5350 = SURFACE_OF_LINEAR_EXTRUSION('',#5351,#5355);
#5351 = B_SPLINE_CURVE_WITH_KNOTS('',2,(#5352,#5353,#5354),
  .UNSPECIFIED.,.F.,.F.,(3,3),(0.,1.),.PIECEWISE_BEZIER_KNOTS.);
#5352 = CARTESIAN_POINT('',(2.265380859375,11.8115234375,17.8));
#5353 = CARTESIAN_POINT('',(2.761962890625,12.224609375,17.8));
#5354 = CARTESIAN_POINT('',(2.937744140625,13.03759765625,17.8));
#5355 = VECTOR('',#5356,1.);
#5356 = DIRECTION('',(-0.,-0.,-1.));
#5357 = DEFINITIONAL_REPRESENTATION('',(#5358),#5371);
#5358 = B_SPLINE_CURVE_WITH_KNOTS('',6,(#5359,#5360,#5361,#5362,#5363,
    #5364,#5365,#5366,#5367,#5368,#5369,#5370),.UNSPECIFIED.,.F.,.F.,(7,
    5,7),(0.,0.649377233649,1.),.UNSPECIFIED.);
#5359 = CARTESIAN_POINT('',(1.,-0.6));
#5360 = CARTESIAN_POINT('',(0.902877788696,-0.6));
#5361 = CARTESIAN_POINT('',(0.802522638543,-0.6));
#5362 = CARTESIAN_POINT('',(0.698839412581,-0.6));
#5363 = CARTESIAN_POINT('',(0.591917479271,-0.6));
#5364 = CARTESIAN_POINT('',(0.482071274772,-0.6));
#5365 = CARTESIAN_POINT('',(0.309488577128,-0.6));
#5366 = CARTESIAN_POINT('',(0.248330976566,-0.6));
#5367 = CARTESIAN_POINT('',(0.186651679338,-0.6));
#5368 = CARTESIAN_POINT('',(0.124592648319,-0.6));
#5369 = CARTESIAN_POINT('',(6.231488729408E-02,-0.6));
#5370 = CARTESIAN_POINT('',(0.,-0.6));
#5371 = ( GEOMETRIC_REPRESENTATION_CONTEXT(2) 
PARAMETRIC_REPRESENTATION_CONTEXT() REPRESENTATION_CONTEXT('2D SPACE',''
  ) );
#5372 = FACE_BOUND('',#5373,.T.);
#5373 = EDGE_LOOP('',(#5374,#5402,#5428,#5454,#5480,#5506,#5532,#5558));
#5374 = ORIENTED_EDGE('',*,*,#5375,.F.);
#5375 = EDGE_CURVE('',#5376,#5378,#5380,.T.);
#5376 = VERTEX_POINT('',#5377);
#5377 = CARTESIAN_POINT('',(4.133056640625,10.77880859375,18.4));
#5378 = VERTEX_POINT('',#5379);
#5379 = CARTESIAN_POINT('',(5.038330078125,10.77880859375,18.4));
#5380 = SURFACE_CURVE('',#5381,(#5385,#5391),.PCURVE_S1.);
#5381 = LINE('',#5382,#5383);
#5382 = CARTESIAN_POINT('',(2.519165039062,10.77880859375,18.4));
#5383 = VECTOR('',#5384,1.);
#5384 = DIRECTION('',(1.,0.,-0.));
#5385 = PCURVE('',#522,#5386);
#5386 = DEFINITIONAL_REPRESENTATION('',(#5387),#5390);
#5387 = B_SPLINE_CURVE_WITH_KNOTS('',1,(#5388,#5389),.UNSPECIFIED.,.F.,
  .F.,(2,2),(1.613891601562,2.519165039062),.PIECEWISE_BEZIER_KNOTS.);
#5388 = CARTESIAN_POINT('',(4.133056640625,10.77880859375));
#5389 = CARTESIAN_POINT('',(5.038330078125,10.77880859375));
#5390 = ( GEOMETRIC_REPRESENTATION_CONTEXT(2) 
PARAMETRIC_REPRESENTATION_CONTEXT() REPRESENTATION_CONTEXT('2D SPACE',''
  ) );
#5391 = PCURVE('',#5392,#5397);
#5392 = PLANE('',#5393);
#5393 = AXIS2_PLACEMENT_3D('',#5394,#5395,#5396);
#5394 = CARTESIAN_POINT('',(5.038330078125,10.77880859375,17.8));
#5395 = DIRECTION('',(0.,-1.,0.));
#5396 = DIRECTION('',(-1.,0.,0.));
#5397 = DEFINITIONAL_REPRESENTATION('',(#5398),#5401);
#5398 = B_SPLINE_CURVE_WITH_KNOTS('',1,(#5399,#5400),.UNSPECIFIED.,.F.,
  .F.,(2,2),(1.613891601562,2.519165039062),.PIECEWISE_BEZIER_KNOTS.);
#5399 = CARTESIAN_POINT('',(0.9052734375,-0.6));
#5400 = CARTESIAN_POINT('',(0.,-0.6));
#5401 = ( GEOMETRIC_REPRESENTATION_CONTEXT(2) 
PARAMETRIC_REPRESENTATION_CONTEXT() REPRESENTATION_CONTEXT('2D SPACE',''
  ) );
#5402 = ORIENTED_EDGE('',*,*,#5403,.F.);
#5403 = EDGE_CURVE('',#5404,#5376,#5406,.T.);
#5404 = VERTEX_POINT('',#5405);
#5405 = CARTESIAN_POINT('',(6.607177734375,17.22119140625,18.4));
#5406 = SURFACE_CURVE('',#5407,(#5411,#5417),.PCURVE_S1.);
#5407 = LINE('',#5408,#5409);
#5408 = CARTESIAN_POINT('',(2.063731944261,5.390478212098,18.4));
#5409 = VECTOR('',#5410,1.);
#5410 = DIRECTION('',(-0.358509651553,-0.933526019853,0.));
#5411 = PCURVE('',#522,#5412);
#5412 = DEFINITIONAL_REPRESENTATION('',(#5413),#5416);
#5413 = B_SPLINE_CURVE_WITH_KNOTS('',1,(#5414,#5415),.UNSPECIFIED.,.F.,
  .F.,(2,2),(-12.67314776722,-5.772019490682),.PIECEWISE_BEZIER_KNOTS.);
#5414 = CARTESIAN_POINT('',(6.607177734375,17.22119140625));
#5415 = CARTESIAN_POINT('',(4.133056640625,10.77880859375));
#5416 = ( GEOMETRIC_REPRESENTATION_CONTEXT(2) 
PARAMETRIC_REPRESENTATION_CONTEXT() REPRESENTATION_CONTEXT('2D SPACE',''
  ) );
#5417 = PCURVE('',#5418,#5423);
#5418 = PLANE('',#5419);
#5419 = AXIS2_PLACEMENT_3D('',#5420,#5421,#5422);
#5420 = CARTESIAN_POINT('',(4.133056640625,10.77880859375,17.8));
#5421 = DIRECTION('',(-0.933526019853,0.358509651553,0.));
#5422 = DIRECTION('',(0.358509651553,0.933526019853,0.));
#5423 = DEFINITIONAL_REPRESENTATION('',(#5424),#5427);
#5424 = B_SPLINE_CURVE_WITH_KNOTS('',1,(#5425,#5426),.UNSPECIFIED.,.F.,
  .F.,(2,2),(-12.67314776722,-5.772019490682),.PIECEWISE_BEZIER_KNOTS.);
#5425 = CARTESIAN_POINT('',(6.901128276545,-0.6));
#5426 = CARTESIAN_POINT('',(0.,-0.6));
#5427 = ( GEOMETRIC_REPRESENTATION_CONTEXT(2) 
PARAMETRIC_REPRESENTATION_CONTEXT() REPRESENTATION_CONTEXT('2D SPACE',''
  ) );
#5428 = ORIENTED_EDGE('',*,*,#5429,.F.);
#5429 = EDGE_CURVE('',#5430,#5404,#5432,.T.);
#5430 = VERTEX_POINT('',#5431);
#5431 = CARTESIAN_POINT('',(7.525634765625,17.22119140625,18.4));
#5432 = SURFACE_CURVE('',#5433,(#5437,#5443),.PCURVE_S1.);
#5433 = LINE('',#5434,#5435);
#5434 = CARTESIAN_POINT('',(3.303588867188,17.22119140625,18.4));
#5435 = VECTOR('',#5436,1.);
#5436 = DIRECTION('',(-1.,0.,0.));
#5437 = PCURVE('',#522,#5438);
#5438 = DEFINITIONAL_REPRESENTATION('',(#5439),#5442);
#5439 = B_SPLINE_CURVE_WITH_KNOTS('',1,(#5440,#5441),.UNSPECIFIED.,.F.,
  .F.,(2,2),(-4.222045898438,-3.303588867188),.PIECEWISE_BEZIER_KNOTS.);
#5440 = CARTESIAN_POINT('',(7.525634765625,17.22119140625));
#5441 = CARTESIAN_POINT('',(6.607177734375,17.22119140625));
#5442 = ( GEOMETRIC_REPRESENTATION_CONTEXT(2) 
PARAMETRIC_REPRESENTATION_CONTEXT() REPRESENTATION_CONTEXT('2D SPACE',''
  ) );
#5443 = PCURVE('',#5444,#5449);
#5444 = PLANE('',#5445);
#5445 = AXIS2_PLACEMENT_3D('',#5446,#5447,#5448);
#5446 = CARTESIAN_POINT('',(6.607177734375,17.22119140625,17.8));
#5447 = DIRECTION('',(0.,1.,0.));
#5448 = DIRECTION('',(1.,0.,0.));
#5449 = DEFINITIONAL_REPRESENTATION('',(#5450),#5453);
#5450 = B_SPLINE_CURVE_WITH_KNOTS('',1,(#5451,#5452),.UNSPECIFIED.,.F.,
  .F.,(2,2),(-4.222045898438,-3.303588867188),.PIECEWISE_BEZIER_KNOTS.);
#5451 = CARTESIAN_POINT('',(0.91845703125,-0.6));
#5452 = CARTESIAN_POINT('',(0.,-0.6));
#5453 = ( GEOMETRIC_REPRESENTATION_CONTEXT(2) 
PARAMETRIC_REPRESENTATION_CONTEXT() REPRESENTATION_CONTEXT('2D SPACE',''
  ) );
#5454 = ORIENTED_EDGE('',*,*,#5455,.F.);
#5455 = EDGE_CURVE('',#5456,#5430,#5458,.T.);
#5456 = VERTEX_POINT('',#5457);
#5457 = CARTESIAN_POINT('',(10.162353515625,10.77880859375,18.4));
#5458 = SURFACE_CURVE('',#5459,(#5463,#5469),.PCURVE_S1.);
#5459 = LINE('',#5460,#5461);
#5460 = CARTESIAN_POINT('',(10.00426332545,11.165075625078,18.4));
#5461 = VECTOR('',#5462,1.);
#5462 = DIRECTION('',(-0.378780330599,0.925486607764,0.));
#5463 = PCURVE('',#522,#5464);
#5464 = DEFINITIONAL_REPRESENTATION('',(#5465),#5468);
#5465 = B_SPLINE_CURVE_WITH_KNOTS('',1,(#5466,#5467),.UNSPECIFIED.,.F.,
  .F.,(2,2),(-0.417366419014,6.543709795869),.PIECEWISE_BEZIER_KNOTS.);
#5466 = CARTESIAN_POINT('',(10.162353515625,10.77880859375));
#5467 = CARTESIAN_POINT('',(7.525634765625,17.22119140625));
#5468 = ( GEOMETRIC_REPRESENTATION_CONTEXT(2) 
PARAMETRIC_REPRESENTATION_CONTEXT() REPRESENTATION_CONTEXT('2D SPACE',''
  ) );
#5469 = PCURVE('',#5470,#5475);
#5470 = PLANE('',#5471);
#5471 = AXIS2_PLACEMENT_3D('',#5472,#5473,#5474);
#5472 = CARTESIAN_POINT('',(7.525634765625,17.22119140625,17.8));
#5473 = DIRECTION('',(0.925486607764,0.378780330599,-0.));
#5474 = DIRECTION('',(0.378780330599,-0.925486607764,0.));
#5475 = DEFINITIONAL_REPRESENTATION('',(#5476),#5479);
#5476 = B_SPLINE_CURVE_WITH_KNOTS('',1,(#5477,#5478),.UNSPECIFIED.,.F.,
  .F.,(2,2),(-0.417366419014,6.543709795869),.PIECEWISE_BEZIER_KNOTS.);
#5477 = CARTESIAN_POINT('',(6.961076214882,-0.6));
#5478 = CARTESIAN_POINT('',(0.,-0.6));
#5479 = ( GEOMETRIC_REPRESENTATION_CONTEXT(2) 
PARAMETRIC_REPRESENTATION_CONTEXT() REPRESENTATION_CONTEXT('2D SPACE',''
  ) );
#5480 = ORIENTED_EDGE('',*,*,#5481,.F.);
#5481 = EDGE_CURVE('',#5482,#5456,#5484,.T.);
#5482 = VERTEX_POINT('',#5483);
#5483 = CARTESIAN_POINT('',(9.191162109375,10.77880859375,18.4));
#5484 = SURFACE_CURVE('',#5485,(#5489,#5495),.PCURVE_S1.);
#5485 = LINE('',#5486,#5487);
#5486 = CARTESIAN_POINT('',(5.081176757812,10.77880859375,18.4));
#5487 = VECTOR('',#5488,1.);
#5488 = DIRECTION('',(1.,0.,-0.));
#5489 = PCURVE('',#522,#5490);
#5490 = DEFINITIONAL_REPRESENTATION('',(#5491),#5494);
#5491 = B_SPLINE_CURVE_WITH_KNOTS('',1,(#5492,#5493),.UNSPECIFIED.,.F.,
  .F.,(2,2),(4.109985351562,5.081176757812),.PIECEWISE_BEZIER_KNOTS.);
#5492 = CARTESIAN_POINT('',(9.191162109375,10.77880859375));
#5493 = CARTESIAN_POINT('',(10.162353515625,10.77880859375));
#5494 = ( GEOMETRIC_REPRESENTATION_CONTEXT(2) 
PARAMETRIC_REPRESENTATION_CONTEXT() REPRESENTATION_CONTEXT('2D SPACE',''
  ) );
#5495 = PCURVE('',#5496,#5501);
#5496 = PLANE('',#5497);
#5497 = AXIS2_PLACEMENT_3D('',#5498,#5499,#5500);
#5498 = CARTESIAN_POINT('',(10.162353515625,10.77880859375,17.8));
#5499 = DIRECTION('',(0.,-1.,0.));
#5500 = DIRECTION('',(-1.,0.,0.));
#5501 = DEFINITIONAL_REPRESENTATION('',(#5502),#5505);
#5502 = B_SPLINE_CURVE_WITH_KNOTS('',1,(#5503,#5504),.UNSPECIFIED.,.F.,
  .F.,(2,2),(4.109985351562,5.081176757812),.PIECEWISE_BEZIER_KNOTS.);
#5503 = CARTESIAN_POINT('',(0.97119140625,-0.6));
#5504 = CARTESIAN_POINT('',(0.,-0.6));
#5505 = ( GEOMETRIC_REPRESENTATION_CONTEXT(2) 
PARAMETRIC_REPRESENTATION_CONTEXT() REPRESENTATION_CONTEXT('2D SPACE',''
  ) );
#5506 = ORIENTED_EDGE('',*,*,#5507,.F.);
#5507 = EDGE_CURVE('',#5508,#5482,#5510,.T.);
#5508 = VERTEX_POINT('',#5509);
#5509 = CARTESIAN_POINT('',(8.439697265625,12.72998046875,18.4));
#5510 = SURFACE_CURVE('',#5511,(#5515,#5521),.PCURVE_S1.);
#5511 = LINE('',#5512,#5513);
#5512 = CARTESIAN_POINT('',(10.405091732154,7.62685097671,18.4));
#5513 = VECTOR('',#5514,1.);
#5514 = DIRECTION('',(0.359401561996,-0.933183003078,0.));
#5515 = PCURVE('',#522,#5516);
#5516 = DEFINITIONAL_REPRESENTATION('',(#5517),#5520);
#5517 = B_SPLINE_CURVE_WITH_KNOTS('',1,(#5518,#5519),.UNSPECIFIED.,.F.,
  .F.,(2,2),(-5.46851954569,-3.377641477226),.PIECEWISE_BEZIER_KNOTS.);
#5518 = CARTESIAN_POINT('',(8.439697265625,12.72998046875));
#5519 = CARTESIAN_POINT('',(9.191162109375,10.77880859375));
#5520 = ( GEOMETRIC_REPRESENTATION_CONTEXT(2) 
PARAMETRIC_REPRESENTATION_CONTEXT() REPRESENTATION_CONTEXT('2D SPACE',''
  ) );
#5521 = PCURVE('',#5522,#5527);
#5522 = PLANE('',#5523);
#5523 = AXIS2_PLACEMENT_3D('',#5524,#5525,#5526);
#5524 = CARTESIAN_POINT('',(9.191162109375,10.77880859375,17.8));
#5525 = DIRECTION('',(-0.933183003078,-0.359401561996,0.));
#5526 = DIRECTION('',(-0.359401561996,0.933183003078,0.));
#5527 = DEFINITIONAL_REPRESENTATION('',(#5528),#5531);
#5528 = B_SPLINE_CURVE_WITH_KNOTS('',1,(#5529,#5530),.UNSPECIFIED.,.F.,
  .F.,(2,2),(-5.46851954569,-3.377641477226),.PIECEWISE_BEZIER_KNOTS.);
#5529 = CARTESIAN_POINT('',(2.090878068464,-0.6));
#5530 = CARTESIAN_POINT('',(0.,-0.6));
#5531 = ( GEOMETRIC_REPRESENTATION_CONTEXT(2) 
PARAMETRIC_REPRESENTATION_CONTEXT() REPRESENTATION_CONTEXT('2D SPACE',''
  ) );
#5532 = ORIENTED_EDGE('',*,*,#5533,.F.);
#5533 = EDGE_CURVE('',#5534,#5508,#5536,.T.);
#5534 = VERTEX_POINT('',#5535);
#5535 = CARTESIAN_POINT('',(5.745849609375,12.72998046875,18.4));
#5536 = SURFACE_CURVE('',#5537,(#5541,#5547),.PCURVE_S1.);
#5537 = LINE('',#5538,#5539);
#5538 = CARTESIAN_POINT('',(4.219848632812,12.72998046875,18.4));
#5539 = VECTOR('',#5540,1.);
#5540 = DIRECTION('',(1.,0.,-0.));
#5541 = PCURVE('',#522,#5542);
#5542 = DEFINITIONAL_REPRESENTATION('',(#5543),#5546);
#5543 = B_SPLINE_CURVE_WITH_KNOTS('',1,(#5544,#5545),.UNSPECIFIED.,.F.,
  .F.,(2,2),(1.526000976562,4.219848632812),.PIECEWISE_BEZIER_KNOTS.);
#5544 = CARTESIAN_POINT('',(5.745849609375,12.72998046875));
#5545 = CARTESIAN_POINT('',(8.439697265625,12.72998046875));
#5546 = ( GEOMETRIC_REPRESENTATION_CONTEXT(2) 
PARAMETRIC_REPRESENTATION_CONTEXT() REPRESENTATION_CONTEXT('2D SPACE',''
  ) );
#5547 = PCURVE('',#5548,#5553);
#5548 = PLANE('',#5549);
#5549 = AXIS2_PLACEMENT_3D('',#5550,#5551,#5552);
#5550 = CARTESIAN_POINT('',(8.439697265625,12.72998046875,17.8));
#5551 = DIRECTION('',(0.,-1.,0.));
#5552 = DIRECTION('',(-1.,0.,0.));
#5553 = DEFINITIONAL_REPRESENTATION('',(#5554),#5557);
#5554 = B_SPLINE_CURVE_WITH_KNOTS('',1,(#5555,#5556),.UNSPECIFIED.,.F.,
  .F.,(2,2),(1.526000976562,4.219848632812),.PIECEWISE_BEZIER_KNOTS.);
#5555 = CARTESIAN_POINT('',(2.69384765625,-0.6));
#5556 = CARTESIAN_POINT('',(0.,-0.6));
#5557 = ( GEOMETRIC_REPRESENTATION_CONTEXT(2) 
PARAMETRIC_REPRESENTATION_CONTEXT() REPRESENTATION_CONTEXT('2D SPACE',''
  ) );
#5558 = ORIENTED_EDGE('',*,*,#5559,.F.);
#5559 = EDGE_CURVE('',#5378,#5534,#5560,.T.);
#5560 = SURFACE_CURVE('',#5561,(#5565,#5571),.PCURVE_S1.);
#5561 = LINE('',#5562,#5563);
#5562 = CARTESIAN_POINT('',(3.372178100405,6.183954692459,18.4));
#5563 = VECTOR('',#5564,1.);
#5564 = DIRECTION('',(0.340892893414,0.940102140844,-0.));
#5565 = PCURVE('',#522,#5566);
#5566 = DEFINITIONAL_REPRESENTATION('',(#5567),#5570);
#5567 = B_SPLINE_CURVE_WITH_KNOTS('',1,(#5568,#5569),.UNSPECIFIED.,.F.,
  .F.,(2,2),(4.887611358022,6.963100595019),.PIECEWISE_BEZIER_KNOTS.);
#5568 = CARTESIAN_POINT('',(5.038330078125,10.77880859375));
#5569 = CARTESIAN_POINT('',(5.745849609375,12.72998046875));
#5570 = ( GEOMETRIC_REPRESENTATION_CONTEXT(2) 
PARAMETRIC_REPRESENTATION_CONTEXT() REPRESENTATION_CONTEXT('2D SPACE',''
  ) );
#5571 = PCURVE('',#5572,#5577);
#5572 = PLANE('',#5573);
#5573 = AXIS2_PLACEMENT_3D('',#5574,#5575,#5576);
#5574 = CARTESIAN_POINT('',(5.745849609375,12.72998046875,17.8));
#5575 = DIRECTION('',(0.940102140844,-0.340892893414,0.));
#5576 = DIRECTION('',(-0.340892893414,-0.940102140844,0.));
#5577 = DEFINITIONAL_REPRESENTATION('',(#5578),#5581);
#5578 = B_SPLINE_CURVE_WITH_KNOTS('',1,(#5579,#5580),.UNSPECIFIED.,.F.,
  .F.,(2,2),(4.887611358022,6.963100595019),.PIECEWISE_BEZIER_KNOTS.);
#5579 = CARTESIAN_POINT('',(2.075489236997,-0.6));
#5580 = CARTESIAN_POINT('',(0.,-0.6));
#5581 = ( GEOMETRIC_REPRESENTATION_CONTEXT(2) 
PARAMETRIC_REPRESENTATION_CONTEXT() REPRESENTATION_CONTEXT('2D SPACE',''
  ) );
#5582 = ADVANCED_FACE('',(#5583),#557,.T.);
#5583 = FACE_BOUND('',#5584,.T.);
#5584 = EDGE_LOOP('',(#5585,#5608,#5609,#5610));
#5585 = ORIENTED_EDGE('',*,*,#5586,.T.);
#5586 = EDGE_CURVE('',#5587,#541,#5589,.T.);
#5587 = VERTEX_POINT('',#5588);
#5588 = CARTESIAN_POINT('',(12.,-2.939152317954E-15,0.));
#5589 = SEAM_CURVE('',#5590,(#5594,#5601),.PCURVE_S1.);
#5590 = LINE('',#5591,#5592);
#5591 = CARTESIAN_POINT('',(12.,-2.939152317954E-15,-1.E-02));
#5592 = VECTOR('',#5593,1.);
#5593 = DIRECTION('',(0.,0.,1.));
#5594 = PCURVE('',#557,#5595);
#5595 = DEFINITIONAL_REPRESENTATION('',(#5596),#5600);
#5596 = LINE('',#5597,#5598);
#5597 = CARTESIAN_POINT('',(6.28318530718,-0.));
#5598 = VECTOR('',#5599,1.);
#5599 = DIRECTION('',(0.,1.));
#5600 = ( GEOMETRIC_REPRESENTATION_CONTEXT(2) 
PARAMETRIC_REPRESENTATION_CONTEXT() REPRESENTATION_CONTEXT('2D SPACE',''
  ) );
#5601 = PCURVE('',#557,#5602);
#5602 = DEFINITIONAL_REPRESENTATION('',(#5603),#5607);
#5603 = LINE('',#5604,#5605);
#5604 = CARTESIAN_POINT('',(0.,-0.));
#5605 = VECTOR('',#5606,1.);
#5606 = DIRECTION('',(0.,1.));
#5607 = ( GEOMETRIC_REPRESENTATION_CONTEXT(2) 
PARAMETRIC_REPRESENTATION_CONTEXT() REPRESENTATION_CONTEXT('2D SPACE',''
  ) );
#5608 = ORIENTED_EDGE('',*,*,#540,.F.);
#5609 = ORIENTED_EDGE('',*,*,#5586,.F.);
#5610 = ORIENTED_EDGE('',*,*,#5611,.T.);
#5611 = EDGE_CURVE('',#5587,#5587,#5612,.T.);
#5612 = SURFACE_CURVE('',#5613,(#5618,#5625),.PCURVE_S1.);
#5613 = CIRCLE('',#5614,12.);
#5614 = AXIS2_PLACEMENT_3D('',#5615,#5616,#5617);
#5615 = CARTESIAN_POINT('',(0.,0.,0.));
#5616 = DIRECTION('',(0.,0.,1.));
#5617 = DIRECTION('',(1.,0.,-0.));
#5618 = PCURVE('',#557,#5619);
#5619 = DEFINITIONAL_REPRESENTATION('',(#5620),#5624);
#5620 = LINE('',#5621,#5622);
#5621 = CARTESIAN_POINT('',(0.,1.E-02));
#5622 = VECTOR('',#5623,1.);
#5623 = DIRECTION('',(1.,0.));
#5624 = ( GEOMETRIC_REPRESENTATION_CONTEXT(2) 
PARAMETRIC_REPRESENTATION_CONTEXT() REPRESENTATION_CONTEXT('2D SPACE',''
  ) );
#5625 = PCURVE('',#5626,#5631);
#5626 = PLANE('',#5627);
#5627 = AXIS2_PLACEMENT_3D('',#5628,#5629,#5630);
#5628 = CARTESIAN_POINT('',(0.,0.,0.));
#5629 = DIRECTION('',(0.,0.,1.));
#5630 = DIRECTION('',(1.,0.,-0.));
#5631 = DEFINITIONAL_REPRESENTATION('',(#5632),#5636);
#5632 = CIRCLE('',#5633,12.);
#5633 = AXIS2_PLACEMENT_2D('',#5634,#5635);
#5634 = CARTESIAN_POINT('',(0.,0.));
#5635 = DIRECTION('',(1.,0.));
#5636 = ( GEOMETRIC_REPRESENTATION_CONTEXT(2) 
PARAMETRIC_REPRESENTATION_CONTEXT() REPRESENTATION_CONTEXT('2D SPACE',''
  ) );
#5637 = ADVANCED_FACE('',(#5638),#592,.F.);
#5638 = FACE_BOUND('',#5639,.F.);
#5639 = EDGE_LOOP('',(#5640,#5670,#5691,#5692));
#5640 = ORIENTED_EDGE('',*,*,#5641,.F.);
#5641 = EDGE_CURVE('',#5642,#5644,#5646,.T.);
#5642 = VERTEX_POINT('',#5643);
#5643 = CARTESIAN_POINT('',(-8.85498051875,-17.22338867187,17.8));
#5644 = VERTEX_POINT('',#5645);
#5645 = CARTESIAN_POINT('',(-9.70751958125,-17.22338867187,17.8));
#5646 = SURFACE_CURVE('',#5647,(#5651,#5658),.PCURVE_S1.);
#5647 = LINE('',#5648,#5649);
#5648 = CARTESIAN_POINT('',(-8.85498051875,-17.22338867187,17.8));
#5649 = VECTOR('',#5650,1.);
#5650 = DIRECTION('',(-1.,0.,0.));
#5651 = PCURVE('',#592,#5652);
#5652 = DEFINITIONAL_REPRESENTATION('',(#5653),#5657);
#5653 = LINE('',#5654,#5655);
#5654 = CARTESIAN_POINT('',(0.,-0.));
#5655 = VECTOR('',#5656,1.);
#5656 = DIRECTION('',(1.,0.));
#5657 = ( GEOMETRIC_REPRESENTATION_CONTEXT(2) 
PARAMETRIC_REPRESENTATION_CONTEXT() REPRESENTATION_CONTEXT('2D SPACE',''
  ) );
#5658 = PCURVE('',#5659,#5664);
#5659 = PLANE('',#5660);
#5660 = AXIS2_PLACEMENT_3D('',#5661,#5662,#5663);
#5661 = CARTESIAN_POINT('',(-12.041015675,-17.22338867187,17.8));
#5662 = DIRECTION('',(0.,0.,1.));
#5663 = DIRECTION('',(1.,0.,0.));
#5664 = DEFINITIONAL_REPRESENTATION('',(#5665),#5669);
#5665 = LINE('',#5666,#5667);
#5666 = CARTESIAN_POINT('',(3.18603515625,0.));
#5667 = VECTOR('',#5668,1.);
#5668 = DIRECTION('',(-1.,0.));
#5669 = ( GEOMETRIC_REPRESENTATION_CONTEXT(2) 
PARAMETRIC_REPRESENTATION_CONTEXT() REPRESENTATION_CONTEXT('2D SPACE',''
  ) );
#5670 = ORIENTED_EDGE('',*,*,#5671,.T.);
#5671 = EDGE_CURVE('',#5642,#578,#5672,.T.);
#5672 = SURFACE_CURVE('',#5673,(#5677,#5684),.PCURVE_S1.);
#5673 = LINE('',#5674,#5675);
#5674 = CARTESIAN_POINT('',(-8.85498051875,-17.22338867187,17.8));
#5675 = VECTOR('',#5676,1.);
#5676 = DIRECTION('',(0.,0.,1.));
#5677 = PCURVE('',#592,#5678);
#5678 = DEFINITIONAL_REPRESENTATION('',(#5679),#5683);
#5679 = LINE('',#5680,#5681);
#5680 = CARTESIAN_POINT('',(0.,-0.));
#5681 = VECTOR('',#5682,1.);
#5682 = DIRECTION('',(0.,-1.));
#5683 = ( GEOMETRIC_REPRESENTATION_CONTEXT(2) 
PARAMETRIC_REPRESENTATION_CONTEXT() REPRESENTATION_CONTEXT('2D SPACE',''
  ) );
#5684 = PCURVE('',#772,#5685);
#5685 = DEFINITIONAL_REPRESENTATION('',(#5686),#5690);
#5686 = LINE('',#5687,#5688);
#5687 = CARTESIAN_POINT('',(5.68212890625,0.));
#5688 = VECTOR('',#5689,1.);
#5689 = DIRECTION('',(0.,-1.));
#5690 = ( GEOMETRIC_REPRESENTATION_CONTEXT(2) 
PARAMETRIC_REPRESENTATION_CONTEXT() REPRESENTATION_CONTEXT('2D SPACE',''
  ) );
#5691 = ORIENTED_EDGE('',*,*,#575,.F.);
#5692 = ORIENTED_EDGE('',*,*,#5693,.F.);
#5693 = EDGE_CURVE('',#5644,#576,#5694,.T.);
#5694 = SURFACE_CURVE('',#5695,(#5699,#5706),.PCURVE_S1.);
#5695 = LINE('',#5696,#5697);
#5696 = CARTESIAN_POINT('',(-9.70751958125,-17.22338867187,17.8));
#5697 = VECTOR('',#5698,1.);
#5698 = DIRECTION('',(0.,0.,1.));
#5699 = PCURVE('',#592,#5700);
#5700 = DEFINITIONAL_REPRESENTATION('',(#5701),#5705);
#5701 = LINE('',#5702,#5703);
#5702 = CARTESIAN_POINT('',(0.8525390625,0.));
#5703 = VECTOR('',#5704,1.);
#5704 = DIRECTION('',(0.,-1.));
#5705 = ( GEOMETRIC_REPRESENTATION_CONTEXT(2) 
PARAMETRIC_REPRESENTATION_CONTEXT() REPRESENTATION_CONTEXT('2D SPACE',''
  ) );
#5706 = PCURVE('',#618,#5707);
#5707 = DEFINITIONAL_REPRESENTATION('',(#5708),#5712);
#5708 = LINE('',#5709,#5710);
#5709 = CARTESIAN_POINT('',(0.,0.));
#5710 = VECTOR('',#5711,1.);
#5711 = DIRECTION('',(0.,-1.));
#5712 = ( GEOMETRIC_REPRESENTATION_CONTEXT(2) 
PARAMETRIC_REPRESENTATION_CONTEXT() REPRESENTATION_CONTEXT('2D SPACE',''
  ) );
#5713 = ADVANCED_FACE('',(#5714),#772,.F.);
#5714 = FACE_BOUND('',#5715,.F.);
#5715 = EDGE_LOOP('',(#5716,#5739,#5760,#5761));
#5716 = ORIENTED_EDGE('',*,*,#5717,.F.);
#5717 = EDGE_CURVE('',#5718,#5642,#5720,.T.);
#5718 = VERTEX_POINT('',#5719);
#5719 = CARTESIAN_POINT('',(-8.85498051875,-11.54125976562,17.8));
#5720 = SURFACE_CURVE('',#5721,(#5725,#5732),.PCURVE_S1.);
#5721 = LINE('',#5722,#5723);
#5722 = CARTESIAN_POINT('',(-8.85498051875,-11.54125976562,17.8));
#5723 = VECTOR('',#5724,1.);
#5724 = DIRECTION('',(0.,-1.,0.));
#5725 = PCURVE('',#772,#5726);
#5726 = DEFINITIONAL_REPRESENTATION('',(#5727),#5731);
#5727 = LINE('',#5728,#5729);
#5728 = CARTESIAN_POINT('',(0.,0.));
#5729 = VECTOR('',#5730,1.);
#5730 = DIRECTION('',(1.,0.));
#5731 = ( GEOMETRIC_REPRESENTATION_CONTEXT(2) 
PARAMETRIC_REPRESENTATION_CONTEXT() REPRESENTATION_CONTEXT('2D SPACE',''
  ) );
#5732 = PCURVE('',#5659,#5733);
#5733 = DEFINITIONAL_REPRESENTATION('',(#5734),#5738);
#5734 = LINE('',#5735,#5736);
#5735 = CARTESIAN_POINT('',(3.18603515625,5.68212890625));
#5736 = VECTOR('',#5737,1.);
#5737 = DIRECTION('',(0.,-1.));
#5738 = ( GEOMETRIC_REPRESENTATION_CONTEXT(2) 
PARAMETRIC_REPRESENTATION_CONTEXT() REPRESENTATION_CONTEXT('2D SPACE',''
  ) );
#5739 = ORIENTED_EDGE('',*,*,#5740,.T.);
#5740 = EDGE_CURVE('',#5718,#734,#5741,.T.);
#5741 = SURFACE_CURVE('',#5742,(#5746,#5753),.PCURVE_S1.);
#5742 = LINE('',#5743,#5744);
#5743 = CARTESIAN_POINT('',(-8.85498051875,-11.54125976562,17.8));
#5744 = VECTOR('',#5745,1.);
#5745 = DIRECTION('',(0.,0.,1.));
#5746 = PCURVE('',#772,#5747);
#5747 = DEFINITIONAL_REPRESENTATION('',(#5748),#5752);
#5748 = LINE('',#5749,#5750);
#5749 = CARTESIAN_POINT('',(0.,0.));
#5750 = VECTOR('',#5751,1.);
#5751 = DIRECTION('',(0.,-1.));
#5752 = ( GEOMETRIC_REPRESENTATION_CONTEXT(2) 
PARAMETRIC_REPRESENTATION_CONTEXT() REPRESENTATION_CONTEXT('2D SPACE',''
  ) );
#5753 = PCURVE('',#748,#5754);
#5754 = DEFINITIONAL_REPRESENTATION('',(#5755),#5759);
#5755 = LINE('',#5756,#5757);
#5756 = CARTESIAN_POINT('',(2.13134765625,0.));
#5757 = VECTOR('',#5758,1.);
#5758 = DIRECTION('',(0.,-1.));
#5759 = ( GEOMETRIC_REPRESENTATION_CONTEXT(2) 
PARAMETRIC_REPRESENTATION_CONTEXT() REPRESENTATION_CONTEXT('2D SPACE',''
  ) );
#5760 = ORIENTED_EDGE('',*,*,#759,.F.);
#5761 = ORIENTED_EDGE('',*,*,#5671,.F.);
#5762 = ADVANCED_FACE('',(#5763),#748,.F.);
#5763 = FACE_BOUND('',#5764,.F.);
#5764 = EDGE_LOOP('',(#5765,#5788,#5809,#5810));
#5765 = ORIENTED_EDGE('',*,*,#5766,.F.);
#5766 = EDGE_CURVE('',#5767,#5718,#5769,.T.);
#5767 = VERTEX_POINT('',#5768);
#5768 = CARTESIAN_POINT('',(-6.7236328625,-11.54125976562,17.8));
#5769 = SURFACE_CURVE('',#5770,(#5774,#5781),.PCURVE_S1.);
#5770 = LINE('',#5771,#5772);
#5771 = CARTESIAN_POINT('',(-6.7236328625,-11.54125976562,17.8));
#5772 = VECTOR('',#5773,1.);
#5773 = DIRECTION('',(-1.,0.,0.));
#5774 = PCURVE('',#748,#5775);
#5775 = DEFINITIONAL_REPRESENTATION('',(#5776),#5780);
#5776 = LINE('',#5777,#5778);
#5777 = CARTESIAN_POINT('',(0.,-0.));
#5778 = VECTOR('',#5779,1.);
#5779 = DIRECTION('',(1.,0.));
#5780 = ( GEOMETRIC_REPRESENTATION_CONTEXT(2) 
PARAMETRIC_REPRESENTATION_CONTEXT() REPRESENTATION_CONTEXT('2D SPACE',''
  ) );
#5781 = PCURVE('',#5659,#5782);
#5782 = DEFINITIONAL_REPRESENTATION('',(#5783),#5787);
#5783 = LINE('',#5784,#5785);
#5784 = CARTESIAN_POINT('',(5.3173828125,5.68212890625));
#5785 = VECTOR('',#5786,1.);
#5786 = DIRECTION('',(-1.,0.));
#5787 = ( GEOMETRIC_REPRESENTATION_CONTEXT(2) 
PARAMETRIC_REPRESENTATION_CONTEXT() REPRESENTATION_CONTEXT('2D SPACE',''
  ) );
#5788 = ORIENTED_EDGE('',*,*,#5789,.T.);
#5789 = EDGE_CURVE('',#5767,#708,#5790,.T.);
#5790 = SURFACE_CURVE('',#5791,(#5795,#5802),.PCURVE_S1.);
#5791 = LINE('',#5792,#5793);
#5792 = CARTESIAN_POINT('',(-6.7236328625,-11.54125976562,17.8));
#5793 = VECTOR('',#5794,1.);
#5794 = DIRECTION('',(0.,0.,1.));
#5795 = PCURVE('',#748,#5796);
#5796 = DEFINITIONAL_REPRESENTATION('',(#5797),#5801);
#5797 = LINE('',#5798,#5799);
#5798 = CARTESIAN_POINT('',(0.,-0.));
#5799 = VECTOR('',#5800,1.);
#5800 = DIRECTION('',(0.,-1.));
#5801 = ( GEOMETRIC_REPRESENTATION_CONTEXT(2) 
PARAMETRIC_REPRESENTATION_CONTEXT() REPRESENTATION_CONTEXT('2D SPACE',''
  ) );
#5802 = PCURVE('',#722,#5803);
#5803 = DEFINITIONAL_REPRESENTATION('',(#5804),#5808);
#5804 = LINE('',#5805,#5806);
#5805 = CARTESIAN_POINT('',(0.76025390625,0.));
#5806 = VECTOR('',#5807,1.);
#5807 = DIRECTION('',(0.,-1.));
#5808 = ( GEOMETRIC_REPRESENTATION_CONTEXT(2) 
PARAMETRIC_REPRESENTATION_CONTEXT() REPRESENTATION_CONTEXT('2D SPACE',''
  ) );
#5809 = ORIENTED_EDGE('',*,*,#733,.F.);
#5810 = ORIENTED_EDGE('',*,*,#5740,.F.);
#5811 = ADVANCED_FACE('',(#5812),#722,.F.);
#5812 = FACE_BOUND('',#5813,.F.);
#5813 = EDGE_LOOP('',(#5814,#5837,#5858,#5859));
#5814 = ORIENTED_EDGE('',*,*,#5815,.F.);
#5815 = EDGE_CURVE('',#5816,#5767,#5818,.T.);
#5816 = VERTEX_POINT('',#5817);
#5817 = CARTESIAN_POINT('',(-6.7236328625,-10.78100585937,17.8));
#5818 = SURFACE_CURVE('',#5819,(#5823,#5830),.PCURVE_S1.);
#5819 = LINE('',#5820,#5821);
#5820 = CARTESIAN_POINT('',(-6.7236328625,-10.78100585937,17.8));
#5821 = VECTOR('',#5822,1.);
#5822 = DIRECTION('',(0.,-1.,0.));
#5823 = PCURVE('',#722,#5824);
#5824 = DEFINITIONAL_REPRESENTATION('',(#5825),#5829);
#5825 = LINE('',#5826,#5827);
#5826 = CARTESIAN_POINT('',(0.,0.));
#5827 = VECTOR('',#5828,1.);
#5828 = DIRECTION('',(1.,0.));
#5829 = ( GEOMETRIC_REPRESENTATION_CONTEXT(2) 
PARAMETRIC_REPRESENTATION_CONTEXT() REPRESENTATION_CONTEXT('2D SPACE',''
  ) );
#5830 = PCURVE('',#5659,#5831);
#5831 = DEFINITIONAL_REPRESENTATION('',(#5832),#5836);
#5832 = LINE('',#5833,#5834);
#5833 = CARTESIAN_POINT('',(5.3173828125,6.4423828125));
#5834 = VECTOR('',#5835,1.);
#5835 = DIRECTION('',(0.,-1.));
#5836 = ( GEOMETRIC_REPRESENTATION_CONTEXT(2) 
PARAMETRIC_REPRESENTATION_CONTEXT() REPRESENTATION_CONTEXT('2D SPACE',''
  ) );
#5837 = ORIENTED_EDGE('',*,*,#5838,.T.);
#5838 = EDGE_CURVE('',#5816,#682,#5839,.T.);
#5839 = SURFACE_CURVE('',#5840,(#5844,#5851),.PCURVE_S1.);
#5840 = LINE('',#5841,#5842);
#5841 = CARTESIAN_POINT('',(-6.7236328625,-10.78100585937,17.8));
#5842 = VECTOR('',#5843,1.);
#5843 = DIRECTION('',(0.,0.,1.));
#5844 = PCURVE('',#722,#5845);
#5845 = DEFINITIONAL_REPRESENTATION('',(#5846),#5850);
#5846 = LINE('',#5847,#5848);
#5847 = CARTESIAN_POINT('',(0.,0.));
#5848 = VECTOR('',#5849,1.);
#5849 = DIRECTION('',(0.,-1.));
#5850 = ( GEOMETRIC_REPRESENTATION_CONTEXT(2) 
PARAMETRIC_REPRESENTATION_CONTEXT() REPRESENTATION_CONTEXT('2D SPACE',''
  ) );
#5851 = PCURVE('',#696,#5852);
#5852 = DEFINITIONAL_REPRESENTATION('',(#5853),#5857);
#5853 = LINE('',#5854,#5855);
#5854 = CARTESIAN_POINT('',(5.1064453125,0.));
#5855 = VECTOR('',#5856,1.);
#5856 = DIRECTION('',(0.,-1.));
#5857 = ( GEOMETRIC_REPRESENTATION_CONTEXT(2) 
PARAMETRIC_REPRESENTATION_CONTEXT() REPRESENTATION_CONTEXT('2D SPACE',''
  ) );
#5858 = ORIENTED_EDGE('',*,*,#707,.F.);
#5859 = ORIENTED_EDGE('',*,*,#5789,.F.);
#5860 = ADVANCED_FACE('',(#5861),#696,.F.);
#5861 = FACE_BOUND('',#5862,.F.);
#5862 = EDGE_LOOP('',(#5863,#5886,#5907,#5908));
#5863 = ORIENTED_EDGE('',*,*,#5864,.F.);
#5864 = EDGE_CURVE('',#5865,#5816,#5867,.T.);
#5865 = VERTEX_POINT('',#5866);
#5866 = CARTESIAN_POINT('',(-11.830078175,-10.78100585937,17.8));
#5867 = SURFACE_CURVE('',#5868,(#5872,#5879),.PCURVE_S1.);
#5868 = LINE('',#5869,#5870);
#5869 = CARTESIAN_POINT('',(-11.830078175,-10.78100585937,17.8));
#5870 = VECTOR('',#5871,1.);
#5871 = DIRECTION('',(1.,0.,0.));
#5872 = PCURVE('',#696,#5873);
#5873 = DEFINITIONAL_REPRESENTATION('',(#5874),#5878);
#5874 = LINE('',#5875,#5876);
#5875 = CARTESIAN_POINT('',(0.,0.));
#5876 = VECTOR('',#5877,1.);
#5877 = DIRECTION('',(1.,0.));
#5878 = ( GEOMETRIC_REPRESENTATION_CONTEXT(2) 
PARAMETRIC_REPRESENTATION_CONTEXT() REPRESENTATION_CONTEXT('2D SPACE',''
  ) );
#5879 = PCURVE('',#5659,#5880);
#5880 = DEFINITIONAL_REPRESENTATION('',(#5881),#5885);
#5881 = LINE('',#5882,#5883);
#5882 = CARTESIAN_POINT('',(0.2109375,6.4423828125));
#5883 = VECTOR('',#5884,1.);
#5884 = DIRECTION('',(1.,0.));
#5885 = ( GEOMETRIC_REPRESENTATION_CONTEXT(2) 
PARAMETRIC_REPRESENTATION_CONTEXT() REPRESENTATION_CONTEXT('2D SPACE',''
  ) );
#5886 = ORIENTED_EDGE('',*,*,#5887,.T.);
#5887 = EDGE_CURVE('',#5865,#656,#5888,.T.);
#5888 = SURFACE_CURVE('',#5889,(#5893,#5900),.PCURVE_S1.);
#5889 = LINE('',#5890,#5891);
#5890 = CARTESIAN_POINT('',(-11.830078175,-10.78100585937,17.8));
#5891 = VECTOR('',#5892,1.);
#5892 = DIRECTION('',(0.,0.,1.));
#5893 = PCURVE('',#696,#5894);
#5894 = DEFINITIONAL_REPRESENTATION('',(#5895),#5899);
#5895 = LINE('',#5896,#5897);
#5896 = CARTESIAN_POINT('',(0.,0.));
#5897 = VECTOR('',#5898,1.);
#5898 = DIRECTION('',(0.,-1.));
#5899 = ( GEOMETRIC_REPRESENTATION_CONTEXT(2) 
PARAMETRIC_REPRESENTATION_CONTEXT() REPRESENTATION_CONTEXT('2D SPACE',''
  ) );
#5900 = PCURVE('',#670,#5901);
#5901 = DEFINITIONAL_REPRESENTATION('',(#5902),#5906);
#5902 = LINE('',#5903,#5904);
#5903 = CARTESIAN_POINT('',(0.76025390625,0.));
#5904 = VECTOR('',#5905,1.);
#5905 = DIRECTION('',(0.,-1.));
#5906 = ( GEOMETRIC_REPRESENTATION_CONTEXT(2) 
PARAMETRIC_REPRESENTATION_CONTEXT() REPRESENTATION_CONTEXT('2D SPACE',''
  ) );
#5907 = ORIENTED_EDGE('',*,*,#681,.F.);
#5908 = ORIENTED_EDGE('',*,*,#5838,.F.);
#5909 = ADVANCED_FACE('',(#5910),#670,.F.);
#5910 = FACE_BOUND('',#5911,.F.);
#5911 = EDGE_LOOP('',(#5912,#5935,#5956,#5957));
#5912 = ORIENTED_EDGE('',*,*,#5913,.F.);
#5913 = EDGE_CURVE('',#5914,#5865,#5916,.T.);
#5914 = VERTEX_POINT('',#5915);
#5915 = CARTESIAN_POINT('',(-11.830078175,-11.54125976562,17.8));
#5916 = SURFACE_CURVE('',#5917,(#5921,#5928),.PCURVE_S1.);
#5917 = LINE('',#5918,#5919);
#5918 = CARTESIAN_POINT('',(-11.830078175,-11.54125976562,17.8));
#5919 = VECTOR('',#5920,1.);
#5920 = DIRECTION('',(0.,1.,0.));
#5921 = PCURVE('',#670,#5922);
#5922 = DEFINITIONAL_REPRESENTATION('',(#5923),#5927);
#5923 = LINE('',#5924,#5925);
#5924 = CARTESIAN_POINT('',(0.,0.));
#5925 = VECTOR('',#5926,1.);
#5926 = DIRECTION('',(1.,0.));
#5927 = ( GEOMETRIC_REPRESENTATION_CONTEXT(2) 
PARAMETRIC_REPRESENTATION_CONTEXT() REPRESENTATION_CONTEXT('2D SPACE',''
  ) );
#5928 = PCURVE('',#5659,#5929);
#5929 = DEFINITIONAL_REPRESENTATION('',(#5930),#5934);
#5930 = LINE('',#5931,#5932);
#5931 = CARTESIAN_POINT('',(0.2109375,5.68212890625));
#5932 = VECTOR('',#5933,1.);
#5933 = DIRECTION('',(0.,1.));
#5934 = ( GEOMETRIC_REPRESENTATION_CONTEXT(2) 
PARAMETRIC_REPRESENTATION_CONTEXT() REPRESENTATION_CONTEXT('2D SPACE',''
  ) );
#5935 = ORIENTED_EDGE('',*,*,#5936,.T.);
#5936 = EDGE_CURVE('',#5914,#630,#5937,.T.);
#5937 = SURFACE_CURVE('',#5938,(#5942,#5949),.PCURVE_S1.);
#5938 = LINE('',#5939,#5940);
#5939 = CARTESIAN_POINT('',(-11.830078175,-11.54125976562,17.8));
#5940 = VECTOR('',#5941,1.);
#5941 = DIRECTION('',(0.,0.,1.));
#5942 = PCURVE('',#670,#5943);
#5943 = DEFINITIONAL_REPRESENTATION('',(#5944),#5948);
#5944 = LINE('',#5945,#5946);
#5945 = CARTESIAN_POINT('',(0.,0.));
#5946 = VECTOR('',#5947,1.);
#5947 = DIRECTION('',(0.,-1.));
#5948 = ( GEOMETRIC_REPRESENTATION_CONTEXT(2) 
PARAMETRIC_REPRESENTATION_CONTEXT() REPRESENTATION_CONTEXT('2D SPACE',''
  ) );
#5949 = PCURVE('',#644,#5950);
#5950 = DEFINITIONAL_REPRESENTATION('',(#5951),#5955);
#5951 = LINE('',#5952,#5953);
#5952 = CARTESIAN_POINT('',(2.12255859375,0.));
#5953 = VECTOR('',#5954,1.);
#5954 = DIRECTION('',(0.,-1.));
#5955 = ( GEOMETRIC_REPRESENTATION_CONTEXT(2) 
PARAMETRIC_REPRESENTATION_CONTEXT() REPRESENTATION_CONTEXT('2D SPACE',''
  ) );
#5956 = ORIENTED_EDGE('',*,*,#655,.F.);
#5957 = ORIENTED_EDGE('',*,*,#5887,.F.);
#5958 = ADVANCED_FACE('',(#5959),#644,.F.);
#5959 = FACE_BOUND('',#5960,.F.);
#5960 = EDGE_LOOP('',(#5961,#5984,#6005,#6006));
#5961 = ORIENTED_EDGE('',*,*,#5962,.F.);
#5962 = EDGE_CURVE('',#5963,#5914,#5965,.T.);
#5963 = VERTEX_POINT('',#5964);
#5964 = CARTESIAN_POINT('',(-9.70751958125,-11.54125976562,17.8));
#5965 = SURFACE_CURVE('',#5966,(#5970,#5977),.PCURVE_S1.);
#5966 = LINE('',#5967,#5968);
#5967 = CARTESIAN_POINT('',(-9.70751958125,-11.54125976562,17.8));
#5968 = VECTOR('',#5969,1.);
#5969 = DIRECTION('',(-1.,0.,0.));
#5970 = PCURVE('',#644,#5971);
#5971 = DEFINITIONAL_REPRESENTATION('',(#5972),#5976);
#5972 = LINE('',#5973,#5974);
#5973 = CARTESIAN_POINT('',(0.,-0.));
#5974 = VECTOR('',#5975,1.);
#5975 = DIRECTION('',(1.,0.));
#5976 = ( GEOMETRIC_REPRESENTATION_CONTEXT(2) 
PARAMETRIC_REPRESENTATION_CONTEXT() REPRESENTATION_CONTEXT('2D SPACE',''
  ) );
#5977 = PCURVE('',#5659,#5978);
#5978 = DEFINITIONAL_REPRESENTATION('',(#5979),#5983);
#5979 = LINE('',#5980,#5981);
#5980 = CARTESIAN_POINT('',(2.33349609375,5.68212890625));
#5981 = VECTOR('',#5982,1.);
#5982 = DIRECTION('',(-1.,0.));
#5983 = ( GEOMETRIC_REPRESENTATION_CONTEXT(2) 
PARAMETRIC_REPRESENTATION_CONTEXT() REPRESENTATION_CONTEXT('2D SPACE',''
  ) );
#5984 = ORIENTED_EDGE('',*,*,#5985,.T.);
#5985 = EDGE_CURVE('',#5963,#604,#5986,.T.);
#5986 = SURFACE_CURVE('',#5987,(#5991,#5998),.PCURVE_S1.);
#5987 = LINE('',#5988,#5989);
#5988 = CARTESIAN_POINT('',(-9.70751958125,-11.54125976562,17.8));
#5989 = VECTOR('',#5990,1.);
#5990 = DIRECTION('',(0.,0.,1.));
#5991 = PCURVE('',#644,#5992);
#5992 = DEFINITIONAL_REPRESENTATION('',(#5993),#5997);
#5993 = LINE('',#5994,#5995);
#5994 = CARTESIAN_POINT('',(0.,-0.));
#5995 = VECTOR('',#5996,1.);
#5996 = DIRECTION('',(0.,-1.));
#5997 = ( GEOMETRIC_REPRESENTATION_CONTEXT(2) 
PARAMETRIC_REPRESENTATION_CONTEXT() REPRESENTATION_CONTEXT('2D SPACE',''
  ) );
#5998 = PCURVE('',#618,#5999);
#5999 = DEFINITIONAL_REPRESENTATION('',(#6000),#6004);
#6000 = LINE('',#6001,#6002);
#6001 = CARTESIAN_POINT('',(5.68212890625,0.));
#6002 = VECTOR('',#6003,1.);
#6003 = DIRECTION('',(0.,-1.));
#6004 = ( GEOMETRIC_REPRESENTATION_CONTEXT(2) 
PARAMETRIC_REPRESENTATION_CONTEXT() REPRESENTATION_CONTEXT('2D SPACE',''
  ) );
#6005 = ORIENTED_EDGE('',*,*,#629,.F.);
#6006 = ORIENTED_EDGE('',*,*,#5936,.F.);
#6007 = ADVANCED_FACE('',(#6008),#618,.F.);
#6008 = FACE_BOUND('',#6009,.F.);
#6009 = EDGE_LOOP('',(#6010,#6031,#6032,#6033));
#6010 = ORIENTED_EDGE('',*,*,#6011,.F.);
#6011 = EDGE_CURVE('',#5644,#5963,#6012,.T.);
#6012 = SURFACE_CURVE('',#6013,(#6017,#6024),.PCURVE_S1.);
#6013 = LINE('',#6014,#6015);
#6014 = CARTESIAN_POINT('',(-9.70751958125,-17.22338867187,17.8));
#6015 = VECTOR('',#6016,1.);
#6016 = DIRECTION('',(0.,1.,0.));
#6017 = PCURVE('',#618,#6018);
#6018 = DEFINITIONAL_REPRESENTATION('',(#6019),#6023);
#6019 = LINE('',#6020,#6021);
#6020 = CARTESIAN_POINT('',(0.,0.));
#6021 = VECTOR('',#6022,1.);
#6022 = DIRECTION('',(1.,0.));
#6023 = ( GEOMETRIC_REPRESENTATION_CONTEXT(2) 
PARAMETRIC_REPRESENTATION_CONTEXT() REPRESENTATION_CONTEXT('2D SPACE',''
  ) );
#6024 = PCURVE('',#5659,#6025);
#6025 = DEFINITIONAL_REPRESENTATION('',(#6026),#6030);
#6026 = LINE('',#6027,#6028);
#6027 = CARTESIAN_POINT('',(2.33349609375,0.));
#6028 = VECTOR('',#6029,1.);
#6029 = DIRECTION('',(0.,1.));
#6030 = ( GEOMETRIC_REPRESENTATION_CONTEXT(2) 
PARAMETRIC_REPRESENTATION_CONTEXT() REPRESENTATION_CONTEXT('2D SPACE',''
  ) );
#6031 = ORIENTED_EDGE('',*,*,#5693,.T.);
#6032 = ORIENTED_EDGE('',*,*,#603,.F.);
#6033 = ORIENTED_EDGE('',*,*,#5985,.F.);
#6034 = ADVANCED_FACE('',(#6035),#841,.F.);
#6035 = FACE_BOUND('',#6036,.F.);
#6036 = EDGE_LOOP('',(#6037,#6067,#6088,#6089));
#6037 = ORIENTED_EDGE('',*,*,#6038,.F.);
#6038 = EDGE_CURVE('',#6039,#6041,#6043,.T.);
#6039 = VERTEX_POINT('',#6040);
#6040 = CARTESIAN_POINT('',(-6.27099614375,-14.08569335937,17.8));
#6041 = VERTEX_POINT('',#6042);
#6042 = CARTESIAN_POINT('',(-5.40966801875,-11.57421875,17.8));
#6043 = SURFACE_CURVE('',#6044,(#6048,#6055),.PCURVE_S1.);
#6044 = B_SPLINE_CURVE_WITH_KNOTS('',2,(#6045,#6046,#6047),
  .UNSPECIFIED.,.F.,.F.,(3,3),(0.,1.),.PIECEWISE_BEZIER_KNOTS.);
#6045 = CARTESIAN_POINT('',(-6.27099614375,-14.08569335937,17.8));
#6046 = CARTESIAN_POINT('',(-6.27099614375,-12.48168945312,17.8));
#6047 = CARTESIAN_POINT('',(-5.40966801875,-11.57421875,17.8));
#6048 = PCURVE('',#841,#6049);
#6049 = DEFINITIONAL_REPRESENTATION('',(#6050),#6054);
#6050 = LINE('',#6051,#6052);
#6051 = CARTESIAN_POINT('',(0.,0.));
#6052 = VECTOR('',#6053,1.);
#6053 = DIRECTION('',(1.,0.));
#6054 = ( GEOMETRIC_REPRESENTATION_CONTEXT(2) 
PARAMETRIC_REPRESENTATION_CONTEXT() REPRESENTATION_CONTEXT('2D SPACE',''
  ) );
#6055 = PCURVE('',#6056,#6061);
#6056 = PLANE('',#6057);
#6057 = AXIS2_PLACEMENT_3D('',#6058,#6059,#6060);
#6058 = CARTESIAN_POINT('',(-6.7060547375,-17.22338867187,17.8));
#6059 = DIRECTION('',(0.,0.,1.));
#6060 = DIRECTION('',(1.,0.,0.));
#6061 = DEFINITIONAL_REPRESENTATION('',(#6062),#6066);
#6062 = B_SPLINE_CURVE_WITH_KNOTS('',2,(#6063,#6064,#6065),
  .UNSPECIFIED.,.F.,.F.,(3,3),(0.,1.),.PIECEWISE_BEZIER_KNOTS.);
#6063 = CARTESIAN_POINT('',(0.43505859375,3.1376953125));
#6064 = CARTESIAN_POINT('',(0.43505859375,4.74169921875));
#6065 = CARTESIAN_POINT('',(1.29638671875,5.649169921875));
#6066 = ( GEOMETRIC_REPRESENTATION_CONTEXT(2) 
PARAMETRIC_REPRESENTATION_CONTEXT() REPRESENTATION_CONTEXT('2D SPACE',''
  ) );
#6067 = ORIENTED_EDGE('',*,*,#6068,.T.);
#6068 = EDGE_CURVE('',#6039,#788,#6069,.T.);
#6069 = SURFACE_CURVE('',#6070,(#6074,#6081),.PCURVE_S1.);
#6070 = LINE('',#6071,#6072);
#6071 = CARTESIAN_POINT('',(-6.27099614375,-14.08569335937,17.8));
#6072 = VECTOR('',#6073,1.);
#6073 = DIRECTION('',(0.,0.,1.));
#6074 = PCURVE('',#841,#6075);
#6075 = DEFINITIONAL_REPRESENTATION('',(#6076),#6080);
#6076 = LINE('',#6077,#6078);
#6077 = CARTESIAN_POINT('',(0.,0.));
#6078 = VECTOR('',#6079,1.);
#6079 = DIRECTION('',(0.,-1.));
#6080 = ( GEOMETRIC_REPRESENTATION_CONTEXT(2) 
PARAMETRIC_REPRESENTATION_CONTEXT() REPRESENTATION_CONTEXT('2D SPACE',''
  ) );
#6081 = PCURVE('',#1400,#6082);
#6082 = DEFINITIONAL_REPRESENTATION('',(#6083),#6087);
#6083 = LINE('',#6084,#6085);
#6084 = CARTESIAN_POINT('',(1.,0.));
#6085 = VECTOR('',#6086,1.);
#6086 = DIRECTION('',(0.,-1.));
#6087 = ( GEOMETRIC_REPRESENTATION_CONTEXT(2) 
PARAMETRIC_REPRESENTATION_CONTEXT() REPRESENTATION_CONTEXT('2D SPACE',''
  ) );
#6088 = ORIENTED_EDGE('',*,*,#785,.F.);
#6089 = ORIENTED_EDGE('',*,*,#6090,.F.);
#6090 = EDGE_CURVE('',#6041,#786,#6091,.T.);
#6091 = SURFACE_CURVE('',#6092,(#6096,#6103),.PCURVE_S1.);
#6092 = LINE('',#6093,#6094);
#6093 = CARTESIAN_POINT('',(-5.40966801875,-11.57421875,17.8));
#6094 = VECTOR('',#6095,1.);
#6095 = DIRECTION('',(0.,0.,1.));
#6096 = PCURVE('',#841,#6097);
#6097 = DEFINITIONAL_REPRESENTATION('',(#6098),#6102);
#6098 = LINE('',#6099,#6100);
#6099 = CARTESIAN_POINT('',(1.,0.));
#6100 = VECTOR('',#6101,1.);
#6101 = DIRECTION('',(0.,-1.));
#6102 = ( GEOMETRIC_REPRESENTATION_CONTEXT(2) 
PARAMETRIC_REPRESENTATION_CONTEXT() REPRESENTATION_CONTEXT('2D SPACE',''
  ) );
#6103 = PCURVE('',#918,#6104);
#6104 = DEFINITIONAL_REPRESENTATION('',(#6105),#6109);
#6105 = LINE('',#6106,#6107);
#6106 = CARTESIAN_POINT('',(0.,0.));
#6107 = VECTOR('',#6108,1.);
#6108 = DIRECTION('',(0.,-1.));
#6109 = ( GEOMETRIC_REPRESENTATION_CONTEXT(2) 
PARAMETRIC_REPRESENTATION_CONTEXT() REPRESENTATION_CONTEXT('2D SPACE',''
  ) );
#6110 = ADVANCED_FACE('',(#6111),#1400,.F.);
#6111 = FACE_BOUND('',#6112,.F.);
#6112 = EDGE_LOOP('',(#6113,#6136,#6157,#6158));
#6113 = ORIENTED_EDGE('',*,*,#6114,.F.);
#6114 = EDGE_CURVE('',#6115,#6039,#6117,.T.);
#6115 = VERTEX_POINT('',#6116);
#6116 = CARTESIAN_POINT('',(-5.90185551875,-15.69409179687,17.8));
#6117 = SURFACE_CURVE('',#6118,(#6122,#6129),.PCURVE_S1.);
#6118 = B_SPLINE_CURVE_WITH_KNOTS('',2,(#6119,#6120,#6121),
  .UNSPECIFIED.,.F.,.F.,(3,3),(0.,1.),.PIECEWISE_BEZIER_KNOTS.);
#6119 = CARTESIAN_POINT('',(-5.90185551875,-15.69409179687,17.8));
#6120 = CARTESIAN_POINT('',(-6.27099614375,-14.93383789062,17.8));
#6121 = CARTESIAN_POINT('',(-6.27099614375,-14.08569335937,17.8));
#6122 = PCURVE('',#1400,#6123);
#6123 = DEFINITIONAL_REPRESENTATION('',(#6124),#6128);
#6124 = LINE('',#6125,#6126);
#6125 = CARTESIAN_POINT('',(0.,0.));
#6126 = VECTOR('',#6127,1.);
#6127 = DIRECTION('',(1.,0.));
#6128 = ( GEOMETRIC_REPRESENTATION_CONTEXT(2) 
PARAMETRIC_REPRESENTATION_CONTEXT() REPRESENTATION_CONTEXT('2D SPACE',''
  ) );
#6129 = PCURVE('',#6056,#6130);
#6130 = DEFINITIONAL_REPRESENTATION('',(#6131),#6135);
#6131 = B_SPLINE_CURVE_WITH_KNOTS('',2,(#6132,#6133,#6134),
  .UNSPECIFIED.,.F.,.F.,(3,3),(0.,1.),.PIECEWISE_BEZIER_KNOTS.);
#6132 = CARTESIAN_POINT('',(0.80419921875,1.529296875));
#6133 = CARTESIAN_POINT('',(0.43505859375,2.28955078125));
#6134 = CARTESIAN_POINT('',(0.43505859375,3.1376953125));
#6135 = ( GEOMETRIC_REPRESENTATION_CONTEXT(2) 
PARAMETRIC_REPRESENTATION_CONTEXT() REPRESENTATION_CONTEXT('2D SPACE',''
  ) );
#6136 = ORIENTED_EDGE('',*,*,#6137,.T.);
#6137 = EDGE_CURVE('',#6115,#1322,#6138,.T.);
#6138 = SURFACE_CURVE('',#6139,(#6143,#6150),.PCURVE_S1.);
#6139 = LINE('',#6140,#6141);
#6140 = CARTESIAN_POINT('',(-5.90185551875,-15.69409179687,17.8));
#6141 = VECTOR('',#6142,1.);
#6142 = DIRECTION('',(0.,0.,1.));
#6143 = PCURVE('',#1400,#6144);
#6144 = DEFINITIONAL_REPRESENTATION('',(#6145),#6149);
#6145 = LINE('',#6146,#6147);
#6146 = CARTESIAN_POINT('',(0.,0.));
#6147 = VECTOR('',#6148,1.);
#6148 = DIRECTION('',(0.,-1.));
#6149 = ( GEOMETRIC_REPRESENTATION_CONTEXT(2) 
PARAMETRIC_REPRESENTATION_CONTEXT() REPRESENTATION_CONTEXT('2D SPACE',''
  ) );
#6150 = PCURVE('',#1351,#6151);
#6151 = DEFINITIONAL_REPRESENTATION('',(#6152),#6156);
#6152 = LINE('',#6153,#6154);
#6153 = CARTESIAN_POINT('',(1.,0.));
#6154 = VECTOR('',#6155,1.);
#6155 = DIRECTION('',(0.,-1.));
#6156 = ( GEOMETRIC_REPRESENTATION_CONTEXT(2) 
PARAMETRIC_REPRESENTATION_CONTEXT() REPRESENTATION_CONTEXT('2D SPACE',''
  ) );
#6157 = ORIENTED_EDGE('',*,*,#1372,.F.);
#6158 = ORIENTED_EDGE('',*,*,#6068,.F.);
#6159 = ADVANCED_FACE('',(#6160),#1351,.F.);
#6160 = FACE_BOUND('',#6161,.F.);
#6161 = EDGE_LOOP('',(#6162,#6185,#6206,#6207));
#6162 = ORIENTED_EDGE('',*,*,#6163,.F.);
#6163 = EDGE_CURVE('',#6164,#6115,#6166,.T.);
#6164 = VERTEX_POINT('',#6165);
#6165 = CARTESIAN_POINT('',(-4.8164063,-16.89379882812,17.8));
#6166 = SURFACE_CURVE('',#6167,(#6171,#6178),.PCURVE_S1.);
#6167 = B_SPLINE_CURVE_WITH_KNOTS('',2,(#6168,#6169,#6170),
  .UNSPECIFIED.,.F.,.F.,(3,3),(0.,1.),.PIECEWISE_BEZIER_KNOTS.);
#6168 = CARTESIAN_POINT('',(-4.8164063,-16.89379882812,17.8));
#6169 = CARTESIAN_POINT('',(-5.53271489375,-16.45434570312,17.8));
#6170 = CARTESIAN_POINT('',(-5.90185551875,-15.69409179687,17.8));
#6171 = PCURVE('',#1351,#6172);
#6172 = DEFINITIONAL_REPRESENTATION('',(#6173),#6177);
#6173 = LINE('',#6174,#6175);
#6174 = CARTESIAN_POINT('',(0.,0.));
#6175 = VECTOR('',#6176,1.);
#6176 = DIRECTION('',(1.,0.));
#6177 = ( GEOMETRIC_REPRESENTATION_CONTEXT(2) 
PARAMETRIC_REPRESENTATION_CONTEXT() REPRESENTATION_CONTEXT('2D SPACE',''
  ) );
#6178 = PCURVE('',#6056,#6179);
#6179 = DEFINITIONAL_REPRESENTATION('',(#6180),#6184);
#6180 = B_SPLINE_CURVE_WITH_KNOTS('',2,(#6181,#6182,#6183),
  .UNSPECIFIED.,.F.,.F.,(3,3),(0.,1.),.PIECEWISE_BEZIER_KNOTS.);
#6181 = CARTESIAN_POINT('',(1.8896484375,0.32958984375));
#6182 = CARTESIAN_POINT('',(1.17333984375,0.76904296875));
#6183 = CARTESIAN_POINT('',(0.80419921875,1.529296875));
#6184 = ( GEOMETRIC_REPRESENTATION_CONTEXT(2) 
PARAMETRIC_REPRESENTATION_CONTEXT() REPRESENTATION_CONTEXT('2D SPACE',''
  ) );
#6185 = ORIENTED_EDGE('',*,*,#6186,.T.);
#6186 = EDGE_CURVE('',#6164,#1265,#6187,.T.);
#6187 = SURFACE_CURVE('',#6188,(#6192,#6199),.PCURVE_S1.);
#6188 = LINE('',#6189,#6190);
#6189 = CARTESIAN_POINT('',(-4.8164063,-16.89379882812,17.8));
#6190 = VECTOR('',#6191,1.);
#6191 = DIRECTION('',(0.,0.,1.));
#6192 = PCURVE('',#1351,#6193);
#6193 = DEFINITIONAL_REPRESENTATION('',(#6194),#6198);
#6194 = LINE('',#6195,#6196);
#6195 = CARTESIAN_POINT('',(0.,0.));
#6196 = VECTOR('',#6197,1.);
#6197 = DIRECTION('',(0.,-1.));
#6198 = ( GEOMETRIC_REPRESENTATION_CONTEXT(2) 
PARAMETRIC_REPRESENTATION_CONTEXT() REPRESENTATION_CONTEXT('2D SPACE',''
  ) );
#6199 = PCURVE('',#1298,#6200);
#6200 = DEFINITIONAL_REPRESENTATION('',(#6201),#6205);
#6201 = LINE('',#6202,#6203);
#6202 = CARTESIAN_POINT('',(1.,0.));
#6203 = VECTOR('',#6204,1.);
#6204 = DIRECTION('',(0.,-1.));
#6205 = ( GEOMETRIC_REPRESENTATION_CONTEXT(2) 
PARAMETRIC_REPRESENTATION_CONTEXT() REPRESENTATION_CONTEXT('2D SPACE',''
  ) );
#6206 = ORIENTED_EDGE('',*,*,#1321,.F.);
#6207 = ORIENTED_EDGE('',*,*,#6137,.F.);
#6208 = ADVANCED_FACE('',(#6209),#1298,.F.);
#6209 = FACE_BOUND('',#6210,.F.);
#6210 = EDGE_LOOP('',(#6211,#6234,#6255,#6256));
#6211 = ORIENTED_EDGE('',*,*,#6212,.F.);
#6212 = EDGE_CURVE('',#6213,#6164,#6215,.T.);
#6213 = VERTEX_POINT('',#6214);
#6214 = CARTESIAN_POINT('',(-3.1904297375,-17.33325195312,17.8));
#6215 = SURFACE_CURVE('',#6216,(#6220,#6227),.PCURVE_S1.);
#6216 = B_SPLINE_CURVE_WITH_KNOTS('',2,(#6217,#6218,#6219),
  .UNSPECIFIED.,.F.,.F.,(3,3),(0.,1.),.PIECEWISE_BEZIER_KNOTS.);
#6217 = CARTESIAN_POINT('',(-3.1904297375,-17.33325195312,17.8));
#6218 = CARTESIAN_POINT('',(-4.10009770625,-17.33325195312,17.8));
#6219 = CARTESIAN_POINT('',(-4.8164063,-16.89379882812,17.8));
#6220 = PCURVE('',#1298,#6221);
#6221 = DEFINITIONAL_REPRESENTATION('',(#6222),#6226);
#6222 = LINE('',#6223,#6224);
#6223 = CARTESIAN_POINT('',(0.,0.));
#6224 = VECTOR('',#6225,1.);
#6225 = DIRECTION('',(1.,0.));
#6226 = ( GEOMETRIC_REPRESENTATION_CONTEXT(2) 
PARAMETRIC_REPRESENTATION_CONTEXT() REPRESENTATION_CONTEXT('2D SPACE',''
  ) );
#6227 = PCURVE('',#6056,#6228);
#6228 = DEFINITIONAL_REPRESENTATION('',(#6229),#6233);
#6229 = B_SPLINE_CURVE_WITH_KNOTS('',2,(#6230,#6231,#6232),
  .UNSPECIFIED.,.F.,.F.,(3,3),(0.,1.),.PIECEWISE_BEZIER_KNOTS.);
#6230 = CARTESIAN_POINT('',(3.515625,-0.10986328125));
#6231 = CARTESIAN_POINT('',(2.60595703125,-0.10986328125));
#6232 = CARTESIAN_POINT('',(1.8896484375,0.32958984375));
#6233 = ( GEOMETRIC_REPRESENTATION_CONTEXT(2) 
PARAMETRIC_REPRESENTATION_CONTEXT() REPRESENTATION_CONTEXT('2D SPACE',''
  ) );
#6234 = ORIENTED_EDGE('',*,*,#6235,.T.);
#6235 = EDGE_CURVE('',#6213,#1214,#6236,.T.);
#6236 = SURFACE_CURVE('',#6237,(#6241,#6248),.PCURVE_S1.);
#6237 = LINE('',#6238,#6239);
#6238 = CARTESIAN_POINT('',(-3.1904297375,-17.33325195312,17.8));
#6239 = VECTOR('',#6240,1.);
#6240 = DIRECTION('',(0.,0.,1.));
#6241 = PCURVE('',#1298,#6242);
#6242 = DEFINITIONAL_REPRESENTATION('',(#6243),#6247);
#6243 = LINE('',#6244,#6245);
#6244 = CARTESIAN_POINT('',(0.,0.));
#6245 = VECTOR('',#6246,1.);
#6246 = DIRECTION('',(0.,-1.));
#6247 = ( GEOMETRIC_REPRESENTATION_CONTEXT(2) 
PARAMETRIC_REPRESENTATION_CONTEXT() REPRESENTATION_CONTEXT('2D SPACE',''
  ) );
#6248 = PCURVE('',#1243,#6249);
#6249 = DEFINITIONAL_REPRESENTATION('',(#6250),#6254);
#6250 = LINE('',#6251,#6252);
#6251 = CARTESIAN_POINT('',(1.,0.));
#6252 = VECTOR('',#6253,1.);
#6253 = DIRECTION('',(0.,-1.));
#6254 = ( GEOMETRIC_REPRESENTATION_CONTEXT(2) 
PARAMETRIC_REPRESENTATION_CONTEXT() REPRESENTATION_CONTEXT('2D SPACE',''
  ) );
#6255 = ORIENTED_EDGE('',*,*,#1264,.F.);
#6256 = ORIENTED_EDGE('',*,*,#6186,.F.);
#6257 = ADVANCED_FACE('',(#6258),#1243,.F.);
#6258 = FACE_BOUND('',#6259,.F.);
#6259 = EDGE_LOOP('',(#6260,#6283,#6304,#6305));
#6260 = ORIENTED_EDGE('',*,*,#6261,.F.);
#6261 = EDGE_CURVE('',#6262,#6213,#6264,.T.);
#6262 = VERTEX_POINT('',#6263);
#6263 = CARTESIAN_POINT('',(-1.6259766125,-16.935546875,17.8));
#6264 = SURFACE_CURVE('',#6265,(#6269,#6276),.PCURVE_S1.);
#6265 = B_SPLINE_CURVE_WITH_KNOTS('',2,(#6266,#6267,#6268),
  .UNSPECIFIED.,.F.,.F.,(3,3),(0.,1.),.PIECEWISE_BEZIER_KNOTS.);
#6266 = CARTESIAN_POINT('',(-1.6259766125,-16.935546875,17.8));
#6267 = CARTESIAN_POINT('',(-2.35107426875,-17.33325195312,17.8));
#6268 = CARTESIAN_POINT('',(-3.1904297375,-17.33325195312,17.8));
#6269 = PCURVE('',#1243,#6270);
#6270 = DEFINITIONAL_REPRESENTATION('',(#6271),#6275);
#6271 = LINE('',#6272,#6273);
#6272 = CARTESIAN_POINT('',(0.,0.));
#6273 = VECTOR('',#6274,1.);
#6274 = DIRECTION('',(1.,0.));
#6275 = ( GEOMETRIC_REPRESENTATION_CONTEXT(2) 
PARAMETRIC_REPRESENTATION_CONTEXT() REPRESENTATION_CONTEXT('2D SPACE',''
  ) );
#6276 = PCURVE('',#6056,#6277);
#6277 = DEFINITIONAL_REPRESENTATION('',(#6278),#6282);
#6278 = B_SPLINE_CURVE_WITH_KNOTS('',2,(#6279,#6280,#6281),
  .UNSPECIFIED.,.F.,.F.,(3,3),(0.,1.),.PIECEWISE_BEZIER_KNOTS.);
#6279 = CARTESIAN_POINT('',(5.080078125,0.287841796875));
#6280 = CARTESIAN_POINT('',(4.35498046875,-0.10986328125));
#6281 = CARTESIAN_POINT('',(3.515625,-0.10986328125));
#6282 = ( GEOMETRIC_REPRESENTATION_CONTEXT(2) 
PARAMETRIC_REPRESENTATION_CONTEXT() REPRESENTATION_CONTEXT('2D SPACE',''
  ) );
#6283 = ORIENTED_EDGE('',*,*,#6284,.T.);
#6284 = EDGE_CURVE('',#6262,#1157,#6285,.T.);
#6285 = SURFACE_CURVE('',#6286,(#6290,#6297),.PCURVE_S1.);
#6286 = LINE('',#6287,#6288);
#6287 = CARTESIAN_POINT('',(-1.6259766125,-16.935546875,17.8));
#6288 = VECTOR('',#6289,1.);
#6289 = DIRECTION('',(0.,0.,1.));
#6290 = PCURVE('',#1243,#6291);
#6291 = DEFINITIONAL_REPRESENTATION('',(#6292),#6296);
#6292 = LINE('',#6293,#6294);
#6293 = CARTESIAN_POINT('',(0.,0.));
#6294 = VECTOR('',#6295,1.);
#6295 = DIRECTION('',(0.,-1.));
#6296 = ( GEOMETRIC_REPRESENTATION_CONTEXT(2) 
PARAMETRIC_REPRESENTATION_CONTEXT() REPRESENTATION_CONTEXT('2D SPACE',''
  ) );
#6297 = PCURVE('',#1190,#6298);
#6298 = DEFINITIONAL_REPRESENTATION('',(#6299),#6303);
#6299 = LINE('',#6300,#6301);
#6300 = CARTESIAN_POINT('',(1.,0.));
#6301 = VECTOR('',#6302,1.);
#6302 = DIRECTION('',(0.,-1.));
#6303 = ( GEOMETRIC_REPRESENTATION_CONTEXT(2) 
PARAMETRIC_REPRESENTATION_CONTEXT() REPRESENTATION_CONTEXT('2D SPACE',''
  ) );
#6304 = ORIENTED_EDGE('',*,*,#1213,.F.);
#6305 = ORIENTED_EDGE('',*,*,#6235,.F.);
#6306 = ADVANCED_FACE('',(#6307),#1190,.F.);
#6307 = FACE_BOUND('',#6308,.F.);
#6308 = EDGE_LOOP('',(#6309,#6332,#6353,#6354));
#6309 = ORIENTED_EDGE('',*,*,#6310,.F.);
#6310 = EDGE_CURVE('',#6311,#6262,#6313,.T.);
#6311 = VERTEX_POINT('',#6312);
#6312 = CARTESIAN_POINT('',(-0.50537114375,-15.76440429687,17.8));
#6313 = SURFACE_CURVE('',#6314,(#6318,#6325),.PCURVE_S1.);
#6314 = B_SPLINE_CURVE_WITH_KNOTS('',2,(#6315,#6316,#6317),
  .UNSPECIFIED.,.F.,.F.,(3,3),(0.,1.),.PIECEWISE_BEZIER_KNOTS.);
#6315 = CARTESIAN_POINT('',(-0.50537114375,-15.76440429687,17.8));
#6316 = CARTESIAN_POINT('',(-0.90087895625,-16.53784179687,17.8));
#6317 = CARTESIAN_POINT('',(-1.6259766125,-16.935546875,17.8));
#6318 = PCURVE('',#1190,#6319);
#6319 = DEFINITIONAL_REPRESENTATION('',(#6320),#6324);
#6320 = LINE('',#6321,#6322);
#6321 = CARTESIAN_POINT('',(0.,0.));
#6322 = VECTOR('',#6323,1.);
#6323 = DIRECTION('',(1.,0.));
#6324 = ( GEOMETRIC_REPRESENTATION_CONTEXT(2) 
PARAMETRIC_REPRESENTATION_CONTEXT() REPRESENTATION_CONTEXT('2D SPACE',''
  ) );
#6325 = PCURVE('',#6056,#6326);
#6326 = DEFINITIONAL_REPRESENTATION('',(#6327),#6331);
#6327 = B_SPLINE_CURVE_WITH_KNOTS('',2,(#6328,#6329,#6330),
  .UNSPECIFIED.,.F.,.F.,(3,3),(0.,1.),.PIECEWISE_BEZIER_KNOTS.);
#6328 = CARTESIAN_POINT('',(6.20068359375,1.458984375));
#6329 = CARTESIAN_POINT('',(5.80517578125,0.685546875));
#6330 = CARTESIAN_POINT('',(5.080078125,0.287841796875));
#6331 = ( GEOMETRIC_REPRESENTATION_CONTEXT(2) 
PARAMETRIC_REPRESENTATION_CONTEXT() REPRESENTATION_CONTEXT('2D SPACE',''
  ) );
#6332 = ORIENTED_EDGE('',*,*,#6333,.T.);
#6333 = EDGE_CURVE('',#6311,#1106,#6334,.T.);
#6334 = SURFACE_CURVE('',#6335,(#6339,#6346),.PCURVE_S1.);
#6335 = LINE('',#6336,#6337);
#6336 = CARTESIAN_POINT('',(-0.50537114375,-15.76440429687,17.8));
#6337 = VECTOR('',#6338,1.);
#6338 = DIRECTION('',(0.,0.,1.));
#6339 = PCURVE('',#1190,#6340);
#6340 = DEFINITIONAL_REPRESENTATION('',(#6341),#6345);
#6341 = LINE('',#6342,#6343);
#6342 = CARTESIAN_POINT('',(0.,0.));
#6343 = VECTOR('',#6344,1.);
#6344 = DIRECTION('',(0.,-1.));
#6345 = ( GEOMETRIC_REPRESENTATION_CONTEXT(2) 
PARAMETRIC_REPRESENTATION_CONTEXT() REPRESENTATION_CONTEXT('2D SPACE',''
  ) );
#6346 = PCURVE('',#1135,#6347);
#6347 = DEFINITIONAL_REPRESENTATION('',(#6348),#6352);
#6348 = LINE('',#6349,#6350);
#6349 = CARTESIAN_POINT('',(1.,0.));
#6350 = VECTOR('',#6351,1.);
#6351 = DIRECTION('',(0.,-1.));
#6352 = ( GEOMETRIC_REPRESENTATION_CONTEXT(2) 
PARAMETRIC_REPRESENTATION_CONTEXT() REPRESENTATION_CONTEXT('2D SPACE',''
  ) );
#6353 = ORIENTED_EDGE('',*,*,#1156,.F.);
#6354 = ORIENTED_EDGE('',*,*,#6284,.F.);
#6355 = ADVANCED_FACE('',(#6356),#1135,.F.);
#6356 = FACE_BOUND('',#6357,.F.);
#6357 = EDGE_LOOP('',(#6358,#6381,#6402,#6403));
#6358 = ORIENTED_EDGE('',*,*,#6359,.F.);
#6359 = EDGE_CURVE('',#6360,#6311,#6362,.T.);
#6360 = VERTEX_POINT('',#6361);
#6361 = CARTESIAN_POINT('',(-0.10986333125,-14.01098632812,17.8));
#6362 = SURFACE_CURVE('',#6363,(#6367,#6374),.PCURVE_S1.);
#6363 = B_SPLINE_CURVE_WITH_KNOTS('',2,(#6364,#6365,#6366),
  .UNSPECIFIED.,.F.,.F.,(3,3),(0.,1.),.PIECEWISE_BEZIER_KNOTS.);
#6364 = CARTESIAN_POINT('',(-0.10986333125,-14.01098632812,17.8));
#6365 = CARTESIAN_POINT('',(-0.10986333125,-14.99096679687,17.8));
#6366 = CARTESIAN_POINT('',(-0.50537114375,-15.76440429687,17.8));
#6367 = PCURVE('',#1135,#6368);
#6368 = DEFINITIONAL_REPRESENTATION('',(#6369),#6373);
#6369 = LINE('',#6370,#6371);
#6370 = CARTESIAN_POINT('',(0.,0.));
#6371 = VECTOR('',#6372,1.);
#6372 = DIRECTION('',(1.,0.));
#6373 = ( GEOMETRIC_REPRESENTATION_CONTEXT(2) 
PARAMETRIC_REPRESENTATION_CONTEXT() REPRESENTATION_CONTEXT('2D SPACE',''
  ) );
#6374 = PCURVE('',#6056,#6375);
#6375 = DEFINITIONAL_REPRESENTATION('',(#6376),#6380);
#6376 = B_SPLINE_CURVE_WITH_KNOTS('',2,(#6377,#6378,#6379),
  .UNSPECIFIED.,.F.,.F.,(3,3),(0.,1.),.PIECEWISE_BEZIER_KNOTS.);
#6377 = CARTESIAN_POINT('',(6.59619140625,3.21240234375));
#6378 = CARTESIAN_POINT('',(6.59619140625,2.232421875));
#6379 = CARTESIAN_POINT('',(6.20068359375,1.458984375));
#6380 = ( GEOMETRIC_REPRESENTATION_CONTEXT(2) 
PARAMETRIC_REPRESENTATION_CONTEXT() REPRESENTATION_CONTEXT('2D SPACE',''
  ) );
#6381 = ORIENTED_EDGE('',*,*,#6382,.T.);
#6382 = EDGE_CURVE('',#6360,#1055,#6383,.T.);
#6383 = SURFACE_CURVE('',#6384,(#6388,#6395),.PCURVE_S1.);
#6384 = LINE('',#6385,#6386);
#6385 = CARTESIAN_POINT('',(-0.10986333125,-14.01098632812,17.8));
#6386 = VECTOR('',#6387,1.);
#6387 = DIRECTION('',(0.,0.,1.));
#6388 = PCURVE('',#1135,#6389);
#6389 = DEFINITIONAL_REPRESENTATION('',(#6390),#6394);
#6390 = LINE('',#6391,#6392);
#6391 = CARTESIAN_POINT('',(0.,0.));
#6392 = VECTOR('',#6393,1.);
#6393 = DIRECTION('',(0.,-1.));
#6394 = ( GEOMETRIC_REPRESENTATION_CONTEXT(2) 
PARAMETRIC_REPRESENTATION_CONTEXT() REPRESENTATION_CONTEXT('2D SPACE',''
  ) );
#6395 = PCURVE('',#1084,#6396);
#6396 = DEFINITIONAL_REPRESENTATION('',(#6397),#6401);
#6397 = LINE('',#6398,#6399);
#6398 = CARTESIAN_POINT('',(1.,0.));
#6399 = VECTOR('',#6400,1.);
#6400 = DIRECTION('',(0.,-1.));
#6401 = ( GEOMETRIC_REPRESENTATION_CONTEXT(2) 
PARAMETRIC_REPRESENTATION_CONTEXT() REPRESENTATION_CONTEXT('2D SPACE',''
  ) );
#6402 = ORIENTED_EDGE('',*,*,#1105,.F.);
#6403 = ORIENTED_EDGE('',*,*,#6333,.F.);
#6404 = ADVANCED_FACE('',(#6405),#1084,.F.);
#6405 = FACE_BOUND('',#6406,.F.);
#6406 = EDGE_LOOP('',(#6407,#6430,#6451,#6452));
#6407 = ORIENTED_EDGE('',*,*,#6408,.F.);
#6408 = EDGE_CURVE('',#6409,#6360,#6411,.T.);
#6409 = VERTEX_POINT('',#6410);
#6410 = CARTESIAN_POINT('',(-0.485595753125,-12.28173828125,17.8));
#6411 = SURFACE_CURVE('',#6412,(#6416,#6423),.PCURVE_S1.);
#6412 = B_SPLINE_CURVE_WITH_KNOTS('',2,(#6413,#6414,#6415),
  .UNSPECIFIED.,.F.,.F.,(3,3),(0.,1.),.PIECEWISE_BEZIER_KNOTS.);
#6413 = CARTESIAN_POINT('',(-0.485595753125,-12.28173828125,17.8));
#6414 = CARTESIAN_POINT('',(-0.10986333125,-13.04418945312,17.8));
#6415 = CARTESIAN_POINT('',(-0.10986333125,-14.01098632812,17.8));
#6416 = PCURVE('',#1084,#6417);
#6417 = DEFINITIONAL_REPRESENTATION('',(#6418),#6422);
#6418 = LINE('',#6419,#6420);
#6419 = CARTESIAN_POINT('',(0.,0.));
#6420 = VECTOR('',#6421,1.);
#6421 = DIRECTION('',(1.,0.));
#6422 = ( GEOMETRIC_REPRESENTATION_CONTEXT(2) 
PARAMETRIC_REPRESENTATION_CONTEXT() REPRESENTATION_CONTEXT('2D SPACE',''
  ) );
#6423 = PCURVE('',#6056,#6424);
#6424 = DEFINITIONAL_REPRESENTATION('',(#6425),#6429);
#6425 = B_SPLINE_CURVE_WITH_KNOTS('',2,(#6426,#6427,#6428),
  .UNSPECIFIED.,.F.,.F.,(3,3),(0.,1.),.PIECEWISE_BEZIER_KNOTS.);
#6426 = CARTESIAN_POINT('',(6.220458984375,4.941650390625));
#6427 = CARTESIAN_POINT('',(6.59619140625,4.17919921875));
#6428 = CARTESIAN_POINT('',(6.59619140625,3.21240234375));
#6429 = ( GEOMETRIC_REPRESENTATION_CONTEXT(2) 
PARAMETRIC_REPRESENTATION_CONTEXT() REPRESENTATION_CONTEXT('2D SPACE',''
  ) );
#6430 = ORIENTED_EDGE('',*,*,#6431,.T.);
#6431 = EDGE_CURVE('',#6409,#1004,#6432,.T.);
#6432 = SURFACE_CURVE('',#6433,(#6437,#6444),.PCURVE_S1.);
#6433 = LINE('',#6434,#6435);
#6434 = CARTESIAN_POINT('',(-0.485595753125,-12.28173828125,17.8));
#6435 = VECTOR('',#6436,1.);
#6436 = DIRECTION('',(0.,0.,1.));
#6437 = PCURVE('',#1084,#6438);
#6438 = DEFINITIONAL_REPRESENTATION('',(#6439),#6443);
#6439 = LINE('',#6440,#6441);
#6440 = CARTESIAN_POINT('',(0.,0.));
#6441 = VECTOR('',#6442,1.);
#6442 = DIRECTION('',(0.,-1.));
#6443 = ( GEOMETRIC_REPRESENTATION_CONTEXT(2) 
PARAMETRIC_REPRESENTATION_CONTEXT() REPRESENTATION_CONTEXT('2D SPACE',''
  ) );
#6444 = PCURVE('',#1033,#6445);
#6445 = DEFINITIONAL_REPRESENTATION('',(#6446),#6450);
#6446 = LINE('',#6447,#6448);
#6447 = CARTESIAN_POINT('',(1.,0.));
#6448 = VECTOR('',#6449,1.);
#6449 = DIRECTION('',(0.,-1.));
#6450 = ( GEOMETRIC_REPRESENTATION_CONTEXT(2) 
PARAMETRIC_REPRESENTATION_CONTEXT() REPRESENTATION_CONTEXT('2D SPACE',''
  ) );
#6451 = ORIENTED_EDGE('',*,*,#1054,.F.);
#6452 = ORIENTED_EDGE('',*,*,#6382,.F.);
#6453 = ADVANCED_FACE('',(#6454),#1033,.F.);
#6454 = FACE_BOUND('',#6455,.F.);
#6455 = EDGE_LOOP('',(#6456,#6479,#6500,#6501));
#6456 = ORIENTED_EDGE('',*,*,#6457,.F.);
#6457 = EDGE_CURVE('',#6458,#6409,#6460,.T.);
#6458 = VERTEX_POINT('',#6459);
#6459 = CARTESIAN_POINT('',(-1.57763676875,-11.09301757812,17.8));
#6460 = SURFACE_CURVE('',#6461,(#6465,#6472),.PCURVE_S1.);
#6461 = B_SPLINE_CURVE_WITH_KNOTS('',2,(#6462,#6463,#6464),
  .UNSPECIFIED.,.F.,.F.,(3,3),(0.,1.),.PIECEWISE_BEZIER_KNOTS.);
#6462 = CARTESIAN_POINT('',(-1.57763676875,-11.09301757812,17.8));
#6463 = CARTESIAN_POINT('',(-0.861328175,-11.51928710937,17.8));
#6464 = CARTESIAN_POINT('',(-0.485595753125,-12.28173828125,17.8));
#6465 = PCURVE('',#1033,#6466);
#6466 = DEFINITIONAL_REPRESENTATION('',(#6467),#6471);
#6467 = LINE('',#6468,#6469);
#6468 = CARTESIAN_POINT('',(0.,0.));
#6469 = VECTOR('',#6470,1.);
#6470 = DIRECTION('',(1.,0.));
#6471 = ( GEOMETRIC_REPRESENTATION_CONTEXT(2) 
PARAMETRIC_REPRESENTATION_CONTEXT() REPRESENTATION_CONTEXT('2D SPACE',''
  ) );
#6472 = PCURVE('',#6056,#6473);
#6473 = DEFINITIONAL_REPRESENTATION('',(#6474),#6478);
#6474 = B_SPLINE_CURVE_WITH_KNOTS('',2,(#6475,#6476,#6477),
  .UNSPECIFIED.,.F.,.F.,(3,3),(0.,1.),.PIECEWISE_BEZIER_KNOTS.);
#6475 = CARTESIAN_POINT('',(5.12841796875,6.13037109375));
#6476 = CARTESIAN_POINT('',(5.8447265625,5.7041015625));
#6477 = CARTESIAN_POINT('',(6.220458984375,4.941650390625));
#6478 = ( GEOMETRIC_REPRESENTATION_CONTEXT(2) 
PARAMETRIC_REPRESENTATION_CONTEXT() REPRESENTATION_CONTEXT('2D SPACE',''
  ) );
#6479 = ORIENTED_EDGE('',*,*,#6480,.T.);
#6480 = EDGE_CURVE('',#6458,#947,#6481,.T.);
#6481 = SURFACE_CURVE('',#6482,(#6486,#6493),.PCURVE_S1.);
#6482 = LINE('',#6483,#6484);
#6483 = CARTESIAN_POINT('',(-1.57763676875,-11.09301757812,17.8));
#6484 = VECTOR('',#6485,1.);
#6485 = DIRECTION('',(0.,0.,1.));
#6486 = PCURVE('',#1033,#6487);
#6487 = DEFINITIONAL_REPRESENTATION('',(#6488),#6492);
#6488 = LINE('',#6489,#6490);
#6489 = CARTESIAN_POINT('',(0.,0.));
#6490 = VECTOR('',#6491,1.);
#6491 = DIRECTION('',(0.,-1.));
#6492 = ( GEOMETRIC_REPRESENTATION_CONTEXT(2) 
PARAMETRIC_REPRESENTATION_CONTEXT() REPRESENTATION_CONTEXT('2D SPACE',''
  ) );
#6493 = PCURVE('',#980,#6494);
#6494 = DEFINITIONAL_REPRESENTATION('',(#6495),#6499);
#6495 = LINE('',#6496,#6497);
#6496 = CARTESIAN_POINT('',(1.,0.));
#6497 = VECTOR('',#6498,1.);
#6498 = DIRECTION('',(0.,-1.));
#6499 = ( GEOMETRIC_REPRESENTATION_CONTEXT(2) 
PARAMETRIC_REPRESENTATION_CONTEXT() REPRESENTATION_CONTEXT('2D SPACE',''
  ) );
#6500 = ORIENTED_EDGE('',*,*,#1003,.F.);
#6501 = ORIENTED_EDGE('',*,*,#6431,.F.);
#6502 = ADVANCED_FACE('',(#6503),#980,.F.);
#6503 = FACE_BOUND('',#6504,.F.);
#6504 = EDGE_LOOP('',(#6505,#6528,#6549,#6550));
#6505 = ORIENTED_EDGE('',*,*,#6506,.F.);
#6506 = EDGE_CURVE('',#6507,#6458,#6509,.T.);
#6507 = VERTEX_POINT('',#6508);
#6508 = CARTESIAN_POINT('',(-3.18603520625,-10.66674804687,17.8));
#6509 = SURFACE_CURVE('',#6510,(#6514,#6521),.PCURVE_S1.);
#6510 = B_SPLINE_CURVE_WITH_KNOTS('',2,(#6511,#6512,#6513),
  .UNSPECIFIED.,.F.,.F.,(3,3),(0.,1.),.PIECEWISE_BEZIER_KNOTS.);
#6511 = CARTESIAN_POINT('',(-3.18603520625,-10.66674804687,17.8));
#6512 = CARTESIAN_POINT('',(-2.2939453625,-10.66674804687,17.8));
#6513 = CARTESIAN_POINT('',(-1.57763676875,-11.09301757812,17.8));
#6514 = PCURVE('',#980,#6515);
#6515 = DEFINITIONAL_REPRESENTATION('',(#6516),#6520);
#6516 = LINE('',#6517,#6518);
#6517 = CARTESIAN_POINT('',(0.,0.));
#6518 = VECTOR('',#6519,1.);
#6519 = DIRECTION('',(1.,0.));
#6520 = ( GEOMETRIC_REPRESENTATION_CONTEXT(2) 
PARAMETRIC_REPRESENTATION_CONTEXT() REPRESENTATION_CONTEXT('2D SPACE',''
  ) );
#6521 = PCURVE('',#6056,#6522);
#6522 = DEFINITIONAL_REPRESENTATION('',(#6523),#6527);
#6523 = B_SPLINE_CURVE_WITH_KNOTS('',2,(#6524,#6525,#6526),
  .UNSPECIFIED.,.F.,.F.,(3,3),(0.,1.),.PIECEWISE_BEZIER_KNOTS.);
#6524 = CARTESIAN_POINT('',(3.52001953125,6.556640625));
#6525 = CARTESIAN_POINT('',(4.412109375,6.556640625));
#6526 = CARTESIAN_POINT('',(5.12841796875,6.13037109375));
#6527 = ( GEOMETRIC_REPRESENTATION_CONTEXT(2) 
PARAMETRIC_REPRESENTATION_CONTEXT() REPRESENTATION_CONTEXT('2D SPACE',''
  ) );
#6528 = ORIENTED_EDGE('',*,*,#6529,.T.);
#6529 = EDGE_CURVE('',#6507,#875,#6530,.T.);
#6530 = SURFACE_CURVE('',#6531,(#6535,#6542),.PCURVE_S1.);
#6531 = LINE('',#6532,#6533);
#6532 = CARTESIAN_POINT('',(-3.18603520625,-10.66674804687,17.8));
#6533 = VECTOR('',#6534,1.);
#6534 = DIRECTION('',(0.,0.,1.));
#6535 = PCURVE('',#980,#6536);
#6536 = DEFINITIONAL_REPRESENTATION('',(#6537),#6541);
#6537 = LINE('',#6538,#6539);
#6538 = CARTESIAN_POINT('',(0.,0.));
#6539 = VECTOR('',#6540,1.);
#6540 = DIRECTION('',(0.,-1.));
#6541 = ( GEOMETRIC_REPRESENTATION_CONTEXT(2) 
PARAMETRIC_REPRESENTATION_CONTEXT() REPRESENTATION_CONTEXT('2D SPACE',''
  ) );
#6542 = PCURVE('',#918,#6543);
#6543 = DEFINITIONAL_REPRESENTATION('',(#6544),#6548);
#6544 = LINE('',#6545,#6546);
#6545 = CARTESIAN_POINT('',(1.,0.));
#6546 = VECTOR('',#6547,1.);
#6547 = DIRECTION('',(0.,-1.));
#6548 = ( GEOMETRIC_REPRESENTATION_CONTEXT(2) 
PARAMETRIC_REPRESENTATION_CONTEXT() REPRESENTATION_CONTEXT('2D SPACE',''
  ) );
#6549 = ORIENTED_EDGE('',*,*,#946,.F.);
#6550 = ORIENTED_EDGE('',*,*,#6480,.F.);
#6551 = ADVANCED_FACE('',(#6552),#918,.F.);
#6552 = FACE_BOUND('',#6553,.F.);
#6553 = EDGE_LOOP('',(#6554,#6575,#6576,#6577));
#6554 = ORIENTED_EDGE('',*,*,#6555,.F.);
#6555 = EDGE_CURVE('',#6041,#6507,#6556,.T.);
#6556 = SURFACE_CURVE('',#6557,(#6561,#6568),.PCURVE_S1.);
#6557 = B_SPLINE_CURVE_WITH_KNOTS('',2,(#6558,#6559,#6560),
  .UNSPECIFIED.,.F.,.F.,(3,3),(0.,1.),.PIECEWISE_BEZIER_KNOTS.);
#6558 = CARTESIAN_POINT('',(-5.40966801875,-11.57421875,17.8));
#6559 = CARTESIAN_POINT('',(-4.54833989375,-10.66674804687,17.8));
#6560 = CARTESIAN_POINT('',(-3.18603520625,-10.66674804687,17.8));
#6561 = PCURVE('',#918,#6562);
#6562 = DEFINITIONAL_REPRESENTATION('',(#6563),#6567);
#6563 = LINE('',#6564,#6565);
#6564 = CARTESIAN_POINT('',(0.,0.));
#6565 = VECTOR('',#6566,1.);
#6566 = DIRECTION('',(1.,0.));
#6567 = ( GEOMETRIC_REPRESENTATION_CONTEXT(2) 
PARAMETRIC_REPRESENTATION_CONTEXT() REPRESENTATION_CONTEXT('2D SPACE',''
  ) );
#6568 = PCURVE('',#6056,#6569);
#6569 = DEFINITIONAL_REPRESENTATION('',(#6570),#6574);
#6570 = B_SPLINE_CURVE_WITH_KNOTS('',2,(#6571,#6572,#6573),
  .UNSPECIFIED.,.F.,.F.,(3,3),(0.,1.),.PIECEWISE_BEZIER_KNOTS.);
#6571 = CARTESIAN_POINT('',(1.29638671875,5.649169921875));
#6572 = CARTESIAN_POINT('',(2.15771484375,6.556640625));
#6573 = CARTESIAN_POINT('',(3.52001953125,6.556640625));
#6574 = ( GEOMETRIC_REPRESENTATION_CONTEXT(2) 
PARAMETRIC_REPRESENTATION_CONTEXT() REPRESENTATION_CONTEXT('2D SPACE',''
  ) );
#6575 = ORIENTED_EDGE('',*,*,#6090,.T.);
#6576 = ORIENTED_EDGE('',*,*,#874,.F.);
#6577 = ORIENTED_EDGE('',*,*,#6529,.F.);
#6578 = ADVANCED_FACE('',(#6579),#1440,.F.);
#6579 = FACE_BOUND('',#6580,.F.);
#6580 = EDGE_LOOP('',(#6581,#6611,#6632,#6633));
#6581 = ORIENTED_EDGE('',*,*,#6582,.F.);
#6582 = EDGE_CURVE('',#6583,#6585,#6587,.T.);
#6583 = VERTEX_POINT('',#6584);
#6584 = CARTESIAN_POINT('',(3.65624995,-17.22338867187,17.8));
#6585 = VERTEX_POINT('',#6586);
#6586 = CARTESIAN_POINT('',(2.8037108875,-17.22338867187,17.8));
#6587 = SURFACE_CURVE('',#6588,(#6592,#6599),.PCURVE_S1.);
#6588 = LINE('',#6589,#6590);
#6589 = CARTESIAN_POINT('',(3.65624995,-17.22338867187,17.8));
#6590 = VECTOR('',#6591,1.);
#6591 = DIRECTION('',(-1.,0.,0.));
#6592 = PCURVE('',#1440,#6593);
#6593 = DEFINITIONAL_REPRESENTATION('',(#6594),#6598);
#6594 = LINE('',#6595,#6596);
#6595 = CARTESIAN_POINT('',(0.,-0.));
#6596 = VECTOR('',#6597,1.);
#6597 = DIRECTION('',(1.,0.));
#6598 = ( GEOMETRIC_REPRESENTATION_CONTEXT(2) 
PARAMETRIC_REPRESENTATION_CONTEXT() REPRESENTATION_CONTEXT('2D SPACE',''
  ) );
#6599 = PCURVE('',#6600,#6605);
#6600 = PLANE('',#6601);
#6601 = AXIS2_PLACEMENT_3D('',#6602,#6603,#6604);
#6602 = CARTESIAN_POINT('',(0.29443354375,-17.22338867187,17.8));
#6603 = DIRECTION('',(0.,0.,1.));
#6604 = DIRECTION('',(1.,0.,0.));
#6605 = DEFINITIONAL_REPRESENTATION('',(#6606),#6610);
#6606 = LINE('',#6607,#6608);
#6607 = CARTESIAN_POINT('',(3.36181640625,0.));
#6608 = VECTOR('',#6609,1.);
#6609 = DIRECTION('',(-1.,0.));
#6610 = ( GEOMETRIC_REPRESENTATION_CONTEXT(2) 
PARAMETRIC_REPRESENTATION_CONTEXT() REPRESENTATION_CONTEXT('2D SPACE',''
  ) );
#6611 = ORIENTED_EDGE('',*,*,#6612,.T.);
#6612 = EDGE_CURVE('',#6583,#1426,#6613,.T.);
#6613 = SURFACE_CURVE('',#6614,(#6618,#6625),.PCURVE_S1.);
#6614 = LINE('',#6615,#6616);
#6615 = CARTESIAN_POINT('',(3.65624995,-17.22338867187,17.8));
#6616 = VECTOR('',#6617,1.);
#6617 = DIRECTION('',(0.,0.,1.));
#6618 = PCURVE('',#1440,#6619);
#6619 = DEFINITIONAL_REPRESENTATION('',(#6620),#6624);
#6620 = LINE('',#6621,#6622);
#6621 = CARTESIAN_POINT('',(0.,-0.));
#6622 = VECTOR('',#6623,1.);
#6623 = DIRECTION('',(0.,-1.));
#6624 = ( GEOMETRIC_REPRESENTATION_CONTEXT(2) 
PARAMETRIC_REPRESENTATION_CONTEXT() REPRESENTATION_CONTEXT('2D SPACE',''
  ) );
#6625 = PCURVE('',#1724,#6626);
#6626 = DEFINITIONAL_REPRESENTATION('',(#6627),#6631);
#6627 = LINE('',#6628,#6629);
#6628 = CARTESIAN_POINT('',(2.72900390625,0.));
#6629 = VECTOR('',#6630,1.);
#6630 = DIRECTION('',(0.,-1.));
#6631 = ( GEOMETRIC_REPRESENTATION_CONTEXT(2) 
PARAMETRIC_REPRESENTATION_CONTEXT() REPRESENTATION_CONTEXT('2D SPACE',''
  ) );
#6632 = ORIENTED_EDGE('',*,*,#1423,.F.);
#6633 = ORIENTED_EDGE('',*,*,#6634,.F.);
#6634 = EDGE_CURVE('',#6585,#1424,#6635,.T.);
#6635 = SURFACE_CURVE('',#6636,(#6640,#6647),.PCURVE_S1.);
#6636 = LINE('',#6637,#6638);
#6637 = CARTESIAN_POINT('',(2.8037108875,-17.22338867187,17.8));
#6638 = VECTOR('',#6639,1.);
#6639 = DIRECTION('',(0.,0.,1.));
#6640 = PCURVE('',#1440,#6641);
#6641 = DEFINITIONAL_REPRESENTATION('',(#6642),#6646);
#6642 = LINE('',#6643,#6644);
#6643 = CARTESIAN_POINT('',(0.8525390625,0.));
#6644 = VECTOR('',#6645,1.);
#6645 = DIRECTION('',(0.,-1.));
#6646 = ( GEOMETRIC_REPRESENTATION_CONTEXT(2) 
PARAMETRIC_REPRESENTATION_CONTEXT() REPRESENTATION_CONTEXT('2D SPACE',''
  ) );
#6647 = PCURVE('',#1466,#6648);
#6648 = DEFINITIONAL_REPRESENTATION('',(#6649),#6653);
#6649 = LINE('',#6650,#6651);
#6650 = CARTESIAN_POINT('',(0.,0.));
#6651 = VECTOR('',#6652,1.);
#6652 = DIRECTION('',(0.,-1.));
#6653 = ( GEOMETRIC_REPRESENTATION_CONTEXT(2) 
PARAMETRIC_REPRESENTATION_CONTEXT() REPRESENTATION_CONTEXT('2D SPACE',''
  ) );
#6654 = ADVANCED_FACE('',(#6655),#1724,.F.);
#6655 = FACE_BOUND('',#6656,.F.);
#6656 = EDGE_LOOP('',(#6657,#6680,#6701,#6702));
#6657 = ORIENTED_EDGE('',*,*,#6658,.F.);
#6658 = EDGE_CURVE('',#6659,#6583,#6661,.T.);
#6659 = VERTEX_POINT('',#6660);
#6660 = CARTESIAN_POINT('',(3.65624995,-14.49438476562,17.8));
#6661 = SURFACE_CURVE('',#6662,(#6666,#6673),.PCURVE_S1.);
#6662 = LINE('',#6663,#6664);
#6663 = CARTESIAN_POINT('',(3.65624995,-14.49438476562,17.8));
#6664 = VECTOR('',#6665,1.);
#6665 = DIRECTION('',(0.,-1.,0.));
#6666 = PCURVE('',#1724,#6667);
#6667 = DEFINITIONAL_REPRESENTATION('',(#6668),#6672);
#6668 = LINE('',#6669,#6670);
#6669 = CARTESIAN_POINT('',(0.,0.));
#6670 = VECTOR('',#6671,1.);
#6671 = DIRECTION('',(1.,0.));
#6672 = ( GEOMETRIC_REPRESENTATION_CONTEXT(2) 
PARAMETRIC_REPRESENTATION_CONTEXT() REPRESENTATION_CONTEXT('2D SPACE',''
  ) );
#6673 = PCURVE('',#6600,#6674);
#6674 = DEFINITIONAL_REPRESENTATION('',(#6675),#6679);
#6675 = LINE('',#6676,#6677);
#6676 = CARTESIAN_POINT('',(3.36181640625,2.72900390625));
#6677 = VECTOR('',#6678,1.);
#6678 = DIRECTION('',(0.,-1.));
#6679 = ( GEOMETRIC_REPRESENTATION_CONTEXT(2) 
PARAMETRIC_REPRESENTATION_CONTEXT() REPRESENTATION_CONTEXT('2D SPACE',''
  ) );
#6680 = ORIENTED_EDGE('',*,*,#6681,.T.);
#6681 = EDGE_CURVE('',#6659,#1686,#6682,.T.);
#6682 = SURFACE_CURVE('',#6683,(#6687,#6694),.PCURVE_S1.);
#6683 = LINE('',#6684,#6685);
#6684 = CARTESIAN_POINT('',(3.65624995,-14.49438476562,17.8));
#6685 = VECTOR('',#6686,1.);
#6686 = DIRECTION('',(0.,0.,1.));
#6687 = PCURVE('',#1724,#6688);
#6688 = DEFINITIONAL_REPRESENTATION('',(#6689),#6693);
#6689 = LINE('',#6690,#6691);
#6690 = CARTESIAN_POINT('',(0.,0.));
#6691 = VECTOR('',#6692,1.);
#6692 = DIRECTION('',(0.,-1.));
#6693 = ( GEOMETRIC_REPRESENTATION_CONTEXT(2) 
PARAMETRIC_REPRESENTATION_CONTEXT() REPRESENTATION_CONTEXT('2D SPACE',''
  ) );
#6694 = PCURVE('',#1700,#6695);
#6695 = DEFINITIONAL_REPRESENTATION('',(#6696),#6700);
#6696 = LINE('',#6697,#6698);
#6697 = CARTESIAN_POINT('',(4.516436599606,0.));
#6698 = VECTOR('',#6699,1.);
#6699 = DIRECTION('',(0.,-1.));
#6700 = ( GEOMETRIC_REPRESENTATION_CONTEXT(2) 
PARAMETRIC_REPRESENTATION_CONTEXT() REPRESENTATION_CONTEXT('2D SPACE',''
  ) );
#6701 = ORIENTED_EDGE('',*,*,#1711,.F.);
#6702 = ORIENTED_EDGE('',*,*,#6612,.F.);
#6703 = ADVANCED_FACE('',(#6704),#1700,.F.);
#6704 = FACE_BOUND('',#6705,.F.);
#6705 = EDGE_LOOP('',(#6706,#6729,#6750,#6751));
#6706 = ORIENTED_EDGE('',*,*,#6707,.F.);
#6707 = EDGE_CURVE('',#6708,#6659,#6710,.T.);
#6708 = VERTEX_POINT('',#6709);
#6709 = CARTESIAN_POINT('',(6.22705073125,-10.78100585937,17.8));
#6710 = SURFACE_CURVE('',#6711,(#6715,#6722),.PCURVE_S1.);
#6711 = LINE('',#6712,#6713);
#6712 = CARTESIAN_POINT('',(6.22705073125,-10.78100585937,17.8));
#6713 = VECTOR('',#6714,1.);
#6714 = DIRECTION('',(-0.56920997883,-0.822192191644,0.));
#6715 = PCURVE('',#1700,#6716);
#6716 = DEFINITIONAL_REPRESENTATION('',(#6717),#6721);
#6717 = LINE('',#6718,#6719);
#6718 = CARTESIAN_POINT('',(0.,0.));
#6719 = VECTOR('',#6720,1.);
#6720 = DIRECTION('',(1.,0.));
#6721 = ( GEOMETRIC_REPRESENTATION_CONTEXT(2) 
PARAMETRIC_REPRESENTATION_CONTEXT() REPRESENTATION_CONTEXT('2D SPACE',''
  ) );
#6722 = PCURVE('',#6600,#6723);
#6723 = DEFINITIONAL_REPRESENTATION('',(#6724),#6728);
#6724 = LINE('',#6725,#6726);
#6725 = CARTESIAN_POINT('',(5.9326171875,6.4423828125));
#6726 = VECTOR('',#6727,1.);
#6727 = DIRECTION('',(-0.56920997883,-0.822192191644));
#6728 = ( GEOMETRIC_REPRESENTATION_CONTEXT(2) 
PARAMETRIC_REPRESENTATION_CONTEXT() REPRESENTATION_CONTEXT('2D SPACE',''
  ) );
#6729 = ORIENTED_EDGE('',*,*,#6730,.T.);
#6730 = EDGE_CURVE('',#6708,#1660,#6731,.T.);
#6731 = SURFACE_CURVE('',#6732,(#6736,#6743),.PCURVE_S1.);
#6732 = LINE('',#6733,#6734);
#6733 = CARTESIAN_POINT('',(6.22705073125,-10.78100585937,17.8));
#6734 = VECTOR('',#6735,1.);
#6735 = DIRECTION('',(0.,0.,1.));
#6736 = PCURVE('',#1700,#6737);
#6737 = DEFINITIONAL_REPRESENTATION('',(#6738),#6742);
#6738 = LINE('',#6739,#6740);
#6739 = CARTESIAN_POINT('',(0.,0.));
#6740 = VECTOR('',#6741,1.);
#6741 = DIRECTION('',(0.,-1.));
#6742 = ( GEOMETRIC_REPRESENTATION_CONTEXT(2) 
PARAMETRIC_REPRESENTATION_CONTEXT() REPRESENTATION_CONTEXT('2D SPACE',''
  ) );
#6743 = PCURVE('',#1674,#6744);
#6744 = DEFINITIONAL_REPRESENTATION('',(#6745),#6749);
#6745 = LINE('',#6746,#6747);
#6746 = CARTESIAN_POINT('',(0.9931640625,0.));
#6747 = VECTOR('',#6748,1.);
#6748 = DIRECTION('',(0.,-1.));
#6749 = ( GEOMETRIC_REPRESENTATION_CONTEXT(2) 
PARAMETRIC_REPRESENTATION_CONTEXT() REPRESENTATION_CONTEXT('2D SPACE',''
  ) );
#6750 = ORIENTED_EDGE('',*,*,#1685,.F.);
#6751 = ORIENTED_EDGE('',*,*,#6681,.F.);
#6752 = ADVANCED_FACE('',(#6753),#1674,.F.);
#6753 = FACE_BOUND('',#6754,.F.);
#6754 = EDGE_LOOP('',(#6755,#6778,#6799,#6800));
#6755 = ORIENTED_EDGE('',*,*,#6756,.F.);
#6756 = EDGE_CURVE('',#6757,#6708,#6759,.T.);
#6757 = VERTEX_POINT('',#6758);
#6758 = CARTESIAN_POINT('',(5.23388666875,-10.78100585937,17.8));
#6759 = SURFACE_CURVE('',#6760,(#6764,#6771),.PCURVE_S1.);
#6760 = LINE('',#6761,#6762);
#6761 = CARTESIAN_POINT('',(5.23388666875,-10.78100585937,17.8));
#6762 = VECTOR('',#6763,1.);
#6763 = DIRECTION('',(1.,0.,0.));
#6764 = PCURVE('',#1674,#6765);
#6765 = DEFINITIONAL_REPRESENTATION('',(#6766),#6770);
#6766 = LINE('',#6767,#6768);
#6767 = CARTESIAN_POINT('',(0.,0.));
#6768 = VECTOR('',#6769,1.);
#6769 = DIRECTION('',(1.,0.));
#6770 = ( GEOMETRIC_REPRESENTATION_CONTEXT(2) 
PARAMETRIC_REPRESENTATION_CONTEXT() REPRESENTATION_CONTEXT('2D SPACE',''
  ) );
#6771 = PCURVE('',#6600,#6772);
#6772 = DEFINITIONAL_REPRESENTATION('',(#6773),#6777);
#6773 = LINE('',#6774,#6775);
#6774 = CARTESIAN_POINT('',(4.939453125,6.4423828125));
#6775 = VECTOR('',#6776,1.);
#6776 = DIRECTION('',(1.,0.));
#6777 = ( GEOMETRIC_REPRESENTATION_CONTEXT(2) 
PARAMETRIC_REPRESENTATION_CONTEXT() REPRESENTATION_CONTEXT('2D SPACE',''
  ) );
#6778 = ORIENTED_EDGE('',*,*,#6779,.T.);
#6779 = EDGE_CURVE('',#6757,#1634,#6780,.T.);
#6780 = SURFACE_CURVE('',#6781,(#6785,#6792),.PCURVE_S1.);
#6781 = LINE('',#6782,#6783);
#6782 = CARTESIAN_POINT('',(5.23388666875,-10.78100585937,17.8));
#6783 = VECTOR('',#6784,1.);
#6784 = DIRECTION('',(0.,0.,1.));
#6785 = PCURVE('',#1674,#6786);
#6786 = DEFINITIONAL_REPRESENTATION('',(#6787),#6791);
#6787 = LINE('',#6788,#6789);
#6788 = CARTESIAN_POINT('',(0.,0.));
#6789 = VECTOR('',#6790,1.);
#6790 = DIRECTION('',(0.,-1.));
#6791 = ( GEOMETRIC_REPRESENTATION_CONTEXT(2) 
PARAMETRIC_REPRESENTATION_CONTEXT() REPRESENTATION_CONTEXT('2D SPACE',''
  ) );
#6792 = PCURVE('',#1648,#6793);
#6793 = DEFINITIONAL_REPRESENTATION('',(#6794),#6798);
#6794 = LINE('',#6795,#6796);
#6795 = CARTESIAN_POINT('',(2.268263602333,0.));
#6796 = VECTOR('',#6797,1.);
#6797 = DIRECTION('',(0.,-1.));
#6798 = ( GEOMETRIC_REPRESENTATION_CONTEXT(2) 
PARAMETRIC_REPRESENTATION_CONTEXT() REPRESENTATION_CONTEXT('2D SPACE',''
  ) );
#6799 = ORIENTED_EDGE('',*,*,#1659,.F.);
#6800 = ORIENTED_EDGE('',*,*,#6730,.F.);
#6801 = ADVANCED_FACE('',(#6802),#1648,.F.);
#6802 = FACE_BOUND('',#6803,.F.);
#6803 = EDGE_LOOP('',(#6804,#6827,#6848,#6849));
#6804 = ORIENTED_EDGE('',*,*,#6805,.F.);
#6805 = EDGE_CURVE('',#6806,#6757,#6808,.T.);
#6806 = VERTEX_POINT('',#6807);
#6807 = CARTESIAN_POINT('',(3.98583979375,-12.67504882812,17.8));
#6808 = SURFACE_CURVE('',#6809,(#6813,#6820),.PCURVE_S1.);
#6809 = LINE('',#6810,#6811);
#6810 = CARTESIAN_POINT('',(3.98583979375,-12.67504882812,17.8));
#6811 = VECTOR('',#6812,1.);
#6812 = DIRECTION('',(0.550221267809,0.835018895865,0.));
#6813 = PCURVE('',#1648,#6814);
#6814 = DEFINITIONAL_REPRESENTATION('',(#6815),#6819);
#6815 = LINE('',#6816,#6817);
#6816 = CARTESIAN_POINT('',(0.,0.));
#6817 = VECTOR('',#6818,1.);
#6818 = DIRECTION('',(1.,0.));
#6819 = ( GEOMETRIC_REPRESENTATION_CONTEXT(2) 
PARAMETRIC_REPRESENTATION_CONTEXT() REPRESENTATION_CONTEXT('2D SPACE',''
  ) );
#6820 = PCURVE('',#6600,#6821);
#6821 = DEFINITIONAL_REPRESENTATION('',(#6822),#6826);
#6822 = LINE('',#6823,#6824);
#6823 = CARTESIAN_POINT('',(3.69140625,4.54833984375));
#6824 = VECTOR('',#6825,1.);
#6825 = DIRECTION('',(0.550221267809,0.835018895865));
#6826 = ( GEOMETRIC_REPRESENTATION_CONTEXT(2) 
PARAMETRIC_REPRESENTATION_CONTEXT() REPRESENTATION_CONTEXT('2D SPACE',''
  ) );
#6827 = ORIENTED_EDGE('',*,*,#6828,.T.);
#6828 = EDGE_CURVE('',#6806,#1592,#6829,.T.);
#6829 = SURFACE_CURVE('',#6830,(#6834,#6841),.PCURVE_S1.);
#6830 = LINE('',#6831,#6832);
#6831 = CARTESIAN_POINT('',(3.98583979375,-12.67504882812,17.8));
#6832 = VECTOR('',#6833,1.);
#6833 = DIRECTION('',(0.,0.,1.));
#6834 = PCURVE('',#1648,#6835);
#6835 = DEFINITIONAL_REPRESENTATION('',(#6836),#6840);
#6836 = LINE('',#6837,#6838);
#6837 = CARTESIAN_POINT('',(0.,0.));
#6838 = VECTOR('',#6839,1.);
#6839 = DIRECTION('',(0.,-1.));
#6840 = ( GEOMETRIC_REPRESENTATION_CONTEXT(2) 
PARAMETRIC_REPRESENTATION_CONTEXT() REPRESENTATION_CONTEXT('2D SPACE',''
  ) );
#6841 = PCURVE('',#1615,#6842);
#6842 = DEFINITIONAL_REPRESENTATION('',(#6843),#6847);
#6843 = LINE('',#6844,#6845);
#6844 = CARTESIAN_POINT('',(1.,0.));
#6845 = VECTOR('',#6846,1.);
#6846 = DIRECTION('',(0.,-1.));
#6847 = ( GEOMETRIC_REPRESENTATION_CONTEXT(2) 
PARAMETRIC_REPRESENTATION_CONTEXT() REPRESENTATION_CONTEXT('2D SPACE',''
  ) );
#6848 = ORIENTED_EDGE('',*,*,#1633,.F.);
#6849 = ORIENTED_EDGE('',*,*,#6779,.F.);
#6850 = ADVANCED_FACE('',(#6851),#1615,.F.);
#6851 = FACE_BOUND('',#6852,.F.);
#6852 = EDGE_LOOP('',(#6853,#6876,#6897,#6898));
#6853 = ORIENTED_EDGE('',*,*,#6854,.F.);
#6854 = EDGE_CURVE('',#6855,#6806,#6857,.T.);
#6855 = VERTEX_POINT('',#6856);
#6856 = CARTESIAN_POINT('',(3.28271479375,-13.81323242187,17.8));
#6857 = SURFACE_CURVE('',#6858,(#6862,#6869),.PCURVE_S1.);
#6858 = B_SPLINE_CURVE_WITH_KNOTS('',2,(#6859,#6860,#6861),
  .UNSPECIFIED.,.F.,.F.,(3,3),(0.,1.),.PIECEWISE_BEZIER_KNOTS.);
#6859 = CARTESIAN_POINT('',(3.28271479375,-13.81323242187,17.8));
#6860 = CARTESIAN_POINT('',(3.57275385625,-13.30786132812,17.8));
#6861 = CARTESIAN_POINT('',(3.98583979375,-12.67504882812,17.8));
#6862 = PCURVE('',#1615,#6863);
#6863 = DEFINITIONAL_REPRESENTATION('',(#6864),#6868);
#6864 = LINE('',#6865,#6866);
#6865 = CARTESIAN_POINT('',(0.,0.));
#6866 = VECTOR('',#6867,1.);
#6867 = DIRECTION('',(1.,0.));
#6868 = ( GEOMETRIC_REPRESENTATION_CONTEXT(2) 
PARAMETRIC_REPRESENTATION_CONTEXT() REPRESENTATION_CONTEXT('2D SPACE',''
  ) );
#6869 = PCURVE('',#6600,#6870);
#6870 = DEFINITIONAL_REPRESENTATION('',(#6871),#6875);
#6871 = B_SPLINE_CURVE_WITH_KNOTS('',2,(#6872,#6873,#6874),
  .UNSPECIFIED.,.F.,.F.,(3,3),(0.,1.),.PIECEWISE_BEZIER_KNOTS.);
#6872 = CARTESIAN_POINT('',(2.98828125,3.41015625));
#6873 = CARTESIAN_POINT('',(3.2783203125,3.91552734375));
#6874 = CARTESIAN_POINT('',(3.69140625,4.54833984375));
#6875 = ( GEOMETRIC_REPRESENTATION_CONTEXT(2) 
PARAMETRIC_REPRESENTATION_CONTEXT() REPRESENTATION_CONTEXT('2D SPACE',''
  ) );
#6876 = ORIENTED_EDGE('',*,*,#6877,.T.);
#6877 = EDGE_CURVE('',#6855,#1556,#6878,.T.);
#6878 = SURFACE_CURVE('',#6879,(#6883,#6890),.PCURVE_S1.);
#6879 = LINE('',#6880,#6881);
#6880 = CARTESIAN_POINT('',(3.28271479375,-13.81323242187,17.8));
#6881 = VECTOR('',#6882,1.);
#6882 = DIRECTION('',(0.,0.,1.));
#6883 = PCURVE('',#1615,#6884);
#6884 = DEFINITIONAL_REPRESENTATION('',(#6885),#6889);
#6885 = LINE('',#6886,#6887);
#6886 = CARTESIAN_POINT('',(0.,0.));
#6887 = VECTOR('',#6888,1.);
#6888 = DIRECTION('',(0.,-1.));
#6889 = ( GEOMETRIC_REPRESENTATION_CONTEXT(2) 
PARAMETRIC_REPRESENTATION_CONTEXT() REPRESENTATION_CONTEXT('2D SPACE',''
  ) );
#6890 = PCURVE('',#1575,#6891);
#6891 = DEFINITIONAL_REPRESENTATION('',(#6892),#6896);
#6892 = LINE('',#6893,#6894);
#6893 = CARTESIAN_POINT('',(1.,0.));
#6894 = VECTOR('',#6895,1.);
#6895 = DIRECTION('',(0.,-1.));
#6896 = ( GEOMETRIC_REPRESENTATION_CONTEXT(2) 
PARAMETRIC_REPRESENTATION_CONTEXT() REPRESENTATION_CONTEXT('2D SPACE',''
  ) );
#6897 = ORIENTED_EDGE('',*,*,#1591,.F.);
#6898 = ORIENTED_EDGE('',*,*,#6828,.F.);
#6899 = ADVANCED_FACE('',(#6900),#1575,.F.);
#6900 = FACE_BOUND('',#6901,.F.);
#6901 = EDGE_LOOP('',(#6902,#6925,#6946,#6947));
#6902 = ORIENTED_EDGE('',*,*,#6903,.F.);
#6903 = EDGE_CURVE('',#6904,#6855,#6906,.T.);
#6904 = VERTEX_POINT('',#6905);
#6905 = CARTESIAN_POINT('',(2.6279296375,-12.72338867187,17.8));
#6906 = SURFACE_CURVE('',#6907,(#6911,#6918),.PCURVE_S1.);
#6907 = B_SPLINE_CURVE_WITH_KNOTS('',2,(#6908,#6909,#6910),
  .UNSPECIFIED.,.F.,.F.,(3,3),(0.,1.),.PIECEWISE_BEZIER_KNOTS.);
#6908 = CARTESIAN_POINT('',(2.6279296375,-12.72338867187,17.8));
#6909 = CARTESIAN_POINT('',(2.9794921375,-13.26831054687,17.8));
#6910 = CARTESIAN_POINT('',(3.28271479375,-13.81323242187,17.8));
#6911 = PCURVE('',#1575,#6912);
#6912 = DEFINITIONAL_REPRESENTATION('',(#6913),#6917);
#6913 = LINE('',#6914,#6915);
#6914 = CARTESIAN_POINT('',(0.,0.));
#6915 = VECTOR('',#6916,1.);
#6916 = DIRECTION('',(1.,0.));
#6917 = ( GEOMETRIC_REPRESENTATION_CONTEXT(2) 
PARAMETRIC_REPRESENTATION_CONTEXT() REPRESENTATION_CONTEXT('2D SPACE',''
  ) );
#6918 = PCURVE('',#6600,#6919);
#6919 = DEFINITIONAL_REPRESENTATION('',(#6920),#6924);
#6920 = B_SPLINE_CURVE_WITH_KNOTS('',2,(#6921,#6922,#6923),
  .UNSPECIFIED.,.F.,.F.,(3,3),(0.,1.),.PIECEWISE_BEZIER_KNOTS.);
#6921 = CARTESIAN_POINT('',(2.33349609375,4.5));
#6922 = CARTESIAN_POINT('',(2.68505859375,3.955078125));
#6923 = CARTESIAN_POINT('',(2.98828125,3.41015625));
#6924 = ( GEOMETRIC_REPRESENTATION_CONTEXT(2) 
PARAMETRIC_REPRESENTATION_CONTEXT() REPRESENTATION_CONTEXT('2D SPACE',''
  ) );
#6925 = ORIENTED_EDGE('',*,*,#6926,.T.);
#6926 = EDGE_CURVE('',#6904,#1530,#6927,.T.);
#6927 = SURFACE_CURVE('',#6928,(#6932,#6939),.PCURVE_S1.);
#6928 = LINE('',#6929,#6930);
#6929 = CARTESIAN_POINT('',(2.6279296375,-12.72338867187,17.8));
#6930 = VECTOR('',#6931,1.);
#6931 = DIRECTION('',(0.,0.,1.));
#6932 = PCURVE('',#1575,#6933);
#6933 = DEFINITIONAL_REPRESENTATION('',(#6934),#6938);
#6934 = LINE('',#6935,#6936);
#6935 = CARTESIAN_POINT('',(0.,0.));
#6936 = VECTOR('',#6937,1.);
#6937 = DIRECTION('',(0.,-1.));
#6938 = ( GEOMETRIC_REPRESENTATION_CONTEXT(2) 
PARAMETRIC_REPRESENTATION_CONTEXT() REPRESENTATION_CONTEXT('2D SPACE',''
  ) );
#6939 = PCURVE('',#1544,#6940);
#6940 = DEFINITIONAL_REPRESENTATION('',(#6941),#6945);
#6941 = LINE('',#6942,#6943);
#6942 = CARTESIAN_POINT('',(2.320732772219,0.));
#6943 = VECTOR('',#6944,1.);
#6944 = DIRECTION('',(0.,-1.));
#6945 = ( GEOMETRIC_REPRESENTATION_CONTEXT(2) 
PARAMETRIC_REPRESENTATION_CONTEXT() REPRESENTATION_CONTEXT('2D SPACE',''
  ) );
#6946 = ORIENTED_EDGE('',*,*,#1555,.F.);
#6947 = ORIENTED_EDGE('',*,*,#6877,.F.);
#6948 = ADVANCED_FACE('',(#6949),#1544,.F.);
#6949 = FACE_BOUND('',#6950,.F.);
#6950 = EDGE_LOOP('',(#6951,#6974,#6995,#6996));
#6951 = ORIENTED_EDGE('',*,*,#6952,.F.);
#6952 = EDGE_CURVE('',#6953,#6904,#6955,.T.);
#6953 = VERTEX_POINT('',#6954);
#6954 = CARTESIAN_POINT('',(1.35791010625,-10.78100585937,17.8));
#6955 = SURFACE_CURVE('',#6956,(#6960,#6967),.PCURVE_S1.);
#6956 = LINE('',#6957,#6958);
#6957 = CARTESIAN_POINT('',(1.35791010625,-10.78100585937,17.8));
#6958 = VECTOR('',#6959,1.);
#6959 = DIRECTION('',(0.547249362983,-0.836969613974,0.));
#6960 = PCURVE('',#1544,#6961);
#6961 = DEFINITIONAL_REPRESENTATION('',(#6962),#6966);
#6962 = LINE('',#6963,#6964);
#6963 = CARTESIAN_POINT('',(0.,0.));
#6964 = VECTOR('',#6965,1.);
#6965 = DIRECTION('',(1.,0.));
#6966 = ( GEOMETRIC_REPRESENTATION_CONTEXT(2) 
PARAMETRIC_REPRESENTATION_CONTEXT() REPRESENTATION_CONTEXT('2D SPACE',''
  ) );
#6967 = PCURVE('',#6600,#6968);
#6968 = DEFINITIONAL_REPRESENTATION('',(#6969),#6973);
#6969 = LINE('',#6970,#6971);
#6970 = CARTESIAN_POINT('',(1.0634765625,6.4423828125));
#6971 = VECTOR('',#6972,1.);
#6972 = DIRECTION('',(0.547249362983,-0.836969613974));
#6973 = ( GEOMETRIC_REPRESENTATION_CONTEXT(2) 
PARAMETRIC_REPRESENTATION_CONTEXT() REPRESENTATION_CONTEXT('2D SPACE',''
  ) );
#6974 = ORIENTED_EDGE('',*,*,#6975,.T.);
#6975 = EDGE_CURVE('',#6953,#1504,#6976,.T.);
#6976 = SURFACE_CURVE('',#6977,(#6981,#6988),.PCURVE_S1.);
#6977 = LINE('',#6978,#6979);
#6978 = CARTESIAN_POINT('',(1.35791010625,-10.78100585937,17.8));
#6979 = VECTOR('',#6980,1.);
#6980 = DIRECTION('',(0.,0.,1.));
#6981 = PCURVE('',#1544,#6982);
#6982 = DEFINITIONAL_REPRESENTATION('',(#6983),#6987);
#6983 = LINE('',#6984,#6985);
#6984 = CARTESIAN_POINT('',(0.,0.));
#6985 = VECTOR('',#6986,1.);
#6986 = DIRECTION('',(0.,-1.));
#6987 = ( GEOMETRIC_REPRESENTATION_CONTEXT(2) 
PARAMETRIC_REPRESENTATION_CONTEXT() REPRESENTATION_CONTEXT('2D SPACE',''
  ) );
#6988 = PCURVE('',#1518,#6989);
#6989 = DEFINITIONAL_REPRESENTATION('',(#6990),#6994);
#6990 = LINE('',#6991,#6992);
#6991 = CARTESIAN_POINT('',(1.037109375,0.));
#6992 = VECTOR('',#6993,1.);
#6993 = DIRECTION('',(0.,-1.));
#6994 = ( GEOMETRIC_REPRESENTATION_CONTEXT(2) 
PARAMETRIC_REPRESENTATION_CONTEXT() REPRESENTATION_CONTEXT('2D SPACE',''
  ) );
#6995 = ORIENTED_EDGE('',*,*,#1529,.F.);
#6996 = ORIENTED_EDGE('',*,*,#6926,.F.);
#6997 = ADVANCED_FACE('',(#6998),#1518,.F.);
#6998 = FACE_BOUND('',#6999,.F.);
#6999 = EDGE_LOOP('',(#7000,#7023,#7044,#7045));
#7000 = ORIENTED_EDGE('',*,*,#7001,.F.);
#7001 = EDGE_CURVE('',#7002,#6953,#7004,.T.);
#7002 = VERTEX_POINT('',#7003);
#7003 = CARTESIAN_POINT('',(0.32080073125,-10.78100585937,17.8));
#7004 = SURFACE_CURVE('',#7005,(#7009,#7016),.PCURVE_S1.);
#7005 = LINE('',#7006,#7007);
#7006 = CARTESIAN_POINT('',(0.32080073125,-10.78100585937,17.8));
#7007 = VECTOR('',#7008,1.);
#7008 = DIRECTION('',(1.,0.,0.));
#7009 = PCURVE('',#1518,#7010);
#7010 = DEFINITIONAL_REPRESENTATION('',(#7011),#7015);
#7011 = LINE('',#7012,#7013);
#7012 = CARTESIAN_POINT('',(0.,0.));
#7013 = VECTOR('',#7014,1.);
#7014 = DIRECTION('',(1.,0.));
#7015 = ( GEOMETRIC_REPRESENTATION_CONTEXT(2) 
PARAMETRIC_REPRESENTATION_CONTEXT() REPRESENTATION_CONTEXT('2D SPACE',''
  ) );
#7016 = PCURVE('',#6600,#7017);
#7017 = DEFINITIONAL_REPRESENTATION('',(#7018),#7022);
#7018 = LINE('',#7019,#7020);
#7019 = CARTESIAN_POINT('',(2.63671875E-02,6.4423828125));
#7020 = VECTOR('',#7021,1.);
#7021 = DIRECTION('',(1.,0.));
#7022 = ( GEOMETRIC_REPRESENTATION_CONTEXT(2) 
PARAMETRIC_REPRESENTATION_CONTEXT() REPRESENTATION_CONTEXT('2D SPACE',''
  ) );
#7023 = ORIENTED_EDGE('',*,*,#7024,.T.);
#7024 = EDGE_CURVE('',#7002,#1478,#7025,.T.);
#7025 = SURFACE_CURVE('',#7026,(#7030,#7037),.PCURVE_S1.);
#7026 = LINE('',#7027,#7028);
#7027 = CARTESIAN_POINT('',(0.32080073125,-10.78100585937,17.8));
#7028 = VECTOR('',#7029,1.);
#7029 = DIRECTION('',(0.,0.,1.));
#7030 = PCURVE('',#1518,#7031);
#7031 = DEFINITIONAL_REPRESENTATION('',(#7032),#7036);
#7032 = LINE('',#7033,#7034);
#7033 = CARTESIAN_POINT('',(-5.551115123126E-17,0.));
#7034 = VECTOR('',#7035,1.);
#7035 = DIRECTION('',(0.,-1.));
#7036 = ( GEOMETRIC_REPRESENTATION_CONTEXT(2) 
PARAMETRIC_REPRESENTATION_CONTEXT() REPRESENTATION_CONTEXT('2D SPACE',''
  ) );
#7037 = PCURVE('',#1492,#7038);
#7038 = DEFINITIONAL_REPRESENTATION('',(#7039),#7043);
#7039 = LINE('',#7040,#7041);
#7040 = CARTESIAN_POINT('',(4.466992919783,0.));
#7041 = VECTOR('',#7042,1.);
#7042 = DIRECTION('',(0.,-1.));
#7043 = ( GEOMETRIC_REPRESENTATION_CONTEXT(2) 
PARAMETRIC_REPRESENTATION_CONTEXT() REPRESENTATION_CONTEXT('2D SPACE',''
  ) );
#7044 = ORIENTED_EDGE('',*,*,#1503,.F.);
#7045 = ORIENTED_EDGE('',*,*,#6975,.F.);
#7046 = ADVANCED_FACE('',(#7047),#1492,.F.);
#7047 = FACE_BOUND('',#7048,.F.);
#7048 = EDGE_LOOP('',(#7049,#7072,#7093,#7094));
#7049 = ORIENTED_EDGE('',*,*,#7050,.F.);
#7050 = EDGE_CURVE('',#7051,#7002,#7053,.T.);
#7051 = VERTEX_POINT('',#7052);
#7052 = CARTESIAN_POINT('',(2.8037108875,-14.49438476562,17.8));
#7053 = SURFACE_CURVE('',#7054,(#7058,#7065),.PCURVE_S1.);
#7054 = LINE('',#7055,#7056);
#7055 = CARTESIAN_POINT('',(2.8037108875,-14.49438476562,17.8));
#7056 = VECTOR('',#7057,1.);
#7057 = DIRECTION('',(-0.555834808973,0.831292767402,0.));
#7058 = PCURVE('',#1492,#7059);
#7059 = DEFINITIONAL_REPRESENTATION('',(#7060),#7064);
#7060 = LINE('',#7061,#7062);
#7061 = CARTESIAN_POINT('',(0.,0.));
#7062 = VECTOR('',#7063,1.);
#7063 = DIRECTION('',(1.,0.));
#7064 = ( GEOMETRIC_REPRESENTATION_CONTEXT(2) 
PARAMETRIC_REPRESENTATION_CONTEXT() REPRESENTATION_CONTEXT('2D SPACE',''
  ) );
#7065 = PCURVE('',#6600,#7066);
#7066 = DEFINITIONAL_REPRESENTATION('',(#7067),#7071);
#7067 = LINE('',#7068,#7069);
#7068 = CARTESIAN_POINT('',(2.50927734375,2.72900390625));
#7069 = VECTOR('',#7070,1.);
#7070 = DIRECTION('',(-0.555834808973,0.831292767402));
#7071 = ( GEOMETRIC_REPRESENTATION_CONTEXT(2) 
PARAMETRIC_REPRESENTATION_CONTEXT() REPRESENTATION_CONTEXT('2D SPACE',''
  ) );
#7072 = ORIENTED_EDGE('',*,*,#7073,.T.);
#7073 = EDGE_CURVE('',#7051,#1452,#7074,.T.);
#7074 = SURFACE_CURVE('',#7075,(#7079,#7086),.PCURVE_S1.);
#7075 = LINE('',#7076,#7077);
#7076 = CARTESIAN_POINT('',(2.8037108875,-14.49438476562,17.8));
#7077 = VECTOR('',#7078,1.);
#7078 = DIRECTION('',(0.,0.,1.));
#7079 = PCURVE('',#1492,#7080);
#7080 = DEFINITIONAL_REPRESENTATION('',(#7081),#7085);
#7081 = LINE('',#7082,#7083);
#7082 = CARTESIAN_POINT('',(0.,0.));
#7083 = VECTOR('',#7084,1.);
#7084 = DIRECTION('',(0.,-1.));
#7085 = ( GEOMETRIC_REPRESENTATION_CONTEXT(2) 
PARAMETRIC_REPRESENTATION_CONTEXT() REPRESENTATION_CONTEXT('2D SPACE',''
  ) );
#7086 = PCURVE('',#1466,#7087);
#7087 = DEFINITIONAL_REPRESENTATION('',(#7088),#7092);
#7088 = LINE('',#7089,#7090);
#7089 = CARTESIAN_POINT('',(2.72900390625,0.));
#7090 = VECTOR('',#7091,1.);
#7091 = DIRECTION('',(0.,-1.));
#7092 = ( GEOMETRIC_REPRESENTATION_CONTEXT(2) 
PARAMETRIC_REPRESENTATION_CONTEXT() REPRESENTATION_CONTEXT('2D SPACE',''
  ) );
#7093 = ORIENTED_EDGE('',*,*,#1477,.F.);
#7094 = ORIENTED_EDGE('',*,*,#7024,.F.);
#7095 = ADVANCED_FACE('',(#7096),#1466,.F.);
#7096 = FACE_BOUND('',#7097,.F.);
#7097 = EDGE_LOOP('',(#7098,#7119,#7120,#7121));
#7098 = ORIENTED_EDGE('',*,*,#7099,.F.);
#7099 = EDGE_CURVE('',#6585,#7051,#7100,.T.);
#7100 = SURFACE_CURVE('',#7101,(#7105,#7112),.PCURVE_S1.);
#7101 = LINE('',#7102,#7103);
#7102 = CARTESIAN_POINT('',(2.8037108875,-17.22338867187,17.8));
#7103 = VECTOR('',#7104,1.);
#7104 = DIRECTION('',(0.,1.,0.));
#7105 = PCURVE('',#1466,#7106);
#7106 = DEFINITIONAL_REPRESENTATION('',(#7107),#7111);
#7107 = LINE('',#7108,#7109);
#7108 = CARTESIAN_POINT('',(0.,0.));
#7109 = VECTOR('',#7110,1.);
#7110 = DIRECTION('',(1.,0.));
#7111 = ( GEOMETRIC_REPRESENTATION_CONTEXT(2) 
PARAMETRIC_REPRESENTATION_CONTEXT() REPRESENTATION_CONTEXT('2D SPACE',''
  ) );
#7112 = PCURVE('',#6600,#7113);
#7113 = DEFINITIONAL_REPRESENTATION('',(#7114),#7118);
#7114 = LINE('',#7115,#7116);
#7115 = CARTESIAN_POINT('',(2.50927734375,0.));
#7116 = VECTOR('',#7117,1.);
#7117 = DIRECTION('',(0.,1.));
#7118 = ( GEOMETRIC_REPRESENTATION_CONTEXT(2) 
PARAMETRIC_REPRESENTATION_CONTEXT() REPRESENTATION_CONTEXT('2D SPACE',''
  ) );
#7119 = ORIENTED_EDGE('',*,*,#6634,.T.);
#7120 = ORIENTED_EDGE('',*,*,#1451,.F.);
#7121 = ORIENTED_EDGE('',*,*,#7073,.F.);
#7122 = ADVANCED_FACE('',(#7123),#1754,.F.);
#7123 = FACE_BOUND('',#7124,.F.);
#7124 = EDGE_LOOP('',(#7125,#7155,#7176,#7177));
#7125 = ORIENTED_EDGE('',*,*,#7126,.F.);
#7126 = EDGE_CURVE('',#7127,#7129,#7131,.T.);
#7127 = VERTEX_POINT('',#7128);
#7128 = CARTESIAN_POINT('',(6.70166010625,-15.15356445312,17.8));
#7129 = VERTEX_POINT('',#7130);
#7130 = CARTESIAN_POINT('',(7.505859325,-15.08325195312,17.8));
#7131 = SURFACE_CURVE('',#7132,(#7136,#7143),.PCURVE_S1.);
#7132 = LINE('',#7133,#7134);
#7133 = CARTESIAN_POINT('',(6.70166010625,-15.15356445312,17.8));
#7134 = VECTOR('',#7135,1.);
#7135 = DIRECTION('',(0.99619962403,8.70994206802E-02,0.));
#7136 = PCURVE('',#1754,#7137);
#7137 = DEFINITIONAL_REPRESENTATION('',(#7138),#7142);
#7138 = LINE('',#7139,#7140);
#7139 = CARTESIAN_POINT('',(0.,0.));
#7140 = VECTOR('',#7141,1.);
#7141 = DIRECTION('',(1.,0.));
#7142 = ( GEOMETRIC_REPRESENTATION_CONTEXT(2) 
PARAMETRIC_REPRESENTATION_CONTEXT() REPRESENTATION_CONTEXT('2D SPACE',''
  ) );
#7143 = PCURVE('',#7144,#7149);
#7144 = PLANE('',#7145);
#7145 = AXIS2_PLACEMENT_3D('',#7146,#7147,#7148);
#7146 = CARTESIAN_POINT('',(6.29736323125,-17.22338867187,17.8));
#7147 = DIRECTION('',(0.,0.,1.));
#7148 = DIRECTION('',(1.,0.,0.));
#7149 = DEFINITIONAL_REPRESENTATION('',(#7150),#7154);
#7150 = LINE('',#7151,#7152);
#7151 = CARTESIAN_POINT('',(0.404296875,2.06982421875));
#7152 = VECTOR('',#7153,1.);
#7153 = DIRECTION('',(0.99619962403,8.70994206802E-02));
#7154 = ( GEOMETRIC_REPRESENTATION_CONTEXT(2) 
PARAMETRIC_REPRESENTATION_CONTEXT() REPRESENTATION_CONTEXT('2D SPACE',''
  ) );
#7155 = ORIENTED_EDGE('',*,*,#7156,.T.);
#7156 = EDGE_CURVE('',#7127,#1740,#7157,.T.);
#7157 = SURFACE_CURVE('',#7158,(#7162,#7169),.PCURVE_S1.);
#7158 = LINE('',#7159,#7160);
#7159 = CARTESIAN_POINT('',(6.70166010625,-15.15356445312,17.8));
#7160 = VECTOR('',#7161,1.);
#7161 = DIRECTION('',(0.,0.,1.));
#7162 = PCURVE('',#1754,#7163);
#7163 = DEFINITIONAL_REPRESENTATION('',(#7164),#7168);
#7164 = LINE('',#7165,#7166);
#7165 = CARTESIAN_POINT('',(0.,0.));
#7166 = VECTOR('',#7167,1.);
#7167 = DIRECTION('',(0.,-1.));
#7168 = ( GEOMETRIC_REPRESENTATION_CONTEXT(2) 
PARAMETRIC_REPRESENTATION_CONTEXT() REPRESENTATION_CONTEXT('2D SPACE',''
  ) );
#7169 = PCURVE('',#3544,#7170);
#7170 = DEFINITIONAL_REPRESENTATION('',(#7171),#7175);
#7171 = LINE('',#7172,#7173);
#7172 = CARTESIAN_POINT('',(1.,0.));
#7173 = VECTOR('',#7174,1.);
#7174 = DIRECTION('',(0.,-1.));
#7175 = ( GEOMETRIC_REPRESENTATION_CONTEXT(2) 
PARAMETRIC_REPRESENTATION_CONTEXT() REPRESENTATION_CONTEXT('2D SPACE',''
  ) );
#7176 = ORIENTED_EDGE('',*,*,#1737,.F.);
#7177 = ORIENTED_EDGE('',*,*,#7178,.F.);
#7178 = EDGE_CURVE('',#7129,#1738,#7179,.T.);
#7179 = SURFACE_CURVE('',#7180,(#7184,#7191),.PCURVE_S1.);
#7180 = LINE('',#7181,#7182);
#7181 = CARTESIAN_POINT('',(7.505859325,-15.08325195312,17.8));
#7182 = VECTOR('',#7183,1.);
#7183 = DIRECTION('',(0.,0.,1.));
#7184 = PCURVE('',#1754,#7185);
#7185 = DEFINITIONAL_REPRESENTATION('',(#7186),#7190);
#7186 = LINE('',#7187,#7188);
#7187 = CARTESIAN_POINT('',(0.80726713738,0.));
#7188 = VECTOR('',#7189,1.);
#7189 = DIRECTION('',(0.,-1.));
#7190 = ( GEOMETRIC_REPRESENTATION_CONTEXT(2) 
PARAMETRIC_REPRESENTATION_CONTEXT() REPRESENTATION_CONTEXT('2D SPACE',''
  ) );
#7191 = PCURVE('',#1795,#7192);
#7192 = DEFINITIONAL_REPRESENTATION('',(#7193),#7197);
#7193 = LINE('',#7194,#7195);
#7194 = CARTESIAN_POINT('',(0.,0.));
#7195 = VECTOR('',#7196,1.);
#7196 = DIRECTION('',(0.,-1.));
#7197 = ( GEOMETRIC_REPRESENTATION_CONTEXT(2) 
PARAMETRIC_REPRESENTATION_CONTEXT() REPRESENTATION_CONTEXT('2D SPACE',''
  ) );
#7198 = ADVANCED_FACE('',(#7199),#3544,.F.);
#7199 = FACE_BOUND('',#7200,.F.);
#7200 = EDGE_LOOP('',(#7201,#7224,#7245,#7246));
#7201 = ORIENTED_EDGE('',*,*,#7202,.F.);
#7202 = EDGE_CURVE('',#7203,#7127,#7205,.T.);
#7203 = VERTEX_POINT('',#7204);
#7204 = CARTESIAN_POINT('',(7.055419871875,-16.3115234375,17.8));
#7205 = SURFACE_CURVE('',#7206,(#7210,#7217),.PCURVE_S1.);
#7206 = B_SPLINE_CURVE_WITH_KNOTS('',2,(#7207,#7208,#7209),
  .UNSPECIFIED.,.F.,.F.,(3,3),(0.,1.),.PIECEWISE_BEZIER_KNOTS.);
#7207 = CARTESIAN_POINT('',(7.055419871875,-16.3115234375,17.8));
#7208 = CARTESIAN_POINT('',(6.71923823125,-15.79956054687,17.8));
#7209 = CARTESIAN_POINT('',(6.70166010625,-15.15356445312,17.8));
#7210 = PCURVE('',#3544,#7211);
#7211 = DEFINITIONAL_REPRESENTATION('',(#7212),#7216);
#7212 = LINE('',#7213,#7214);
#7213 = CARTESIAN_POINT('',(0.,0.));
#7214 = VECTOR('',#7215,1.);
#7215 = DIRECTION('',(1.,0.));
#7216 = ( GEOMETRIC_REPRESENTATION_CONTEXT(2) 
PARAMETRIC_REPRESENTATION_CONTEXT() REPRESENTATION_CONTEXT('2D SPACE',''
  ) );
#7217 = PCURVE('',#7144,#7218);
#7218 = DEFINITIONAL_REPRESENTATION('',(#7219),#7223);
#7219 = B_SPLINE_CURVE_WITH_KNOTS('',2,(#7220,#7221,#7222),
  .UNSPECIFIED.,.F.,.F.,(3,3),(0.,1.),.PIECEWISE_BEZIER_KNOTS.);
#7220 = CARTESIAN_POINT('',(0.758056640625,0.911865234375));
#7221 = CARTESIAN_POINT('',(0.421875,1.423828125));
#7222 = CARTESIAN_POINT('',(0.404296875,2.06982421875));
#7223 = ( GEOMETRIC_REPRESENTATION_CONTEXT(2) 
PARAMETRIC_REPRESENTATION_CONTEXT() REPRESENTATION_CONTEXT('2D SPACE',''
  ) );
#7224 = ORIENTED_EDGE('',*,*,#7225,.T.);
#7225 = EDGE_CURVE('',#7203,#3466,#7226,.T.);
#7226 = SURFACE_CURVE('',#7227,(#7231,#7238),.PCURVE_S1.);
#7227 = LINE('',#7228,#7229);
#7228 = CARTESIAN_POINT('',(7.055419871875,-16.3115234375,17.8));
#7229 = VECTOR('',#7230,1.);
#7230 = DIRECTION('',(0.,0.,1.));
#7231 = PCURVE('',#3544,#7232);
#7232 = DEFINITIONAL_REPRESENTATION('',(#7233),#7237);
#7233 = LINE('',#7234,#7235);
#7234 = CARTESIAN_POINT('',(0.,0.));
#7235 = VECTOR('',#7236,1.);
#7236 = DIRECTION('',(0.,-1.));
#7237 = ( GEOMETRIC_REPRESENTATION_CONTEXT(2) 
PARAMETRIC_REPRESENTATION_CONTEXT() REPRESENTATION_CONTEXT('2D SPACE',''
  ) );
#7238 = PCURVE('',#3495,#7239);
#7239 = DEFINITIONAL_REPRESENTATION('',(#7240),#7244);
#7240 = LINE('',#7241,#7242);
#7241 = CARTESIAN_POINT('',(1.,0.));
#7242 = VECTOR('',#7243,1.);
#7243 = DIRECTION('',(0.,-1.));
#7244 = ( GEOMETRIC_REPRESENTATION_CONTEXT(2) 
PARAMETRIC_REPRESENTATION_CONTEXT() REPRESENTATION_CONTEXT('2D SPACE',''
  ) );
#7245 = ORIENTED_EDGE('',*,*,#3516,.F.);
#7246 = ORIENTED_EDGE('',*,*,#7156,.F.);
#7247 = ADVANCED_FACE('',(#7248),#3495,.F.);
#7248 = FACE_BOUND('',#7249,.F.);
#7249 = EDGE_LOOP('',(#7250,#7273,#7294,#7295));
#7250 = ORIENTED_EDGE('',*,*,#7251,.F.);
#7251 = EDGE_CURVE('',#7252,#7203,#7254,.T.);
#7252 = VERTEX_POINT('',#7253);
#7253 = CARTESIAN_POINT('',(7.982665965625,-17.07836914062,17.8));
#7254 = SURFACE_CURVE('',#7255,(#7259,#7266),.PCURVE_S1.);
#7255 = B_SPLINE_CURVE_WITH_KNOTS('',2,(#7256,#7257,#7258),
  .UNSPECIFIED.,.F.,.F.,(3,3),(0.,1.),.PIECEWISE_BEZIER_KNOTS.);
#7256 = CARTESIAN_POINT('',(7.982665965625,-17.07836914062,17.8));
#7257 = CARTESIAN_POINT('',(7.3916015125,-16.82348632812,17.8));
#7258 = CARTESIAN_POINT('',(7.055419871875,-16.3115234375,17.8));
#7259 = PCURVE('',#3495,#7260);
#7260 = DEFINITIONAL_REPRESENTATION('',(#7261),#7265);
#7261 = LINE('',#7262,#7263);
#7262 = CARTESIAN_POINT('',(0.,0.));
#7263 = VECTOR('',#7264,1.);
#7264 = DIRECTION('',(1.,0.));
#7265 = ( GEOMETRIC_REPRESENTATION_CONTEXT(2) 
PARAMETRIC_REPRESENTATION_CONTEXT() REPRESENTATION_CONTEXT('2D SPACE',''
  ) );
#7266 = PCURVE('',#7144,#7267);
#7267 = DEFINITIONAL_REPRESENTATION('',(#7268),#7272);
#7268 = B_SPLINE_CURVE_WITH_KNOTS('',2,(#7269,#7270,#7271),
  .UNSPECIFIED.,.F.,.F.,(3,3),(0.,1.),.PIECEWISE_BEZIER_KNOTS.);
#7269 = CARTESIAN_POINT('',(1.685302734375,0.14501953125));
#7270 = CARTESIAN_POINT('',(1.09423828125,0.39990234375));
#7271 = CARTESIAN_POINT('',(0.758056640625,0.911865234375));
#7272 = ( GEOMETRIC_REPRESENTATION_CONTEXT(2) 
PARAMETRIC_REPRESENTATION_CONTEXT() REPRESENTATION_CONTEXT('2D SPACE',''
  ) );
#7273 = ORIENTED_EDGE('',*,*,#7274,.T.);
#7274 = EDGE_CURVE('',#7252,#3415,#7275,.T.);
#7275 = SURFACE_CURVE('',#7276,(#7280,#7287),.PCURVE_S1.);
#7276 = LINE('',#7277,#7278);
#7277 = CARTESIAN_POINT('',(7.982665965625,-17.07836914062,17.8));
#7278 = VECTOR('',#7279,1.);
#7279 = DIRECTION('',(0.,0.,1.));
#7280 = PCURVE('',#3495,#7281);
#7281 = DEFINITIONAL_REPRESENTATION('',(#7282),#7286);
#7282 = LINE('',#7283,#7284);
#7283 = CARTESIAN_POINT('',(0.,0.));
#7284 = VECTOR('',#7285,1.);
#7285 = DIRECTION('',(0.,-1.));
#7286 = ( GEOMETRIC_REPRESENTATION_CONTEXT(2) 
PARAMETRIC_REPRESENTATION_CONTEXT() REPRESENTATION_CONTEXT('2D SPACE',''
  ) );
#7287 = PCURVE('',#3444,#7288);
#7288 = DEFINITIONAL_REPRESENTATION('',(#7289),#7293);
#7289 = LINE('',#7290,#7291);
#7290 = CARTESIAN_POINT('',(1.,0.));
#7291 = VECTOR('',#7292,1.);
#7292 = DIRECTION('',(0.,-1.));
#7293 = ( GEOMETRIC_REPRESENTATION_CONTEXT(2) 
PARAMETRIC_REPRESENTATION_CONTEXT() REPRESENTATION_CONTEXT('2D SPACE',''
  ) );
#7294 = ORIENTED_EDGE('',*,*,#3465,.F.);
#7295 = ORIENTED_EDGE('',*,*,#7225,.F.);
#7296 = ADVANCED_FACE('',(#7297),#3444,.F.);
#7297 = FACE_BOUND('',#7298,.F.);
#7298 = EDGE_LOOP('',(#7299,#7322,#7343,#7344));
#7299 = ORIENTED_EDGE('',*,*,#7300,.F.);
#7300 = EDGE_CURVE('',#7301,#7252,#7303,.T.);
#7301 = VERTEX_POINT('',#7302);
#7302 = CARTESIAN_POINT('',(9.4482421375,-17.33325195312,17.8));
#7303 = SURFACE_CURVE('',#7304,(#7308,#7315),.PCURVE_S1.);
#7304 = B_SPLINE_CURVE_WITH_KNOTS('',2,(#7305,#7306,#7307),
  .UNSPECIFIED.,.F.,.F.,(3,3),(0.,1.),.PIECEWISE_BEZIER_KNOTS.);
#7305 = CARTESIAN_POINT('',(9.4482421375,-17.33325195312,17.8));
#7306 = CARTESIAN_POINT('',(8.57373041875,-17.33325195312,17.8));
#7307 = CARTESIAN_POINT('',(7.982665965625,-17.07836914062,17.8));
#7308 = PCURVE('',#3444,#7309);
#7309 = DEFINITIONAL_REPRESENTATION('',(#7310),#7314);
#7310 = LINE('',#7311,#7312);
#7311 = CARTESIAN_POINT('',(0.,0.));
#7312 = VECTOR('',#7313,1.);
#7313 = DIRECTION('',(1.,0.));
#7314 = ( GEOMETRIC_REPRESENTATION_CONTEXT(2) 
PARAMETRIC_REPRESENTATION_CONTEXT() REPRESENTATION_CONTEXT('2D SPACE',''
  ) );
#7315 = PCURVE('',#7144,#7316);
#7316 = DEFINITIONAL_REPRESENTATION('',(#7317),#7321);
#7317 = B_SPLINE_CURVE_WITH_KNOTS('',2,(#7318,#7319,#7320),
  .UNSPECIFIED.,.F.,.F.,(3,3),(0.,1.),.PIECEWISE_BEZIER_KNOTS.);
#7318 = CARTESIAN_POINT('',(3.15087890625,-0.10986328125));
#7319 = CARTESIAN_POINT('',(2.2763671875,-0.10986328125));
#7320 = CARTESIAN_POINT('',(1.685302734375,0.14501953125));
#7321 = ( GEOMETRIC_REPRESENTATION_CONTEXT(2) 
PARAMETRIC_REPRESENTATION_CONTEXT() REPRESENTATION_CONTEXT('2D SPACE',''
  ) );
#7322 = ORIENTED_EDGE('',*,*,#7323,.T.);
#7323 = EDGE_CURVE('',#7301,#3364,#7324,.T.);
#7324 = SURFACE_CURVE('',#7325,(#7329,#7336),.PCURVE_S1.);
#7325 = LINE('',#7326,#7327);
#7326 = CARTESIAN_POINT('',(9.4482421375,-17.33325195312,17.8));
#7327 = VECTOR('',#7328,1.);
#7328 = DIRECTION('',(0.,0.,1.));
#7329 = PCURVE('',#3444,#7330);
#7330 = DEFINITIONAL_REPRESENTATION('',(#7331),#7335);
#7331 = LINE('',#7332,#7333);
#7332 = CARTESIAN_POINT('',(0.,0.));
#7333 = VECTOR('',#7334,1.);
#7334 = DIRECTION('',(0.,-1.));
#7335 = ( GEOMETRIC_REPRESENTATION_CONTEXT(2) 
PARAMETRIC_REPRESENTATION_CONTEXT() REPRESENTATION_CONTEXT('2D SPACE',''
  ) );
#7336 = PCURVE('',#3393,#7337);
#7337 = DEFINITIONAL_REPRESENTATION('',(#7338),#7342);
#7338 = LINE('',#7339,#7340);
#7339 = CARTESIAN_POINT('',(1.,0.));
#7340 = VECTOR('',#7341,1.);
#7341 = DIRECTION('',(0.,-1.));
#7342 = ( GEOMETRIC_REPRESENTATION_CONTEXT(2) 
PARAMETRIC_REPRESENTATION_CONTEXT() REPRESENTATION_CONTEXT('2D SPACE',''
  ) );
#7343 = ORIENTED_EDGE('',*,*,#3414,.F.);
#7344 = ORIENTED_EDGE('',*,*,#7274,.F.);
#7345 = ADVANCED_FACE('',(#7346),#3393,.F.);
#7346 = FACE_BOUND('',#7347,.F.);
#7347 = EDGE_LOOP('',(#7348,#7371,#7392,#7393));
#7348 = ORIENTED_EDGE('',*,*,#7349,.F.);
#7349 = EDGE_CURVE('',#7350,#7301,#7352,.T.);
#7350 = VERTEX_POINT('',#7351);
#7351 = CARTESIAN_POINT('',(10.689697215625,-17.08056640625,17.8));
#7352 = SURFACE_CURVE('',#7353,(#7357,#7364),.PCURVE_S1.);
#7353 = B_SPLINE_CURVE_WITH_KNOTS('',2,(#7354,#7355,#7356),
  .UNSPECIFIED.,.F.,.F.,(3,3),(0.,1.),.PIECEWISE_BEZIER_KNOTS.);
#7354 = CARTESIAN_POINT('',(10.689697215625,-17.08056640625,17.8));
#7355 = CARTESIAN_POINT('',(10.13818354375,-17.33325195312,17.8));
#7356 = CARTESIAN_POINT('',(9.4482421375,-17.33325195312,17.8));
#7357 = PCURVE('',#3393,#7358);
#7358 = DEFINITIONAL_REPRESENTATION('',(#7359),#7363);
#7359 = LINE('',#7360,#7361);
#7360 = CARTESIAN_POINT('',(0.,0.));
#7361 = VECTOR('',#7362,1.);
#7362 = DIRECTION('',(1.,0.));
#7363 = ( GEOMETRIC_REPRESENTATION_CONTEXT(2) 
PARAMETRIC_REPRESENTATION_CONTEXT() REPRESENTATION_CONTEXT('2D SPACE',''
  ) );
#7364 = PCURVE('',#7144,#7365);
#7365 = DEFINITIONAL_REPRESENTATION('',(#7366),#7370);
#7366 = B_SPLINE_CURVE_WITH_KNOTS('',2,(#7367,#7368,#7369),
  .UNSPECIFIED.,.F.,.F.,(3,3),(0.,1.),.PIECEWISE_BEZIER_KNOTS.);
#7367 = CARTESIAN_POINT('',(4.392333984375,0.142822265625));
#7368 = CARTESIAN_POINT('',(3.8408203125,-0.10986328125));
#7369 = CARTESIAN_POINT('',(3.15087890625,-0.10986328125));
#7370 = ( GEOMETRIC_REPRESENTATION_CONTEXT(2) 
PARAMETRIC_REPRESENTATION_CONTEXT() REPRESENTATION_CONTEXT('2D SPACE',''
  ) );
#7371 = ORIENTED_EDGE('',*,*,#7372,.T.);
#7372 = EDGE_CURVE('',#7350,#3307,#7373,.T.);
#7373 = SURFACE_CURVE('',#7374,(#7378,#7385),.PCURVE_S1.);
#7374 = LINE('',#7375,#7376);
#7375 = CARTESIAN_POINT('',(10.689697215625,-17.08056640625,17.8));
#7376 = VECTOR('',#7377,1.);
#7377 = DIRECTION('',(0.,0.,1.));
#7378 = PCURVE('',#3393,#7379);
#7379 = DEFINITIONAL_REPRESENTATION('',(#7380),#7384);
#7380 = LINE('',#7381,#7382);
#7381 = CARTESIAN_POINT('',(0.,0.));
#7382 = VECTOR('',#7383,1.);
#7383 = DIRECTION('',(0.,-1.));
#7384 = ( GEOMETRIC_REPRESENTATION_CONTEXT(2) 
PARAMETRIC_REPRESENTATION_CONTEXT() REPRESENTATION_CONTEXT('2D SPACE',''
  ) );
#7385 = PCURVE('',#3340,#7386);
#7386 = DEFINITIONAL_REPRESENTATION('',(#7387),#7391);
#7387 = LINE('',#7388,#7389);
#7388 = CARTESIAN_POINT('',(1.,0.));
#7389 = VECTOR('',#7390,1.);
#7390 = DIRECTION('',(0.,-1.));
#7391 = ( GEOMETRIC_REPRESENTATION_CONTEXT(2) 
PARAMETRIC_REPRESENTATION_CONTEXT() REPRESENTATION_CONTEXT('2D SPACE',''
  ) );
#7392 = ORIENTED_EDGE('',*,*,#3363,.F.);
#7393 = ORIENTED_EDGE('',*,*,#7323,.F.);
#7394 = ADVANCED_FACE('',(#7395),#3340,.F.);
#7395 = FACE_BOUND('',#7396,.F.);
#7396 = EDGE_LOOP('',(#7397,#7420,#7441,#7442));
#7397 = ORIENTED_EDGE('',*,*,#7398,.F.);
#7398 = EDGE_CURVE('',#7399,#7350,#7401,.T.);
#7399 = VERTEX_POINT('',#7400);
#7400 = CARTESIAN_POINT('',(11.53564448125,-16.373046875,17.8));
#7401 = SURFACE_CURVE('',#7402,(#7406,#7413),.PCURVE_S1.);
#7402 = B_SPLINE_CURVE_WITH_KNOTS('',2,(#7403,#7404,#7405),
  .UNSPECIFIED.,.F.,.F.,(3,3),(0.,1.),.PIECEWISE_BEZIER_KNOTS.);
#7403 = CARTESIAN_POINT('',(11.53564448125,-16.373046875,17.8));
#7404 = CARTESIAN_POINT('',(11.2412108875,-16.82788085937,17.8));
#7405 = CARTESIAN_POINT('',(10.689697215625,-17.08056640625,17.8));
#7406 = PCURVE('',#3340,#7407);
#7407 = DEFINITIONAL_REPRESENTATION('',(#7408),#7412);
#7408 = LINE('',#7409,#7410);
#7409 = CARTESIAN_POINT('',(0.,0.));
#7410 = VECTOR('',#7411,1.);
#7411 = DIRECTION('',(1.,0.));
#7412 = ( GEOMETRIC_REPRESENTATION_CONTEXT(2) 
PARAMETRIC_REPRESENTATION_CONTEXT() REPRESENTATION_CONTEXT('2D SPACE',''
  ) );
#7413 = PCURVE('',#7144,#7414);
#7414 = DEFINITIONAL_REPRESENTATION('',(#7415),#7419);
#7415 = B_SPLINE_CURVE_WITH_KNOTS('',2,(#7416,#7417,#7418),
  .UNSPECIFIED.,.F.,.F.,(3,3),(0.,1.),.PIECEWISE_BEZIER_KNOTS.);
#7416 = CARTESIAN_POINT('',(5.23828125,0.850341796875));
#7417 = CARTESIAN_POINT('',(4.94384765625,0.3955078125));
#7418 = CARTESIAN_POINT('',(4.392333984375,0.142822265625));
#7419 = ( GEOMETRIC_REPRESENTATION_CONTEXT(2) 
PARAMETRIC_REPRESENTATION_CONTEXT() REPRESENTATION_CONTEXT('2D SPACE',''
  ) );
#7420 = ORIENTED_EDGE('',*,*,#7421,.T.);
#7421 = EDGE_CURVE('',#7399,#3256,#7422,.T.);
#7422 = SURFACE_CURVE('',#7423,(#7427,#7434),.PCURVE_S1.);
#7423 = LINE('',#7424,#7425);
#7424 = CARTESIAN_POINT('',(11.53564448125,-16.373046875,17.8));
#7425 = VECTOR('',#7426,1.);
#7426 = DIRECTION('',(0.,0.,1.));
#7427 = PCURVE('',#3340,#7428);
#7428 = DEFINITIONAL_REPRESENTATION('',(#7429),#7433);
#7429 = LINE('',#7430,#7431);
#7430 = CARTESIAN_POINT('',(0.,0.));
#7431 = VECTOR('',#7432,1.);
#7432 = DIRECTION('',(0.,-1.));
#7433 = ( GEOMETRIC_REPRESENTATION_CONTEXT(2) 
PARAMETRIC_REPRESENTATION_CONTEXT() REPRESENTATION_CONTEXT('2D SPACE',''
  ) );
#7434 = PCURVE('',#3285,#7435);
#7435 = DEFINITIONAL_REPRESENTATION('',(#7436),#7440);
#7436 = LINE('',#7437,#7438);
#7437 = CARTESIAN_POINT('',(1.,0.));
#7438 = VECTOR('',#7439,1.);
#7439 = DIRECTION('',(0.,-1.));
#7440 = ( GEOMETRIC_REPRESENTATION_CONTEXT(2) 
PARAMETRIC_REPRESENTATION_CONTEXT() REPRESENTATION_CONTEXT('2D SPACE',''
  ) );
#7441 = ORIENTED_EDGE('',*,*,#3306,.F.);
#7442 = ORIENTED_EDGE('',*,*,#7372,.F.);
#7443 = ADVANCED_FACE('',(#7444),#3285,.F.);
#7444 = FACE_BOUND('',#7445,.F.);
#7445 = EDGE_LOOP('',(#7446,#7469,#7490,#7491));
#7446 = ORIENTED_EDGE('',*,*,#7447,.F.);
#7447 = EDGE_CURVE('',#7448,#7399,#7450,.T.);
#7448 = VERTEX_POINT('',#7449);
#7449 = CARTESIAN_POINT('',(11.830078075,-15.40405273437,17.8));
#7450 = SURFACE_CURVE('',#7451,(#7455,#7462),.PCURVE_S1.);
#7451 = B_SPLINE_CURVE_WITH_KNOTS('',2,(#7452,#7453,#7454),
  .UNSPECIFIED.,.F.,.F.,(3,3),(0.,1.),.PIECEWISE_BEZIER_KNOTS.);
#7452 = CARTESIAN_POINT('',(11.830078075,-15.40405273437,17.8));
#7453 = CARTESIAN_POINT('',(11.830078075,-15.91821289062,17.8));
#7454 = CARTESIAN_POINT('',(11.53564448125,-16.373046875,17.8));
#7455 = PCURVE('',#3285,#7456);
#7456 = DEFINITIONAL_REPRESENTATION('',(#7457),#7461);
#7457 = LINE('',#7458,#7459);
#7458 = CARTESIAN_POINT('',(0.,0.));
#7459 = VECTOR('',#7460,1.);
#7460 = DIRECTION('',(1.,0.));
#7461 = ( GEOMETRIC_REPRESENTATION_CONTEXT(2) 
PARAMETRIC_REPRESENTATION_CONTEXT() REPRESENTATION_CONTEXT('2D SPACE',''
  ) );
#7462 = PCURVE('',#7144,#7463);
#7463 = DEFINITIONAL_REPRESENTATION('',(#7464),#7468);
#7464 = B_SPLINE_CURVE_WITH_KNOTS('',2,(#7465,#7466,#7467),
  .UNSPECIFIED.,.F.,.F.,(3,3),(0.,1.),.PIECEWISE_BEZIER_KNOTS.);
#7465 = CARTESIAN_POINT('',(5.53271484375,1.8193359375));
#7466 = CARTESIAN_POINT('',(5.53271484375,1.30517578125));
#7467 = CARTESIAN_POINT('',(5.23828125,0.850341796875));
#7468 = ( GEOMETRIC_REPRESENTATION_CONTEXT(2) 
PARAMETRIC_REPRESENTATION_CONTEXT() REPRESENTATION_CONTEXT('2D SPACE',''
  ) );
#7469 = ORIENTED_EDGE('',*,*,#7470,.T.);
#7470 = EDGE_CURVE('',#7448,#3205,#7471,.T.);
#7471 = SURFACE_CURVE('',#7472,(#7476,#7483),.PCURVE_S1.);
#7472 = LINE('',#7473,#7474);
#7473 = CARTESIAN_POINT('',(11.830078075,-15.40405273437,17.8));
#7474 = VECTOR('',#7475,1.);
#7475 = DIRECTION('',(0.,0.,1.));
#7476 = PCURVE('',#3285,#7477);
#7477 = DEFINITIONAL_REPRESENTATION('',(#7478),#7482);
#7478 = LINE('',#7479,#7480);
#7479 = CARTESIAN_POINT('',(0.,0.));
#7480 = VECTOR('',#7481,1.);
#7481 = DIRECTION('',(0.,-1.));
#7482 = ( GEOMETRIC_REPRESENTATION_CONTEXT(2) 
PARAMETRIC_REPRESENTATION_CONTEXT() REPRESENTATION_CONTEXT('2D SPACE',''
  ) );
#7483 = PCURVE('',#3234,#7484);
#7484 = DEFINITIONAL_REPRESENTATION('',(#7485),#7489);
#7485 = LINE('',#7486,#7487);
#7486 = CARTESIAN_POINT('',(1.,0.));
#7487 = VECTOR('',#7488,1.);
#7488 = DIRECTION('',(0.,-1.));
#7489 = ( GEOMETRIC_REPRESENTATION_CONTEXT(2) 
PARAMETRIC_REPRESENTATION_CONTEXT() REPRESENTATION_CONTEXT('2D SPACE',''
  ) );
#7490 = ORIENTED_EDGE('',*,*,#3255,.F.);
#7491 = ORIENTED_EDGE('',*,*,#7421,.F.);
#7492 = ADVANCED_FACE('',(#7493),#3234,.F.);
#7493 = FACE_BOUND('',#7494,.F.);
#7494 = EDGE_LOOP('',(#7495,#7518,#7539,#7540));
#7495 = ORIENTED_EDGE('',*,*,#7496,.F.);
#7496 = EDGE_CURVE('',#7497,#7448,#7499,.T.);
#7497 = VERTEX_POINT('',#7498);
#7498 = CARTESIAN_POINT('',(11.56201166875,-14.48779296875,17.8));
#7499 = SURFACE_CURVE('',#7500,(#7504,#7511),.PCURVE_S1.);
#7500 = B_SPLINE_CURVE_WITH_KNOTS('',2,(#7501,#7502,#7503),
  .UNSPECIFIED.,.F.,.F.,(3,3),(0.,1.),.PIECEWISE_BEZIER_KNOTS.);
#7501 = CARTESIAN_POINT('',(11.56201166875,-14.48779296875,17.8));
#7502 = CARTESIAN_POINT('',(11.830078075,-14.88549804687,17.8));
#7503 = CARTESIAN_POINT('',(11.830078075,-15.40405273437,17.8));
#7504 = PCURVE('',#3234,#7505);
#7505 = DEFINITIONAL_REPRESENTATION('',(#7506),#7510);
#7506 = LINE('',#7507,#7508);
#7507 = CARTESIAN_POINT('',(0.,0.));
#7508 = VECTOR('',#7509,1.);
#7509 = DIRECTION('',(1.,0.));
#7510 = ( GEOMETRIC_REPRESENTATION_CONTEXT(2) 
PARAMETRIC_REPRESENTATION_CONTEXT() REPRESENTATION_CONTEXT('2D SPACE',''
  ) );
#7511 = PCURVE('',#7144,#7512);
#7512 = DEFINITIONAL_REPRESENTATION('',(#7513),#7517);
#7513 = B_SPLINE_CURVE_WITH_KNOTS('',2,(#7514,#7515,#7516),
  .UNSPECIFIED.,.F.,.F.,(3,3),(0.,1.),.PIECEWISE_BEZIER_KNOTS.);
#7514 = CARTESIAN_POINT('',(5.2646484375,2.735595703125));
#7515 = CARTESIAN_POINT('',(5.53271484375,2.337890625));
#7516 = CARTESIAN_POINT('',(5.53271484375,1.8193359375));
#7517 = ( GEOMETRIC_REPRESENTATION_CONTEXT(2) 
PARAMETRIC_REPRESENTATION_CONTEXT() REPRESENTATION_CONTEXT('2D SPACE',''
  ) );
#7518 = ORIENTED_EDGE('',*,*,#7519,.T.);
#7519 = EDGE_CURVE('',#7497,#3154,#7520,.T.);
#7520 = SURFACE_CURVE('',#7521,(#7525,#7532),.PCURVE_S1.);
#7521 = LINE('',#7522,#7523);
#7522 = CARTESIAN_POINT('',(11.56201166875,-14.48779296875,17.8));
#7523 = VECTOR('',#7524,1.);
#7524 = DIRECTION('',(0.,0.,1.));
#7525 = PCURVE('',#3234,#7526);
#7526 = DEFINITIONAL_REPRESENTATION('',(#7527),#7531);
#7527 = LINE('',#7528,#7529);
#7528 = CARTESIAN_POINT('',(0.,0.));
#7529 = VECTOR('',#7530,1.);
#7530 = DIRECTION('',(0.,-1.));
#7531 = ( GEOMETRIC_REPRESENTATION_CONTEXT(2) 
PARAMETRIC_REPRESENTATION_CONTEXT() REPRESENTATION_CONTEXT('2D SPACE',''
  ) );
#7532 = PCURVE('',#3183,#7533);
#7533 = DEFINITIONAL_REPRESENTATION('',(#7534),#7538);
#7534 = LINE('',#7535,#7536);
#7535 = CARTESIAN_POINT('',(1.,0.));
#7536 = VECTOR('',#7537,1.);
#7537 = DIRECTION('',(0.,-1.));
#7538 = ( GEOMETRIC_REPRESENTATION_CONTEXT(2) 
PARAMETRIC_REPRESENTATION_CONTEXT() REPRESENTATION_CONTEXT('2D SPACE',''
  ) );
#7539 = ORIENTED_EDGE('',*,*,#3204,.F.);
#7540 = ORIENTED_EDGE('',*,*,#7470,.F.);
#7541 = ADVANCED_FACE('',(#7542),#3183,.F.);
#7542 = FACE_BOUND('',#7543,.F.);
#7543 = EDGE_LOOP('',(#7544,#7567,#7588,#7589));
#7544 = ORIENTED_EDGE('',*,*,#7545,.F.);
#7545 = EDGE_CURVE('',#7546,#7497,#7548,.T.);
#7546 = VERTEX_POINT('',#7547);
#7547 = CARTESIAN_POINT('',(10.7314452625,-13.83081054687,17.8));
#7548 = SURFACE_CURVE('',#7549,(#7553,#7560),.PCURVE_S1.);
#7549 = B_SPLINE_CURVE_WITH_KNOTS('',2,(#7550,#7551,#7552),
  .UNSPECIFIED.,.F.,.F.,(3,3),(0.,1.),.PIECEWISE_BEZIER_KNOTS.);
#7550 = CARTESIAN_POINT('',(10.7314452625,-13.83081054687,17.8));
#7551 = CARTESIAN_POINT('',(11.2939452625,-14.09008789062,17.8));
#7552 = CARTESIAN_POINT('',(11.56201166875,-14.48779296875,17.8));
#7553 = PCURVE('',#3183,#7554);
#7554 = DEFINITIONAL_REPRESENTATION('',(#7555),#7559);
#7555 = LINE('',#7556,#7557);
#7556 = CARTESIAN_POINT('',(0.,0.));
#7557 = VECTOR('',#7558,1.);
#7558 = DIRECTION('',(1.,0.));
#7559 = ( GEOMETRIC_REPRESENTATION_CONTEXT(2) 
PARAMETRIC_REPRESENTATION_CONTEXT() REPRESENTATION_CONTEXT('2D SPACE',''
  ) );
#7560 = PCURVE('',#7144,#7561);
#7561 = DEFINITIONAL_REPRESENTATION('',(#7562),#7566);
#7562 = B_SPLINE_CURVE_WITH_KNOTS('',2,(#7563,#7564,#7565),
  .UNSPECIFIED.,.F.,.F.,(3,3),(0.,1.),.PIECEWISE_BEZIER_KNOTS.);
#7563 = CARTESIAN_POINT('',(4.43408203125,3.392578125));
#7564 = CARTESIAN_POINT('',(4.99658203125,3.13330078125));
#7565 = CARTESIAN_POINT('',(5.2646484375,2.735595703125));
#7566 = ( GEOMETRIC_REPRESENTATION_CONTEXT(2) 
PARAMETRIC_REPRESENTATION_CONTEXT() REPRESENTATION_CONTEXT('2D SPACE',''
  ) );
#7567 = ORIENTED_EDGE('',*,*,#7568,.T.);
#7568 = EDGE_CURVE('',#7546,#3091,#7569,.T.);
#7569 = SURFACE_CURVE('',#7570,(#7574,#7581),.PCURVE_S1.);
#7570 = LINE('',#7571,#7572);
#7571 = CARTESIAN_POINT('',(10.7314452625,-13.83081054687,17.8));
#7572 = VECTOR('',#7573,1.);
#7573 = DIRECTION('',(0.,0.,1.));
#7574 = PCURVE('',#3183,#7575);
#7575 = DEFINITIONAL_REPRESENTATION('',(#7576),#7580);
#7576 = LINE('',#7577,#7578);
#7577 = CARTESIAN_POINT('',(0.,0.));
#7578 = VECTOR('',#7579,1.);
#7579 = DIRECTION('',(0.,-1.));
#7580 = ( GEOMETRIC_REPRESENTATION_CONTEXT(2) 
PARAMETRIC_REPRESENTATION_CONTEXT() REPRESENTATION_CONTEXT('2D SPACE',''
  ) );
#7581 = PCURVE('',#3128,#7582);
#7582 = DEFINITIONAL_REPRESENTATION('',(#7583),#7587);
#7583 = LINE('',#7584,#7585);
#7584 = CARTESIAN_POINT('',(1.,0.));
#7585 = VECTOR('',#7586,1.);
#7586 = DIRECTION('',(0.,-1.));
#7587 = ( GEOMETRIC_REPRESENTATION_CONTEXT(2) 
PARAMETRIC_REPRESENTATION_CONTEXT() REPRESENTATION_CONTEXT('2D SPACE',''
  ) );
#7588 = ORIENTED_EDGE('',*,*,#3153,.F.);
#7589 = ORIENTED_EDGE('',*,*,#7519,.F.);
#7590 = ADVANCED_FACE('',(#7591),#3128,.F.);
#7591 = FACE_BOUND('',#7592,.F.);
#7592 = EDGE_LOOP('',(#7593,#7616,#7637,#7638));
#7593 = ORIENTED_EDGE('',*,*,#7594,.F.);
#7594 = EDGE_CURVE('',#7595,#7546,#7597,.T.);
#7595 = VERTEX_POINT('',#7596);
#7596 = CARTESIAN_POINT('',(9.305419871875,-13.419921875,17.8));
#7597 = SURFACE_CURVE('',#7598,(#7602,#7609),.PCURVE_S1.);
#7598 = B_SPLINE_CURVE_WITH_KNOTS('',2,(#7599,#7600,#7601),
  .UNSPECIFIED.,.F.,.F.,(3,3),(0.,1.),.PIECEWISE_BEZIER_KNOTS.);
#7599 = CARTESIAN_POINT('',(9.305419871875,-13.419921875,17.8));
#7600 = CARTESIAN_POINT('',(10.3447265125,-13.65502929687,17.8));
#7601 = CARTESIAN_POINT('',(10.7314452625,-13.83081054687,17.8));
#7602 = PCURVE('',#3128,#7603);
#7603 = DEFINITIONAL_REPRESENTATION('',(#7604),#7608);
#7604 = LINE('',#7605,#7606);
#7605 = CARTESIAN_POINT('',(0.,0.));
#7606 = VECTOR('',#7607,1.);
#7607 = DIRECTION('',(1.,0.));
#7608 = ( GEOMETRIC_REPRESENTATION_CONTEXT(2) 
PARAMETRIC_REPRESENTATION_CONTEXT() REPRESENTATION_CONTEXT('2D SPACE',''
  ) );
#7609 = PCURVE('',#7144,#7610);
#7610 = DEFINITIONAL_REPRESENTATION('',(#7611),#7615);
#7611 = B_SPLINE_CURVE_WITH_KNOTS('',2,(#7612,#7613,#7614),
  .UNSPECIFIED.,.F.,.F.,(3,3),(0.,1.),.PIECEWISE_BEZIER_KNOTS.);
#7612 = CARTESIAN_POINT('',(3.008056640625,3.803466796875));
#7613 = CARTESIAN_POINT('',(4.04736328125,3.568359375));
#7614 = CARTESIAN_POINT('',(4.43408203125,3.392578125));
#7615 = ( GEOMETRIC_REPRESENTATION_CONTEXT(2) 
PARAMETRIC_REPRESENTATION_CONTEXT() REPRESENTATION_CONTEXT('2D SPACE',''
  ) );
#7616 = ORIENTED_EDGE('',*,*,#7617,.T.);
#7617 = EDGE_CURVE('',#7595,#3022,#7618,.T.);
#7618 = SURFACE_CURVE('',#7619,(#7623,#7630),.PCURVE_S1.);
#7619 = LINE('',#7620,#7621);
#7620 = CARTESIAN_POINT('',(9.305419871875,-13.419921875,17.8));
#7621 = VECTOR('',#7622,1.);
#7622 = DIRECTION('',(0.,0.,1.));
#7623 = PCURVE('',#3128,#7624);
#7624 = DEFINITIONAL_REPRESENTATION('',(#7625),#7629);
#7625 = LINE('',#7626,#7627);
#7626 = CARTESIAN_POINT('',(0.,0.));
#7627 = VECTOR('',#7628,1.);
#7628 = DIRECTION('',(0.,-1.));
#7629 = ( GEOMETRIC_REPRESENTATION_CONTEXT(2) 
PARAMETRIC_REPRESENTATION_CONTEXT() REPRESENTATION_CONTEXT('2D SPACE',''
  ) );
#7630 = PCURVE('',#3063,#7631);
#7631 = DEFINITIONAL_REPRESENTATION('',(#7632),#7636);
#7632 = LINE('',#7633,#7634);
#7633 = CARTESIAN_POINT('',(1.,0.));
#7634 = VECTOR('',#7635,1.);
#7635 = DIRECTION('',(0.,-1.));
#7636 = ( GEOMETRIC_REPRESENTATION_CONTEXT(2) 
PARAMETRIC_REPRESENTATION_CONTEXT() REPRESENTATION_CONTEXT('2D SPACE',''
  ) );
#7637 = ORIENTED_EDGE('',*,*,#3090,.F.);
#7638 = ORIENTED_EDGE('',*,*,#7568,.F.);
#7639 = ADVANCED_FACE('',(#7640),#3063,.F.);
#7640 = FACE_BOUND('',#7641,.F.);
#7641 = EDGE_LOOP('',(#7642,#7665,#7686,#7687));
#7642 = ORIENTED_EDGE('',*,*,#7643,.F.);
#7643 = EDGE_CURVE('',#7644,#7595,#7646,.T.);
#7644 = VERTEX_POINT('',#7645);
#7645 = CARTESIAN_POINT('',(8.02001948125,-12.96069335937,17.8));
#7646 = SURFACE_CURVE('',#7647,(#7651,#7658),.PCURVE_S1.);
#7647 = B_SPLINE_CURVE_WITH_KNOTS('',2,(#7648,#7649,#7650),
  .UNSPECIFIED.,.F.,.F.,(3,3),(0.,1.),.PIECEWISE_BEZIER_KNOTS.);
#7648 = CARTESIAN_POINT('',(8.02001948125,-12.96069335937,17.8));
#7649 = CARTESIAN_POINT('',(8.26611323125,-13.18481445312,17.8));
#7650 = CARTESIAN_POINT('',(9.305419871875,-13.419921875,17.8));
#7651 = PCURVE('',#3063,#7652);
#7652 = DEFINITIONAL_REPRESENTATION('',(#7653),#7657);
#7653 = LINE('',#7654,#7655);
#7654 = CARTESIAN_POINT('',(0.,0.));
#7655 = VECTOR('',#7656,1.);
#7656 = DIRECTION('',(1.,0.));
#7657 = ( GEOMETRIC_REPRESENTATION_CONTEXT(2) 
PARAMETRIC_REPRESENTATION_CONTEXT() REPRESENTATION_CONTEXT('2D SPACE',''
  ) );
#7658 = PCURVE('',#7144,#7659);
#7659 = DEFINITIONAL_REPRESENTATION('',(#7660),#7664);
#7660 = B_SPLINE_CURVE_WITH_KNOTS('',2,(#7661,#7662,#7663),
  .UNSPECIFIED.,.F.,.F.,(3,3),(0.,1.),.PIECEWISE_BEZIER_KNOTS.);
#7661 = CARTESIAN_POINT('',(1.72265625,4.2626953125));
#7662 = CARTESIAN_POINT('',(1.96875,4.03857421875));
#7663 = CARTESIAN_POINT('',(3.008056640625,3.803466796875));
#7664 = ( GEOMETRIC_REPRESENTATION_CONTEXT(2) 
PARAMETRIC_REPRESENTATION_CONTEXT() REPRESENTATION_CONTEXT('2D SPACE',''
  ) );
#7665 = ORIENTED_EDGE('',*,*,#7666,.T.);
#7666 = EDGE_CURVE('',#7644,#2971,#7667,.T.);
#7667 = SURFACE_CURVE('',#7668,(#7672,#7679),.PCURVE_S1.);
#7668 = LINE('',#7669,#7670);
#7669 = CARTESIAN_POINT('',(8.02001948125,-12.96069335937,17.8));
#7670 = VECTOR('',#7671,1.);
#7671 = DIRECTION('',(0.,0.,1.));
#7672 = PCURVE('',#3063,#7673);
#7673 = DEFINITIONAL_REPRESENTATION('',(#7674),#7678);
#7674 = LINE('',#7675,#7676);
#7675 = CARTESIAN_POINT('',(0.,0.));
#7676 = VECTOR('',#7677,1.);
#7677 = DIRECTION('',(0.,-1.));
#7678 = ( GEOMETRIC_REPRESENTATION_CONTEXT(2) 
PARAMETRIC_REPRESENTATION_CONTEXT() REPRESENTATION_CONTEXT('2D SPACE',''
  ) );
#7679 = PCURVE('',#3000,#7680);
#7680 = DEFINITIONAL_REPRESENTATION('',(#7681),#7685);
#7681 = LINE('',#7682,#7683);
#7682 = CARTESIAN_POINT('',(1.,0.));
#7683 = VECTOR('',#7684,1.);
#7684 = DIRECTION('',(0.,-1.));
#7685 = ( GEOMETRIC_REPRESENTATION_CONTEXT(2) 
PARAMETRIC_REPRESENTATION_CONTEXT() REPRESENTATION_CONTEXT('2D SPACE',''
  ) );
#7686 = ORIENTED_EDGE('',*,*,#3021,.F.);
#7687 = ORIENTED_EDGE('',*,*,#7617,.F.);
#7688 = ADVANCED_FACE('',(#7689),#3000,.F.);
#7689 = FACE_BOUND('',#7690,.F.);
#7690 = EDGE_LOOP('',(#7691,#7714,#7735,#7736));
#7691 = ORIENTED_EDGE('',*,*,#7692,.F.);
#7692 = EDGE_CURVE('',#7693,#7644,#7695,.T.);
#7693 = VERTEX_POINT('',#7694);
#7694 = CARTESIAN_POINT('',(7.7695312,-12.38940429687,17.8));
#7695 = SURFACE_CURVE('',#7696,(#7700,#7707),.PCURVE_S1.);
#7696 = B_SPLINE_CURVE_WITH_KNOTS('',2,(#7697,#7698,#7699),
  .UNSPECIFIED.,.F.,.F.,(3,3),(0.,1.),.PIECEWISE_BEZIER_KNOTS.);
#7697 = CARTESIAN_POINT('',(7.7695312,-12.38940429687,17.8));
#7698 = CARTESIAN_POINT('',(7.7695312,-12.73657226562,17.8));
#7699 = CARTESIAN_POINT('',(8.02001948125,-12.96069335937,17.8));
#7700 = PCURVE('',#3000,#7701);
#7701 = DEFINITIONAL_REPRESENTATION('',(#7702),#7706);
#7702 = LINE('',#7703,#7704);
#7703 = CARTESIAN_POINT('',(0.,0.));
#7704 = VECTOR('',#7705,1.);
#7705 = DIRECTION('',(1.,0.));
#7706 = ( GEOMETRIC_REPRESENTATION_CONTEXT(2) 
PARAMETRIC_REPRESENTATION_CONTEXT() REPRESENTATION_CONTEXT('2D SPACE',''
  ) );
#7707 = PCURVE('',#7144,#7708);
#7708 = DEFINITIONAL_REPRESENTATION('',(#7709),#7713);
#7709 = B_SPLINE_CURVE_WITH_KNOTS('',2,(#7710,#7711,#7712),
  .UNSPECIFIED.,.F.,.F.,(3,3),(0.,1.),.PIECEWISE_BEZIER_KNOTS.);
#7710 = CARTESIAN_POINT('',(1.47216796875,4.833984375));
#7711 = CARTESIAN_POINT('',(1.47216796875,4.48681640625));
#7712 = CARTESIAN_POINT('',(1.72265625,4.2626953125));
#7713 = ( GEOMETRIC_REPRESENTATION_CONTEXT(2) 
PARAMETRIC_REPRESENTATION_CONTEXT() REPRESENTATION_CONTEXT('2D SPACE',''
  ) );
#7714 = ORIENTED_EDGE('',*,*,#7715,.T.);
#7715 = EDGE_CURVE('',#7693,#2914,#7716,.T.);
#7716 = SURFACE_CURVE('',#7717,(#7721,#7728),.PCURVE_S1.);
#7717 = LINE('',#7718,#7719);
#7718 = CARTESIAN_POINT('',(7.7695312,-12.38940429687,17.8));
#7719 = VECTOR('',#7720,1.);
#7720 = DIRECTION('',(0.,0.,1.));
#7721 = PCURVE('',#3000,#7722);
#7722 = DEFINITIONAL_REPRESENTATION('',(#7723),#7727);
#7723 = LINE('',#7724,#7725);
#7724 = CARTESIAN_POINT('',(0.,0.));
#7725 = VECTOR('',#7726,1.);
#7726 = DIRECTION('',(0.,-1.));
#7727 = ( GEOMETRIC_REPRESENTATION_CONTEXT(2) 
PARAMETRIC_REPRESENTATION_CONTEXT() REPRESENTATION_CONTEXT('2D SPACE',''
  ) );
#7728 = PCURVE('',#2947,#7729);
#7729 = DEFINITIONAL_REPRESENTATION('',(#7730),#7734);
#7730 = LINE('',#7731,#7732);
#7731 = CARTESIAN_POINT('',(1.,0.));
#7732 = VECTOR('',#7733,1.);
#7733 = DIRECTION('',(0.,-1.));
#7734 = ( GEOMETRIC_REPRESENTATION_CONTEXT(2) 
PARAMETRIC_REPRESENTATION_CONTEXT() REPRESENTATION_CONTEXT('2D SPACE',''
  ) );
#7735 = ORIENTED_EDGE('',*,*,#2970,.F.);
#7736 = ORIENTED_EDGE('',*,*,#7666,.F.);
#7737 = ADVANCED_FACE('',(#7738),#2947,.F.);
#7738 = FACE_BOUND('',#7739,.F.);
#7739 = EDGE_LOOP('',(#7740,#7763,#7784,#7785));
#7740 = ORIENTED_EDGE('',*,*,#7741,.F.);
#7741 = EDGE_CURVE('',#7742,#7693,#7744,.T.);
#7742 = VERTEX_POINT('',#7743);
#7743 = CARTESIAN_POINT('',(8.123290965625,-11.7060546875,17.8));
#7744 = SURFACE_CURVE('',#7745,(#7749,#7756),.PCURVE_S1.);
#7745 = B_SPLINE_CURVE_WITH_KNOTS('',2,(#7746,#7747,#7748),
  .UNSPECIFIED.,.F.,.F.,(3,3),(0.,1.),.PIECEWISE_BEZIER_KNOTS.);
#7746 = CARTESIAN_POINT('',(8.123290965625,-11.7060546875,17.8));
#7747 = CARTESIAN_POINT('',(7.7695312,-11.98950195312,17.8));
#7748 = CARTESIAN_POINT('',(7.7695312,-12.38940429687,17.8));
#7749 = PCURVE('',#2947,#7750);
#7750 = DEFINITIONAL_REPRESENTATION('',(#7751),#7755);
#7751 = LINE('',#7752,#7753);
#7752 = CARTESIAN_POINT('',(0.,0.));
#7753 = VECTOR('',#7754,1.);
#7754 = DIRECTION('',(1.,0.));
#7755 = ( GEOMETRIC_REPRESENTATION_CONTEXT(2) 
PARAMETRIC_REPRESENTATION_CONTEXT() REPRESENTATION_CONTEXT('2D SPACE',''
  ) );
#7756 = PCURVE('',#7144,#7757);
#7757 = DEFINITIONAL_REPRESENTATION('',(#7758),#7762);
#7758 = B_SPLINE_CURVE_WITH_KNOTS('',2,(#7759,#7760,#7761),
  .UNSPECIFIED.,.F.,.F.,(3,3),(0.,1.),.PIECEWISE_BEZIER_KNOTS.);
#7759 = CARTESIAN_POINT('',(1.825927734375,5.517333984375));
#7760 = CARTESIAN_POINT('',(1.47216796875,5.23388671875));
#7761 = CARTESIAN_POINT('',(1.47216796875,4.833984375));
#7762 = ( GEOMETRIC_REPRESENTATION_CONTEXT(2) 
PARAMETRIC_REPRESENTATION_CONTEXT() REPRESENTATION_CONTEXT('2D SPACE',''
  ) );
#7763 = ORIENTED_EDGE('',*,*,#7764,.T.);
#7764 = EDGE_CURVE('',#7742,#2857,#7765,.T.);
#7765 = SURFACE_CURVE('',#7766,(#7770,#7777),.PCURVE_S1.);
#7766 = LINE('',#7767,#7768);
#7767 = CARTESIAN_POINT('',(8.123290965625,-11.7060546875,17.8));
#7768 = VECTOR('',#7769,1.);
#7769 = DIRECTION('',(0.,0.,1.));
#7770 = PCURVE('',#2947,#7771);
#7771 = DEFINITIONAL_REPRESENTATION('',(#7772),#7776);
#7772 = LINE('',#7773,#7774);
#7773 = CARTESIAN_POINT('',(0.,0.));
#7774 = VECTOR('',#7775,1.);
#7775 = DIRECTION('',(0.,-1.));
#7776 = ( GEOMETRIC_REPRESENTATION_CONTEXT(2) 
PARAMETRIC_REPRESENTATION_CONTEXT() REPRESENTATION_CONTEXT('2D SPACE',''
  ) );
#7777 = PCURVE('',#2890,#7778);
#7778 = DEFINITIONAL_REPRESENTATION('',(#7779),#7783);
#7779 = LINE('',#7780,#7781);
#7780 = CARTESIAN_POINT('',(1.,0.));
#7781 = VECTOR('',#7782,1.);
#7782 = DIRECTION('',(0.,-1.));
#7783 = ( GEOMETRIC_REPRESENTATION_CONTEXT(2) 
PARAMETRIC_REPRESENTATION_CONTEXT() REPRESENTATION_CONTEXT('2D SPACE',''
  ) );
#7784 = ORIENTED_EDGE('',*,*,#2913,.F.);
#7785 = ORIENTED_EDGE('',*,*,#7715,.F.);
#7786 = ADVANCED_FACE('',(#7787),#2890,.F.);
#7787 = FACE_BOUND('',#7788,.F.);
#7788 = EDGE_LOOP('',(#7789,#7812,#7833,#7834));
#7789 = ORIENTED_EDGE('',*,*,#7790,.F.);
#7790 = EDGE_CURVE('',#7791,#7742,#7793,.T.);
#7791 = VERTEX_POINT('',#7792);
#7792 = CARTESIAN_POINT('',(9.25048823125,-11.42260742187,17.8));
#7793 = SURFACE_CURVE('',#7794,(#7798,#7805),.PCURVE_S1.);
#7794 = B_SPLINE_CURVE_WITH_KNOTS('',2,(#7795,#7796,#7797),
  .UNSPECIFIED.,.F.,.F.,(3,3),(0.,1.),.PIECEWISE_BEZIER_KNOTS.);
#7795 = CARTESIAN_POINT('',(9.25048823125,-11.42260742187,17.8));
#7796 = CARTESIAN_POINT('',(8.47705073125,-11.42260742187,17.8));
#7797 = CARTESIAN_POINT('',(8.123290965625,-11.7060546875,17.8));
#7798 = PCURVE('',#2890,#7799);
#7799 = DEFINITIONAL_REPRESENTATION('',(#7800),#7804);
#7800 = LINE('',#7801,#7802);
#7801 = CARTESIAN_POINT('',(0.,0.));
#7802 = VECTOR('',#7803,1.);
#7803 = DIRECTION('',(1.,0.));
#7804 = ( GEOMETRIC_REPRESENTATION_CONTEXT(2) 
PARAMETRIC_REPRESENTATION_CONTEXT() REPRESENTATION_CONTEXT('2D SPACE',''
  ) );
#7805 = PCURVE('',#7144,#7806);
#7806 = DEFINITIONAL_REPRESENTATION('',(#7807),#7811);
#7807 = B_SPLINE_CURVE_WITH_KNOTS('',2,(#7808,#7809,#7810),
  .UNSPECIFIED.,.F.,.F.,(3,3),(0.,1.),.PIECEWISE_BEZIER_KNOTS.);
#7808 = CARTESIAN_POINT('',(2.953125,5.80078125));
#7809 = CARTESIAN_POINT('',(2.1796875,5.80078125));
#7810 = CARTESIAN_POINT('',(1.825927734375,5.517333984375));
#7811 = ( GEOMETRIC_REPRESENTATION_CONTEXT(2) 
PARAMETRIC_REPRESENTATION_CONTEXT() REPRESENTATION_CONTEXT('2D SPACE',''
  ) );
#7812 = ORIENTED_EDGE('',*,*,#7813,.T.);
#7813 = EDGE_CURVE('',#7791,#2800,#7814,.T.);
#7814 = SURFACE_CURVE('',#7815,(#7819,#7826),.PCURVE_S1.);
#7815 = LINE('',#7816,#7817);
#7816 = CARTESIAN_POINT('',(9.25048823125,-11.42260742187,17.8));
#7817 = VECTOR('',#7818,1.);
#7818 = DIRECTION('',(0.,0.,1.));
#7819 = PCURVE('',#2890,#7820);
#7820 = DEFINITIONAL_REPRESENTATION('',(#7821),#7825);
#7821 = LINE('',#7822,#7823);
#7822 = CARTESIAN_POINT('',(0.,0.));
#7823 = VECTOR('',#7824,1.);
#7824 = DIRECTION('',(0.,-1.));
#7825 = ( GEOMETRIC_REPRESENTATION_CONTEXT(2) 
PARAMETRIC_REPRESENTATION_CONTEXT() REPRESENTATION_CONTEXT('2D SPACE',''
  ) );
#7826 = PCURVE('',#2833,#7827);
#7827 = DEFINITIONAL_REPRESENTATION('',(#7828),#7832);
#7828 = LINE('',#7829,#7830);
#7829 = CARTESIAN_POINT('',(1.,0.));
#7830 = VECTOR('',#7831,1.);
#7831 = DIRECTION('',(0.,-1.));
#7832 = ( GEOMETRIC_REPRESENTATION_CONTEXT(2) 
PARAMETRIC_REPRESENTATION_CONTEXT() REPRESENTATION_CONTEXT('2D SPACE',''
  ) );
#7833 = ORIENTED_EDGE('',*,*,#2856,.F.);
#7834 = ORIENTED_EDGE('',*,*,#7764,.F.);
#7835 = ADVANCED_FACE('',(#7836),#2833,.F.);
#7836 = FACE_BOUND('',#7837,.F.);
#7837 = EDGE_LOOP('',(#7838,#7861,#7882,#7883));
#7838 = ORIENTED_EDGE('',*,*,#7839,.F.);
#7839 = EDGE_CURVE('',#7840,#7791,#7842,.T.);
#7840 = VERTEX_POINT('',#7841);
#7841 = CARTESIAN_POINT('',(10.373290965625,-11.73461914062,17.8));
#7842 = SURFACE_CURVE('',#7843,(#7847,#7854),.PCURVE_S1.);
#7843 = B_SPLINE_CURVE_WITH_KNOTS('',2,(#7844,#7845,#7846),
  .UNSPECIFIED.,.F.,.F.,(3,3),(0.,1.),.PIECEWISE_BEZIER_KNOTS.);
#7844 = CARTESIAN_POINT('',(10.373290965625,-11.73461914062,17.8));
#7845 = CARTESIAN_POINT('',(9.9931640125,-11.42260742187,17.8));
#7846 = CARTESIAN_POINT('',(9.25048823125,-11.42260742187,17.8));
#7847 = PCURVE('',#2833,#7848);
#7848 = DEFINITIONAL_REPRESENTATION('',(#7849),#7853);
#7849 = LINE('',#7850,#7851);
#7850 = CARTESIAN_POINT('',(0.,0.));
#7851 = VECTOR('',#7852,1.);
#7852 = DIRECTION('',(1.,0.));
#7853 = ( GEOMETRIC_REPRESENTATION_CONTEXT(2) 
PARAMETRIC_REPRESENTATION_CONTEXT() REPRESENTATION_CONTEXT('2D SPACE',''
  ) );
#7854 = PCURVE('',#7144,#7855);
#7855 = DEFINITIONAL_REPRESENTATION('',(#7856),#7860);
#7856 = B_SPLINE_CURVE_WITH_KNOTS('',2,(#7857,#7858,#7859),
  .UNSPECIFIED.,.F.,.F.,(3,3),(0.,1.),.PIECEWISE_BEZIER_KNOTS.);
#7857 = CARTESIAN_POINT('',(4.075927734375,5.48876953125));
#7858 = CARTESIAN_POINT('',(3.69580078125,5.80078125));
#7859 = CARTESIAN_POINT('',(2.953125,5.80078125));
#7860 = ( GEOMETRIC_REPRESENTATION_CONTEXT(2) 
PARAMETRIC_REPRESENTATION_CONTEXT() REPRESENTATION_CONTEXT('2D SPACE',''
  ) );
#7861 = ORIENTED_EDGE('',*,*,#7862,.T.);
#7862 = EDGE_CURVE('',#7840,#2743,#7863,.T.);
#7863 = SURFACE_CURVE('',#7864,(#7868,#7875),.PCURVE_S1.);
#7864 = LINE('',#7865,#7866);
#7865 = CARTESIAN_POINT('',(10.373290965625,-11.73461914062,17.8));
#7866 = VECTOR('',#7867,1.);
#7867 = DIRECTION('',(0.,0.,1.));
#7868 = PCURVE('',#2833,#7869);
#7869 = DEFINITIONAL_REPRESENTATION('',(#7870),#7874);
#7870 = LINE('',#7871,#7872);
#7871 = CARTESIAN_POINT('',(0.,0.));
#7872 = VECTOR('',#7873,1.);
#7873 = DIRECTION('',(0.,-1.));
#7874 = ( GEOMETRIC_REPRESENTATION_CONTEXT(2) 
PARAMETRIC_REPRESENTATION_CONTEXT() REPRESENTATION_CONTEXT('2D SPACE',''
  ) );
#7875 = PCURVE('',#2776,#7876);
#7876 = DEFINITIONAL_REPRESENTATION('',(#7877),#7881);
#7877 = LINE('',#7878,#7879);
#7878 = CARTESIAN_POINT('',(1.,0.));
#7879 = VECTOR('',#7880,1.);
#7880 = DIRECTION('',(0.,-1.));
#7881 = ( GEOMETRIC_REPRESENTATION_CONTEXT(2) 
PARAMETRIC_REPRESENTATION_CONTEXT() REPRESENTATION_CONTEXT('2D SPACE',''
  ) );
#7882 = ORIENTED_EDGE('',*,*,#2799,.F.);
#7883 = ORIENTED_EDGE('',*,*,#7813,.F.);
#7884 = ADVANCED_FACE('',(#7885),#2776,.F.);
#7885 = FACE_BOUND('',#7886,.F.);
#7886 = EDGE_LOOP('',(#7887,#7910,#7931,#7932));
#7887 = ORIENTED_EDGE('',*,*,#7888,.F.);
#7888 = EDGE_CURVE('',#7889,#7840,#7891,.T.);
#7889 = VERTEX_POINT('',#7890);
#7890 = CARTESIAN_POINT('',(10.8193358875,-12.65747070312,17.8));
#7891 = SURFACE_CURVE('',#7892,(#7896,#7903),.PCURVE_S1.);
#7892 = B_SPLINE_CURVE_WITH_KNOTS('',2,(#7893,#7894,#7895),
  .UNSPECIFIED.,.F.,.F.,(3,3),(0.,1.),.PIECEWISE_BEZIER_KNOTS.);
#7893 = CARTESIAN_POINT('',(10.8193358875,-12.65747070312,17.8));
#7894 = CARTESIAN_POINT('',(10.75341791875,-12.04663085937,17.8));
#7895 = CARTESIAN_POINT('',(10.373290965625,-11.73461914062,17.8));
#7896 = PCURVE('',#2776,#7897);
#7897 = DEFINITIONAL_REPRESENTATION('',(#7898),#7902);
#7898 = LINE('',#7899,#7900);
#7899 = CARTESIAN_POINT('',(0.,0.));
#7900 = VECTOR('',#7901,1.);
#7901 = DIRECTION('',(1.,0.));
#7902 = ( GEOMETRIC_REPRESENTATION_CONTEXT(2) 
PARAMETRIC_REPRESENTATION_CONTEXT() REPRESENTATION_CONTEXT('2D SPACE',''
  ) );
#7903 = PCURVE('',#7144,#7904);
#7904 = DEFINITIONAL_REPRESENTATION('',(#7905),#7909);
#7905 = B_SPLINE_CURVE_WITH_KNOTS('',2,(#7906,#7907,#7908),
  .UNSPECIFIED.,.F.,.F.,(3,3),(0.,1.),.PIECEWISE_BEZIER_KNOTS.);
#7906 = CARTESIAN_POINT('',(4.52197265625,4.56591796875));
#7907 = CARTESIAN_POINT('',(4.4560546875,5.1767578125));
#7908 = CARTESIAN_POINT('',(4.075927734375,5.48876953125));
#7909 = ( GEOMETRIC_REPRESENTATION_CONTEXT(2) 
PARAMETRIC_REPRESENTATION_CONTEXT() REPRESENTATION_CONTEXT('2D SPACE',''
  ) );
#7910 = ORIENTED_EDGE('',*,*,#7911,.T.);
#7911 = EDGE_CURVE('',#7889,#2717,#7912,.T.);
#7912 = SURFACE_CURVE('',#7913,(#7917,#7924),.PCURVE_S1.);
#7913 = LINE('',#7914,#7915);
#7914 = CARTESIAN_POINT('',(10.8193358875,-12.65747070312,17.8));
#7915 = VECTOR('',#7916,1.);
#7916 = DIRECTION('',(0.,0.,1.));
#7917 = PCURVE('',#2776,#7918);
#7918 = DEFINITIONAL_REPRESENTATION('',(#7919),#7923);
#7919 = LINE('',#7920,#7921);
#7920 = CARTESIAN_POINT('',(0.,0.));
#7921 = VECTOR('',#7922,1.);
#7922 = DIRECTION('',(0.,-1.));
#7923 = ( GEOMETRIC_REPRESENTATION_CONTEXT(2) 
PARAMETRIC_REPRESENTATION_CONTEXT() REPRESENTATION_CONTEXT('2D SPACE',''
  ) );
#7924 = PCURVE('',#2731,#7925);
#7925 = DEFINITIONAL_REPRESENTATION('',(#7926),#7930);
#7926 = LINE('',#7927,#7928);
#7927 = CARTESIAN_POINT('',(0.819694940531,0.));
#7928 = VECTOR('',#7929,1.);
#7929 = DIRECTION('',(0.,-1.));
#7930 = ( GEOMETRIC_REPRESENTATION_CONTEXT(2) 
PARAMETRIC_REPRESENTATION_CONTEXT() REPRESENTATION_CONTEXT('2D SPACE',''
  ) );
#7931 = ORIENTED_EDGE('',*,*,#2742,.F.);
#7932 = ORIENTED_EDGE('',*,*,#7862,.F.);
#7933 = ADVANCED_FACE('',(#7934),#2731,.F.);
#7934 = FACE_BOUND('',#7935,.F.);
#7935 = EDGE_LOOP('',(#7936,#7959,#7980,#7981));
#7936 = ORIENTED_EDGE('',*,*,#7937,.F.);
#7937 = EDGE_CURVE('',#7938,#7889,#7940,.T.);
#7938 = VERTEX_POINT('',#7939);
#7939 = CARTESIAN_POINT('',(11.6367187,-12.59594726562,17.8));
#7940 = SURFACE_CURVE('',#7941,(#7945,#7952),.PCURVE_S1.);
#7941 = LINE('',#7942,#7943);
#7942 = CARTESIAN_POINT('',(11.6367187,-12.59594726562,17.8));
#7943 = VECTOR('',#7944,1.);
#7944 = DIRECTION('',(-0.997179282295,-7.505650511901E-02,0.));
#7945 = PCURVE('',#2731,#7946);
#7946 = DEFINITIONAL_REPRESENTATION('',(#7947),#7951);
#7947 = LINE('',#7948,#7949);
#7948 = CARTESIAN_POINT('',(0.,0.));
#7949 = VECTOR('',#7950,1.);
#7950 = DIRECTION('',(1.,0.));
#7951 = ( GEOMETRIC_REPRESENTATION_CONTEXT(2) 
PARAMETRIC_REPRESENTATION_CONTEXT() REPRESENTATION_CONTEXT('2D SPACE',''
  ) );
#7952 = PCURVE('',#7144,#7953);
#7953 = DEFINITIONAL_REPRESENTATION('',(#7954),#7958);
#7954 = LINE('',#7955,#7956);
#7955 = CARTESIAN_POINT('',(5.33935546875,4.62744140625));
#7956 = VECTOR('',#7957,1.);
#7957 = DIRECTION('',(-0.997179282295,-7.505650511901E-02));
#7958 = ( GEOMETRIC_REPRESENTATION_CONTEXT(2) 
PARAMETRIC_REPRESENTATION_CONTEXT() REPRESENTATION_CONTEXT('2D SPACE',''
  ) );
#7959 = ORIENTED_EDGE('',*,*,#7960,.T.);
#7960 = EDGE_CURVE('',#7938,#2666,#7961,.T.);
#7961 = SURFACE_CURVE('',#7962,(#7966,#7973),.PCURVE_S1.);
#7962 = LINE('',#7963,#7964);
#7963 = CARTESIAN_POINT('',(11.6367187,-12.59594726562,17.8));
#7964 = VECTOR('',#7965,1.);
#7965 = DIRECTION('',(0.,0.,1.));
#7966 = PCURVE('',#2731,#7967);
#7967 = DEFINITIONAL_REPRESENTATION('',(#7968),#7972);
#7968 = LINE('',#7969,#7970);
#7969 = CARTESIAN_POINT('',(0.,0.));
#7970 = VECTOR('',#7971,1.);
#7971 = DIRECTION('',(0.,-1.));
#7972 = ( GEOMETRIC_REPRESENTATION_CONTEXT(2) 
PARAMETRIC_REPRESENTATION_CONTEXT() REPRESENTATION_CONTEXT('2D SPACE',''
  ) );
#7973 = PCURVE('',#2695,#7974);
#7974 = DEFINITIONAL_REPRESENTATION('',(#7975),#7979);
#7975 = LINE('',#7976,#7977);
#7976 = CARTESIAN_POINT('',(1.,0.));
#7977 = VECTOR('',#7978,1.);
#7978 = DIRECTION('',(0.,-1.));
#7979 = ( GEOMETRIC_REPRESENTATION_CONTEXT(2) 
PARAMETRIC_REPRESENTATION_CONTEXT() REPRESENTATION_CONTEXT('2D SPACE',''
  ) );
#7980 = ORIENTED_EDGE('',*,*,#2716,.F.);
#7981 = ORIENTED_EDGE('',*,*,#7911,.F.);
#7982 = ADVANCED_FACE('',(#7983),#2695,.F.);
#7983 = FACE_BOUND('',#7984,.F.);
#7984 = EDGE_LOOP('',(#7985,#8008,#8029,#8030));
#7985 = ORIENTED_EDGE('',*,*,#7986,.F.);
#7986 = EDGE_CURVE('',#7987,#7938,#7989,.T.);
#7987 = VERTEX_POINT('',#7988);
#7988 = CARTESIAN_POINT('',(11.32031245,-11.58081054687,17.8));
#7989 = SURFACE_CURVE('',#7990,(#7994,#8001),.PCURVE_S1.);
#7990 = B_SPLINE_CURVE_WITH_KNOTS('',2,(#7991,#7992,#7993),
  .UNSPECIFIED.,.F.,.F.,(3,3),(0.,1.),.PIECEWISE_BEZIER_KNOTS.);
#7991 = CARTESIAN_POINT('',(11.32031245,-11.58081054687,17.8));
#7992 = CARTESIAN_POINT('',(11.61474604375,-12.02905273437,17.8));
#7993 = CARTESIAN_POINT('',(11.6367187,-12.59594726562,17.8));
#7994 = PCURVE('',#2695,#7995);
#7995 = DEFINITIONAL_REPRESENTATION('',(#7996),#8000);
#7996 = LINE('',#7997,#7998);
#7997 = CARTESIAN_POINT('',(0.,0.));
#7998 = VECTOR('',#7999,1.);
#7999 = DIRECTION('',(1.,0.));
#8000 = ( GEOMETRIC_REPRESENTATION_CONTEXT(2) 
PARAMETRIC_REPRESENTATION_CONTEXT() REPRESENTATION_CONTEXT('2D SPACE',''
  ) );
#8001 = PCURVE('',#7144,#8002);
#8002 = DEFINITIONAL_REPRESENTATION('',(#8003),#8007);
#8003 = B_SPLINE_CURVE_WITH_KNOTS('',2,(#8004,#8005,#8006),
  .UNSPECIFIED.,.F.,.F.,(3,3),(0.,1.),.PIECEWISE_BEZIER_KNOTS.);
#8004 = CARTESIAN_POINT('',(5.02294921875,5.642578125));
#8005 = CARTESIAN_POINT('',(5.3173828125,5.1943359375));
#8006 = CARTESIAN_POINT('',(5.33935546875,4.62744140625));
#8007 = ( GEOMETRIC_REPRESENTATION_CONTEXT(2) 
PARAMETRIC_REPRESENTATION_CONTEXT() REPRESENTATION_CONTEXT('2D SPACE',''
  ) );
#8008 = ORIENTED_EDGE('',*,*,#8009,.T.);
#8009 = EDGE_CURVE('',#7987,#2609,#8010,.T.);
#8010 = SURFACE_CURVE('',#8011,(#8015,#8022),.PCURVE_S1.);
#8011 = LINE('',#8012,#8013);
#8012 = CARTESIAN_POINT('',(11.32031245,-11.58081054687,17.8));
#8013 = VECTOR('',#8014,1.);
#8014 = DIRECTION('',(0.,0.,1.));
#8015 = PCURVE('',#2695,#8016);
#8016 = DEFINITIONAL_REPRESENTATION('',(#8017),#8021);
#8017 = LINE('',#8018,#8019);
#8018 = CARTESIAN_POINT('',(0.,0.));
#8019 = VECTOR('',#8020,1.);
#8020 = DIRECTION('',(0.,-1.));
#8021 = ( GEOMETRIC_REPRESENTATION_CONTEXT(2) 
PARAMETRIC_REPRESENTATION_CONTEXT() REPRESENTATION_CONTEXT('2D SPACE',''
  ) );
#8022 = PCURVE('',#2642,#8023);
#8023 = DEFINITIONAL_REPRESENTATION('',(#8024),#8028);
#8024 = LINE('',#8025,#8026);
#8025 = CARTESIAN_POINT('',(1.,0.));
#8026 = VECTOR('',#8027,1.);
#8027 = DIRECTION('',(0.,-1.));
#8028 = ( GEOMETRIC_REPRESENTATION_CONTEXT(2) 
PARAMETRIC_REPRESENTATION_CONTEXT() REPRESENTATION_CONTEXT('2D SPACE',''
  ) );
#8029 = ORIENTED_EDGE('',*,*,#2665,.F.);
#8030 = ORIENTED_EDGE('',*,*,#7960,.F.);
#8031 = ADVANCED_FACE('',(#8032),#2642,.F.);
#8032 = FACE_BOUND('',#8033,.F.);
#8033 = EDGE_LOOP('',(#8034,#8057,#8078,#8079));
#8034 = ORIENTED_EDGE('',*,*,#8035,.F.);
#8035 = EDGE_CURVE('',#8036,#7987,#8038,.T.);
#8036 = VERTEX_POINT('',#8037);
#8037 = CARTESIAN_POINT('',(10.478759715625,-10.90185546875,17.8));
#8038 = SURFACE_CURVE('',#8039,(#8043,#8050),.PCURVE_S1.);
#8039 = B_SPLINE_CURVE_WITH_KNOTS('',2,(#8040,#8041,#8042),
  .UNSPECIFIED.,.F.,.F.,(3,3),(0.,1.),.PIECEWISE_BEZIER_KNOTS.);
#8040 = CARTESIAN_POINT('',(10.478759715625,-10.90185546875,17.8));
#8041 = CARTESIAN_POINT('',(11.02587885625,-11.13256835937,17.8));
#8042 = CARTESIAN_POINT('',(11.32031245,-11.58081054687,17.8));
#8043 = PCURVE('',#2642,#8044);
#8044 = DEFINITIONAL_REPRESENTATION('',(#8045),#8049);
#8045 = LINE('',#8046,#8047);
#8046 = CARTESIAN_POINT('',(0.,0.));
#8047 = VECTOR('',#8048,1.);
#8048 = DIRECTION('',(1.,0.));
#8049 = ( GEOMETRIC_REPRESENTATION_CONTEXT(2) 
PARAMETRIC_REPRESENTATION_CONTEXT() REPRESENTATION_CONTEXT('2D SPACE',''
  ) );
#8050 = PCURVE('',#7144,#8051);
#8051 = DEFINITIONAL_REPRESENTATION('',(#8052),#8056);
#8052 = B_SPLINE_CURVE_WITH_KNOTS('',2,(#8053,#8054,#8055),
  .UNSPECIFIED.,.F.,.F.,(3,3),(0.,1.),.PIECEWISE_BEZIER_KNOTS.);
#8053 = CARTESIAN_POINT('',(4.181396484375,6.321533203125));
#8054 = CARTESIAN_POINT('',(4.728515625,6.0908203125));
#8055 = CARTESIAN_POINT('',(5.02294921875,5.642578125));
#8056 = ( GEOMETRIC_REPRESENTATION_CONTEXT(2) 
PARAMETRIC_REPRESENTATION_CONTEXT() REPRESENTATION_CONTEXT('2D SPACE',''
  ) );
#8057 = ORIENTED_EDGE('',*,*,#8058,.T.);
#8058 = EDGE_CURVE('',#8036,#2558,#8059,.T.);
#8059 = SURFACE_CURVE('',#8060,(#8064,#8071),.PCURVE_S1.);
#8060 = LINE('',#8061,#8062);
#8061 = CARTESIAN_POINT('',(10.478759715625,-10.90185546875,17.8));
#8062 = VECTOR('',#8063,1.);
#8063 = DIRECTION('',(0.,0.,1.));
#8064 = PCURVE('',#2642,#8065);
#8065 = DEFINITIONAL_REPRESENTATION('',(#8066),#8070);
#8066 = LINE('',#8067,#8068);
#8067 = CARTESIAN_POINT('',(0.,0.));
#8068 = VECTOR('',#8069,1.);
#8069 = DIRECTION('',(0.,-1.));
#8070 = ( GEOMETRIC_REPRESENTATION_CONTEXT(2) 
PARAMETRIC_REPRESENTATION_CONTEXT() REPRESENTATION_CONTEXT('2D SPACE',''
  ) );
#8071 = PCURVE('',#2587,#8072);
#8072 = DEFINITIONAL_REPRESENTATION('',(#8073),#8077);
#8073 = LINE('',#8074,#8075);
#8074 = CARTESIAN_POINT('',(1.,0.));
#8075 = VECTOR('',#8076,1.);
#8076 = DIRECTION('',(0.,-1.));
#8077 = ( GEOMETRIC_REPRESENTATION_CONTEXT(2) 
PARAMETRIC_REPRESENTATION_CONTEXT() REPRESENTATION_CONTEXT('2D SPACE',''
  ) );
#8078 = ORIENTED_EDGE('',*,*,#2608,.F.);
#8079 = ORIENTED_EDGE('',*,*,#8009,.F.);
#8080 = ADVANCED_FACE('',(#8081),#2587,.F.);
#8081 = FACE_BOUND('',#8082,.F.);
#8082 = EDGE_LOOP('',(#8083,#8106,#8127,#8128));
#8083 = ORIENTED_EDGE('',*,*,#8084,.F.);
#8084 = EDGE_CURVE('',#8085,#8036,#8087,.T.);
#8085 = VERTEX_POINT('',#8086);
#8086 = CARTESIAN_POINT('',(9.21533198125,-10.67114257812,17.8));
#8087 = SURFACE_CURVE('',#8088,(#8092,#8099),.PCURVE_S1.);
#8088 = B_SPLINE_CURVE_WITH_KNOTS('',2,(#8089,#8090,#8091),
  .UNSPECIFIED.,.F.,.F.,(3,3),(0.,1.),.PIECEWISE_BEZIER_KNOTS.);
#8089 = CARTESIAN_POINT('',(9.21533198125,-10.67114257812,17.8));
#8090 = CARTESIAN_POINT('',(9.931640575,-10.67114257812,17.8));
#8091 = CARTESIAN_POINT('',(10.478759715625,-10.90185546875,17.8));
#8092 = PCURVE('',#2587,#8093);
#8093 = DEFINITIONAL_REPRESENTATION('',(#8094),#8098);
#8094 = LINE('',#8095,#8096);
#8095 = CARTESIAN_POINT('',(0.,0.));
#8096 = VECTOR('',#8097,1.);
#8097 = DIRECTION('',(1.,0.));
#8098 = ( GEOMETRIC_REPRESENTATION_CONTEXT(2) 
PARAMETRIC_REPRESENTATION_CONTEXT() REPRESENTATION_CONTEXT('2D SPACE',''
  ) );
#8099 = PCURVE('',#7144,#8100);
#8100 = DEFINITIONAL_REPRESENTATION('',(#8101),#8105);
#8101 = B_SPLINE_CURVE_WITH_KNOTS('',2,(#8102,#8103,#8104),
  .UNSPECIFIED.,.F.,.F.,(3,3),(0.,1.),.PIECEWISE_BEZIER_KNOTS.);
#8102 = CARTESIAN_POINT('',(2.91796875,6.55224609375));
#8103 = CARTESIAN_POINT('',(3.63427734375,6.55224609375));
#8104 = CARTESIAN_POINT('',(4.181396484375,6.321533203125));
#8105 = ( GEOMETRIC_REPRESENTATION_CONTEXT(2) 
PARAMETRIC_REPRESENTATION_CONTEXT() REPRESENTATION_CONTEXT('2D SPACE',''
  ) );
#8106 = ORIENTED_EDGE('',*,*,#8107,.T.);
#8107 = EDGE_CURVE('',#8085,#2507,#8108,.T.);
#8108 = SURFACE_CURVE('',#8109,(#8113,#8120),.PCURVE_S1.);
#8109 = LINE('',#8110,#8111);
#8110 = CARTESIAN_POINT('',(9.21533198125,-10.67114257812,17.8));
#8111 = VECTOR('',#8112,1.);
#8112 = DIRECTION('',(0.,0.,1.));
#8113 = PCURVE('',#2587,#8114);
#8114 = DEFINITIONAL_REPRESENTATION('',(#8115),#8119);
#8115 = LINE('',#8116,#8117);
#8116 = CARTESIAN_POINT('',(0.,0.));
#8117 = VECTOR('',#8118,1.);
#8118 = DIRECTION('',(0.,-1.));
#8119 = ( GEOMETRIC_REPRESENTATION_CONTEXT(2) 
PARAMETRIC_REPRESENTATION_CONTEXT() REPRESENTATION_CONTEXT('2D SPACE',''
  ) );
#8120 = PCURVE('',#2536,#8121);
#8121 = DEFINITIONAL_REPRESENTATION('',(#8122),#8126);
#8122 = LINE('',#8123,#8124);
#8123 = CARTESIAN_POINT('',(1.,0.));
#8124 = VECTOR('',#8125,1.);
#8125 = DIRECTION('',(0.,-1.));
#8126 = ( GEOMETRIC_REPRESENTATION_CONTEXT(2) 
PARAMETRIC_REPRESENTATION_CONTEXT() REPRESENTATION_CONTEXT('2D SPACE',''
  ) );
#8127 = ORIENTED_EDGE('',*,*,#2557,.F.);
#8128 = ORIENTED_EDGE('',*,*,#8058,.F.);
#8129 = ADVANCED_FACE('',(#8130),#2536,.F.);
#8130 = FACE_BOUND('',#8131,.F.);
#8131 = EDGE_LOOP('',(#8132,#8155,#8176,#8177));
#8132 = ORIENTED_EDGE('',*,*,#8133,.F.);
#8133 = EDGE_CURVE('',#8134,#8085,#8136,.T.);
#8134 = VERTEX_POINT('',#8135);
#8135 = CARTESIAN_POINT('',(8.033203075,-10.89086914062,17.8));
#8136 = SURFACE_CURVE('',#8137,(#8141,#8148),.PCURVE_S1.);
#8137 = B_SPLINE_CURVE_WITH_KNOTS('',2,(#8138,#8139,#8140),
  .UNSPECIFIED.,.F.,.F.,(3,3),(0.,1.),.PIECEWISE_BEZIER_KNOTS.);
#8138 = CARTESIAN_POINT('',(8.033203075,-10.89086914062,17.8));
#8139 = CARTESIAN_POINT('',(8.56494135625,-10.67114257812,17.8));
#8140 = CARTESIAN_POINT('',(9.21533198125,-10.67114257812,17.8));
#8141 = PCURVE('',#2536,#8142);
#8142 = DEFINITIONAL_REPRESENTATION('',(#8143),#8147);
#8143 = LINE('',#8144,#8145);
#8144 = CARTESIAN_POINT('',(0.,0.));
#8145 = VECTOR('',#8146,1.);
#8146 = DIRECTION('',(1.,0.));
#8147 = ( GEOMETRIC_REPRESENTATION_CONTEXT(2) 
PARAMETRIC_REPRESENTATION_CONTEXT() REPRESENTATION_CONTEXT('2D SPACE',''
  ) );
#8148 = PCURVE('',#7144,#8149);
#8149 = DEFINITIONAL_REPRESENTATION('',(#8150),#8154);
#8150 = B_SPLINE_CURVE_WITH_KNOTS('',2,(#8151,#8152,#8153),
  .UNSPECIFIED.,.F.,.F.,(3,3),(0.,1.),.PIECEWISE_BEZIER_KNOTS.);
#8151 = CARTESIAN_POINT('',(1.73583984375,6.33251953125));
#8152 = CARTESIAN_POINT('',(2.267578125,6.55224609375));
#8153 = CARTESIAN_POINT('',(2.91796875,6.55224609375));
#8154 = ( GEOMETRIC_REPRESENTATION_CONTEXT(2) 
PARAMETRIC_REPRESENTATION_CONTEXT() REPRESENTATION_CONTEXT('2D SPACE',''
  ) );
#8155 = ORIENTED_EDGE('',*,*,#8156,.T.);
#8156 = EDGE_CURVE('',#8134,#2450,#8157,.T.);
#8157 = SURFACE_CURVE('',#8158,(#8162,#8169),.PCURVE_S1.);
#8158 = LINE('',#8159,#8160);
#8159 = CARTESIAN_POINT('',(8.033203075,-10.89086914062,17.8));
#8160 = VECTOR('',#8161,1.);
#8161 = DIRECTION('',(0.,0.,1.));
#8162 = PCURVE('',#2536,#8163);
#8163 = DEFINITIONAL_REPRESENTATION('',(#8164),#8168);
#8164 = LINE('',#8165,#8166);
#8165 = CARTESIAN_POINT('',(0.,0.));
#8166 = VECTOR('',#8167,1.);
#8167 = DIRECTION('',(0.,-1.));
#8168 = ( GEOMETRIC_REPRESENTATION_CONTEXT(2) 
PARAMETRIC_REPRESENTATION_CONTEXT() REPRESENTATION_CONTEXT('2D SPACE',''
  ) );
#8169 = PCURVE('',#2483,#8170);
#8170 = DEFINITIONAL_REPRESENTATION('',(#8171),#8175);
#8171 = LINE('',#8172,#8173);
#8172 = CARTESIAN_POINT('',(1.,0.));
#8173 = VECTOR('',#8174,1.);
#8174 = DIRECTION('',(0.,-1.));
#8175 = ( GEOMETRIC_REPRESENTATION_CONTEXT(2) 
PARAMETRIC_REPRESENTATION_CONTEXT() REPRESENTATION_CONTEXT('2D SPACE',''
  ) );
#8176 = ORIENTED_EDGE('',*,*,#2506,.F.);
#8177 = ORIENTED_EDGE('',*,*,#8107,.F.);
#8178 = ADVANCED_FACE('',(#8179),#2483,.F.);
#8179 = FACE_BOUND('',#8180,.F.);
#8180 = EDGE_LOOP('',(#8181,#8204,#8225,#8226));
#8181 = ORIENTED_EDGE('',*,*,#8182,.F.);
#8182 = EDGE_CURVE('',#8183,#8134,#8185,.T.);
#8183 = VERTEX_POINT('',#8184);
#8184 = CARTESIAN_POINT('',(7.224609325,-11.53466796875,17.8));
#8185 = SURFACE_CURVE('',#8186,(#8190,#8197),.PCURVE_S1.);
#8186 = B_SPLINE_CURVE_WITH_KNOTS('',2,(#8187,#8188,#8189),
  .UNSPECIFIED.,.F.,.F.,(3,3),(0.,1.),.PIECEWISE_BEZIER_KNOTS.);
#8187 = CARTESIAN_POINT('',(7.224609325,-11.53466796875,17.8));
#8188 = CARTESIAN_POINT('',(7.50146479375,-11.11059570312,17.8));
#8189 = CARTESIAN_POINT('',(8.033203075,-10.89086914062,17.8));
#8190 = PCURVE('',#2483,#8191);
#8191 = DEFINITIONAL_REPRESENTATION('',(#8192),#8196);
#8192 = LINE('',#8193,#8194);
#8193 = CARTESIAN_POINT('',(0.,0.));
#8194 = VECTOR('',#8195,1.);
#8195 = DIRECTION('',(1.,0.));
#8196 = ( GEOMETRIC_REPRESENTATION_CONTEXT(2) 
PARAMETRIC_REPRESENTATION_CONTEXT() REPRESENTATION_CONTEXT('2D SPACE',''
  ) );
#8197 = PCURVE('',#7144,#8198);
#8198 = DEFINITIONAL_REPRESENTATION('',(#8199),#8203);
#8199 = B_SPLINE_CURVE_WITH_KNOTS('',2,(#8200,#8201,#8202),
  .UNSPECIFIED.,.F.,.F.,(3,3),(0.,1.),.PIECEWISE_BEZIER_KNOTS.);
#8200 = CARTESIAN_POINT('',(0.92724609375,5.688720703125));
#8201 = CARTESIAN_POINT('',(1.2041015625,6.11279296875));
#8202 = CARTESIAN_POINT('',(1.73583984375,6.33251953125));
#8203 = ( GEOMETRIC_REPRESENTATION_CONTEXT(2) 
PARAMETRIC_REPRESENTATION_CONTEXT() REPRESENTATION_CONTEXT('2D SPACE',''
  ) );
#8204 = ORIENTED_EDGE('',*,*,#8205,.T.);
#8205 = EDGE_CURVE('',#8183,#2399,#8206,.T.);
#8206 = SURFACE_CURVE('',#8207,(#8211,#8218),.PCURVE_S1.);
#8207 = LINE('',#8208,#8209);
#8208 = CARTESIAN_POINT('',(7.224609325,-11.53466796875,17.8));
#8209 = VECTOR('',#8210,1.);
#8210 = DIRECTION('',(0.,0.,1.));
#8211 = PCURVE('',#2483,#8212);
#8212 = DEFINITIONAL_REPRESENTATION('',(#8213),#8217);
#8213 = LINE('',#8214,#8215);
#8214 = CARTESIAN_POINT('',(0.,0.));
#8215 = VECTOR('',#8216,1.);
#8216 = DIRECTION('',(0.,-1.));
#8217 = ( GEOMETRIC_REPRESENTATION_CONTEXT(2) 
PARAMETRIC_REPRESENTATION_CONTEXT() REPRESENTATION_CONTEXT('2D SPACE',''
  ) );
#8218 = PCURVE('',#2428,#8219);
#8219 = DEFINITIONAL_REPRESENTATION('',(#8220),#8224);
#8220 = LINE('',#8221,#8222);
#8221 = CARTESIAN_POINT('',(1.,0.));
#8222 = VECTOR('',#8223,1.);
#8223 = DIRECTION('',(0.,-1.));
#8224 = ( GEOMETRIC_REPRESENTATION_CONTEXT(2) 
PARAMETRIC_REPRESENTATION_CONTEXT() REPRESENTATION_CONTEXT('2D SPACE',''
  ) );
#8225 = ORIENTED_EDGE('',*,*,#2449,.F.);
#8226 = ORIENTED_EDGE('',*,*,#8156,.F.);
#8227 = ADVANCED_FACE('',(#8228),#2428,.F.);
#8228 = FACE_BOUND('',#8229,.F.);
#8229 = EDGE_LOOP('',(#8230,#8253,#8274,#8275));
#8230 = ORIENTED_EDGE('',*,*,#8231,.F.);
#8231 = EDGE_CURVE('',#8232,#8183,#8234,.T.);
#8232 = VERTEX_POINT('',#8233);
#8233 = CARTESIAN_POINT('',(6.94775385625,-12.44653320312,17.8));
#8234 = SURFACE_CURVE('',#8235,(#8239,#8246),.PCURVE_S1.);
#8235 = B_SPLINE_CURVE_WITH_KNOTS('',2,(#8236,#8237,#8238),
  .UNSPECIFIED.,.F.,.F.,(3,3),(0.,1.),.PIECEWISE_BEZIER_KNOTS.);
#8236 = CARTESIAN_POINT('',(6.94775385625,-12.44653320312,17.8));
#8237 = CARTESIAN_POINT('',(6.94775385625,-11.95874023437,17.8));
#8238 = CARTESIAN_POINT('',(7.224609325,-11.53466796875,17.8));
#8239 = PCURVE('',#2428,#8240);
#8240 = DEFINITIONAL_REPRESENTATION('',(#8241),#8245);
#8241 = LINE('',#8242,#8243);
#8242 = CARTESIAN_POINT('',(0.,0.));
#8243 = VECTOR('',#8244,1.);
#8244 = DIRECTION('',(1.,0.));
#8245 = ( GEOMETRIC_REPRESENTATION_CONTEXT(2) 
PARAMETRIC_REPRESENTATION_CONTEXT() REPRESENTATION_CONTEXT('2D SPACE',''
  ) );
#8246 = PCURVE('',#7144,#8247);
#8247 = DEFINITIONAL_REPRESENTATION('',(#8248),#8252);
#8248 = B_SPLINE_CURVE_WITH_KNOTS('',2,(#8249,#8250,#8251),
  .UNSPECIFIED.,.F.,.F.,(3,3),(0.,1.),.PIECEWISE_BEZIER_KNOTS.);
#8249 = CARTESIAN_POINT('',(0.650390625,4.77685546875));
#8250 = CARTESIAN_POINT('',(0.650390625,5.2646484375));
#8251 = CARTESIAN_POINT('',(0.92724609375,5.688720703125));
#8252 = ( GEOMETRIC_REPRESENTATION_CONTEXT(2) 
PARAMETRIC_REPRESENTATION_CONTEXT() REPRESENTATION_CONTEXT('2D SPACE',''
  ) );
#8253 = ORIENTED_EDGE('',*,*,#8254,.T.);
#8254 = EDGE_CURVE('',#8232,#2348,#8255,.T.);
#8255 = SURFACE_CURVE('',#8256,(#8260,#8267),.PCURVE_S1.);
#8256 = LINE('',#8257,#8258);
#8257 = CARTESIAN_POINT('',(6.94775385625,-12.44653320312,17.8));
#8258 = VECTOR('',#8259,1.);
#8259 = DIRECTION('',(0.,0.,1.));
#8260 = PCURVE('',#2428,#8261);
#8261 = DEFINITIONAL_REPRESENTATION('',(#8262),#8266);
#8262 = LINE('',#8263,#8264);
#8263 = CARTESIAN_POINT('',(0.,0.));
#8264 = VECTOR('',#8265,1.);
#8265 = DIRECTION('',(0.,-1.));
#8266 = ( GEOMETRIC_REPRESENTATION_CONTEXT(2) 
PARAMETRIC_REPRESENTATION_CONTEXT() REPRESENTATION_CONTEXT('2D SPACE',''
  ) );
#8267 = PCURVE('',#2377,#8268);
#8268 = DEFINITIONAL_REPRESENTATION('',(#8269),#8273);
#8269 = LINE('',#8270,#8271);
#8270 = CARTESIAN_POINT('',(1.,0.));
#8271 = VECTOR('',#8272,1.);
#8272 = DIRECTION('',(0.,-1.));
#8273 = ( GEOMETRIC_REPRESENTATION_CONTEXT(2) 
PARAMETRIC_REPRESENTATION_CONTEXT() REPRESENTATION_CONTEXT('2D SPACE',''
  ) );
#8274 = ORIENTED_EDGE('',*,*,#2398,.F.);
#8275 = ORIENTED_EDGE('',*,*,#8205,.F.);
#8276 = ADVANCED_FACE('',(#8277),#2377,.F.);
#8277 = FACE_BOUND('',#8278,.F.);
#8278 = EDGE_LOOP('',(#8279,#8302,#8323,#8324));
#8279 = ORIENTED_EDGE('',*,*,#8280,.F.);
#8280 = EDGE_CURVE('',#8281,#8232,#8283,.T.);
#8281 = VERTEX_POINT('',#8282);
#8282 = CARTESIAN_POINT('',(7.174072215625,-13.24853515625,17.8));
#8283 = SURFACE_CURVE('',#8284,(#8288,#8295),.PCURVE_S1.);
#8284 = B_SPLINE_CURVE_WITH_KNOTS('',2,(#8285,#8286,#8287),
  .UNSPECIFIED.,.F.,.F.,(3,3),(0.,1.),.PIECEWISE_BEZIER_KNOTS.);
#8285 = CARTESIAN_POINT('',(7.174072215625,-13.24853515625,17.8));
#8286 = CARTESIAN_POINT('',(6.94775385625,-12.89038085937,17.8));
#8287 = CARTESIAN_POINT('',(6.94775385625,-12.44653320312,17.8));
#8288 = PCURVE('',#2377,#8289);
#8289 = DEFINITIONAL_REPRESENTATION('',(#8290),#8294);
#8290 = LINE('',#8291,#8292);
#8291 = CARTESIAN_POINT('',(0.,0.));
#8292 = VECTOR('',#8293,1.);
#8293 = DIRECTION('',(1.,0.));
#8294 = ( GEOMETRIC_REPRESENTATION_CONTEXT(2) 
PARAMETRIC_REPRESENTATION_CONTEXT() REPRESENTATION_CONTEXT('2D SPACE',''
  ) );
#8295 = PCURVE('',#7144,#8296);
#8296 = DEFINITIONAL_REPRESENTATION('',(#8297),#8301);
#8297 = B_SPLINE_CURVE_WITH_KNOTS('',2,(#8298,#8299,#8300),
  .UNSPECIFIED.,.F.,.F.,(3,3),(0.,1.),.PIECEWISE_BEZIER_KNOTS.);
#8298 = CARTESIAN_POINT('',(0.876708984375,3.974853515625));
#8299 = CARTESIAN_POINT('',(0.650390625,4.3330078125));
#8300 = CARTESIAN_POINT('',(0.650390625,4.77685546875));
#8301 = ( GEOMETRIC_REPRESENTATION_CONTEXT(2) 
PARAMETRIC_REPRESENTATION_CONTEXT() REPRESENTATION_CONTEXT('2D SPACE',''
  ) );
#8302 = ORIENTED_EDGE('',*,*,#8303,.T.);
#8303 = EDGE_CURVE('',#8281,#2297,#8304,.T.);
#8304 = SURFACE_CURVE('',#8305,(#8309,#8316),.PCURVE_S1.);
#8305 = LINE('',#8306,#8307);
#8306 = CARTESIAN_POINT('',(7.174072215625,-13.24853515625,17.8));
#8307 = VECTOR('',#8308,1.);
#8308 = DIRECTION('',(0.,0.,1.));
#8309 = PCURVE('',#2377,#8310);
#8310 = DEFINITIONAL_REPRESENTATION('',(#8311),#8315);
#8311 = LINE('',#8312,#8313);
#8312 = CARTESIAN_POINT('',(0.,0.));
#8313 = VECTOR('',#8314,1.);
#8314 = DIRECTION('',(0.,-1.));
#8315 = ( GEOMETRIC_REPRESENTATION_CONTEXT(2) 
PARAMETRIC_REPRESENTATION_CONTEXT() REPRESENTATION_CONTEXT('2D SPACE',''
  ) );
#8316 = PCURVE('',#2326,#8317);
#8317 = DEFINITIONAL_REPRESENTATION('',(#8318),#8322);
#8318 = LINE('',#8319,#8320);
#8319 = CARTESIAN_POINT('',(1.,0.));
#8320 = VECTOR('',#8321,1.);
#8321 = DIRECTION('',(0.,-1.));
#8322 = ( GEOMETRIC_REPRESENTATION_CONTEXT(2) 
PARAMETRIC_REPRESENTATION_CONTEXT() REPRESENTATION_CONTEXT('2D SPACE',''
  ) );
#8323 = ORIENTED_EDGE('',*,*,#2347,.F.);
#8324 = ORIENTED_EDGE('',*,*,#8254,.F.);
#8325 = ADVANCED_FACE('',(#8326),#2326,.F.);
#8326 = FACE_BOUND('',#8327,.F.);
#8327 = EDGE_LOOP('',(#8328,#8351,#8372,#8373));
#8328 = ORIENTED_EDGE('',*,*,#8329,.F.);
#8329 = EDGE_CURVE('',#8330,#8281,#8332,.T.);
#8330 = VERTEX_POINT('',#8331);
#8331 = CARTESIAN_POINT('',(7.86181635625,-13.84838867187,17.8));
#8332 = SURFACE_CURVE('',#8333,(#8337,#8344),.PCURVE_S1.);
#8333 = B_SPLINE_CURVE_WITH_KNOTS('',2,(#8334,#8335,#8336),
  .UNSPECIFIED.,.F.,.F.,(3,3),(0.,1.),.PIECEWISE_BEZIER_KNOTS.);
#8334 = CARTESIAN_POINT('',(7.86181635625,-13.84838867187,17.8));
#8335 = CARTESIAN_POINT('',(7.400390575,-13.60668945312,17.8));
#8336 = CARTESIAN_POINT('',(7.174072215625,-13.24853515625,17.8));
#8337 = PCURVE('',#2326,#8338);
#8338 = DEFINITIONAL_REPRESENTATION('',(#8339),#8343);
#8339 = LINE('',#8340,#8341);
#8340 = CARTESIAN_POINT('',(0.,0.));
#8341 = VECTOR('',#8342,1.);
#8342 = DIRECTION('',(1.,0.));
#8343 = ( GEOMETRIC_REPRESENTATION_CONTEXT(2) 
PARAMETRIC_REPRESENTATION_CONTEXT() REPRESENTATION_CONTEXT('2D SPACE',''
  ) );
#8344 = PCURVE('',#7144,#8345);
#8345 = DEFINITIONAL_REPRESENTATION('',(#8346),#8350);
#8346 = B_SPLINE_CURVE_WITH_KNOTS('',2,(#8347,#8348,#8349),
  .UNSPECIFIED.,.F.,.F.,(3,3),(0.,1.),.PIECEWISE_BEZIER_KNOTS.);
#8347 = CARTESIAN_POINT('',(1.564453125,3.375));
#8348 = CARTESIAN_POINT('',(1.10302734375,3.61669921875));
#8349 = CARTESIAN_POINT('',(0.876708984375,3.974853515625));
#8350 = ( GEOMETRIC_REPRESENTATION_CONTEXT(2) 
PARAMETRIC_REPRESENTATION_CONTEXT() REPRESENTATION_CONTEXT('2D SPACE',''
  ) );
#8351 = ORIENTED_EDGE('',*,*,#8352,.T.);
#8352 = EDGE_CURVE('',#8330,#2234,#8353,.T.);
#8353 = SURFACE_CURVE('',#8354,(#8358,#8365),.PCURVE_S1.);
#8354 = LINE('',#8355,#8356);
#8355 = CARTESIAN_POINT('',(7.86181635625,-13.84838867187,17.8));
#8356 = VECTOR('',#8357,1.);
#8357 = DIRECTION('',(0.,0.,1.));
#8358 = PCURVE('',#2326,#8359);
#8359 = DEFINITIONAL_REPRESENTATION('',(#8360),#8364);
#8360 = LINE('',#8361,#8362);
#8361 = CARTESIAN_POINT('',(0.,0.));
#8362 = VECTOR('',#8363,1.);
#8363 = DIRECTION('',(0.,-1.));
#8364 = ( GEOMETRIC_REPRESENTATION_CONTEXT(2) 
PARAMETRIC_REPRESENTATION_CONTEXT() REPRESENTATION_CONTEXT('2D SPACE',''
  ) );
#8365 = PCURVE('',#2271,#8366);
#8366 = DEFINITIONAL_REPRESENTATION('',(#8367),#8371);
#8367 = LINE('',#8368,#8369);
#8368 = CARTESIAN_POINT('',(1.,0.));
#8369 = VECTOR('',#8370,1.);
#8370 = DIRECTION('',(0.,-1.));
#8371 = ( GEOMETRIC_REPRESENTATION_CONTEXT(2) 
PARAMETRIC_REPRESENTATION_CONTEXT() REPRESENTATION_CONTEXT('2D SPACE',''
  ) );
#8372 = ORIENTED_EDGE('',*,*,#2296,.F.);
#8373 = ORIENTED_EDGE('',*,*,#8303,.F.);
#8374 = ADVANCED_FACE('',(#8375),#2271,.F.);
#8375 = FACE_BOUND('',#8376,.F.);
#8376 = EDGE_LOOP('',(#8377,#8400,#8421,#8422));
#8377 = ORIENTED_EDGE('',*,*,#8378,.F.);
#8378 = EDGE_CURVE('',#8379,#8330,#8381,.T.);
#8379 = VERTEX_POINT('',#8380);
#8380 = CARTESIAN_POINT('',(9.1054687,-14.25048828125,17.8));
#8381 = SURFACE_CURVE('',#8382,(#8386,#8393),.PCURVE_S1.);
#8382 = B_SPLINE_CURVE_WITH_KNOTS('',2,(#8383,#8384,#8385),
  .UNSPECIFIED.,.F.,.F.,(3,3),(0.,1.),.PIECEWISE_BEZIER_KNOTS.);
#8383 = CARTESIAN_POINT('',(9.1054687,-14.25048828125,17.8));
#8384 = CARTESIAN_POINT('',(8.2177733875,-14.03735351562,17.8));
#8385 = CARTESIAN_POINT('',(7.86181635625,-13.84838867187,17.8));
#8386 = PCURVE('',#2271,#8387);
#8387 = DEFINITIONAL_REPRESENTATION('',(#8388),#8392);
#8388 = LINE('',#8389,#8390);
#8389 = CARTESIAN_POINT('',(0.,0.));
#8390 = VECTOR('',#8391,1.);
#8391 = DIRECTION('',(1.,0.));
#8392 = ( GEOMETRIC_REPRESENTATION_CONTEXT(2) 
PARAMETRIC_REPRESENTATION_CONTEXT() REPRESENTATION_CONTEXT('2D SPACE',''
  ) );
#8393 = PCURVE('',#7144,#8394);
#8394 = DEFINITIONAL_REPRESENTATION('',(#8395),#8399);
#8395 = B_SPLINE_CURVE_WITH_KNOTS('',2,(#8396,#8397,#8398),
  .UNSPECIFIED.,.F.,.F.,(3,3),(0.,1.),.PIECEWISE_BEZIER_KNOTS.);
#8396 = CARTESIAN_POINT('',(2.80810546875,2.972900390625));
#8397 = CARTESIAN_POINT('',(1.92041015625,3.18603515625));
#8398 = CARTESIAN_POINT('',(1.564453125,3.375));
#8399 = ( GEOMETRIC_REPRESENTATION_CONTEXT(2) 
PARAMETRIC_REPRESENTATION_CONTEXT() REPRESENTATION_CONTEXT('2D SPACE',''
  ) );
#8400 = ORIENTED_EDGE('',*,*,#8401,.T.);
#8401 = EDGE_CURVE('',#8379,#2165,#8402,.T.);
#8402 = SURFACE_CURVE('',#8403,(#8407,#8414),.PCURVE_S1.);
#8403 = LINE('',#8404,#8405);
#8404 = CARTESIAN_POINT('',(9.1054687,-14.25048828125,17.8));
#8405 = VECTOR('',#8406,1.);
#8406 = DIRECTION('',(0.,0.,1.));
#8407 = PCURVE('',#2271,#8408);
#8408 = DEFINITIONAL_REPRESENTATION('',(#8409),#8413);
#8409 = LINE('',#8410,#8411);
#8410 = CARTESIAN_POINT('',(0.,0.));
#8411 = VECTOR('',#8412,1.);
#8412 = DIRECTION('',(0.,-1.));
#8413 = ( GEOMETRIC_REPRESENTATION_CONTEXT(2) 
PARAMETRIC_REPRESENTATION_CONTEXT() REPRESENTATION_CONTEXT('2D SPACE',''
  ) );
#8414 = PCURVE('',#2206,#8415);
#8415 = DEFINITIONAL_REPRESENTATION('',(#8416),#8420);
#8416 = LINE('',#8417,#8418);
#8417 = CARTESIAN_POINT('',(1.,0.));
#8418 = VECTOR('',#8419,1.);
#8419 = DIRECTION('',(0.,-1.));
#8420 = ( GEOMETRIC_REPRESENTATION_CONTEXT(2) 
PARAMETRIC_REPRESENTATION_CONTEXT() REPRESENTATION_CONTEXT('2D SPACE',''
  ) );
#8421 = ORIENTED_EDGE('',*,*,#2233,.F.);
#8422 = ORIENTED_EDGE('',*,*,#8352,.F.);
#8423 = ADVANCED_FACE('',(#8424),#2206,.F.);
#8424 = FACE_BOUND('',#8425,.F.);
#8425 = EDGE_LOOP('',(#8426,#8449,#8470,#8471));
#8426 = ORIENTED_EDGE('',*,*,#8427,.F.);
#8427 = EDGE_CURVE('',#8428,#8379,#8430,.T.);
#8428 = VERTEX_POINT('',#8429);
#8429 = CARTESIAN_POINT('',(10.25244135625,-14.56469726562,17.8));
#8430 = SURFACE_CURVE('',#8431,(#8435,#8442),.PCURVE_S1.);
#8431 = B_SPLINE_CURVE_WITH_KNOTS('',2,(#8432,#8433,#8434),
  .UNSPECIFIED.,.F.,.F.,(3,3),(0.,1.),.PIECEWISE_BEZIER_KNOTS.);
#8432 = CARTESIAN_POINT('',(10.25244135625,-14.56469726562,17.8));
#8433 = CARTESIAN_POINT('',(9.9931640125,-14.46362304687,17.8));
#8434 = CARTESIAN_POINT('',(9.1054687,-14.25048828125,17.8));
#8435 = PCURVE('',#2206,#8436);
#8436 = DEFINITIONAL_REPRESENTATION('',(#8437),#8441);
#8437 = LINE('',#8438,#8439);
#8438 = CARTESIAN_POINT('',(0.,0.));
#8439 = VECTOR('',#8440,1.);
#8440 = DIRECTION('',(1.,0.));
#8441 = ( GEOMETRIC_REPRESENTATION_CONTEXT(2) 
PARAMETRIC_REPRESENTATION_CONTEXT() REPRESENTATION_CONTEXT('2D SPACE',''
  ) );
#8442 = PCURVE('',#7144,#8443);
#8443 = DEFINITIONAL_REPRESENTATION('',(#8444),#8448);
#8444 = B_SPLINE_CURVE_WITH_KNOTS('',2,(#8445,#8446,#8447),
  .UNSPECIFIED.,.F.,.F.,(3,3),(0.,1.),.PIECEWISE_BEZIER_KNOTS.);
#8445 = CARTESIAN_POINT('',(3.955078125,2.65869140625));
#8446 = CARTESIAN_POINT('',(3.69580078125,2.759765625));
#8447 = CARTESIAN_POINT('',(2.80810546875,2.972900390625));
#8448 = ( GEOMETRIC_REPRESENTATION_CONTEXT(2) 
PARAMETRIC_REPRESENTATION_CONTEXT() REPRESENTATION_CONTEXT('2D SPACE',''
  ) );
#8449 = ORIENTED_EDGE('',*,*,#8450,.T.);
#8450 = EDGE_CURVE('',#8428,#2114,#8451,.T.);
#8451 = SURFACE_CURVE('',#8452,(#8456,#8463),.PCURVE_S1.);
#8452 = LINE('',#8453,#8454);
#8453 = CARTESIAN_POINT('',(10.25244135625,-14.56469726562,17.8));
#8454 = VECTOR('',#8455,1.);
#8455 = DIRECTION('',(0.,0.,1.));
#8456 = PCURVE('',#2206,#8457);
#8457 = DEFINITIONAL_REPRESENTATION('',(#8458),#8462);
#8458 = LINE('',#8459,#8460);
#8459 = CARTESIAN_POINT('',(0.,0.));
#8460 = VECTOR('',#8461,1.);
#8461 = DIRECTION('',(0.,-1.));
#8462 = ( GEOMETRIC_REPRESENTATION_CONTEXT(2) 
PARAMETRIC_REPRESENTATION_CONTEXT() REPRESENTATION_CONTEXT('2D SPACE',''
  ) );
#8463 = PCURVE('',#2143,#8464);
#8464 = DEFINITIONAL_REPRESENTATION('',(#8465),#8469);
#8465 = LINE('',#8466,#8467);
#8466 = CARTESIAN_POINT('',(1.,0.));
#8467 = VECTOR('',#8468,1.);
#8468 = DIRECTION('',(0.,-1.));
#8469 = ( GEOMETRIC_REPRESENTATION_CONTEXT(2) 
PARAMETRIC_REPRESENTATION_CONTEXT() REPRESENTATION_CONTEXT('2D SPACE',''
  ) );
#8470 = ORIENTED_EDGE('',*,*,#2164,.F.);
#8471 = ORIENTED_EDGE('',*,*,#8401,.F.);
#8472 = ADVANCED_FACE('',(#8473),#2143,.F.);
#8473 = FACE_BOUND('',#8474,.F.);
#8474 = EDGE_LOOP('',(#8475,#8498,#8519,#8520));
#8475 = ORIENTED_EDGE('',*,*,#8476,.F.);
#8476 = EDGE_CURVE('',#8477,#8428,#8479,.T.);
#8477 = VERTEX_POINT('',#8478);
#8478 = CARTESIAN_POINT('',(10.83251948125,-14.94482421875,17.8));
#8479 = SURFACE_CURVE('',#8480,(#8484,#8491),.PCURVE_S1.);
#8480 = B_SPLINE_CURVE_WITH_KNOTS('',2,(#8481,#8482,#8483),
  .UNSPECIFIED.,.F.,.F.,(3,3),(0.,1.),.PIECEWISE_BEZIER_KNOTS.);
#8481 = CARTESIAN_POINT('',(10.83251948125,-14.94482421875,17.8));
#8482 = CARTESIAN_POINT('',(10.65673823125,-14.71850585937,17.8));
#8483 = CARTESIAN_POINT('',(10.25244135625,-14.56469726562,17.8));
#8484 = PCURVE('',#2143,#8485);
#8485 = DEFINITIONAL_REPRESENTATION('',(#8486),#8490);
#8486 = LINE('',#8487,#8488);
#8487 = CARTESIAN_POINT('',(0.,0.));
#8488 = VECTOR('',#8489,1.);
#8489 = DIRECTION('',(1.,0.));
#8490 = ( GEOMETRIC_REPRESENTATION_CONTEXT(2) 
PARAMETRIC_REPRESENTATION_CONTEXT() REPRESENTATION_CONTEXT('2D SPACE',''
  ) );
#8491 = PCURVE('',#7144,#8492);
#8492 = DEFINITIONAL_REPRESENTATION('',(#8493),#8497);
#8493 = B_SPLINE_CURVE_WITH_KNOTS('',2,(#8494,#8495,#8496),
  .UNSPECIFIED.,.F.,.F.,(3,3),(0.,1.),.PIECEWISE_BEZIER_KNOTS.);
#8494 = CARTESIAN_POINT('',(4.53515625,2.278564453125));
#8495 = CARTESIAN_POINT('',(4.359375,2.5048828125));
#8496 = CARTESIAN_POINT('',(3.955078125,2.65869140625));
#8497 = ( GEOMETRIC_REPRESENTATION_CONTEXT(2) 
PARAMETRIC_REPRESENTATION_CONTEXT() REPRESENTATION_CONTEXT('2D SPACE',''
  ) );
#8498 = ORIENTED_EDGE('',*,*,#8499,.T.);
#8499 = EDGE_CURVE('',#8477,#2063,#8500,.T.);
#8500 = SURFACE_CURVE('',#8501,(#8505,#8512),.PCURVE_S1.);
#8501 = LINE('',#8502,#8503);
#8502 = CARTESIAN_POINT('',(10.83251948125,-14.94482421875,17.8));
#8503 = VECTOR('',#8504,1.);
#8504 = DIRECTION('',(0.,0.,1.));
#8505 = PCURVE('',#2143,#8506);
#8506 = DEFINITIONAL_REPRESENTATION('',(#8507),#8511);
#8507 = LINE('',#8508,#8509);
#8508 = CARTESIAN_POINT('',(0.,0.));
#8509 = VECTOR('',#8510,1.);
#8510 = DIRECTION('',(0.,-1.));
#8511 = ( GEOMETRIC_REPRESENTATION_CONTEXT(2) 
PARAMETRIC_REPRESENTATION_CONTEXT() REPRESENTATION_CONTEXT('2D SPACE',''
  ) );
#8512 = PCURVE('',#2092,#8513);
#8513 = DEFINITIONAL_REPRESENTATION('',(#8514),#8518);
#8514 = LINE('',#8515,#8516);
#8515 = CARTESIAN_POINT('',(1.,0.));
#8516 = VECTOR('',#8517,1.);
#8517 = DIRECTION('',(0.,-1.));
#8518 = ( GEOMETRIC_REPRESENTATION_CONTEXT(2) 
PARAMETRIC_REPRESENTATION_CONTEXT() REPRESENTATION_CONTEXT('2D SPACE',''
  ) );
#8519 = ORIENTED_EDGE('',*,*,#2113,.F.);
#8520 = ORIENTED_EDGE('',*,*,#8450,.F.);
#8521 = ADVANCED_FACE('',(#8522),#2092,.F.);
#8522 = FACE_BOUND('',#8523,.F.);
#8523 = EDGE_LOOP('',(#8524,#8547,#8568,#8569));
#8524 = ORIENTED_EDGE('',*,*,#8525,.F.);
#8525 = EDGE_CURVE('',#8526,#8477,#8528,.T.);
#8526 = VERTEX_POINT('',#8527);
#8527 = CARTESIAN_POINT('',(11.00830073125,-15.47436523437,17.8));
#8528 = SURFACE_CURVE('',#8529,(#8533,#8540),.PCURVE_S1.);
#8529 = B_SPLINE_CURVE_WITH_KNOTS('',2,(#8530,#8531,#8532),
  .UNSPECIFIED.,.F.,.F.,(3,3),(0.,1.),.PIECEWISE_BEZIER_KNOTS.);
#8530 = CARTESIAN_POINT('',(11.00830073125,-15.47436523437,17.8));
#8531 = CARTESIAN_POINT('',(11.00830073125,-15.17114257812,17.8));
#8532 = CARTESIAN_POINT('',(10.83251948125,-14.94482421875,17.8));
#8533 = PCURVE('',#2092,#8534);
#8534 = DEFINITIONAL_REPRESENTATION('',(#8535),#8539);
#8535 = LINE('',#8536,#8537);
#8536 = CARTESIAN_POINT('',(0.,0.));
#8537 = VECTOR('',#8538,1.);
#8538 = DIRECTION('',(1.,0.));
#8539 = ( GEOMETRIC_REPRESENTATION_CONTEXT(2) 
PARAMETRIC_REPRESENTATION_CONTEXT() REPRESENTATION_CONTEXT('2D SPACE',''
  ) );
#8540 = PCURVE('',#7144,#8541);
#8541 = DEFINITIONAL_REPRESENTATION('',(#8542),#8546);
#8542 = B_SPLINE_CURVE_WITH_KNOTS('',2,(#8543,#8544,#8545),
  .UNSPECIFIED.,.F.,.F.,(3,3),(0.,1.),.PIECEWISE_BEZIER_KNOTS.);
#8543 = CARTESIAN_POINT('',(4.7109375,1.7490234375));
#8544 = CARTESIAN_POINT('',(4.7109375,2.05224609375));
#8545 = CARTESIAN_POINT('',(4.53515625,2.278564453125));
#8546 = ( GEOMETRIC_REPRESENTATION_CONTEXT(2) 
PARAMETRIC_REPRESENTATION_CONTEXT() REPRESENTATION_CONTEXT('2D SPACE',''
  ) );
#8547 = ORIENTED_EDGE('',*,*,#8548,.T.);
#8548 = EDGE_CURVE('',#8526,#2012,#8549,.T.);
#8549 = SURFACE_CURVE('',#8550,(#8554,#8561),.PCURVE_S1.);
#8550 = LINE('',#8551,#8552);
#8551 = CARTESIAN_POINT('',(11.00830073125,-15.47436523437,17.8));
#8552 = VECTOR('',#8553,1.);
#8553 = DIRECTION('',(0.,0.,1.));
#8554 = PCURVE('',#2092,#8555);
#8555 = DEFINITIONAL_REPRESENTATION('',(#8556),#8560);
#8556 = LINE('',#8557,#8558);
#8557 = CARTESIAN_POINT('',(0.,0.));
#8558 = VECTOR('',#8559,1.);
#8559 = DIRECTION('',(0.,-1.));
#8560 = ( GEOMETRIC_REPRESENTATION_CONTEXT(2) 
PARAMETRIC_REPRESENTATION_CONTEXT() REPRESENTATION_CONTEXT('2D SPACE',''
  ) );
#8561 = PCURVE('',#2041,#8562);
#8562 = DEFINITIONAL_REPRESENTATION('',(#8563),#8567);
#8563 = LINE('',#8564,#8565);
#8564 = CARTESIAN_POINT('',(1.,0.));
#8565 = VECTOR('',#8566,1.);
#8566 = DIRECTION('',(0.,-1.));
#8567 = ( GEOMETRIC_REPRESENTATION_CONTEXT(2) 
PARAMETRIC_REPRESENTATION_CONTEXT() REPRESENTATION_CONTEXT('2D SPACE',''
  ) );
#8568 = ORIENTED_EDGE('',*,*,#2062,.F.);
#8569 = ORIENTED_EDGE('',*,*,#8499,.F.);
#8570 = ADVANCED_FACE('',(#8571),#2041,.F.);
#8571 = FACE_BOUND('',#8572,.F.);
#8572 = EDGE_LOOP('',(#8573,#8596,#8617,#8618));
#8573 = ORIENTED_EDGE('',*,*,#8574,.F.);
#8574 = EDGE_CURVE('',#8575,#8526,#8577,.T.);
#8575 = VERTEX_POINT('',#8576);
#8576 = CARTESIAN_POINT('',(10.825927684375,-16.02587890625,17.8));
#8577 = SURFACE_CURVE('',#8578,(#8582,#8589),.PCURVE_S1.);
#8578 = B_SPLINE_CURVE_WITH_KNOTS('',2,(#8579,#8580,#8581),
  .UNSPECIFIED.,.F.,.F.,(3,3),(0.,1.),.PIECEWISE_BEZIER_KNOTS.);
#8579 = CARTESIAN_POINT('',(10.825927684375,-16.02587890625,17.8));
#8580 = CARTESIAN_POINT('',(11.00830073125,-15.77319335937,17.8));
#8581 = CARTESIAN_POINT('',(11.00830073125,-15.47436523437,17.8));
#8582 = PCURVE('',#2041,#8583);
#8583 = DEFINITIONAL_REPRESENTATION('',(#8584),#8588);
#8584 = LINE('',#8585,#8586);
#8585 = CARTESIAN_POINT('',(0.,0.));
#8586 = VECTOR('',#8587,1.);
#8587 = DIRECTION('',(1.,0.));
#8588 = ( GEOMETRIC_REPRESENTATION_CONTEXT(2) 
PARAMETRIC_REPRESENTATION_CONTEXT() REPRESENTATION_CONTEXT('2D SPACE',''
  ) );
#8589 = PCURVE('',#7144,#8590);
#8590 = DEFINITIONAL_REPRESENTATION('',(#8591),#8595);
#8591 = B_SPLINE_CURVE_WITH_KNOTS('',2,(#8592,#8593,#8594),
  .UNSPECIFIED.,.F.,.F.,(3,3),(0.,1.),.PIECEWISE_BEZIER_KNOTS.);
#8592 = CARTESIAN_POINT('',(4.528564453125,1.197509765625));
#8593 = CARTESIAN_POINT('',(4.7109375,1.4501953125));
#8594 = CARTESIAN_POINT('',(4.7109375,1.7490234375));
#8595 = ( GEOMETRIC_REPRESENTATION_CONTEXT(2) 
PARAMETRIC_REPRESENTATION_CONTEXT() REPRESENTATION_CONTEXT('2D SPACE',''
  ) );
#8596 = ORIENTED_EDGE('',*,*,#8597,.T.);
#8597 = EDGE_CURVE('',#8575,#1961,#8598,.T.);
#8598 = SURFACE_CURVE('',#8599,(#8603,#8610),.PCURVE_S1.);
#8599 = LINE('',#8600,#8601);
#8600 = CARTESIAN_POINT('',(10.825927684375,-16.02587890625,17.8));
#8601 = VECTOR('',#8602,1.);
#8602 = DIRECTION('',(0.,0.,1.));
#8603 = PCURVE('',#2041,#8604);
#8604 = DEFINITIONAL_REPRESENTATION('',(#8605),#8609);
#8605 = LINE('',#8606,#8607);
#8606 = CARTESIAN_POINT('',(0.,0.));
#8607 = VECTOR('',#8608,1.);
#8608 = DIRECTION('',(0.,-1.));
#8609 = ( GEOMETRIC_REPRESENTATION_CONTEXT(2) 
PARAMETRIC_REPRESENTATION_CONTEXT() REPRESENTATION_CONTEXT('2D SPACE',''
  ) );
#8610 = PCURVE('',#1990,#8611);
#8611 = DEFINITIONAL_REPRESENTATION('',(#8612),#8616);
#8612 = LINE('',#8613,#8614);
#8613 = CARTESIAN_POINT('',(1.,0.));
#8614 = VECTOR('',#8615,1.);
#8615 = DIRECTION('',(0.,-1.));
#8616 = ( GEOMETRIC_REPRESENTATION_CONTEXT(2) 
PARAMETRIC_REPRESENTATION_CONTEXT() REPRESENTATION_CONTEXT('2D SPACE',''
  ) );
#8617 = ORIENTED_EDGE('',*,*,#2011,.F.);
#8618 = ORIENTED_EDGE('',*,*,#8548,.F.);
#8619 = ADVANCED_FACE('',(#8620),#1990,.F.);
#8620 = FACE_BOUND('',#8621,.F.);
#8621 = EDGE_LOOP('',(#8622,#8645,#8666,#8667));
#8622 = ORIENTED_EDGE('',*,*,#8623,.F.);
#8623 = EDGE_CURVE('',#8624,#8575,#8626,.T.);
#8624 = VERTEX_POINT('',#8625);
#8625 = CARTESIAN_POINT('',(10.27001948125,-16.42358398437,17.8));
#8626 = SURFACE_CURVE('',#8627,(#8631,#8638),.PCURVE_S1.);
#8627 = B_SPLINE_CURVE_WITH_KNOTS('',2,(#8628,#8629,#8630),
  .UNSPECIFIED.,.F.,.F.,(3,3),(0.,1.),.PIECEWISE_BEZIER_KNOTS.);
#8628 = CARTESIAN_POINT('',(10.27001948125,-16.42358398437,17.8));
#8629 = CARTESIAN_POINT('',(10.6435546375,-16.27856445312,17.8));
#8630 = CARTESIAN_POINT('',(10.825927684375,-16.02587890625,17.8));
#8631 = PCURVE('',#1990,#8632);
#8632 = DEFINITIONAL_REPRESENTATION('',(#8633),#8637);
#8633 = LINE('',#8634,#8635);
#8634 = CARTESIAN_POINT('',(0.,0.));
#8635 = VECTOR('',#8636,1.);
#8636 = DIRECTION('',(1.,0.));
#8637 = ( GEOMETRIC_REPRESENTATION_CONTEXT(2) 
PARAMETRIC_REPRESENTATION_CONTEXT() REPRESENTATION_CONTEXT('2D SPACE',''
  ) );
#8638 = PCURVE('',#7144,#8639);
#8639 = DEFINITIONAL_REPRESENTATION('',(#8640),#8644);
#8640 = B_SPLINE_CURVE_WITH_KNOTS('',2,(#8641,#8642,#8643),
  .UNSPECIFIED.,.F.,.F.,(3,3),(0.,1.),.PIECEWISE_BEZIER_KNOTS.);
#8641 = CARTESIAN_POINT('',(3.97265625,0.7998046875));
#8642 = CARTESIAN_POINT('',(4.34619140625,0.94482421875));
#8643 = CARTESIAN_POINT('',(4.528564453125,1.197509765625));
#8644 = ( GEOMETRIC_REPRESENTATION_CONTEXT(2) 
PARAMETRIC_REPRESENTATION_CONTEXT() REPRESENTATION_CONTEXT('2D SPACE',''
  ) );
#8645 = ORIENTED_EDGE('',*,*,#8646,.T.);
#8646 = EDGE_CURVE('',#8624,#1919,#8647,.T.);
#8647 = SURFACE_CURVE('',#8648,(#8652,#8659),.PCURVE_S1.);
#8648 = LINE('',#8649,#8650);
#8649 = CARTESIAN_POINT('',(10.27001948125,-16.42358398437,17.8));
#8650 = VECTOR('',#8651,1.);
#8651 = DIRECTION('',(0.,0.,1.));
#8652 = PCURVE('',#1990,#8653);
#8653 = DEFINITIONAL_REPRESENTATION('',(#8654),#8658);
#8654 = LINE('',#8655,#8656);
#8655 = CARTESIAN_POINT('',(0.,0.));
#8656 = VECTOR('',#8657,1.);
#8657 = DIRECTION('',(0.,-1.));
#8658 = ( GEOMETRIC_REPRESENTATION_CONTEXT(2) 
PARAMETRIC_REPRESENTATION_CONTEXT() REPRESENTATION_CONTEXT('2D SPACE',''
  ) );
#8659 = PCURVE('',#1942,#8660);
#8660 = DEFINITIONAL_REPRESENTATION('',(#8661),#8665);
#8661 = LINE('',#8662,#8663);
#8662 = CARTESIAN_POINT('',(1.,0.));
#8663 = VECTOR('',#8664,1.);
#8664 = DIRECTION('',(0.,-1.));
#8665 = ( GEOMETRIC_REPRESENTATION_CONTEXT(2) 
PARAMETRIC_REPRESENTATION_CONTEXT() REPRESENTATION_CONTEXT('2D SPACE',''
  ) );
#8666 = ORIENTED_EDGE('',*,*,#1960,.F.);
#8667 = ORIENTED_EDGE('',*,*,#8597,.F.);
#8668 = ADVANCED_FACE('',(#8669),#1942,.F.);
#8669 = FACE_BOUND('',#8670,.F.);
#8670 = EDGE_LOOP('',(#8671,#8694,#8715,#8716));
#8671 = ORIENTED_EDGE('',*,*,#8672,.F.);
#8672 = EDGE_CURVE('',#8673,#8624,#8675,.T.);
#8673 = VERTEX_POINT('',#8674);
#8674 = CARTESIAN_POINT('',(9.40869135625,-16.56860351562,17.8));
#8675 = SURFACE_CURVE('',#8676,(#8680,#8687),.PCURVE_S1.);
#8676 = B_SPLINE_CURVE_WITH_KNOTS('',2,(#8677,#8678,#8679),
  .UNSPECIFIED.,.F.,.F.,(3,3),(0.,1.),.PIECEWISE_BEZIER_KNOTS.);
#8677 = CARTESIAN_POINT('',(9.40869135625,-16.56860351562,17.8));
#8678 = CARTESIAN_POINT('',(9.896484325,-16.56860351562,17.8));
#8679 = CARTESIAN_POINT('',(10.27001948125,-16.42358398437,17.8));
#8680 = PCURVE('',#1942,#8681);
#8681 = DEFINITIONAL_REPRESENTATION('',(#8682),#8686);
#8682 = LINE('',#8683,#8684);
#8683 = CARTESIAN_POINT('',(0.,0.));
#8684 = VECTOR('',#8685,1.);
#8685 = DIRECTION('',(1.,0.));
#8686 = ( GEOMETRIC_REPRESENTATION_CONTEXT(2) 
PARAMETRIC_REPRESENTATION_CONTEXT() REPRESENTATION_CONTEXT('2D SPACE',''
  ) );
#8687 = PCURVE('',#7144,#8688);
#8688 = DEFINITIONAL_REPRESENTATION('',(#8689),#8693);
#8689 = B_SPLINE_CURVE_WITH_KNOTS('',2,(#8690,#8691,#8692),
  .UNSPECIFIED.,.F.,.F.,(3,3),(0.,1.),.PIECEWISE_BEZIER_KNOTS.);
#8690 = CARTESIAN_POINT('',(3.111328125,0.65478515625));
#8691 = CARTESIAN_POINT('',(3.59912109375,0.65478515625));
#8692 = CARTESIAN_POINT('',(3.97265625,0.7998046875));
#8693 = ( GEOMETRIC_REPRESENTATION_CONTEXT(2) 
PARAMETRIC_REPRESENTATION_CONTEXT() REPRESENTATION_CONTEXT('2D SPACE',''
  ) );
#8694 = ORIENTED_EDGE('',*,*,#8695,.T.);
#8695 = EDGE_CURVE('',#8673,#1868,#8696,.T.);
#8696 = SURFACE_CURVE('',#8697,(#8701,#8708),.PCURVE_S1.);
#8697 = LINE('',#8698,#8699);
#8698 = CARTESIAN_POINT('',(9.40869135625,-16.56860351562,17.8));
#8699 = VECTOR('',#8700,1.);
#8700 = DIRECTION('',(0.,0.,1.));
#8701 = PCURVE('',#1942,#8702);
#8702 = DEFINITIONAL_REPRESENTATION('',(#8703),#8707);
#8703 = LINE('',#8704,#8705);
#8704 = CARTESIAN_POINT('',(0.,0.));
#8705 = VECTOR('',#8706,1.);
#8706 = DIRECTION('',(0.,-1.));
#8707 = ( GEOMETRIC_REPRESENTATION_CONTEXT(2) 
PARAMETRIC_REPRESENTATION_CONTEXT() REPRESENTATION_CONTEXT('2D SPACE',''
  ) );
#8708 = PCURVE('',#1897,#8709);
#8709 = DEFINITIONAL_REPRESENTATION('',(#8710),#8714);
#8710 = LINE('',#8711,#8712);
#8711 = CARTESIAN_POINT('',(1.,0.));
#8712 = VECTOR('',#8713,1.);
#8713 = DIRECTION('',(0.,-1.));
#8714 = ( GEOMETRIC_REPRESENTATION_CONTEXT(2) 
PARAMETRIC_REPRESENTATION_CONTEXT() REPRESENTATION_CONTEXT('2D SPACE',''
  ) );
#8715 = ORIENTED_EDGE('',*,*,#1918,.F.);
#8716 = ORIENTED_EDGE('',*,*,#8646,.F.);
#8717 = ADVANCED_FACE('',(#8718),#1897,.F.);
#8718 = FACE_BOUND('',#8719,.F.);
#8719 = EDGE_LOOP('',(#8720,#8743,#8764,#8765));
#8720 = ORIENTED_EDGE('',*,*,#8721,.F.);
#8721 = EDGE_CURVE('',#8722,#8673,#8724,.T.);
#8722 = VERTEX_POINT('',#8723);
#8723 = CARTESIAN_POINT('',(8.419921825,-16.37744140625,17.8));
#8724 = SURFACE_CURVE('',#8725,(#8729,#8736),.PCURVE_S1.);
#8725 = B_SPLINE_CURVE_WITH_KNOTS('',2,(#8726,#8727,#8728),
  .UNSPECIFIED.,.F.,.F.,(3,3),(0.,1.),.PIECEWISE_BEZIER_KNOTS.);
#8726 = CARTESIAN_POINT('',(8.419921825,-16.37744140625,17.8));
#8727 = CARTESIAN_POINT('',(8.85937495,-16.56860351562,17.8));
#8728 = CARTESIAN_POINT('',(9.40869135625,-16.56860351562,17.8));
#8729 = PCURVE('',#1897,#8730);
#8730 = DEFINITIONAL_REPRESENTATION('',(#8731),#8735);
#8731 = LINE('',#8732,#8733);
#8732 = CARTESIAN_POINT('',(0.,0.));
#8733 = VECTOR('',#8734,1.);
#8734 = DIRECTION('',(1.,0.));
#8735 = ( GEOMETRIC_REPRESENTATION_CONTEXT(2) 
PARAMETRIC_REPRESENTATION_CONTEXT() REPRESENTATION_CONTEXT('2D SPACE',''
  ) );
#8736 = PCURVE('',#7144,#8737);
#8737 = DEFINITIONAL_REPRESENTATION('',(#8738),#8742);
#8738 = B_SPLINE_CURVE_WITH_KNOTS('',2,(#8739,#8740,#8741),
  .UNSPECIFIED.,.F.,.F.,(3,3),(0.,1.),.PIECEWISE_BEZIER_KNOTS.);
#8739 = CARTESIAN_POINT('',(2.12255859375,0.845947265625));
#8740 = CARTESIAN_POINT('',(2.56201171875,0.65478515625));
#8741 = CARTESIAN_POINT('',(3.111328125,0.65478515625));
#8742 = ( GEOMETRIC_REPRESENTATION_CONTEXT(2) 
PARAMETRIC_REPRESENTATION_CONTEXT() REPRESENTATION_CONTEXT('2D SPACE',''
  ) );
#8743 = ORIENTED_EDGE('',*,*,#8744,.T.);
#8744 = EDGE_CURVE('',#8722,#1817,#8745,.T.);
#8745 = SURFACE_CURVE('',#8746,(#8750,#8757),.PCURVE_S1.);
#8746 = LINE('',#8747,#8748);
#8747 = CARTESIAN_POINT('',(8.419921825,-16.37744140625,17.8));
#8748 = VECTOR('',#8749,1.);
#8749 = DIRECTION('',(0.,0.,1.));
#8750 = PCURVE('',#1897,#8751);
#8751 = DEFINITIONAL_REPRESENTATION('',(#8752),#8756);
#8752 = LINE('',#8753,#8754);
#8753 = CARTESIAN_POINT('',(0.,0.));
#8754 = VECTOR('',#8755,1.);
#8755 = DIRECTION('',(0.,-1.));
#8756 = ( GEOMETRIC_REPRESENTATION_CONTEXT(2) 
PARAMETRIC_REPRESENTATION_CONTEXT() REPRESENTATION_CONTEXT('2D SPACE',''
  ) );
#8757 = PCURVE('',#1846,#8758);
#8758 = DEFINITIONAL_REPRESENTATION('',(#8759),#8763);
#8759 = LINE('',#8760,#8761);
#8760 = CARTESIAN_POINT('',(1.,0.));
#8761 = VECTOR('',#8762,1.);
#8762 = DIRECTION('',(0.,-1.));
#8763 = ( GEOMETRIC_REPRESENTATION_CONTEXT(2) 
PARAMETRIC_REPRESENTATION_CONTEXT() REPRESENTATION_CONTEXT('2D SPACE',''
  ) );
#8764 = ORIENTED_EDGE('',*,*,#1867,.F.);
#8765 = ORIENTED_EDGE('',*,*,#8695,.F.);
#8766 = ADVANCED_FACE('',(#8767),#1846,.F.);
#8767 = FACE_BOUND('',#8768,.F.);
#8768 = EDGE_LOOP('',(#8769,#8792,#8813,#8814));
#8769 = ORIENTED_EDGE('',*,*,#8770,.F.);
#8770 = EDGE_CURVE('',#8771,#8722,#8773,.T.);
#8771 = VERTEX_POINT('',#8772);
#8772 = CARTESIAN_POINT('',(7.771728465625,-15.87646484375,17.8));
#8773 = SURFACE_CURVE('',#8774,(#8778,#8785),.PCURVE_S1.);
#8774 = B_SPLINE_CURVE_WITH_KNOTS('',2,(#8775,#8776,#8777),
  .UNSPECIFIED.,.F.,.F.,(3,3),(0.,1.),.PIECEWISE_BEZIER_KNOTS.);
#8775 = CARTESIAN_POINT('',(7.771728465625,-15.87646484375,17.8));
#8776 = CARTESIAN_POINT('',(7.9804687,-16.18627929687,17.8));
#8777 = CARTESIAN_POINT('',(8.419921825,-16.37744140625,17.8));
#8778 = PCURVE('',#1846,#8779);
#8779 = DEFINITIONAL_REPRESENTATION('',(#8780),#8784);
#8780 = LINE('',#8781,#8782);
#8781 = CARTESIAN_POINT('',(0.,0.));
#8782 = VECTOR('',#8783,1.);
#8783 = DIRECTION('',(1.,0.));
#8784 = ( GEOMETRIC_REPRESENTATION_CONTEXT(2) 
PARAMETRIC_REPRESENTATION_CONTEXT() REPRESENTATION_CONTEXT('2D SPACE',''
  ) );
#8785 = PCURVE('',#7144,#8786);
#8786 = DEFINITIONAL_REPRESENTATION('',(#8787),#8791);
#8787 = B_SPLINE_CURVE_WITH_KNOTS('',2,(#8788,#8789,#8790),
  .UNSPECIFIED.,.F.,.F.,(3,3),(0.,1.),.PIECEWISE_BEZIER_KNOTS.);
#8788 = CARTESIAN_POINT('',(1.474365234375,1.346923828125));
#8789 = CARTESIAN_POINT('',(1.68310546875,1.037109375));
#8790 = CARTESIAN_POINT('',(2.12255859375,0.845947265625));
#8791 = ( GEOMETRIC_REPRESENTATION_CONTEXT(2) 
PARAMETRIC_REPRESENTATION_CONTEXT() REPRESENTATION_CONTEXT('2D SPACE',''
  ) );
#8792 = ORIENTED_EDGE('',*,*,#8793,.T.);
#8793 = EDGE_CURVE('',#8771,#1766,#8794,.T.);
#8794 = SURFACE_CURVE('',#8795,(#8799,#8806),.PCURVE_S1.);
#8795 = LINE('',#8796,#8797);
#8796 = CARTESIAN_POINT('',(7.771728465625,-15.87646484375,17.8));
#8797 = VECTOR('',#8798,1.);
#8798 = DIRECTION('',(0.,0.,1.));
#8799 = PCURVE('',#1846,#8800);
#8800 = DEFINITIONAL_REPRESENTATION('',(#8801),#8805);
#8801 = LINE('',#8802,#8803);
#8802 = CARTESIAN_POINT('',(0.,0.));
#8803 = VECTOR('',#8804,1.);
#8804 = DIRECTION('',(0.,-1.));
#8805 = ( GEOMETRIC_REPRESENTATION_CONTEXT(2) 
PARAMETRIC_REPRESENTATION_CONTEXT() REPRESENTATION_CONTEXT('2D SPACE',''
  ) );
#8806 = PCURVE('',#1795,#8807);
#8807 = DEFINITIONAL_REPRESENTATION('',(#8808),#8812);
#8808 = LINE('',#8809,#8810);
#8809 = CARTESIAN_POINT('',(1.,0.));
#8810 = VECTOR('',#8811,1.);
#8811 = DIRECTION('',(0.,-1.));
#8812 = ( GEOMETRIC_REPRESENTATION_CONTEXT(2) 
PARAMETRIC_REPRESENTATION_CONTEXT() REPRESENTATION_CONTEXT('2D SPACE',''
  ) );
#8813 = ORIENTED_EDGE('',*,*,#1816,.F.);
#8814 = ORIENTED_EDGE('',*,*,#8744,.F.);
#8815 = ADVANCED_FACE('',(#8816),#1795,.F.);
#8816 = FACE_BOUND('',#8817,.F.);
#8817 = EDGE_LOOP('',(#8818,#8839,#8840,#8841));
#8818 = ORIENTED_EDGE('',*,*,#8819,.F.);
#8819 = EDGE_CURVE('',#7129,#8771,#8820,.T.);
#8820 = SURFACE_CURVE('',#8821,(#8825,#8832),.PCURVE_S1.);
#8821 = B_SPLINE_CURVE_WITH_KNOTS('',2,(#8822,#8823,#8824),
  .UNSPECIFIED.,.F.,.F.,(3,3),(0.,1.),.PIECEWISE_BEZIER_KNOTS.);
#8822 = CARTESIAN_POINT('',(7.505859325,-15.08325195312,17.8));
#8823 = CARTESIAN_POINT('',(7.56298823125,-15.56665039062,17.8));
#8824 = CARTESIAN_POINT('',(7.771728465625,-15.87646484375,17.8));
#8825 = PCURVE('',#1795,#8826);
#8826 = DEFINITIONAL_REPRESENTATION('',(#8827),#8831);
#8827 = LINE('',#8828,#8829);
#8828 = CARTESIAN_POINT('',(0.,0.));
#8829 = VECTOR('',#8830,1.);
#8830 = DIRECTION('',(1.,0.));
#8831 = ( GEOMETRIC_REPRESENTATION_CONTEXT(2) 
PARAMETRIC_REPRESENTATION_CONTEXT() REPRESENTATION_CONTEXT('2D SPACE',''
  ) );
#8832 = PCURVE('',#7144,#8833);
#8833 = DEFINITIONAL_REPRESENTATION('',(#8834),#8838);
#8834 = B_SPLINE_CURVE_WITH_KNOTS('',2,(#8835,#8836,#8837),
  .UNSPECIFIED.,.F.,.F.,(3,3),(0.,1.),.PIECEWISE_BEZIER_KNOTS.);
#8835 = CARTESIAN_POINT('',(1.20849609375,2.14013671875));
#8836 = CARTESIAN_POINT('',(1.265625,1.65673828125));
#8837 = CARTESIAN_POINT('',(1.474365234375,1.346923828125));
#8838 = ( GEOMETRIC_REPRESENTATION_CONTEXT(2) 
PARAMETRIC_REPRESENTATION_CONTEXT() REPRESENTATION_CONTEXT('2D SPACE',''
  ) );
#8839 = ORIENTED_EDGE('',*,*,#7178,.T.);
#8840 = ORIENTED_EDGE('',*,*,#1765,.F.);
#8841 = ORIENTED_EDGE('',*,*,#8793,.F.);
#8842 = ADVANCED_FACE('',(#8843),#3584,.F.);
#8843 = FACE_BOUND('',#8844,.F.);
#8844 = EDGE_LOOP('',(#8845,#8875,#8896,#8897));
#8845 = ORIENTED_EDGE('',*,*,#8846,.F.);
#8846 = EDGE_CURVE('',#8847,#8849,#8851,.T.);
#8847 = VERTEX_POINT('',#8848);
#8848 = CARTESIAN_POINT('',(-9.309814453125,10.77880859375,17.8));
#8849 = VERTEX_POINT('',#8850);
#8850 = CARTESIAN_POINT('',(-10.16235351562,10.77880859375,17.8));
#8851 = SURFACE_CURVE('',#8852,(#8856,#8863),.PCURVE_S1.);
#8852 = LINE('',#8853,#8854);
#8853 = CARTESIAN_POINT('',(-9.309814453125,10.77880859375,17.8));
#8854 = VECTOR('',#8855,1.);
#8855 = DIRECTION('',(-1.,0.,0.));
#8856 = PCURVE('',#3584,#8857);
#8857 = DEFINITIONAL_REPRESENTATION('',(#8858),#8862);
#8858 = LINE('',#8859,#8860);
#8859 = CARTESIAN_POINT('',(0.,-0.));
#8860 = VECTOR('',#8861,1.);
#8861 = DIRECTION('',(1.,0.));
#8862 = ( GEOMETRIC_REPRESENTATION_CONTEXT(2) 
PARAMETRIC_REPRESENTATION_CONTEXT() REPRESENTATION_CONTEXT('2D SPACE',''
  ) );
#8863 = PCURVE('',#8864,#8869);
#8864 = PLANE('',#8865);
#8865 = AXIS2_PLACEMENT_3D('',#8866,#8867,#8868);
#8866 = CARTESIAN_POINT('',(-10.85668945312,10.77880859375,17.8));
#8867 = DIRECTION('',(0.,0.,1.));
#8868 = DIRECTION('',(1.,0.,0.));
#8869 = DEFINITIONAL_REPRESENTATION('',(#8870),#8874);
#8870 = LINE('',#8871,#8872);
#8871 = CARTESIAN_POINT('',(1.546875,0.));
#8872 = VECTOR('',#8873,1.);
#8873 = DIRECTION('',(-1.,0.));
#8874 = ( GEOMETRIC_REPRESENTATION_CONTEXT(2) 
PARAMETRIC_REPRESENTATION_CONTEXT() REPRESENTATION_CONTEXT('2D SPACE',''
  ) );
#8875 = ORIENTED_EDGE('',*,*,#8876,.T.);
#8876 = EDGE_CURVE('',#8847,#3570,#8877,.T.);
#8877 = SURFACE_CURVE('',#8878,(#8882,#8889),.PCURVE_S1.);
#8878 = LINE('',#8879,#8880);
#8879 = CARTESIAN_POINT('',(-9.309814453125,10.77880859375,17.8));
#8880 = VECTOR('',#8881,1.);
#8881 = DIRECTION('',(0.,0.,1.));
#8882 = PCURVE('',#3584,#8883);
#8883 = DEFINITIONAL_REPRESENTATION('',(#8884),#8888);
#8884 = LINE('',#8885,#8886);
#8885 = CARTESIAN_POINT('',(0.,-0.));
#8886 = VECTOR('',#8887,1.);
#8887 = DIRECTION('',(0.,-1.));
#8888 = ( GEOMETRIC_REPRESENTATION_CONTEXT(2) 
PARAMETRIC_REPRESENTATION_CONTEXT() REPRESENTATION_CONTEXT('2D SPACE',''
  ) );
#8889 = PCURVE('',#4016,#8890);
#8890 = DEFINITIONAL_REPRESENTATION('',(#8891),#8895);
#8891 = LINE('',#8892,#8893);
#8892 = CARTESIAN_POINT('',(2.619140625,0.));
#8893 = VECTOR('',#8894,1.);
#8894 = DIRECTION('',(0.,-1.));
#8895 = ( GEOMETRIC_REPRESENTATION_CONTEXT(2) 
PARAMETRIC_REPRESENTATION_CONTEXT() REPRESENTATION_CONTEXT('2D SPACE',''
  ) );
#8896 = ORIENTED_EDGE('',*,*,#3567,.F.);
#8897 = ORIENTED_EDGE('',*,*,#8898,.F.);
#8898 = EDGE_CURVE('',#8849,#3568,#8899,.T.);
#8899 = SURFACE_CURVE('',#8900,(#8904,#8911),.PCURVE_S1.);
#8900 = LINE('',#8901,#8902);
#8901 = CARTESIAN_POINT('',(-10.16235351562,10.77880859375,17.8));
#8902 = VECTOR('',#8903,1.);
#8903 = DIRECTION('',(0.,0.,1.));
#8904 = PCURVE('',#3584,#8905);
#8905 = DEFINITIONAL_REPRESENTATION('',(#8906),#8910);
#8906 = LINE('',#8907,#8908);
#8907 = CARTESIAN_POINT('',(0.8525390625,0.));
#8908 = VECTOR('',#8909,1.);
#8909 = DIRECTION('',(0.,-1.));
#8910 = ( GEOMETRIC_REPRESENTATION_CONTEXT(2) 
PARAMETRIC_REPRESENTATION_CONTEXT() REPRESENTATION_CONTEXT('2D SPACE',''
  ) );
#8911 = PCURVE('',#3610,#8912);
#8912 = DEFINITIONAL_REPRESENTATION('',(#8913),#8917);
#8913 = LINE('',#8914,#8915);
#8914 = CARTESIAN_POINT('',(0.,0.));
#8915 = VECTOR('',#8916,1.);
#8916 = DIRECTION('',(0.,-1.));
#8917 = ( GEOMETRIC_REPRESENTATION_CONTEXT(2) 
PARAMETRIC_REPRESENTATION_CONTEXT() REPRESENTATION_CONTEXT('2D SPACE',''
  ) );
#8918 = ADVANCED_FACE('',(#8919),#3610,.F.);
#8919 = FACE_BOUND('',#8920,.F.);
#8920 = EDGE_LOOP('',(#8921,#8944,#8945,#8946));
#8921 = ORIENTED_EDGE('',*,*,#8922,.F.);
#8922 = EDGE_CURVE('',#8849,#8923,#8925,.T.);
#8923 = VERTEX_POINT('',#8924);
#8924 = CARTESIAN_POINT('',(-10.16235351562,17.22119140625,17.8));
#8925 = SURFACE_CURVE('',#8926,(#8930,#8937),.PCURVE_S1.);
#8926 = LINE('',#8927,#8928);
#8927 = CARTESIAN_POINT('',(-10.16235351562,10.77880859375,17.8));
#8928 = VECTOR('',#8929,1.);
#8929 = DIRECTION('',(0.,1.,0.));
#8930 = PCURVE('',#3610,#8931);
#8931 = DEFINITIONAL_REPRESENTATION('',(#8932),#8936);
#8932 = LINE('',#8933,#8934);
#8933 = CARTESIAN_POINT('',(0.,0.));
#8934 = VECTOR('',#8935,1.);
#8935 = DIRECTION('',(1.,0.));
#8936 = ( GEOMETRIC_REPRESENTATION_CONTEXT(2) 
PARAMETRIC_REPRESENTATION_CONTEXT() REPRESENTATION_CONTEXT('2D SPACE',''
  ) );
#8937 = PCURVE('',#8864,#8938);
#8938 = DEFINITIONAL_REPRESENTATION('',(#8939),#8943);
#8939 = LINE('',#8940,#8941);
#8940 = CARTESIAN_POINT('',(0.6943359375,0.));
#8941 = VECTOR('',#8942,1.);
#8942 = DIRECTION('',(0.,1.));
#8943 = ( GEOMETRIC_REPRESENTATION_CONTEXT(2) 
PARAMETRIC_REPRESENTATION_CONTEXT() REPRESENTATION_CONTEXT('2D SPACE',''
  ) );
#8944 = ORIENTED_EDGE('',*,*,#8898,.T.);
#8945 = ORIENTED_EDGE('',*,*,#3595,.F.);
#8946 = ORIENTED_EDGE('',*,*,#8947,.F.);
#8947 = EDGE_CURVE('',#8923,#3596,#8948,.T.);
#8948 = SURFACE_CURVE('',#8949,(#8953,#8960),.PCURVE_S1.);
#8949 = LINE('',#8950,#8951);
#8950 = CARTESIAN_POINT('',(-10.16235351562,17.22119140625,17.8));
#8951 = VECTOR('',#8952,1.);
#8952 = DIRECTION('',(0.,0.,1.));
#8953 = PCURVE('',#3610,#8954);
#8954 = DEFINITIONAL_REPRESENTATION('',(#8955),#8959);
#8955 = LINE('',#8956,#8957);
#8956 = CARTESIAN_POINT('',(6.4423828125,0.));
#8957 = VECTOR('',#8958,1.);
#8958 = DIRECTION('',(0.,-1.));
#8959 = ( GEOMETRIC_REPRESENTATION_CONTEXT(2) 
PARAMETRIC_REPRESENTATION_CONTEXT() REPRESENTATION_CONTEXT('2D SPACE',''
  ) );
#8960 = PCURVE('',#3636,#8961);
#8961 = DEFINITIONAL_REPRESENTATION('',(#8962),#8966);
#8962 = LINE('',#8963,#8964);
#8963 = CARTESIAN_POINT('',(0.,0.));
#8964 = VECTOR('',#8965,1.);
#8965 = DIRECTION('',(0.,-1.));
#8966 = ( GEOMETRIC_REPRESENTATION_CONTEXT(2) 
PARAMETRIC_REPRESENTATION_CONTEXT() REPRESENTATION_CONTEXT('2D SPACE',''
  ) );
#8967 = ADVANCED_FACE('',(#8968),#4016,.F.);
#8968 = FACE_BOUND('',#8969,.F.);
#8969 = EDGE_LOOP('',(#8970,#8993,#9014,#9015));
#8970 = ORIENTED_EDGE('',*,*,#8971,.F.);
#8971 = EDGE_CURVE('',#8972,#8847,#8974,.T.);
#8972 = VERTEX_POINT('',#8973);
#8973 = CARTESIAN_POINT('',(-9.309814453125,13.39794921875,17.8));
#8974 = SURFACE_CURVE('',#8975,(#8979,#8986),.PCURVE_S1.);
#8975 = LINE('',#8976,#8977);
#8976 = CARTESIAN_POINT('',(-9.309814453125,13.39794921875,17.8));
#8977 = VECTOR('',#8978,1.);
#8978 = DIRECTION('',(0.,-1.,0.));
#8979 = PCURVE('',#4016,#8980);
#8980 = DEFINITIONAL_REPRESENTATION('',(#8981),#8985);
#8981 = LINE('',#8982,#8983);
#8982 = CARTESIAN_POINT('',(0.,0.));
#8983 = VECTOR('',#8984,1.);
#8984 = DIRECTION('',(1.,0.));
#8985 = ( GEOMETRIC_REPRESENTATION_CONTEXT(2) 
PARAMETRIC_REPRESENTATION_CONTEXT() REPRESENTATION_CONTEXT('2D SPACE',''
  ) );
#8986 = PCURVE('',#8864,#8987);
#8987 = DEFINITIONAL_REPRESENTATION('',(#8988),#8992);
#8988 = LINE('',#8989,#8990);
#8989 = CARTESIAN_POINT('',(1.546875,2.619140625));
#8990 = VECTOR('',#8991,1.);
#8991 = DIRECTION('',(0.,-1.));
#8992 = ( GEOMETRIC_REPRESENTATION_CONTEXT(2) 
PARAMETRIC_REPRESENTATION_CONTEXT() REPRESENTATION_CONTEXT('2D SPACE',''
  ) );
#8993 = ORIENTED_EDGE('',*,*,#8994,.T.);
#8994 = EDGE_CURVE('',#8972,#3978,#8995,.T.);
#8995 = SURFACE_CURVE('',#8996,(#9000,#9007),.PCURVE_S1.);
#8996 = LINE('',#8997,#8998);
#8997 = CARTESIAN_POINT('',(-9.309814453125,13.39794921875,17.8));
#8998 = VECTOR('',#8999,1.);
#8999 = DIRECTION('',(0.,0.,1.));
#9000 = PCURVE('',#4016,#9001);
#9001 = DEFINITIONAL_REPRESENTATION('',(#9002),#9006);
#9002 = LINE('',#9003,#9004);
#9003 = CARTESIAN_POINT('',(0.,0.));
#9004 = VECTOR('',#9005,1.);
#9005 = DIRECTION('',(0.,-1.));
#9006 = ( GEOMETRIC_REPRESENTATION_CONTEXT(2) 
PARAMETRIC_REPRESENTATION_CONTEXT() REPRESENTATION_CONTEXT('2D SPACE',''
  ) );
#9007 = PCURVE('',#3992,#9008);
#9008 = DEFINITIONAL_REPRESENTATION('',(#9009),#9013);
#9009 = LINE('',#9010,#9011);
#9010 = CARTESIAN_POINT('',(1.65234375,0.));
#9011 = VECTOR('',#9012,1.);
#9012 = DIRECTION('',(0.,-1.));
#9013 = ( GEOMETRIC_REPRESENTATION_CONTEXT(2) 
PARAMETRIC_REPRESENTATION_CONTEXT() REPRESENTATION_CONTEXT('2D SPACE',''
  ) );
#9014 = ORIENTED_EDGE('',*,*,#4003,.F.);
#9015 = ORIENTED_EDGE('',*,*,#8876,.F.);
#9016 = ADVANCED_FACE('',(#9017),#3636,.F.);
#9017 = FACE_BOUND('',#9018,.F.);
#9018 = EDGE_LOOP('',(#9019,#9042,#9043,#9044));
#9019 = ORIENTED_EDGE('',*,*,#9020,.F.);
#9020 = EDGE_CURVE('',#8923,#9021,#9023,.T.);
#9021 = VERTEX_POINT('',#9022);
#9022 = CARTESIAN_POINT('',(-7.732177734375,17.22119140625,17.8));
#9023 = SURFACE_CURVE('',#9024,(#9028,#9035),.PCURVE_S1.);
#9024 = LINE('',#9025,#9026);
#9025 = CARTESIAN_POINT('',(-10.16235351562,17.22119140625,17.8));
#9026 = VECTOR('',#9027,1.);
#9027 = DIRECTION('',(1.,0.,0.));
#9028 = PCURVE('',#3636,#9029);
#9029 = DEFINITIONAL_REPRESENTATION('',(#9030),#9034);
#9030 = LINE('',#9031,#9032);
#9031 = CARTESIAN_POINT('',(0.,0.));
#9032 = VECTOR('',#9033,1.);
#9033 = DIRECTION('',(1.,0.));
#9034 = ( GEOMETRIC_REPRESENTATION_CONTEXT(2) 
PARAMETRIC_REPRESENTATION_CONTEXT() REPRESENTATION_CONTEXT('2D SPACE',''
  ) );
#9035 = PCURVE('',#8864,#9036);
#9036 = DEFINITIONAL_REPRESENTATION('',(#9037),#9041);
#9037 = LINE('',#9038,#9039);
#9038 = CARTESIAN_POINT('',(0.6943359375,6.4423828125));
#9039 = VECTOR('',#9040,1.);
#9040 = DIRECTION('',(1.,0.));
#9041 = ( GEOMETRIC_REPRESENTATION_CONTEXT(2) 
PARAMETRIC_REPRESENTATION_CONTEXT() REPRESENTATION_CONTEXT('2D SPACE',''
  ) );
#9042 = ORIENTED_EDGE('',*,*,#8947,.T.);
#9043 = ORIENTED_EDGE('',*,*,#3621,.F.);
#9044 = ORIENTED_EDGE('',*,*,#9045,.F.);
#9045 = EDGE_CURVE('',#9021,#3622,#9046,.T.);
#9046 = SURFACE_CURVE('',#9047,(#9051,#9058),.PCURVE_S1.);
#9047 = LINE('',#9048,#9049);
#9048 = CARTESIAN_POINT('',(-7.732177734375,17.22119140625,17.8));
#9049 = VECTOR('',#9050,1.);
#9050 = DIRECTION('',(0.,0.,1.));
#9051 = PCURVE('',#3636,#9052);
#9052 = DEFINITIONAL_REPRESENTATION('',(#9053),#9057);
#9053 = LINE('',#9054,#9055);
#9054 = CARTESIAN_POINT('',(2.43017578125,0.));
#9055 = VECTOR('',#9056,1.);
#9056 = DIRECTION('',(0.,-1.));
#9057 = ( GEOMETRIC_REPRESENTATION_CONTEXT(2) 
PARAMETRIC_REPRESENTATION_CONTEXT() REPRESENTATION_CONTEXT('2D SPACE',''
  ) );
#9058 = PCURVE('',#3671,#9059);
#9059 = DEFINITIONAL_REPRESENTATION('',(#9060),#9064);
#9060 = LINE('',#9061,#9062);
#9061 = CARTESIAN_POINT('',(0.,0.));
#9062 = VECTOR('',#9063,1.);
#9063 = DIRECTION('',(0.,-1.));
#9064 = ( GEOMETRIC_REPRESENTATION_CONTEXT(2) 
PARAMETRIC_REPRESENTATION_CONTEXT() REPRESENTATION_CONTEXT('2D SPACE',''
  ) );
#9065 = ADVANCED_FACE('',(#9066),#3992,.F.);
#9066 = FACE_BOUND('',#9067,.F.);
#9067 = EDGE_LOOP('',(#9068,#9091,#9112,#9113));
#9068 = ORIENTED_EDGE('',*,*,#9069,.F.);
#9069 = EDGE_CURVE('',#9070,#8972,#9072,.T.);
#9070 = VERTEX_POINT('',#9071);
#9071 = CARTESIAN_POINT('',(-7.657470703125,13.39794921875,17.8));
#9072 = SURFACE_CURVE('',#9073,(#9077,#9084),.PCURVE_S1.);
#9073 = LINE('',#9074,#9075);
#9074 = CARTESIAN_POINT('',(-7.657470703125,13.39794921875,17.8));
#9075 = VECTOR('',#9076,1.);
#9076 = DIRECTION('',(-1.,0.,0.));
#9077 = PCURVE('',#3992,#9078);
#9078 = DEFINITIONAL_REPRESENTATION('',(#9079),#9083);
#9079 = LINE('',#9080,#9081);
#9080 = CARTESIAN_POINT('',(0.,-0.));
#9081 = VECTOR('',#9082,1.);
#9082 = DIRECTION('',(1.,0.));
#9083 = ( GEOMETRIC_REPRESENTATION_CONTEXT(2) 
PARAMETRIC_REPRESENTATION_CONTEXT() REPRESENTATION_CONTEXT('2D SPACE',''
  ) );
#9084 = PCURVE('',#8864,#9085);
#9085 = DEFINITIONAL_REPRESENTATION('',(#9086),#9090);
#9086 = LINE('',#9087,#9088);
#9087 = CARTESIAN_POINT('',(3.19921875,2.619140625));
#9088 = VECTOR('',#9089,1.);
#9089 = DIRECTION('',(-1.,0.));
#9090 = ( GEOMETRIC_REPRESENTATION_CONTEXT(2) 
PARAMETRIC_REPRESENTATION_CONTEXT() REPRESENTATION_CONTEXT('2D SPACE',''
  ) );
#9091 = ORIENTED_EDGE('',*,*,#9092,.T.);
#9092 = EDGE_CURVE('',#9070,#3906,#9093,.T.);
#9093 = SURFACE_CURVE('',#9094,(#9098,#9105),.PCURVE_S1.);
#9094 = LINE('',#9095,#9096);
#9095 = CARTESIAN_POINT('',(-7.657470703125,13.39794921875,17.8));
#9096 = VECTOR('',#9097,1.);
#9097 = DIRECTION('',(0.,0.,1.));
#9098 = PCURVE('',#3992,#9099);
#9099 = DEFINITIONAL_REPRESENTATION('',(#9100),#9104);
#9100 = LINE('',#9101,#9102);
#9101 = CARTESIAN_POINT('',(0.,-0.));
#9102 = VECTOR('',#9103,1.);
#9103 = DIRECTION('',(0.,-1.));
#9104 = ( GEOMETRIC_REPRESENTATION_CONTEXT(2) 
PARAMETRIC_REPRESENTATION_CONTEXT() REPRESENTATION_CONTEXT('2D SPACE',''
  ) );
#9105 = PCURVE('',#3949,#9106);
#9106 = DEFINITIONAL_REPRESENTATION('',(#9107),#9111);
#9107 = LINE('',#9108,#9109);
#9108 = CARTESIAN_POINT('',(1.,0.));
#9109 = VECTOR('',#9110,1.);
#9110 = DIRECTION('',(0.,-1.));
#9111 = ( GEOMETRIC_REPRESENTATION_CONTEXT(2) 
PARAMETRIC_REPRESENTATION_CONTEXT() REPRESENTATION_CONTEXT('2D SPACE',''
  ) );
#9112 = ORIENTED_EDGE('',*,*,#3977,.F.);
#9113 = ORIENTED_EDGE('',*,*,#8994,.F.);
#9114 = ADVANCED_FACE('',(#9115),#3671,.F.);
#9115 = FACE_BOUND('',#9116,.F.);
#9116 = EDGE_LOOP('',(#9117,#9140,#9141,#9142));
#9117 = ORIENTED_EDGE('',*,*,#9118,.F.);
#9118 = EDGE_CURVE('',#9021,#9119,#9121,.T.);
#9119 = VERTEX_POINT('',#9120);
#9120 = CARTESIAN_POINT('',(-6.752197265625,17.15966796875,17.8));
#9121 = SURFACE_CURVE('',#9122,(#9126,#9133),.PCURVE_S1.);
#9122 = B_SPLINE_CURVE_WITH_KNOTS('',2,(#9123,#9124,#9125),
  .UNSPECIFIED.,.F.,.F.,(3,3),(0.,1.),.PIECEWISE_BEZIER_KNOTS.);
#9123 = CARTESIAN_POINT('',(-7.732177734375,17.22119140625,17.8));
#9124 = CARTESIAN_POINT('',(-7.090576171875,17.22119140625,17.8));
#9125 = CARTESIAN_POINT('',(-6.752197265625,17.15966796875,17.8));
#9126 = PCURVE('',#3671,#9127);
#9127 = DEFINITIONAL_REPRESENTATION('',(#9128),#9132);
#9128 = LINE('',#9129,#9130);
#9129 = CARTESIAN_POINT('',(0.,0.));
#9130 = VECTOR('',#9131,1.);
#9131 = DIRECTION('',(1.,0.));
#9132 = ( GEOMETRIC_REPRESENTATION_CONTEXT(2) 
PARAMETRIC_REPRESENTATION_CONTEXT() REPRESENTATION_CONTEXT('2D SPACE',''
  ) );
#9133 = PCURVE('',#8864,#9134);
#9134 = DEFINITIONAL_REPRESENTATION('',(#9135),#9139);
#9135 = B_SPLINE_CURVE_WITH_KNOTS('',2,(#9136,#9137,#9138),
  .UNSPECIFIED.,.F.,.F.,(3,3),(0.,1.),.PIECEWISE_BEZIER_KNOTS.);
#9136 = CARTESIAN_POINT('',(3.12451171875,6.4423828125));
#9137 = CARTESIAN_POINT('',(3.76611328125,6.4423828125));
#9138 = CARTESIAN_POINT('',(4.1044921875,6.380859375));
#9139 = ( GEOMETRIC_REPRESENTATION_CONTEXT(2) 
PARAMETRIC_REPRESENTATION_CONTEXT() REPRESENTATION_CONTEXT('2D SPACE',''
  ) );
#9140 = ORIENTED_EDGE('',*,*,#9045,.T.);
#9141 = ORIENTED_EDGE('',*,*,#3647,.F.);
#9142 = ORIENTED_EDGE('',*,*,#9143,.F.);
#9143 = EDGE_CURVE('',#9119,#3648,#9144,.T.);
#9144 = SURFACE_CURVE('',#9145,(#9149,#9156),.PCURVE_S1.);
#9145 = LINE('',#9146,#9147);
#9146 = CARTESIAN_POINT('',(-6.752197265625,17.15966796875,17.8));
#9147 = VECTOR('',#9148,1.);
#9148 = DIRECTION('',(0.,0.,1.));
#9149 = PCURVE('',#3671,#9150);
#9150 = DEFINITIONAL_REPRESENTATION('',(#9151),#9155);
#9151 = LINE('',#9152,#9153);
#9152 = CARTESIAN_POINT('',(1.,0.));
#9153 = VECTOR('',#9154,1.);
#9154 = DIRECTION('',(0.,-1.));
#9155 = ( GEOMETRIC_REPRESENTATION_CONTEXT(2) 
PARAMETRIC_REPRESENTATION_CONTEXT() REPRESENTATION_CONTEXT('2D SPACE',''
  ) );
#9156 = PCURVE('',#3719,#9157);
#9157 = DEFINITIONAL_REPRESENTATION('',(#9158),#9162);
#9158 = LINE('',#9159,#9160);
#9159 = CARTESIAN_POINT('',(0.,0.));
#9160 = VECTOR('',#9161,1.);
#9161 = DIRECTION('',(0.,-1.));
#9162 = ( GEOMETRIC_REPRESENTATION_CONTEXT(2) 
PARAMETRIC_REPRESENTATION_CONTEXT() REPRESENTATION_CONTEXT('2D SPACE',''
  ) );
#9163 = ADVANCED_FACE('',(#9164),#3949,.F.);
#9164 = FACE_BOUND('',#9165,.F.);
#9165 = EDGE_LOOP('',(#9166,#9189,#9210,#9211));
#9166 = ORIENTED_EDGE('',*,*,#9167,.F.);
#9167 = EDGE_CURVE('',#9168,#9070,#9170,.T.);
#9168 = VERTEX_POINT('',#9169);
#9169 = CARTESIAN_POINT('',(-5.767822265625,13.967041015625,17.8));
#9170 = SURFACE_CURVE('',#9171,(#9175,#9182),.PCURVE_S1.);
#9171 = B_SPLINE_CURVE_WITH_KNOTS('',2,(#9172,#9173,#9174),
  .UNSPECIFIED.,.F.,.F.,(3,3),(0.,1.),.PIECEWISE_BEZIER_KNOTS.);
#9172 = CARTESIAN_POINT('',(-5.767822265625,13.967041015625,17.8));
#9173 = CARTESIAN_POINT('',(-6.290771484375,13.39794921875,17.8));
#9174 = CARTESIAN_POINT('',(-7.657470703125,13.39794921875,17.8));
#9175 = PCURVE('',#3949,#9176);
#9176 = DEFINITIONAL_REPRESENTATION('',(#9177),#9181);
#9177 = LINE('',#9178,#9179);
#9178 = CARTESIAN_POINT('',(0.,0.));
#9179 = VECTOR('',#9180,1.);
#9180 = DIRECTION('',(1.,0.));
#9181 = ( GEOMETRIC_REPRESENTATION_CONTEXT(2) 
PARAMETRIC_REPRESENTATION_CONTEXT() REPRESENTATION_CONTEXT('2D SPACE',''
  ) );
#9182 = PCURVE('',#8864,#9183);
#9183 = DEFINITIONAL_REPRESENTATION('',(#9184),#9188);
#9184 = B_SPLINE_CURVE_WITH_KNOTS('',2,(#9185,#9186,#9187),
  .UNSPECIFIED.,.F.,.F.,(3,3),(0.,1.),.PIECEWISE_BEZIER_KNOTS.);
#9185 = CARTESIAN_POINT('',(5.0888671875,3.188232421875));
#9186 = CARTESIAN_POINT('',(4.56591796875,2.619140625));
#9187 = CARTESIAN_POINT('',(3.19921875,2.619140625));
#9188 = ( GEOMETRIC_REPRESENTATION_CONTEXT(2) 
PARAMETRIC_REPRESENTATION_CONTEXT() REPRESENTATION_CONTEXT('2D SPACE',''
  ) );
#9189 = ORIENTED_EDGE('',*,*,#9190,.T.);
#9190 = EDGE_CURVE('',#9168,#3843,#9191,.T.);
#9191 = SURFACE_CURVE('',#9192,(#9196,#9203),.PCURVE_S1.);
#9192 = LINE('',#9193,#9194);
#9193 = CARTESIAN_POINT('',(-5.767822265625,13.967041015625,17.8));
#9194 = VECTOR('',#9195,1.);
#9195 = DIRECTION('',(0.,0.,1.));
#9196 = PCURVE('',#3949,#9197);
#9197 = DEFINITIONAL_REPRESENTATION('',(#9198),#9202);
#9198 = LINE('',#9199,#9200);
#9199 = CARTESIAN_POINT('',(0.,0.));
#9200 = VECTOR('',#9201,1.);
#9201 = DIRECTION('',(0.,-1.));
#9202 = ( GEOMETRIC_REPRESENTATION_CONTEXT(2) 
PARAMETRIC_REPRESENTATION_CONTEXT() REPRESENTATION_CONTEXT('2D SPACE',''
  ) );
#9203 = PCURVE('',#3880,#9204);
#9204 = DEFINITIONAL_REPRESENTATION('',(#9205),#9209);
#9205 = LINE('',#9206,#9207);
#9206 = CARTESIAN_POINT('',(1.,0.));
#9207 = VECTOR('',#9208,1.);
#9208 = DIRECTION('',(0.,-1.));
#9209 = ( GEOMETRIC_REPRESENTATION_CONTEXT(2) 
PARAMETRIC_REPRESENTATION_CONTEXT() REPRESENTATION_CONTEXT('2D SPACE',''
  ) );
#9210 = ORIENTED_EDGE('',*,*,#3905,.F.);
#9211 = ORIENTED_EDGE('',*,*,#9092,.F.);
#9212 = ADVANCED_FACE('',(#9213),#3719,.F.);
#9213 = FACE_BOUND('',#9214,.F.);
#9214 = EDGE_LOOP('',(#9215,#9238,#9239,#9240));
#9215 = ORIENTED_EDGE('',*,*,#9216,.F.);
#9216 = EDGE_CURVE('',#9119,#9217,#9219,.T.);
#9217 = VERTEX_POINT('',#9218);
#9218 = CARTESIAN_POINT('',(-5.956787109375,16.858642578125,17.8));
#9219 = SURFACE_CURVE('',#9220,(#9224,#9231),.PCURVE_S1.);
#9220 = B_SPLINE_CURVE_WITH_KNOTS('',2,(#9221,#9222,#9223),
  .UNSPECIFIED.,.F.,.F.,(3,3),(0.,1.),.PIECEWISE_BEZIER_KNOTS.);
#9221 = CARTESIAN_POINT('',(-6.752197265625,17.15966796875,17.8));
#9222 = CARTESIAN_POINT('',(-6.277587890625,17.08056640625,17.8));
#9223 = CARTESIAN_POINT('',(-5.956787109375,16.858642578125,17.8));
#9224 = PCURVE('',#3719,#9225);
#9225 = DEFINITIONAL_REPRESENTATION('',(#9226),#9230);
#9226 = LINE('',#9227,#9228);
#9227 = CARTESIAN_POINT('',(0.,0.));
#9228 = VECTOR('',#9229,1.);
#9229 = DIRECTION('',(1.,0.));
#9230 = ( GEOMETRIC_REPRESENTATION_CONTEXT(2) 
PARAMETRIC_REPRESENTATION_CONTEXT() REPRESENTATION_CONTEXT('2D SPACE',''
  ) );
#9231 = PCURVE('',#8864,#9232);
#9232 = DEFINITIONAL_REPRESENTATION('',(#9233),#9237);
#9233 = B_SPLINE_CURVE_WITH_KNOTS('',2,(#9234,#9235,#9236),
  .UNSPECIFIED.,.F.,.F.,(3,3),(0.,1.),.PIECEWISE_BEZIER_KNOTS.);
#9234 = CARTESIAN_POINT('',(4.1044921875,6.380859375));
#9235 = CARTESIAN_POINT('',(4.5791015625,6.3017578125));
#9236 = CARTESIAN_POINT('',(4.89990234375,6.079833984375));
#9237 = ( GEOMETRIC_REPRESENTATION_CONTEXT(2) 
PARAMETRIC_REPRESENTATION_CONTEXT() REPRESENTATION_CONTEXT('2D SPACE',''
  ) );
#9238 = ORIENTED_EDGE('',*,*,#9143,.T.);
#9239 = ORIENTED_EDGE('',*,*,#3689,.F.);
#9240 = ORIENTED_EDGE('',*,*,#9241,.F.);
#9241 = EDGE_CURVE('',#9217,#3690,#9242,.T.);
#9242 = SURFACE_CURVE('',#9243,(#9247,#9254),.PCURVE_S1.);
#9243 = LINE('',#9244,#9245);
#9244 = CARTESIAN_POINT('',(-5.956787109375,16.858642578125,17.8));
#9245 = VECTOR('',#9246,1.);
#9246 = DIRECTION('',(0.,0.,1.));
#9247 = PCURVE('',#3719,#9248);
#9248 = DEFINITIONAL_REPRESENTATION('',(#9249),#9253);
#9249 = LINE('',#9250,#9251);
#9250 = CARTESIAN_POINT('',(1.,0.));
#9251 = VECTOR('',#9252,1.);
#9252 = DIRECTION('',(0.,-1.));
#9253 = ( GEOMETRIC_REPRESENTATION_CONTEXT(2) 
PARAMETRIC_REPRESENTATION_CONTEXT() REPRESENTATION_CONTEXT('2D SPACE',''
  ) );
#9254 = PCURVE('',#3770,#9255);
#9255 = DEFINITIONAL_REPRESENTATION('',(#9256),#9260);
#9256 = LINE('',#9257,#9258);
#9257 = CARTESIAN_POINT('',(0.,0.));
#9258 = VECTOR('',#9259,1.);
#9259 = DIRECTION('',(0.,-1.));
#9260 = ( GEOMETRIC_REPRESENTATION_CONTEXT(2) 
PARAMETRIC_REPRESENTATION_CONTEXT() REPRESENTATION_CONTEXT('2D SPACE',''
  ) );
#9261 = ADVANCED_FACE('',(#9262),#3880,.F.);
#9262 = FACE_BOUND('',#9263,.F.);
#9263 = EDGE_LOOP('',(#9264,#9287,#9308,#9309));
#9264 = ORIENTED_EDGE('',*,*,#9265,.F.);
#9265 = EDGE_CURVE('',#9266,#9168,#9268,.T.);
#9266 = VERTEX_POINT('',#9267);
#9267 = CARTESIAN_POINT('',(-5.244873046875,15.35791015625,17.8));
#9268 = SURFACE_CURVE('',#9269,(#9273,#9280),.PCURVE_S1.);
#9269 = B_SPLINE_CURVE_WITH_KNOTS('',2,(#9270,#9271,#9272),
  .UNSPECIFIED.,.F.,.F.,(3,3),(0.,1.),.PIECEWISE_BEZIER_KNOTS.);
#9270 = CARTESIAN_POINT('',(-5.244873046875,15.35791015625,17.8));
#9271 = CARTESIAN_POINT('',(-5.244873046875,14.5361328125,17.8));
#9272 = CARTESIAN_POINT('',(-5.767822265625,13.967041015625,17.8));
#9273 = PCURVE('',#3880,#9274);
#9274 = DEFINITIONAL_REPRESENTATION('',(#9275),#9279);
#9275 = LINE('',#9276,#9277);
#9276 = CARTESIAN_POINT('',(0.,0.));
#9277 = VECTOR('',#9278,1.);
#9278 = DIRECTION('',(1.,0.));
#9279 = ( GEOMETRIC_REPRESENTATION_CONTEXT(2) 
PARAMETRIC_REPRESENTATION_CONTEXT() REPRESENTATION_CONTEXT('2D SPACE',''
  ) );
#9280 = PCURVE('',#8864,#9281);
#9281 = DEFINITIONAL_REPRESENTATION('',(#9282),#9286);
#9282 = B_SPLINE_CURVE_WITH_KNOTS('',2,(#9283,#9284,#9285),
  .UNSPECIFIED.,.F.,.F.,(3,3),(0.,1.),.PIECEWISE_BEZIER_KNOTS.);
#9283 = CARTESIAN_POINT('',(5.61181640625,4.5791015625));
#9284 = CARTESIAN_POINT('',(5.61181640625,3.75732421875));
#9285 = CARTESIAN_POINT('',(5.0888671875,3.188232421875));
#9286 = ( GEOMETRIC_REPRESENTATION_CONTEXT(2) 
PARAMETRIC_REPRESENTATION_CONTEXT() REPRESENTATION_CONTEXT('2D SPACE',''
  ) );
#9287 = ORIENTED_EDGE('',*,*,#9288,.T.);
#9288 = EDGE_CURVE('',#9266,#3792,#9289,.T.);
#9289 = SURFACE_CURVE('',#9290,(#9294,#9301),.PCURVE_S1.);
#9290 = LINE('',#9291,#9292);
#9291 = CARTESIAN_POINT('',(-5.244873046875,15.35791015625,17.8));
#9292 = VECTOR('',#9293,1.);
#9293 = DIRECTION('',(0.,0.,1.));
#9294 = PCURVE('',#3880,#9295);
#9295 = DEFINITIONAL_REPRESENTATION('',(#9296),#9300);
#9296 = LINE('',#9297,#9298);
#9297 = CARTESIAN_POINT('',(0.,0.));
#9298 = VECTOR('',#9299,1.);
#9299 = DIRECTION('',(0.,-1.));
#9300 = ( GEOMETRIC_REPRESENTATION_CONTEXT(2) 
PARAMETRIC_REPRESENTATION_CONTEXT() REPRESENTATION_CONTEXT('2D SPACE',''
  ) );
#9301 = PCURVE('',#3821,#9302);
#9302 = DEFINITIONAL_REPRESENTATION('',(#9303),#9307);
#9303 = LINE('',#9304,#9305);
#9304 = CARTESIAN_POINT('',(1.,0.));
#9305 = VECTOR('',#9306,1.);
#9306 = DIRECTION('',(0.,-1.));
#9307 = ( GEOMETRIC_REPRESENTATION_CONTEXT(2) 
PARAMETRIC_REPRESENTATION_CONTEXT() REPRESENTATION_CONTEXT('2D SPACE',''
  ) );
#9308 = ORIENTED_EDGE('',*,*,#3842,.F.);
#9309 = ORIENTED_EDGE('',*,*,#9190,.F.);
#9310 = ADVANCED_FACE('',(#9311),#3770,.F.);
#9311 = FACE_BOUND('',#9312,.F.);
#9312 = EDGE_LOOP('',(#9313,#9336,#9337,#9338));
#9313 = ORIENTED_EDGE('',*,*,#9314,.F.);
#9314 = EDGE_CURVE('',#9217,#9315,#9317,.T.);
#9315 = VERTEX_POINT('',#9316);
#9316 = CARTESIAN_POINT('',(-5.4404296875,16.23681640625,17.8));
#9317 = SURFACE_CURVE('',#9318,(#9322,#9329),.PCURVE_S1.);
#9318 = B_SPLINE_CURVE_WITH_KNOTS('',2,(#9319,#9320,#9321),
  .UNSPECIFIED.,.F.,.F.,(3,3),(0.,1.),.PIECEWISE_BEZIER_KNOTS.);
#9319 = CARTESIAN_POINT('',(-5.956787109375,16.858642578125,17.8));
#9320 = CARTESIAN_POINT('',(-5.635986328125,16.63671875,17.8));
#9321 = CARTESIAN_POINT('',(-5.4404296875,16.23681640625,17.8));
#9322 = PCURVE('',#3770,#9323);
#9323 = DEFINITIONAL_REPRESENTATION('',(#9324),#9328);
#9324 = LINE('',#9325,#9326);
#9325 = CARTESIAN_POINT('',(0.,0.));
#9326 = VECTOR('',#9327,1.);
#9327 = DIRECTION('',(1.,0.));
#9328 = ( GEOMETRIC_REPRESENTATION_CONTEXT(2) 
PARAMETRIC_REPRESENTATION_CONTEXT() REPRESENTATION_CONTEXT('2D SPACE',''
  ) );
#9329 = PCURVE('',#8864,#9330);
#9330 = DEFINITIONAL_REPRESENTATION('',(#9331),#9335);
#9331 = B_SPLINE_CURVE_WITH_KNOTS('',2,(#9332,#9333,#9334),
  .UNSPECIFIED.,.F.,.F.,(3,3),(0.,1.),.PIECEWISE_BEZIER_KNOTS.);
#9332 = CARTESIAN_POINT('',(4.89990234375,6.079833984375));
#9333 = CARTESIAN_POINT('',(5.220703125,5.85791015625));
#9334 = CARTESIAN_POINT('',(5.416259765625,5.4580078125));
#9335 = ( GEOMETRIC_REPRESENTATION_CONTEXT(2) 
PARAMETRIC_REPRESENTATION_CONTEXT() REPRESENTATION_CONTEXT('2D SPACE',''
  ) );
#9336 = ORIENTED_EDGE('',*,*,#9241,.T.);
#9337 = ORIENTED_EDGE('',*,*,#3740,.F.);
#9338 = ORIENTED_EDGE('',*,*,#9339,.F.);
#9339 = EDGE_CURVE('',#9315,#3741,#9340,.T.);
#9340 = SURFACE_CURVE('',#9341,(#9345,#9352),.PCURVE_S1.);
#9341 = LINE('',#9342,#9343);
#9342 = CARTESIAN_POINT('',(-5.4404296875,16.23681640625,17.8));
#9343 = VECTOR('',#9344,1.);
#9344 = DIRECTION('',(0.,0.,1.));
#9345 = PCURVE('',#3770,#9346);
#9346 = DEFINITIONAL_REPRESENTATION('',(#9347),#9351);
#9347 = LINE('',#9348,#9349);
#9348 = CARTESIAN_POINT('',(1.,0.));
#9349 = VECTOR('',#9350,1.);
#9350 = DIRECTION('',(0.,-1.));
#9351 = ( GEOMETRIC_REPRESENTATION_CONTEXT(2) 
PARAMETRIC_REPRESENTATION_CONTEXT() REPRESENTATION_CONTEXT('2D SPACE',''
  ) );
#9352 = PCURVE('',#3821,#9353);
#9353 = DEFINITIONAL_REPRESENTATION('',(#9354),#9358);
#9354 = LINE('',#9355,#9356);
#9355 = CARTESIAN_POINT('',(0.,0.));
#9356 = VECTOR('',#9357,1.);
#9357 = DIRECTION('',(0.,-1.));
#9358 = ( GEOMETRIC_REPRESENTATION_CONTEXT(2) 
PARAMETRIC_REPRESENTATION_CONTEXT() REPRESENTATION_CONTEXT('2D SPACE',''
  ) );
#9359 = ADVANCED_FACE('',(#9360),#3821,.F.);
#9360 = FACE_BOUND('',#9361,.F.);
#9361 = EDGE_LOOP('',(#9362,#9383,#9384,#9385));
#9362 = ORIENTED_EDGE('',*,*,#9363,.F.);
#9363 = EDGE_CURVE('',#9315,#9266,#9364,.T.);
#9364 = SURFACE_CURVE('',#9365,(#9369,#9376),.PCURVE_S1.);
#9365 = B_SPLINE_CURVE_WITH_KNOTS('',2,(#9366,#9367,#9368),
  .UNSPECIFIED.,.F.,.F.,(3,3),(0.,1.),.PIECEWISE_BEZIER_KNOTS.);
#9366 = CARTESIAN_POINT('',(-5.4404296875,16.23681640625,17.8));
#9367 = CARTESIAN_POINT('',(-5.244873046875,15.8369140625,17.8));
#9368 = CARTESIAN_POINT('',(-5.244873046875,15.35791015625,17.8));
#9369 = PCURVE('',#3821,#9370);
#9370 = DEFINITIONAL_REPRESENTATION('',(#9371),#9375);
#9371 = LINE('',#9372,#9373);
#9372 = CARTESIAN_POINT('',(0.,0.));
#9373 = VECTOR('',#9374,1.);
#9374 = DIRECTION('',(1.,0.));
#9375 = ( GEOMETRIC_REPRESENTATION_CONTEXT(2) 
PARAMETRIC_REPRESENTATION_CONTEXT() REPRESENTATION_CONTEXT('2D SPACE',''
  ) );
#9376 = PCURVE('',#8864,#9377);
#9377 = DEFINITIONAL_REPRESENTATION('',(#9378),#9382);
#9378 = B_SPLINE_CURVE_WITH_KNOTS('',2,(#9379,#9380,#9381),
  .UNSPECIFIED.,.F.,.F.,(3,3),(0.,1.),.PIECEWISE_BEZIER_KNOTS.);
#9379 = CARTESIAN_POINT('',(5.416259765625,5.4580078125));
#9380 = CARTESIAN_POINT('',(5.61181640625,5.05810546875));
#9381 = CARTESIAN_POINT('',(5.61181640625,4.5791015625));
#9382 = ( GEOMETRIC_REPRESENTATION_CONTEXT(2) 
PARAMETRIC_REPRESENTATION_CONTEXT() REPRESENTATION_CONTEXT('2D SPACE',''
  ) );
#9383 = ORIENTED_EDGE('',*,*,#9339,.T.);
#9384 = ORIENTED_EDGE('',*,*,#3791,.F.);
#9385 = ORIENTED_EDGE('',*,*,#9288,.F.);
#9386 = ADVANCED_FACE('',(#9387),#4046,.F.);
#9387 = FACE_BOUND('',#9388,.F.);
#9388 = EDGE_LOOP('',(#9389,#9419,#9440,#9441));
#9389 = ORIENTED_EDGE('',*,*,#9390,.F.);
#9390 = EDGE_CURVE('',#9391,#9393,#9395,.T.);
#9391 = VERTEX_POINT('',#9392);
#9392 = CARTESIAN_POINT('',(-3.161865234375,10.77880859375,17.8));
#9393 = VERTEX_POINT('',#9394);
#9394 = CARTESIAN_POINT('',(-4.014404296875,10.77880859375,17.8));
#9395 = SURFACE_CURVE('',#9396,(#9400,#9407),.PCURVE_S1.);
#9396 = LINE('',#9397,#9398);
#9397 = CARTESIAN_POINT('',(-3.161865234375,10.77880859375,17.8));
#9398 = VECTOR('',#9399,1.);
#9399 = DIRECTION('',(-1.,0.,0.));
#9400 = PCURVE('',#4046,#9401);
#9401 = DEFINITIONAL_REPRESENTATION('',(#9402),#9406);
#9402 = LINE('',#9403,#9404);
#9403 = CARTESIAN_POINT('',(0.,-0.));
#9404 = VECTOR('',#9405,1.);
#9405 = DIRECTION('',(1.,0.));
#9406 = ( GEOMETRIC_REPRESENTATION_CONTEXT(2) 
PARAMETRIC_REPRESENTATION_CONTEXT() REPRESENTATION_CONTEXT('2D SPACE',''
  ) );
#9407 = PCURVE('',#9408,#9413);
#9408 = PLANE('',#9409);
#9409 = AXIS2_PLACEMENT_3D('',#9410,#9411,#9412);
#9410 = CARTESIAN_POINT('',(-4.853759765625,10.77880859375,17.8));
#9411 = DIRECTION('',(0.,0.,1.));
#9412 = DIRECTION('',(1.,0.,0.));
#9413 = DEFINITIONAL_REPRESENTATION('',(#9414),#9418);
#9414 = LINE('',#9415,#9416);
#9415 = CARTESIAN_POINT('',(1.69189453125,0.));
#9416 = VECTOR('',#9417,1.);
#9417 = DIRECTION('',(-1.,0.));
#9418 = ( GEOMETRIC_REPRESENTATION_CONTEXT(2) 
PARAMETRIC_REPRESENTATION_CONTEXT() REPRESENTATION_CONTEXT('2D SPACE',''
  ) );
#9419 = ORIENTED_EDGE('',*,*,#9420,.T.);
#9420 = EDGE_CURVE('',#9391,#4032,#9421,.T.);
#9421 = SURFACE_CURVE('',#9422,(#9426,#9433),.PCURVE_S1.);
#9422 = LINE('',#9423,#9424);
#9423 = CARTESIAN_POINT('',(-3.161865234375,10.77880859375,17.8));
#9424 = VECTOR('',#9425,1.);
#9425 = DIRECTION('',(0.,0.,1.));
#9426 = PCURVE('',#4046,#9427);
#9427 = DEFINITIONAL_REPRESENTATION('',(#9428),#9432);
#9428 = LINE('',#9429,#9430);
#9429 = CARTESIAN_POINT('',(0.,-0.));
#9430 = VECTOR('',#9431,1.);
#9431 = DIRECTION('',(0.,-1.));
#9432 = ( GEOMETRIC_REPRESENTATION_CONTEXT(2) 
PARAMETRIC_REPRESENTATION_CONTEXT() REPRESENTATION_CONTEXT('2D SPACE',''
  ) );
#9433 = PCURVE('',#4122,#9434);
#9434 = DEFINITIONAL_REPRESENTATION('',(#9435),#9439);
#9435 = LINE('',#9436,#9437);
#9436 = CARTESIAN_POINT('',(6.4423828125,0.));
#9437 = VECTOR('',#9438,1.);
#9438 = DIRECTION('',(0.,-1.));
#9439 = ( GEOMETRIC_REPRESENTATION_CONTEXT(2) 
PARAMETRIC_REPRESENTATION_CONTEXT() REPRESENTATION_CONTEXT('2D SPACE',''
  ) );
#9440 = ORIENTED_EDGE('',*,*,#4029,.F.);
#9441 = ORIENTED_EDGE('',*,*,#9442,.F.);
#9442 = EDGE_CURVE('',#9393,#4030,#9443,.T.);
#9443 = SURFACE_CURVE('',#9444,(#9448,#9455),.PCURVE_S1.);
#9444 = LINE('',#9445,#9446);
#9445 = CARTESIAN_POINT('',(-4.014404296875,10.77880859375,17.8));
#9446 = VECTOR('',#9447,1.);
#9447 = DIRECTION('',(0.,0.,1.));
#9448 = PCURVE('',#4046,#9449);
#9449 = DEFINITIONAL_REPRESENTATION('',(#9450),#9454);
#9450 = LINE('',#9451,#9452);
#9451 = CARTESIAN_POINT('',(0.8525390625,0.));
#9452 = VECTOR('',#9453,1.);
#9453 = DIRECTION('',(0.,-1.));
#9454 = ( GEOMETRIC_REPRESENTATION_CONTEXT(2) 
PARAMETRIC_REPRESENTATION_CONTEXT() REPRESENTATION_CONTEXT('2D SPACE',''
  ) );
#9455 = PCURVE('',#4072,#9456);
#9456 = DEFINITIONAL_REPRESENTATION('',(#9457),#9461);
#9457 = LINE('',#9458,#9459);
#9458 = CARTESIAN_POINT('',(0.,0.));
#9459 = VECTOR('',#9460,1.);
#9460 = DIRECTION('',(0.,-1.));
#9461 = ( GEOMETRIC_REPRESENTATION_CONTEXT(2) 
PARAMETRIC_REPRESENTATION_CONTEXT() REPRESENTATION_CONTEXT('2D SPACE',''
  ) );
#9462 = ADVANCED_FACE('',(#9463),#4072,.F.);
#9463 = FACE_BOUND('',#9464,.F.);
#9464 = EDGE_LOOP('',(#9465,#9488,#9489,#9490));
#9465 = ORIENTED_EDGE('',*,*,#9466,.F.);
#9466 = EDGE_CURVE('',#9393,#9467,#9469,.T.);
#9467 = VERTEX_POINT('',#9468);
#9468 = CARTESIAN_POINT('',(-4.014404296875,17.22119140625,17.8));
#9469 = SURFACE_CURVE('',#9470,(#9474,#9481),.PCURVE_S1.);
#9470 = LINE('',#9471,#9472);
#9471 = CARTESIAN_POINT('',(-4.014404296875,10.77880859375,17.8));
#9472 = VECTOR('',#9473,1.);
#9473 = DIRECTION('',(0.,1.,0.));
#9474 = PCURVE('',#4072,#9475);
#9475 = DEFINITIONAL_REPRESENTATION('',(#9476),#9480);
#9476 = LINE('',#9477,#9478);
#9477 = CARTESIAN_POINT('',(0.,0.));
#9478 = VECTOR('',#9479,1.);
#9479 = DIRECTION('',(1.,0.));
#9480 = ( GEOMETRIC_REPRESENTATION_CONTEXT(2) 
PARAMETRIC_REPRESENTATION_CONTEXT() REPRESENTATION_CONTEXT('2D SPACE',''
  ) );
#9481 = PCURVE('',#9408,#9482);
#9482 = DEFINITIONAL_REPRESENTATION('',(#9483),#9487);
#9483 = LINE('',#9484,#9485);
#9484 = CARTESIAN_POINT('',(0.83935546875,0.));
#9485 = VECTOR('',#9486,1.);
#9486 = DIRECTION('',(0.,1.));
#9487 = ( GEOMETRIC_REPRESENTATION_CONTEXT(2) 
PARAMETRIC_REPRESENTATION_CONTEXT() REPRESENTATION_CONTEXT('2D SPACE',''
  ) );
#9488 = ORIENTED_EDGE('',*,*,#9442,.T.);
#9489 = ORIENTED_EDGE('',*,*,#4057,.F.);
#9490 = ORIENTED_EDGE('',*,*,#9491,.F.);
#9491 = EDGE_CURVE('',#9467,#4058,#9492,.T.);
#9492 = SURFACE_CURVE('',#9493,(#9497,#9504),.PCURVE_S1.);
#9493 = LINE('',#9494,#9495);
#9494 = CARTESIAN_POINT('',(-4.014404296875,17.22119140625,17.8));
#9495 = VECTOR('',#9496,1.);
#9496 = DIRECTION('',(0.,0.,1.));
#9497 = PCURVE('',#4072,#9498);
#9498 = DEFINITIONAL_REPRESENTATION('',(#9499),#9503);
#9499 = LINE('',#9500,#9501);
#9500 = CARTESIAN_POINT('',(6.4423828125,0.));
#9501 = VECTOR('',#9502,1.);
#9502 = DIRECTION('',(0.,-1.));
#9503 = ( GEOMETRIC_REPRESENTATION_CONTEXT(2) 
PARAMETRIC_REPRESENTATION_CONTEXT() REPRESENTATION_CONTEXT('2D SPACE',''
  ) );
#9504 = PCURVE('',#4098,#9505);
#9505 = DEFINITIONAL_REPRESENTATION('',(#9506),#9510);
#9506 = LINE('',#9507,#9508);
#9507 = CARTESIAN_POINT('',(0.,0.));
#9508 = VECTOR('',#9509,1.);
#9509 = DIRECTION('',(0.,-1.));
#9510 = ( GEOMETRIC_REPRESENTATION_CONTEXT(2) 
PARAMETRIC_REPRESENTATION_CONTEXT() REPRESENTATION_CONTEXT('2D SPACE',''
  ) );
#9511 = ADVANCED_FACE('',(#9512),#4122,.F.);
#9512 = FACE_BOUND('',#9513,.F.);
#9513 = EDGE_LOOP('',(#9514,#9537,#9558,#9559));
#9514 = ORIENTED_EDGE('',*,*,#9515,.F.);
#9515 = EDGE_CURVE('',#9516,#9391,#9518,.T.);
#9516 = VERTEX_POINT('',#9517);
#9517 = CARTESIAN_POINT('',(-3.161865234375,17.22119140625,17.8));
#9518 = SURFACE_CURVE('',#9519,(#9523,#9530),.PCURVE_S1.);
#9519 = LINE('',#9520,#9521);
#9520 = CARTESIAN_POINT('',(-3.161865234375,17.22119140625,17.8));
#9521 = VECTOR('',#9522,1.);
#9522 = DIRECTION('',(0.,-1.,0.));
#9523 = PCURVE('',#4122,#9524);
#9524 = DEFINITIONAL_REPRESENTATION('',(#9525),#9529);
#9525 = LINE('',#9526,#9527);
#9526 = CARTESIAN_POINT('',(0.,0.));
#9527 = VECTOR('',#9528,1.);
#9528 = DIRECTION('',(1.,0.));
#9529 = ( GEOMETRIC_REPRESENTATION_CONTEXT(2) 
PARAMETRIC_REPRESENTATION_CONTEXT() REPRESENTATION_CONTEXT('2D SPACE',''
  ) );
#9530 = PCURVE('',#9408,#9531);
#9531 = DEFINITIONAL_REPRESENTATION('',(#9532),#9536);
#9532 = LINE('',#9533,#9534);
#9533 = CARTESIAN_POINT('',(1.69189453125,6.4423828125));
#9534 = VECTOR('',#9535,1.);
#9535 = DIRECTION('',(0.,-1.));
#9536 = ( GEOMETRIC_REPRESENTATION_CONTEXT(2) 
PARAMETRIC_REPRESENTATION_CONTEXT() REPRESENTATION_CONTEXT('2D SPACE',''
  ) );
#9537 = ORIENTED_EDGE('',*,*,#9538,.T.);
#9538 = EDGE_CURVE('',#9516,#4084,#9539,.T.);
#9539 = SURFACE_CURVE('',#9540,(#9544,#9551),.PCURVE_S1.);
#9540 = LINE('',#9541,#9542);
#9541 = CARTESIAN_POINT('',(-3.161865234375,17.22119140625,17.8));
#9542 = VECTOR('',#9543,1.);
#9543 = DIRECTION('',(0.,0.,1.));
#9544 = PCURVE('',#4122,#9545);
#9545 = DEFINITIONAL_REPRESENTATION('',(#9546),#9550);
#9546 = LINE('',#9547,#9548);
#9547 = CARTESIAN_POINT('',(0.,0.));
#9548 = VECTOR('',#9549,1.);
#9549 = DIRECTION('',(0.,-1.));
#9550 = ( GEOMETRIC_REPRESENTATION_CONTEXT(2) 
PARAMETRIC_REPRESENTATION_CONTEXT() REPRESENTATION_CONTEXT('2D SPACE',''
  ) );
#9551 = PCURVE('',#4098,#9552);
#9552 = DEFINITIONAL_REPRESENTATION('',(#9553),#9557);
#9553 = LINE('',#9554,#9555);
#9554 = CARTESIAN_POINT('',(0.8525390625,0.));
#9555 = VECTOR('',#9556,1.);
#9556 = DIRECTION('',(0.,-1.));
#9557 = ( GEOMETRIC_REPRESENTATION_CONTEXT(2) 
PARAMETRIC_REPRESENTATION_CONTEXT() REPRESENTATION_CONTEXT('2D SPACE',''
  ) );
#9558 = ORIENTED_EDGE('',*,*,#4109,.F.);
#9559 = ORIENTED_EDGE('',*,*,#9420,.F.);
#9560 = ADVANCED_FACE('',(#9561),#4098,.F.);
#9561 = FACE_BOUND('',#9562,.F.);
#9562 = EDGE_LOOP('',(#9563,#9584,#9585,#9586));
#9563 = ORIENTED_EDGE('',*,*,#9564,.F.);
#9564 = EDGE_CURVE('',#9467,#9516,#9565,.T.);
#9565 = SURFACE_CURVE('',#9566,(#9570,#9577),.PCURVE_S1.);
#9566 = LINE('',#9567,#9568);
#9567 = CARTESIAN_POINT('',(-4.014404296875,17.22119140625,17.8));
#9568 = VECTOR('',#9569,1.);
#9569 = DIRECTION('',(1.,0.,0.));
#9570 = PCURVE('',#4098,#9571);
#9571 = DEFINITIONAL_REPRESENTATION('',(#9572),#9576);
#9572 = LINE('',#9573,#9574);
#9573 = CARTESIAN_POINT('',(0.,0.));
#9574 = VECTOR('',#9575,1.);
#9575 = DIRECTION('',(1.,0.));
#9576 = ( GEOMETRIC_REPRESENTATION_CONTEXT(2) 
PARAMETRIC_REPRESENTATION_CONTEXT() REPRESENTATION_CONTEXT('2D SPACE',''
  ) );
#9577 = PCURVE('',#9408,#9578);
#9578 = DEFINITIONAL_REPRESENTATION('',(#9579),#9583);
#9579 = LINE('',#9580,#9581);
#9580 = CARTESIAN_POINT('',(0.83935546875,6.4423828125));
#9581 = VECTOR('',#9582,1.);
#9582 = DIRECTION('',(1.,0.));
#9583 = ( GEOMETRIC_REPRESENTATION_CONTEXT(2) 
PARAMETRIC_REPRESENTATION_CONTEXT() REPRESENTATION_CONTEXT('2D SPACE',''
  ) );
#9584 = ORIENTED_EDGE('',*,*,#9491,.T.);
#9585 = ORIENTED_EDGE('',*,*,#4083,.F.);
#9586 = ORIENTED_EDGE('',*,*,#9538,.F.);
#9587 = ADVANCED_FACE('',(#9588),#4152,.F.);
#9588 = FACE_BOUND('',#9589,.F.);
#9589 = EDGE_LOOP('',(#9590,#9591,#9614,#9641));
#9590 = ORIENTED_EDGE('',*,*,#4135,.F.);
#9591 = ORIENTED_EDGE('',*,*,#9592,.F.);
#9592 = EDGE_CURVE('',#9593,#4136,#9595,.T.);
#9593 = VERTEX_POINT('',#9594);
#9594 = CARTESIAN_POINT('',(6.7,-1.641026710857E-15,15.9));
#9595 = SEAM_CURVE('',#9596,(#9600,#9607),.PCURVE_S1.);
#9596 = LINE('',#9597,#9598);
#9597 = CARTESIAN_POINT('',(6.7,-1.641026710857E-15,15.9));
#9598 = VECTOR('',#9599,1.);
#9599 = DIRECTION('',(0.,0.,1.));
#9600 = PCURVE('',#4152,#9601);
#9601 = DEFINITIONAL_REPRESENTATION('',(#9602),#9606);
#9602 = LINE('',#9603,#9604);
#9603 = CARTESIAN_POINT('',(6.28318530718,-0.));
#9604 = VECTOR('',#9605,1.);
#9605 = DIRECTION('',(0.,1.));
#9606 = ( GEOMETRIC_REPRESENTATION_CONTEXT(2) 
PARAMETRIC_REPRESENTATION_CONTEXT() REPRESENTATION_CONTEXT('2D SPACE',''
  ) );
#9607 = PCURVE('',#4152,#9608);
#9608 = DEFINITIONAL_REPRESENTATION('',(#9609),#9613);
#9609 = LINE('',#9610,#9611);
#9610 = CARTESIAN_POINT('',(0.,-0.));
#9611 = VECTOR('',#9612,1.);
#9612 = DIRECTION('',(0.,1.));
#9613 = ( GEOMETRIC_REPRESENTATION_CONTEXT(2) 
PARAMETRIC_REPRESENTATION_CONTEXT() REPRESENTATION_CONTEXT('2D SPACE',''
  ) );
#9614 = ORIENTED_EDGE('',*,*,#9615,.T.);
#9615 = EDGE_CURVE('',#9593,#9593,#9616,.T.);
#9616 = SURFACE_CURVE('',#9617,(#9622,#9629),.PCURVE_S1.);
#9617 = CIRCLE('',#9618,6.7);
#9618 = AXIS2_PLACEMENT_3D('',#9619,#9620,#9621);
#9619 = CARTESIAN_POINT('',(0.,0.,15.9));
#9620 = DIRECTION('',(0.,0.,1.));
#9621 = DIRECTION('',(1.,0.,-0.));
#9622 = PCURVE('',#4152,#9623);
#9623 = DEFINITIONAL_REPRESENTATION('',(#9624),#9628);
#9624 = LINE('',#9625,#9626);
#9625 = CARTESIAN_POINT('',(0.,0.));
#9626 = VECTOR('',#9627,1.);
#9627 = DIRECTION('',(1.,0.));
#9628 = ( GEOMETRIC_REPRESENTATION_CONTEXT(2) 
PARAMETRIC_REPRESENTATION_CONTEXT() REPRESENTATION_CONTEXT('2D SPACE',''
  ) );
#9629 = PCURVE('',#9630,#9635);
#9630 = PLANE('',#9631);
#9631 = AXIS2_PLACEMENT_3D('',#9632,#9633,#9634);
#9632 = CARTESIAN_POINT('',(0.,0.,15.9));
#9633 = DIRECTION('',(0.,0.,1.));
#9634 = DIRECTION('',(1.,0.,-0.));
#9635 = DEFINITIONAL_REPRESENTATION('',(#9636),#9640);
#9636 = CIRCLE('',#9637,6.7);
#9637 = AXIS2_PLACEMENT_2D('',#9638,#9639);
#9638 = CARTESIAN_POINT('',(0.,0.));
#9639 = DIRECTION('',(1.,0.));
#9640 = ( GEOMETRIC_REPRESENTATION_CONTEXT(2) 
PARAMETRIC_REPRESENTATION_CONTEXT() REPRESENTATION_CONTEXT('2D SPACE',''
  ) );
#9641 = ORIENTED_EDGE('',*,*,#9592,.T.);
#9642 = ADVANCED_FACE('',(#9643),#4183,.F.);
#9643 = FACE_BOUND('',#9644,.F.);
#9644 = EDGE_LOOP('',(#9645,#9675,#9696,#9697));
#9645 = ORIENTED_EDGE('',*,*,#9646,.F.);
#9646 = EDGE_CURVE('',#9647,#9649,#9651,.T.);
#9647 = VERTEX_POINT('',#9648);
#9648 = CARTESIAN_POINT('',(2.937744140625,13.03759765625,17.8));
#9649 = VERTEX_POINT('',#9650);
#9650 = CARTESIAN_POINT('',(3.790283203125,12.822265625,17.8));
#9651 = SURFACE_CURVE('',#9652,(#9656,#9663),.PCURVE_S1.);
#9652 = LINE('',#9653,#9654);
#9653 = CARTESIAN_POINT('',(2.937744140625,13.03759765625,17.8));
#9654 = VECTOR('',#9655,1.);
#9655 = DIRECTION('',(0.969551685994,-0.24488676605,0.));
#9656 = PCURVE('',#4183,#9657);
#9657 = DEFINITIONAL_REPRESENTATION('',(#9658),#9662);
#9658 = LINE('',#9659,#9660);
#9659 = CARTESIAN_POINT('',(0.,0.));
#9660 = VECTOR('',#9661,1.);
#9661 = DIRECTION('',(1.,0.));
#9662 = ( GEOMETRIC_REPRESENTATION_CONTEXT(2) 
PARAMETRIC_REPRESENTATION_CONTEXT() REPRESENTATION_CONTEXT('2D SPACE',''
  ) );
#9663 = PCURVE('',#9664,#9669);
#9664 = PLANE('',#9665);
#9665 = AXIS2_PLACEMENT_3D('',#9666,#9667,#9668);
#9666 = CARTESIAN_POINT('',(-2.353271484375,10.77880859375,17.8));
#9667 = DIRECTION('',(0.,0.,1.));
#9668 = DIRECTION('',(1.,0.,0.));
#9669 = DEFINITIONAL_REPRESENTATION('',(#9670),#9674);
#9670 = LINE('',#9671,#9672);
#9671 = CARTESIAN_POINT('',(5.291015625,2.2587890625));
#9672 = VECTOR('',#9673,1.);
#9673 = DIRECTION('',(0.969551685994,-0.24488676605));
#9674 = ( GEOMETRIC_REPRESENTATION_CONTEXT(2) 
PARAMETRIC_REPRESENTATION_CONTEXT() REPRESENTATION_CONTEXT('2D SPACE',''
  ) );
#9675 = ORIENTED_EDGE('',*,*,#9676,.T.);
#9676 = EDGE_CURVE('',#9647,#4169,#9677,.T.);
#9677 = SURFACE_CURVE('',#9678,(#9682,#9689),.PCURVE_S1.);
#9678 = LINE('',#9679,#9680);
#9679 = CARTESIAN_POINT('',(2.937744140625,13.03759765625,17.8));
#9680 = VECTOR('',#9681,1.);
#9681 = DIRECTION('',(0.,0.,1.));
#9682 = PCURVE('',#4183,#9683);
#9683 = DEFINITIONAL_REPRESENTATION('',(#9684),#9688);
#9684 = LINE('',#9685,#9686);
#9685 = CARTESIAN_POINT('',(0.,0.));
#9686 = VECTOR('',#9687,1.);
#9687 = DIRECTION('',(0.,-1.));
#9688 = ( GEOMETRIC_REPRESENTATION_CONTEXT(2) 
PARAMETRIC_REPRESENTATION_CONTEXT() REPRESENTATION_CONTEXT('2D SPACE',''
  ) );
#9689 = PCURVE('',#5350,#9690);
#9690 = DEFINITIONAL_REPRESENTATION('',(#9691),#9695);
#9691 = LINE('',#9692,#9693);
#9692 = CARTESIAN_POINT('',(1.,0.));
#9693 = VECTOR('',#9694,1.);
#9694 = DIRECTION('',(0.,-1.));
#9695 = ( GEOMETRIC_REPRESENTATION_CONTEXT(2) 
PARAMETRIC_REPRESENTATION_CONTEXT() REPRESENTATION_CONTEXT('2D SPACE',''
  ) );
#9696 = ORIENTED_EDGE('',*,*,#4166,.F.);
#9697 = ORIENTED_EDGE('',*,*,#9698,.F.);
#9698 = EDGE_CURVE('',#9649,#4167,#9699,.T.);
#9699 = SURFACE_CURVE('',#9700,(#9704,#9711),.PCURVE_S1.);
#9700 = LINE('',#9701,#9702);
#9701 = CARTESIAN_POINT('',(3.790283203125,12.822265625,17.8));
#9702 = VECTOR('',#9703,1.);
#9703 = DIRECTION('',(0.,0.,1.));
#9704 = PCURVE('',#4183,#9705);
#9705 = DEFINITIONAL_REPRESENTATION('',(#9706),#9710);
#9706 = LINE('',#9707,#9708);
#9707 = CARTESIAN_POINT('',(0.879312650182,0.));
#9708 = VECTOR('',#9709,1.);
#9709 = DIRECTION('',(0.,-1.));
#9710 = ( GEOMETRIC_REPRESENTATION_CONTEXT(2) 
PARAMETRIC_REPRESENTATION_CONTEXT() REPRESENTATION_CONTEXT('2D SPACE',''
  ) );
#9711 = PCURVE('',#4248,#9712);
#9712 = DEFINITIONAL_REPRESENTATION('',(#9713),#9717);
#9713 = LINE('',#9714,#9715);
#9714 = CARTESIAN_POINT('',(0.,0.));
#9715 = VECTOR('',#9716,1.);
#9716 = DIRECTION('',(0.,-1.));
#9717 = ( GEOMETRIC_REPRESENTATION_CONTEXT(2) 
PARAMETRIC_REPRESENTATION_CONTEXT() REPRESENTATION_CONTEXT('2D SPACE',''
  ) );
#9718 = ADVANCED_FACE('',(#9719),#4248,.F.);
#9719 = FACE_BOUND('',#9720,.F.);
#9720 = EDGE_LOOP('',(#9721,#9744,#9745,#9746));
#9721 = ORIENTED_EDGE('',*,*,#9722,.F.);
#9722 = EDGE_CURVE('',#9649,#9723,#9725,.T.);
#9723 = VERTEX_POINT('',#9724);
#9724 = CARTESIAN_POINT('',(2.82568359375,11.220458984375,17.8));
#9725 = SURFACE_CURVE('',#9726,(#9730,#9737),.PCURVE_S1.);
#9726 = B_SPLINE_CURVE_WITH_KNOTS('',2,(#9727,#9728,#9729),
  .UNSPECIFIED.,.F.,.F.,(3,3),(0.,1.),.PIECEWISE_BEZIER_KNOTS.);
#9727 = CARTESIAN_POINT('',(3.790283203125,12.822265625,17.8));
#9728 = CARTESIAN_POINT('',(3.522216796875,11.77197265625,17.8));
#9729 = CARTESIAN_POINT('',(2.82568359375,11.220458984375,17.8));
#9730 = PCURVE('',#4248,#9731);
#9731 = DEFINITIONAL_REPRESENTATION('',(#9732),#9736);
#9732 = LINE('',#9733,#9734);
#9733 = CARTESIAN_POINT('',(0.,0.));
#9734 = VECTOR('',#9735,1.);
#9735 = DIRECTION('',(1.,0.));
#9736 = ( GEOMETRIC_REPRESENTATION_CONTEXT(2) 
PARAMETRIC_REPRESENTATION_CONTEXT() REPRESENTATION_CONTEXT('2D SPACE',''
  ) );
#9737 = PCURVE('',#9664,#9738);
#9738 = DEFINITIONAL_REPRESENTATION('',(#9739),#9743);
#9739 = B_SPLINE_CURVE_WITH_KNOTS('',2,(#9740,#9741,#9742),
  .UNSPECIFIED.,.F.,.F.,(3,3),(0.,1.),.PIECEWISE_BEZIER_KNOTS.);
#9740 = CARTESIAN_POINT('',(6.1435546875,2.04345703125));
#9741 = CARTESIAN_POINT('',(5.87548828125,0.9931640625));
#9742 = CARTESIAN_POINT('',(5.178955078125,0.441650390625));
#9743 = ( GEOMETRIC_REPRESENTATION_CONTEXT(2) 
PARAMETRIC_REPRESENTATION_CONTEXT() REPRESENTATION_CONTEXT('2D SPACE',''
  ) );
#9744 = ORIENTED_EDGE('',*,*,#9698,.T.);
#9745 = ORIENTED_EDGE('',*,*,#4194,.F.);
#9746 = ORIENTED_EDGE('',*,*,#9747,.F.);
#9747 = EDGE_CURVE('',#9723,#4195,#9748,.T.);
#9748 = SURFACE_CURVE('',#9749,(#9753,#9760),.PCURVE_S1.);
#9749 = LINE('',#9750,#9751);
#9750 = CARTESIAN_POINT('',(2.82568359375,11.220458984375,17.8));
#9751 = VECTOR('',#9752,1.);
#9752 = DIRECTION('',(0.,0.,1.));
#9753 = PCURVE('',#4248,#9754);
#9754 = DEFINITIONAL_REPRESENTATION('',(#9755),#9759);
#9755 = LINE('',#9756,#9757);
#9756 = CARTESIAN_POINT('',(1.,0.));
#9757 = VECTOR('',#9758,1.);
#9758 = DIRECTION('',(0.,-1.));
#9759 = ( GEOMETRIC_REPRESENTATION_CONTEXT(2) 
PARAMETRIC_REPRESENTATION_CONTEXT() REPRESENTATION_CONTEXT('2D SPACE',''
  ) );
#9760 = PCURVE('',#4319,#9761);
#9761 = DEFINITIONAL_REPRESENTATION('',(#9762),#9766);
#9762 = LINE('',#9763,#9764);
#9763 = CARTESIAN_POINT('',(0.,0.));
#9764 = VECTOR('',#9765,1.);
#9765 = DIRECTION('',(0.,-1.));
#9766 = ( GEOMETRIC_REPRESENTATION_CONTEXT(2) 
PARAMETRIC_REPRESENTATION_CONTEXT() REPRESENTATION_CONTEXT('2D SPACE',''
  ) );
#9767 = ADVANCED_FACE('',(#9768),#5350,.F.);
#9768 = FACE_BOUND('',#9769,.F.);
#9769 = EDGE_LOOP('',(#9770,#9793,#9814,#9815));
#9770 = ORIENTED_EDGE('',*,*,#9771,.F.);
#9771 = EDGE_CURVE('',#9772,#9647,#9774,.T.);
#9772 = VERTEX_POINT('',#9773);
#9773 = CARTESIAN_POINT('',(2.265380859375,11.8115234375,17.8));
#9774 = SURFACE_CURVE('',#9775,(#9779,#9786),.PCURVE_S1.);
#9775 = B_SPLINE_CURVE_WITH_KNOTS('',2,(#9776,#9777,#9778),
  .UNSPECIFIED.,.F.,.F.,(3,3),(0.,1.),.PIECEWISE_BEZIER_KNOTS.);
#9776 = CARTESIAN_POINT('',(2.265380859375,11.8115234375,17.8));
#9777 = CARTESIAN_POINT('',(2.761962890625,12.224609375,17.8));
#9778 = CARTESIAN_POINT('',(2.937744140625,13.03759765625,17.8));
#9779 = PCURVE('',#5350,#9780);
#9780 = DEFINITIONAL_REPRESENTATION('',(#9781),#9785);
#9781 = LINE('',#9782,#9783);
#9782 = CARTESIAN_POINT('',(0.,0.));
#9783 = VECTOR('',#9784,1.);
#9784 = DIRECTION('',(1.,0.));
#9785 = ( GEOMETRIC_REPRESENTATION_CONTEXT(2) 
PARAMETRIC_REPRESENTATION_CONTEXT() REPRESENTATION_CONTEXT('2D SPACE',''
  ) );
#9786 = PCURVE('',#9664,#9787);
#9787 = DEFINITIONAL_REPRESENTATION('',(#9788),#9792);
#9788 = B_SPLINE_CURVE_WITH_KNOTS('',2,(#9789,#9790,#9791),
  .UNSPECIFIED.,.F.,.F.,(3,3),(0.,1.),.PIECEWISE_BEZIER_KNOTS.);
#9789 = CARTESIAN_POINT('',(4.61865234375,1.03271484375));
#9790 = CARTESIAN_POINT('',(5.115234375,1.44580078125));
#9791 = CARTESIAN_POINT('',(5.291015625,2.2587890625));
#9792 = ( GEOMETRIC_REPRESENTATION_CONTEXT(2) 
PARAMETRIC_REPRESENTATION_CONTEXT() REPRESENTATION_CONTEXT('2D SPACE',''
  ) );
#9793 = ORIENTED_EDGE('',*,*,#9794,.T.);
#9794 = EDGE_CURVE('',#9772,#5262,#9795,.T.);
#9795 = SURFACE_CURVE('',#9796,(#9800,#9807),.PCURVE_S1.);
#9796 = LINE('',#9797,#9798);
#9797 = CARTESIAN_POINT('',(2.265380859375,11.8115234375,17.8));
#9798 = VECTOR('',#9799,1.);
#9799 = DIRECTION('',(0.,0.,1.));
#9800 = PCURVE('',#5350,#9801);
#9801 = DEFINITIONAL_REPRESENTATION('',(#9802),#9806);
#9802 = LINE('',#9803,#9804);
#9803 = CARTESIAN_POINT('',(0.,0.));
#9804 = VECTOR('',#9805,1.);
#9805 = DIRECTION('',(0.,-1.));
#9806 = ( GEOMETRIC_REPRESENTATION_CONTEXT(2) 
PARAMETRIC_REPRESENTATION_CONTEXT() REPRESENTATION_CONTEXT('2D SPACE',''
  ) );
#9807 = PCURVE('',#5295,#9808);
#9808 = DEFINITIONAL_REPRESENTATION('',(#9809),#9813);
#9809 = LINE('',#9810,#9811);
#9810 = CARTESIAN_POINT('',(1.,0.));
#9811 = VECTOR('',#9812,1.);
#9812 = DIRECTION('',(0.,-1.));
#9813 = ( GEOMETRIC_REPRESENTATION_CONTEXT(2) 
PARAMETRIC_REPRESENTATION_CONTEXT() REPRESENTATION_CONTEXT('2D SPACE',''
  ) );
#9814 = ORIENTED_EDGE('',*,*,#5318,.F.);
#9815 = ORIENTED_EDGE('',*,*,#9676,.F.);
#9816 = ADVANCED_FACE('',(#9817),#4319,.F.);
#9817 = FACE_BOUND('',#9818,.F.);
#9818 = EDGE_LOOP('',(#9819,#9842,#9843,#9844));
#9819 = ORIENTED_EDGE('',*,*,#9820,.F.);
#9820 = EDGE_CURVE('',#9723,#9821,#9823,.T.);
#9821 = VERTEX_POINT('',#9822);
#9822 = CARTESIAN_POINT('',(1.122802734375,10.6689453125,17.8));
#9823 = SURFACE_CURVE('',#9824,(#9828,#9835),.PCURVE_S1.);
#9824 = B_SPLINE_CURVE_WITH_KNOTS('',2,(#9825,#9826,#9827),
  .UNSPECIFIED.,.F.,.F.,(3,3),(0.,1.),.PIECEWISE_BEZIER_KNOTS.);
#9825 = CARTESIAN_POINT('',(2.82568359375,11.220458984375,17.8));
#9826 = CARTESIAN_POINT('',(2.129150390625,10.6689453125,17.8));
#9827 = CARTESIAN_POINT('',(1.122802734375,10.6689453125,17.8));
#9828 = PCURVE('',#4319,#9829);
#9829 = DEFINITIONAL_REPRESENTATION('',(#9830),#9834);
#9830 = LINE('',#9831,#9832);
#9831 = CARTESIAN_POINT('',(0.,0.));
#9832 = VECTOR('',#9833,1.);
#9833 = DIRECTION('',(1.,0.));
#9834 = ( GEOMETRIC_REPRESENTATION_CONTEXT(2) 
PARAMETRIC_REPRESENTATION_CONTEXT() REPRESENTATION_CONTEXT('2D SPACE',''
  ) );
#9835 = PCURVE('',#9664,#9836);
#9836 = DEFINITIONAL_REPRESENTATION('',(#9837),#9841);
#9837 = B_SPLINE_CURVE_WITH_KNOTS('',2,(#9838,#9839,#9840),
  .UNSPECIFIED.,.F.,.F.,(3,3),(0.,1.),.PIECEWISE_BEZIER_KNOTS.);
#9838 = CARTESIAN_POINT('',(5.178955078125,0.441650390625));
#9839 = CARTESIAN_POINT('',(4.482421875,-0.10986328125));
#9840 = CARTESIAN_POINT('',(3.47607421875,-0.10986328125));
#9841 = ( GEOMETRIC_REPRESENTATION_CONTEXT(2) 
PARAMETRIC_REPRESENTATION_CONTEXT() REPRESENTATION_CONTEXT('2D SPACE',''
  ) );
#9842 = ORIENTED_EDGE('',*,*,#9747,.T.);
#9843 = ORIENTED_EDGE('',*,*,#4281,.F.);
#9844 = ORIENTED_EDGE('',*,*,#9845,.F.);
#9845 = EDGE_CURVE('',#9821,#4282,#9846,.T.);
#9846 = SURFACE_CURVE('',#9847,(#9851,#9858),.PCURVE_S1.);
#9847 = LINE('',#9848,#9849);
#9848 = CARTESIAN_POINT('',(1.122802734375,10.6689453125,17.8));
#9849 = VECTOR('',#9850,1.);
#9850 = DIRECTION('',(0.,0.,1.));
#9851 = PCURVE('',#4319,#9852);
#9852 = DEFINITIONAL_REPRESENTATION('',(#9853),#9857);
#9853 = LINE('',#9854,#9855);
#9854 = CARTESIAN_POINT('',(1.,0.));
#9855 = VECTOR('',#9856,1.);
#9856 = DIRECTION('',(0.,-1.));
#9857 = ( GEOMETRIC_REPRESENTATION_CONTEXT(2) 
PARAMETRIC_REPRESENTATION_CONTEXT() REPRESENTATION_CONTEXT('2D SPACE',''
  ) );
#9858 = PCURVE('',#4378,#9859);
#9859 = DEFINITIONAL_REPRESENTATION('',(#9860),#9864);
#9860 = LINE('',#9861,#9862);
#9861 = CARTESIAN_POINT('',(0.,0.));
#9862 = VECTOR('',#9863,1.);
#9863 = DIRECTION('',(0.,-1.));
#9864 = ( GEOMETRIC_REPRESENTATION_CONTEXT(2) 
PARAMETRIC_REPRESENTATION_CONTEXT() REPRESENTATION_CONTEXT('2D SPACE',''
  ) );
#9865 = ADVANCED_FACE('',(#9866),#5295,.F.);
#9866 = FACE_BOUND('',#9867,.F.);
#9867 = EDGE_LOOP('',(#9868,#9891,#9912,#9913));
#9868 = ORIENTED_EDGE('',*,*,#9869,.F.);
#9869 = EDGE_CURVE('',#9870,#9772,#9872,.T.);
#9870 = VERTEX_POINT('',#9871);
#9871 = CARTESIAN_POINT('',(1.052490234375,11.3984375,17.8));
#9872 = SURFACE_CURVE('',#9873,(#9877,#9884),.PCURVE_S1.);
#9873 = B_SPLINE_CURVE_WITH_KNOTS('',2,(#9874,#9875,#9876),
  .UNSPECIFIED.,.F.,.F.,(3,3),(0.,1.),.PIECEWISE_BEZIER_KNOTS.);
#9874 = CARTESIAN_POINT('',(1.052490234375,11.3984375,17.8));
#9875 = CARTESIAN_POINT('',(1.768798828125,11.3984375,17.8));
#9876 = CARTESIAN_POINT('',(2.265380859375,11.8115234375,17.8));
#9877 = PCURVE('',#5295,#9878);
#9878 = DEFINITIONAL_REPRESENTATION('',(#9879),#9883);
#9879 = LINE('',#9880,#9881);
#9880 = CARTESIAN_POINT('',(0.,0.));
#9881 = VECTOR('',#9882,1.);
#9882 = DIRECTION('',(1.,0.));
#9883 = ( GEOMETRIC_REPRESENTATION_CONTEXT(2) 
PARAMETRIC_REPRESENTATION_CONTEXT() REPRESENTATION_CONTEXT('2D SPACE',''
  ) );
#9884 = PCURVE('',#9664,#9885);
#9885 = DEFINITIONAL_REPRESENTATION('',(#9886),#9890);
#9886 = B_SPLINE_CURVE_WITH_KNOTS('',2,(#9887,#9888,#9889),
  .UNSPECIFIED.,.F.,.F.,(3,3),(0.,1.),.PIECEWISE_BEZIER_KNOTS.);
#9887 = CARTESIAN_POINT('',(3.40576171875,0.61962890625));
#9888 = CARTESIAN_POINT('',(4.1220703125,0.61962890625));
#9889 = CARTESIAN_POINT('',(4.61865234375,1.03271484375));
#9890 = ( GEOMETRIC_REPRESENTATION_CONTEXT(2) 
PARAMETRIC_REPRESENTATION_CONTEXT() REPRESENTATION_CONTEXT('2D SPACE',''
  ) );
#9891 = ORIENTED_EDGE('',*,*,#9892,.T.);
#9892 = EDGE_CURVE('',#9870,#5211,#9893,.T.);
#9893 = SURFACE_CURVE('',#9894,(#9898,#9905),.PCURVE_S1.);
#9894 = LINE('',#9895,#9896);
#9895 = CARTESIAN_POINT('',(1.052490234375,11.3984375,17.8));
#9896 = VECTOR('',#9897,1.);
#9897 = DIRECTION('',(0.,0.,1.));
#9898 = PCURVE('',#5295,#9899);
#9899 = DEFINITIONAL_REPRESENTATION('',(#9900),#9904);
#9900 = LINE('',#9901,#9902);
#9901 = CARTESIAN_POINT('',(0.,0.));
#9902 = VECTOR('',#9903,1.);
#9903 = DIRECTION('',(0.,-1.));
#9904 = ( GEOMETRIC_REPRESENTATION_CONTEXT(2) 
PARAMETRIC_REPRESENTATION_CONTEXT() REPRESENTATION_CONTEXT('2D SPACE',''
  ) );
#9905 = PCURVE('',#5240,#9906);
#9906 = DEFINITIONAL_REPRESENTATION('',(#9907),#9911);
#9907 = LINE('',#9908,#9909);
#9908 = CARTESIAN_POINT('',(1.,0.));
#9909 = VECTOR('',#9910,1.);
#9910 = DIRECTION('',(0.,-1.));
#9911 = ( GEOMETRIC_REPRESENTATION_CONTEXT(2) 
PARAMETRIC_REPRESENTATION_CONTEXT() REPRESENTATION_CONTEXT('2D SPACE',''
  ) );
#9912 = ORIENTED_EDGE('',*,*,#5261,.F.);
#9913 = ORIENTED_EDGE('',*,*,#9794,.F.);
#9914 = ADVANCED_FACE('',(#9915),#4378,.F.);
#9915 = FACE_BOUND('',#9916,.F.);
#9916 = EDGE_LOOP('',(#9917,#9940,#9941,#9942));
#9917 = ORIENTED_EDGE('',*,*,#9918,.F.);
#9918 = EDGE_CURVE('',#9821,#9919,#9921,.T.);
#9919 = VERTEX_POINT('',#9920);
#9920 = CARTESIAN_POINT('',(-0.5712890625,11.093017578125,17.8));
#9921 = SURFACE_CURVE('',#9922,(#9926,#9933),.PCURVE_S1.);
#9922 = B_SPLINE_CURVE_WITH_KNOTS('',2,(#9923,#9924,#9925),
  .UNSPECIFIED.,.F.,.F.,(3,3),(0.,1.),.PIECEWISE_BEZIER_KNOTS.);
#9923 = CARTESIAN_POINT('',(1.122802734375,10.6689453125,17.8));
#9924 = CARTESIAN_POINT('',(8.1298828125E-02,10.6689453125,17.8));
#9925 = CARTESIAN_POINT('',(-0.5712890625,11.093017578125,17.8));
#9926 = PCURVE('',#4378,#9927);
#9927 = DEFINITIONAL_REPRESENTATION('',(#9928),#9932);
#9928 = LINE('',#9929,#9930);
#9929 = CARTESIAN_POINT('',(0.,0.));
#9930 = VECTOR('',#9931,1.);
#9931 = DIRECTION('',(1.,0.));
#9932 = ( GEOMETRIC_REPRESENTATION_CONTEXT(2) 
PARAMETRIC_REPRESENTATION_CONTEXT() REPRESENTATION_CONTEXT('2D SPACE',''
  ) );
#9933 = PCURVE('',#9664,#9934);
#9934 = DEFINITIONAL_REPRESENTATION('',(#9935),#9939);
#9935 = B_SPLINE_CURVE_WITH_KNOTS('',2,(#9936,#9937,#9938),
  .UNSPECIFIED.,.F.,.F.,(3,3),(0.,1.),.PIECEWISE_BEZIER_KNOTS.);
#9936 = CARTESIAN_POINT('',(3.47607421875,-0.10986328125));
#9937 = CARTESIAN_POINT('',(2.4345703125,-0.10986328125));
#9938 = CARTESIAN_POINT('',(1.781982421875,0.314208984375));
#9939 = ( GEOMETRIC_REPRESENTATION_CONTEXT(2) 
PARAMETRIC_REPRESENTATION_CONTEXT() REPRESENTATION_CONTEXT('2D SPACE',''
  ) );
#9940 = ORIENTED_EDGE('',*,*,#9845,.T.);
#9941 = ORIENTED_EDGE('',*,*,#4344,.F.);
#9942 = ORIENTED_EDGE('',*,*,#9943,.F.);
#9943 = EDGE_CURVE('',#9919,#4345,#9944,.T.);
#9944 = SURFACE_CURVE('',#9945,(#9949,#9956),.PCURVE_S1.);
#9945 = LINE('',#9946,#9947);
#9946 = CARTESIAN_POINT('',(-0.5712890625,11.093017578125,17.8));
#9947 = VECTOR('',#9948,1.);
#9948 = DIRECTION('',(0.,0.,1.));
#9949 = PCURVE('',#4378,#9950);
#9950 = DEFINITIONAL_REPRESENTATION('',(#9951),#9955);
#9951 = LINE('',#9952,#9953);
#9952 = CARTESIAN_POINT('',(1.,0.));
#9953 = VECTOR('',#9954,1.);
#9954 = DIRECTION('',(0.,-1.));
#9955 = ( GEOMETRIC_REPRESENTATION_CONTEXT(2) 
PARAMETRIC_REPRESENTATION_CONTEXT() REPRESENTATION_CONTEXT('2D SPACE',''
  ) );
#9956 = PCURVE('',#4435,#9957);
#9957 = DEFINITIONAL_REPRESENTATION('',(#9958),#9962);
#9958 = LINE('',#9959,#9960);
#9959 = CARTESIAN_POINT('',(0.,0.));
#9960 = VECTOR('',#9961,1.);
#9961 = DIRECTION('',(0.,-1.));
#9962 = ( GEOMETRIC_REPRESENTATION_CONTEXT(2) 
PARAMETRIC_REPRESENTATION_CONTEXT() REPRESENTATION_CONTEXT('2D SPACE',''
  ) );
#9963 = ADVANCED_FACE('',(#9964),#5240,.F.);
#9964 = FACE_BOUND('',#9965,.F.);
#9965 = EDGE_LOOP('',(#9966,#9989,#10010,#10011));
#9966 = ORIENTED_EDGE('',*,*,#9967,.F.);
#9967 = EDGE_CURVE('',#9968,#9870,#9970,.T.);
#9968 = VERTEX_POINT('',#9969);
#9969 = CARTESIAN_POINT('',(-4.1748046875E-02,11.70166015625,17.8));
#9970 = SURFACE_CURVE('',#9971,(#9975,#9982),.PCURVE_S1.);
#9971 = B_SPLINE_CURVE_WITH_KNOTS('',2,(#9972,#9973,#9974),
  .UNSPECIFIED.,.F.,.F.,(3,3),(0.,1.),.PIECEWISE_BEZIER_KNOTS.);
#9972 = CARTESIAN_POINT('',(-4.1748046875E-02,11.70166015625,17.8));
#9973 = CARTESIAN_POINT('',(0.463623046875,11.3984375,17.8));
#9974 = CARTESIAN_POINT('',(1.052490234375,11.3984375,17.8));
#9975 = PCURVE('',#5240,#9976);
#9976 = DEFINITIONAL_REPRESENTATION('',(#9977),#9981);
#9977 = LINE('',#9978,#9979);
#9978 = CARTESIAN_POINT('',(0.,0.));
#9979 = VECTOR('',#9980,1.);
#9980 = DIRECTION('',(1.,0.));
#9981 = ( GEOMETRIC_REPRESENTATION_CONTEXT(2) 
PARAMETRIC_REPRESENTATION_CONTEXT() REPRESENTATION_CONTEXT('2D SPACE',''
  ) );
#9982 = PCURVE('',#9664,#9983);
#9983 = DEFINITIONAL_REPRESENTATION('',(#9984),#9988);
#9984 = B_SPLINE_CURVE_WITH_KNOTS('',2,(#9985,#9986,#9987),
  .UNSPECIFIED.,.F.,.F.,(3,3),(0.,1.),.PIECEWISE_BEZIER_KNOTS.);
#9985 = CARTESIAN_POINT('',(2.3115234375,0.9228515625));
#9986 = CARTESIAN_POINT('',(2.81689453125,0.61962890625));
#9987 = CARTESIAN_POINT('',(3.40576171875,0.61962890625));
#9988 = ( GEOMETRIC_REPRESENTATION_CONTEXT(2) 
PARAMETRIC_REPRESENTATION_CONTEXT() REPRESENTATION_CONTEXT('2D SPACE',''
  ) );
#9989 = ORIENTED_EDGE('',*,*,#9990,.T.);
#9990 = EDGE_CURVE('',#9968,#5154,#9991,.T.);
#9991 = SURFACE_CURVE('',#9992,(#9996,#10003),.PCURVE_S1.);
#9992 = LINE('',#9993,#9994);
#9993 = CARTESIAN_POINT('',(-4.1748046875E-02,11.70166015625,17.8));
#9994 = VECTOR('',#9995,1.);
#9995 = DIRECTION('',(0.,0.,1.));
#9996 = PCURVE('',#5240,#9997);
#9997 = DEFINITIONAL_REPRESENTATION('',(#9998),#10002);
#9998 = LINE('',#9999,#10000);
#9999 = CARTESIAN_POINT('',(0.,0.));
#10000 = VECTOR('',#10001,1.);
#10001 = DIRECTION('',(0.,-1.));
#10002 = ( GEOMETRIC_REPRESENTATION_CONTEXT(2) 
PARAMETRIC_REPRESENTATION_CONTEXT() REPRESENTATION_CONTEXT('2D SPACE',''
  ) );
#10003 = PCURVE('',#5187,#10004);
#10004 = DEFINITIONAL_REPRESENTATION('',(#10005),#10009);
#10005 = LINE('',#10006,#10007);
#10006 = CARTESIAN_POINT('',(1.,0.));
#10007 = VECTOR('',#10008,1.);
#10008 = DIRECTION('',(0.,-1.));
#10009 = ( GEOMETRIC_REPRESENTATION_CONTEXT(2) 
PARAMETRIC_REPRESENTATION_CONTEXT() REPRESENTATION_CONTEXT('2D SPACE',''
  ) );
#10010 = ORIENTED_EDGE('',*,*,#5210,.F.);
#10011 = ORIENTED_EDGE('',*,*,#9892,.F.);
#10012 = ADVANCED_FACE('',(#10013),#4435,.F.);
#10013 = FACE_BOUND('',#10014,.F.);
#10014 = EDGE_LOOP('',(#10015,#10038,#10039,#10040));
#10015 = ORIENTED_EDGE('',*,*,#10016,.F.);
#10016 = EDGE_CURVE('',#9919,#10017,#10019,.T.);
#10017 = VERTEX_POINT('',#10018);
#10018 = CARTESIAN_POINT('',(-1.564453125,12.3212890625,17.8));
#10019 = SURFACE_CURVE('',#10020,(#10024,#10031),.PCURVE_S1.);
#10020 = B_SPLINE_CURVE_WITH_KNOTS('',2,(#10021,#10022,#10023),
  .UNSPECIFIED.,.F.,.F.,(3,3),(0.,1.),.PIECEWISE_BEZIER_KNOTS.);
#10021 = CARTESIAN_POINT('',(-0.5712890625,11.093017578125,17.8));
#10022 = CARTESIAN_POINT('',(-1.223876953125,11.51708984375,17.8));
#10023 = CARTESIAN_POINT('',(-1.564453125,12.3212890625,17.8));
#10024 = PCURVE('',#4435,#10025);
#10025 = DEFINITIONAL_REPRESENTATION('',(#10026),#10030);
#10026 = LINE('',#10027,#10028);
#10027 = CARTESIAN_POINT('',(0.,0.));
#10028 = VECTOR('',#10029,1.);
#10029 = DIRECTION('',(1.,0.));
#10030 = ( GEOMETRIC_REPRESENTATION_CONTEXT(2) 
PARAMETRIC_REPRESENTATION_CONTEXT() REPRESENTATION_CONTEXT('2D SPACE',''
  ) );
#10031 = PCURVE('',#9664,#10032);
#10032 = DEFINITIONAL_REPRESENTATION('',(#10033),#10037);
#10033 = B_SPLINE_CURVE_WITH_KNOTS('',2,(#10034,#10035,#10036),
  .UNSPECIFIED.,.F.,.F.,(3,3),(0.,1.),.PIECEWISE_BEZIER_KNOTS.);
#10034 = CARTESIAN_POINT('',(1.781982421875,0.314208984375));
#10035 = CARTESIAN_POINT('',(1.12939453125,0.73828125));
#10036 = CARTESIAN_POINT('',(0.788818359375,1.54248046875));
#10037 = ( GEOMETRIC_REPRESENTATION_CONTEXT(2) 
PARAMETRIC_REPRESENTATION_CONTEXT() REPRESENTATION_CONTEXT('2D SPACE',''
  ) );
#10038 = ORIENTED_EDGE('',*,*,#9943,.T.);
#10039 = ORIENTED_EDGE('',*,*,#4401,.F.);
#10040 = ORIENTED_EDGE('',*,*,#10041,.F.);
#10041 = EDGE_CURVE('',#10017,#4402,#10042,.T.);
#10042 = SURFACE_CURVE('',#10043,(#10047,#10054),.PCURVE_S1.);
#10043 = LINE('',#10044,#10045);
#10044 = CARTESIAN_POINT('',(-1.564453125,12.3212890625,17.8));
#10045 = VECTOR('',#10046,1.);
#10046 = DIRECTION('',(0.,0.,1.));
#10047 = PCURVE('',#4435,#10048);
#10048 = DEFINITIONAL_REPRESENTATION('',(#10049),#10053);
#10049 = LINE('',#10050,#10051);
#10050 = CARTESIAN_POINT('',(1.,0.));
#10051 = VECTOR('',#10052,1.);
#10052 = DIRECTION('',(0.,-1.));
#10053 = ( GEOMETRIC_REPRESENTATION_CONTEXT(2) 
PARAMETRIC_REPRESENTATION_CONTEXT() REPRESENTATION_CONTEXT('2D SPACE',''
  ) );
#10054 = PCURVE('',#4488,#10055);
#10055 = DEFINITIONAL_REPRESENTATION('',(#10056),#10060);
#10056 = LINE('',#10057,#10058);
#10057 = CARTESIAN_POINT('',(0.,0.));
#10058 = VECTOR('',#10059,1.);
#10059 = DIRECTION('',(0.,-1.));
#10060 = ( GEOMETRIC_REPRESENTATION_CONTEXT(2) 
PARAMETRIC_REPRESENTATION_CONTEXT() REPRESENTATION_CONTEXT('2D SPACE',''
  ) );
#10061 = ADVANCED_FACE('',(#10062),#5187,.F.);
#10062 = FACE_BOUND('',#10063,.F.);
#10063 = EDGE_LOOP('',(#10064,#10087,#10108,#10109));
#10064 = ORIENTED_EDGE('',*,*,#10065,.F.);
#10065 = EDGE_CURVE('',#10066,#9968,#10068,.T.);
#10066 = VERTEX_POINT('',#10067);
#10067 = CARTESIAN_POINT('',(-0.78662109375,12.617919921875,17.8));
#10068 = SURFACE_CURVE('',#10069,(#10073,#10080),.PCURVE_S1.);
#10069 = B_SPLINE_CURVE_WITH_KNOTS('',2,(#10070,#10071,#10072),
  .UNSPECIFIED.,.F.,.F.,(3,3),(0.,1.),.PIECEWISE_BEZIER_KNOTS.);
#10070 = CARTESIAN_POINT('',(-0.78662109375,12.617919921875,17.8));
#10071 = CARTESIAN_POINT('',(-0.547119140625,12.0048828125,17.8));
#10072 = CARTESIAN_POINT('',(-4.1748046875E-02,11.70166015625,17.8));
#10073 = PCURVE('',#5187,#10074);
#10074 = DEFINITIONAL_REPRESENTATION('',(#10075),#10079);
#10075 = LINE('',#10076,#10077);
#10076 = CARTESIAN_POINT('',(0.,0.));
#10077 = VECTOR('',#10078,1.);
#10078 = DIRECTION('',(1.,0.));
#10079 = ( GEOMETRIC_REPRESENTATION_CONTEXT(2) 
PARAMETRIC_REPRESENTATION_CONTEXT() REPRESENTATION_CONTEXT('2D SPACE',''
  ) );
#10080 = PCURVE('',#9664,#10081);
#10081 = DEFINITIONAL_REPRESENTATION('',(#10082),#10086);
#10082 = B_SPLINE_CURVE_WITH_KNOTS('',2,(#10083,#10084,#10085),
  .UNSPECIFIED.,.F.,.F.,(3,3),(0.,1.),.PIECEWISE_BEZIER_KNOTS.);
#10083 = CARTESIAN_POINT('',(1.566650390625,1.839111328125));
#10084 = CARTESIAN_POINT('',(1.80615234375,1.22607421875));
#10085 = CARTESIAN_POINT('',(2.3115234375,0.9228515625));
#10086 = ( GEOMETRIC_REPRESENTATION_CONTEXT(2) 
PARAMETRIC_REPRESENTATION_CONTEXT() REPRESENTATION_CONTEXT('2D SPACE',''
  ) );
#10087 = ORIENTED_EDGE('',*,*,#10088,.T.);
#10088 = EDGE_CURVE('',#10066,#5103,#10089,.T.);
#10089 = SURFACE_CURVE('',#10090,(#10094,#10101),.PCURVE_S1.);
#10090 = LINE('',#10091,#10092);
#10091 = CARTESIAN_POINT('',(-0.78662109375,12.617919921875,17.8));
#10092 = VECTOR('',#10093,1.);
#10093 = DIRECTION('',(0.,0.,1.));
#10094 = PCURVE('',#5187,#10095);
#10095 = DEFINITIONAL_REPRESENTATION('',(#10096),#10100);
#10096 = LINE('',#10097,#10098);
#10097 = CARTESIAN_POINT('',(0.,0.));
#10098 = VECTOR('',#10099,1.);
#10099 = DIRECTION('',(0.,-1.));
#10100 = ( GEOMETRIC_REPRESENTATION_CONTEXT(2) 
PARAMETRIC_REPRESENTATION_CONTEXT() REPRESENTATION_CONTEXT('2D SPACE',''
  ) );
#10101 = PCURVE('',#5132,#10102);
#10102 = DEFINITIONAL_REPRESENTATION('',(#10103),#10107);
#10103 = LINE('',#10104,#10105);
#10104 = CARTESIAN_POINT('',(1.,0.));
#10105 = VECTOR('',#10106,1.);
#10106 = DIRECTION('',(0.,-1.));
#10107 = ( GEOMETRIC_REPRESENTATION_CONTEXT(2) 
PARAMETRIC_REPRESENTATION_CONTEXT() REPRESENTATION_CONTEXT('2D SPACE',''
  ) );
#10108 = ORIENTED_EDGE('',*,*,#5153,.F.);
#10109 = ORIENTED_EDGE('',*,*,#9990,.F.);
#10110 = ADVANCED_FACE('',(#10111),#4488,.F.);
#10111 = FACE_BOUND('',#10112,.F.);
#10112 = EDGE_LOOP('',(#10113,#10136,#10137,#10138));
#10113 = ORIENTED_EDGE('',*,*,#10114,.F.);
#10114 = EDGE_CURVE('',#10017,#10115,#10117,.T.);
#10115 = VERTEX_POINT('',#10116);
#10116 = CARTESIAN_POINT('',(-1.905029296875,14.04833984375,17.8));
#10117 = SURFACE_CURVE('',#10118,(#10122,#10129),.PCURVE_S1.);
#10118 = B_SPLINE_CURVE_WITH_KNOTS('',2,(#10119,#10120,#10121),
  .UNSPECIFIED.,.F.,.F.,(3,3),(0.,1.),.PIECEWISE_BEZIER_KNOTS.);
#10119 = CARTESIAN_POINT('',(-1.564453125,12.3212890625,17.8));
#10120 = CARTESIAN_POINT('',(-1.905029296875,13.12548828125,17.8));
#10121 = CARTESIAN_POINT('',(-1.905029296875,14.04833984375,17.8));
#10122 = PCURVE('',#4488,#10123);
#10123 = DEFINITIONAL_REPRESENTATION('',(#10124),#10128);
#10124 = LINE('',#10125,#10126);
#10125 = CARTESIAN_POINT('',(0.,0.));
#10126 = VECTOR('',#10127,1.);
#10127 = DIRECTION('',(1.,0.));
#10128 = ( GEOMETRIC_REPRESENTATION_CONTEXT(2) 
PARAMETRIC_REPRESENTATION_CONTEXT() REPRESENTATION_CONTEXT('2D SPACE',''
  ) );
#10129 = PCURVE('',#9664,#10130);
#10130 = DEFINITIONAL_REPRESENTATION('',(#10131),#10135);
#10131 = B_SPLINE_CURVE_WITH_KNOTS('',2,(#10132,#10133,#10134),
  .UNSPECIFIED.,.F.,.F.,(3,3),(0.,1.),.PIECEWISE_BEZIER_KNOTS.);
#10132 = CARTESIAN_POINT('',(0.788818359375,1.54248046875));
#10133 = CARTESIAN_POINT('',(0.4482421875,2.3466796875));
#10134 = CARTESIAN_POINT('',(0.4482421875,3.26953125));
#10135 = ( GEOMETRIC_REPRESENTATION_CONTEXT(2) 
PARAMETRIC_REPRESENTATION_CONTEXT() REPRESENTATION_CONTEXT('2D SPACE',''
  ) );
#10136 = ORIENTED_EDGE('',*,*,#10041,.T.);
#10137 = ORIENTED_EDGE('',*,*,#4458,.F.);
#10138 = ORIENTED_EDGE('',*,*,#10139,.F.);
#10139 = EDGE_CURVE('',#10115,#4459,#10140,.T.);
#10140 = SURFACE_CURVE('',#10141,(#10145,#10152),.PCURVE_S1.);
#10141 = LINE('',#10142,#10143);
#10142 = CARTESIAN_POINT('',(-1.905029296875,14.04833984375,17.8));
#10143 = VECTOR('',#10144,1.);
#10144 = DIRECTION('',(0.,0.,1.));
#10145 = PCURVE('',#4488,#10146);
#10146 = DEFINITIONAL_REPRESENTATION('',(#10147),#10151);
#10147 = LINE('',#10148,#10149);
#10148 = CARTESIAN_POINT('',(1.,0.));
#10149 = VECTOR('',#10150,1.);
#10150 = DIRECTION('',(0.,-1.));
#10151 = ( GEOMETRIC_REPRESENTATION_CONTEXT(2) 
PARAMETRIC_REPRESENTATION_CONTEXT() REPRESENTATION_CONTEXT('2D SPACE',''
  ) );
#10152 = PCURVE('',#4539,#10153);
#10153 = DEFINITIONAL_REPRESENTATION('',(#10154),#10158);
#10154 = LINE('',#10155,#10156);
#10155 = CARTESIAN_POINT('',(0.,0.));
#10156 = VECTOR('',#10157,1.);
#10157 = DIRECTION('',(0.,-1.));
#10158 = ( GEOMETRIC_REPRESENTATION_CONTEXT(2) 
PARAMETRIC_REPRESENTATION_CONTEXT() REPRESENTATION_CONTEXT('2D SPACE',''
  ) );
#10159 = ADVANCED_FACE('',(#10160),#5132,.F.);
#10160 = FACE_BOUND('',#10161,.F.);
#10161 = EDGE_LOOP('',(#10162,#10185,#10206,#10207));
#10162 = ORIENTED_EDGE('',*,*,#10163,.F.);
#10163 = EDGE_CURVE('',#10164,#10066,#10166,.T.);
#10164 = VERTEX_POINT('',#10165);
#10165 = CARTESIAN_POINT('',(-1.026123046875,14.052734375,17.8));
#10166 = SURFACE_CURVE('',#10167,(#10171,#10178),.PCURVE_S1.);
#10167 = B_SPLINE_CURVE_WITH_KNOTS('',2,(#10168,#10169,#10170),
  .UNSPECIFIED.,.F.,.F.,(3,3),(0.,1.),.PIECEWISE_BEZIER_KNOTS.);
#10168 = CARTESIAN_POINT('',(-1.026123046875,14.052734375,17.8));
#10169 = CARTESIAN_POINT('',(-1.026123046875,13.23095703125,17.8));
#10170 = CARTESIAN_POINT('',(-0.78662109375,12.617919921875,17.8));
#10171 = PCURVE('',#5132,#10172);
#10172 = DEFINITIONAL_REPRESENTATION('',(#10173),#10177);
#10173 = LINE('',#10174,#10175);
#10174 = CARTESIAN_POINT('',(0.,0.));
#10175 = VECTOR('',#10176,1.);
#10176 = DIRECTION('',(1.,0.));
#10177 = ( GEOMETRIC_REPRESENTATION_CONTEXT(2) 
PARAMETRIC_REPRESENTATION_CONTEXT() REPRESENTATION_CONTEXT('2D SPACE',''
  ) );
#10178 = PCURVE('',#9664,#10179);
#10179 = DEFINITIONAL_REPRESENTATION('',(#10180),#10184);
#10180 = B_SPLINE_CURVE_WITH_KNOTS('',2,(#10181,#10182,#10183),
  .UNSPECIFIED.,.F.,.F.,(3,3),(0.,1.),.PIECEWISE_BEZIER_KNOTS.);
#10181 = CARTESIAN_POINT('',(1.3271484375,3.27392578125));
#10182 = CARTESIAN_POINT('',(1.3271484375,2.4521484375));
#10183 = CARTESIAN_POINT('',(1.566650390625,1.839111328125));
#10184 = ( GEOMETRIC_REPRESENTATION_CONTEXT(2) 
PARAMETRIC_REPRESENTATION_CONTEXT() REPRESENTATION_CONTEXT('2D SPACE',''
  ) );
#10185 = ORIENTED_EDGE('',*,*,#10186,.T.);
#10186 = EDGE_CURVE('',#10164,#5052,#10187,.T.);
#10187 = SURFACE_CURVE('',#10188,(#10192,#10199),.PCURVE_S1.);
#10188 = LINE('',#10189,#10190);
#10189 = CARTESIAN_POINT('',(-1.026123046875,14.052734375,17.8));
#10190 = VECTOR('',#10191,1.);
#10191 = DIRECTION('',(0.,0.,1.));
#10192 = PCURVE('',#5132,#10193);
#10193 = DEFINITIONAL_REPRESENTATION('',(#10194),#10198);
#10194 = LINE('',#10195,#10196);
#10195 = CARTESIAN_POINT('',(0.,0.));
#10196 = VECTOR('',#10197,1.);
#10197 = DIRECTION('',(0.,-1.));
#10198 = ( GEOMETRIC_REPRESENTATION_CONTEXT(2) 
PARAMETRIC_REPRESENTATION_CONTEXT() REPRESENTATION_CONTEXT('2D SPACE',''
  ) );
#10199 = PCURVE('',#5081,#10200);
#10200 = DEFINITIONAL_REPRESENTATION('',(#10201),#10205);
#10201 = LINE('',#10202,#10203);
#10202 = CARTESIAN_POINT('',(1.,0.));
#10203 = VECTOR('',#10204,1.);
#10204 = DIRECTION('',(0.,-1.));
#10205 = ( GEOMETRIC_REPRESENTATION_CONTEXT(2) 
PARAMETRIC_REPRESENTATION_CONTEXT() REPRESENTATION_CONTEXT('2D SPACE',''
  ) );
#10206 = ORIENTED_EDGE('',*,*,#5102,.F.);
#10207 = ORIENTED_EDGE('',*,*,#10088,.F.);
#10208 = ADVANCED_FACE('',(#10209),#4539,.F.);
#10209 = FACE_BOUND('',#10210,.F.);
#10210 = EDGE_LOOP('',(#10211,#10234,#10235,#10236));
#10211 = ORIENTED_EDGE('',*,*,#10212,.F.);
#10212 = EDGE_CURVE('',#10115,#10213,#10215,.T.);
#10213 = VERTEX_POINT('',#10214);
#10214 = CARTESIAN_POINT('',(-1.5205078125,15.803955078125,17.8));
#10215 = SURFACE_CURVE('',#10216,(#10220,#10227),.PCURVE_S1.);
#10216 = B_SPLINE_CURVE_WITH_KNOTS('',2,(#10217,#10218,#10219),
  .UNSPECIFIED.,.F.,.F.,(3,3),(0.,1.),.PIECEWISE_BEZIER_KNOTS.);
#10217 = CARTESIAN_POINT('',(-1.905029296875,14.04833984375,17.8));
#10218 = CARTESIAN_POINT('',(-1.905029296875,15.0546875,17.8));
#10219 = CARTESIAN_POINT('',(-1.5205078125,15.803955078125,17.8));
#10220 = PCURVE('',#4539,#10221);
#10221 = DEFINITIONAL_REPRESENTATION('',(#10222),#10226);
#10222 = LINE('',#10223,#10224);
#10223 = CARTESIAN_POINT('',(0.,0.));
#10224 = VECTOR('',#10225,1.);
#10225 = DIRECTION('',(1.,0.));
#10226 = ( GEOMETRIC_REPRESENTATION_CONTEXT(2) 
PARAMETRIC_REPRESENTATION_CONTEXT() REPRESENTATION_CONTEXT('2D SPACE',''
  ) );
#10227 = PCURVE('',#9664,#10228);
#10228 = DEFINITIONAL_REPRESENTATION('',(#10229),#10233);
#10229 = B_SPLINE_CURVE_WITH_KNOTS('',2,(#10230,#10231,#10232),
  .UNSPECIFIED.,.F.,.F.,(3,3),(0.,1.),.PIECEWISE_BEZIER_KNOTS.);
#10230 = CARTESIAN_POINT('',(0.4482421875,3.26953125));
#10231 = CARTESIAN_POINT('',(0.4482421875,4.27587890625));
#10232 = CARTESIAN_POINT('',(0.832763671875,5.025146484375));
#10233 = ( GEOMETRIC_REPRESENTATION_CONTEXT(2) 
PARAMETRIC_REPRESENTATION_CONTEXT() REPRESENTATION_CONTEXT('2D SPACE',''
  ) );
#10234 = ORIENTED_EDGE('',*,*,#10139,.T.);
#10235 = ORIENTED_EDGE('',*,*,#4509,.F.);
#10236 = ORIENTED_EDGE('',*,*,#10237,.F.);
#10237 = EDGE_CURVE('',#10213,#4510,#10238,.T.);
#10238 = SURFACE_CURVE('',#10239,(#10243,#10250),.PCURVE_S1.);
#10239 = LINE('',#10240,#10241);
#10240 = CARTESIAN_POINT('',(-1.5205078125,15.803955078125,17.8));
#10241 = VECTOR('',#10242,1.);
#10242 = DIRECTION('',(0.,0.,1.));
#10243 = PCURVE('',#4539,#10244);
#10244 = DEFINITIONAL_REPRESENTATION('',(#10245),#10249);
#10245 = LINE('',#10246,#10247);
#10246 = CARTESIAN_POINT('',(1.,0.));
#10247 = VECTOR('',#10248,1.);
#10248 = DIRECTION('',(0.,-1.));
#10249 = ( GEOMETRIC_REPRESENTATION_CONTEXT(2) 
PARAMETRIC_REPRESENTATION_CONTEXT() REPRESENTATION_CONTEXT('2D SPACE',''
  ) );
#10250 = PCURVE('',#4590,#10251);
#10251 = DEFINITIONAL_REPRESENTATION('',(#10252),#10256);
#10252 = LINE('',#10253,#10254);
#10253 = CARTESIAN_POINT('',(0.,0.));
#10254 = VECTOR('',#10255,1.);
#10255 = DIRECTION('',(0.,-1.));
#10256 = ( GEOMETRIC_REPRESENTATION_CONTEXT(2) 
PARAMETRIC_REPRESENTATION_CONTEXT() REPRESENTATION_CONTEXT('2D SPACE',''
  ) );
#10257 = ADVANCED_FACE('',(#10258),#5081,.F.);
#10258 = FACE_BOUND('',#10259,.F.);
#10259 = EDGE_LOOP('',(#10260,#10283,#10304,#10305));
#10260 = ORIENTED_EDGE('',*,*,#10261,.F.);
#10261 = EDGE_CURVE('',#10262,#10164,#10264,.T.);
#10262 = VERTEX_POINT('',#10263);
#10263 = CARTESIAN_POINT('',(-0.823974609375,15.289794921875,17.8));
#10264 = SURFACE_CURVE('',#10265,(#10269,#10276),.PCURVE_S1.);
#10265 = B_SPLINE_CURVE_WITH_KNOTS('',2,(#10266,#10267,#10268),
  .UNSPECIFIED.,.F.,.F.,(3,3),(0.,1.),.PIECEWISE_BEZIER_KNOTS.);
#10266 = CARTESIAN_POINT('',(-0.823974609375,15.289794921875,17.8));
#10267 = CARTESIAN_POINT('',(-1.026123046875,14.68994140625,17.8));
#10268 = CARTESIAN_POINT('',(-1.026123046875,14.052734375,17.8));
#10269 = PCURVE('',#5081,#10270);
#10270 = DEFINITIONAL_REPRESENTATION('',(#10271),#10275);
#10271 = LINE('',#10272,#10273);
#10272 = CARTESIAN_POINT('',(0.,0.));
#10273 = VECTOR('',#10274,1.);
#10274 = DIRECTION('',(1.,0.));
#10275 = ( GEOMETRIC_REPRESENTATION_CONTEXT(2) 
PARAMETRIC_REPRESENTATION_CONTEXT() REPRESENTATION_CONTEXT('2D SPACE',''
  ) );
#10276 = PCURVE('',#9664,#10277);
#10277 = DEFINITIONAL_REPRESENTATION('',(#10278),#10282);
#10278 = B_SPLINE_CURVE_WITH_KNOTS('',2,(#10279,#10280,#10281),
  .UNSPECIFIED.,.F.,.F.,(3,3),(0.,1.),.PIECEWISE_BEZIER_KNOTS.);
#10279 = CARTESIAN_POINT('',(1.529296875,4.510986328125));
#10280 = CARTESIAN_POINT('',(1.3271484375,3.9111328125));
#10281 = CARTESIAN_POINT('',(1.3271484375,3.27392578125));
#10282 = ( GEOMETRIC_REPRESENTATION_CONTEXT(2) 
PARAMETRIC_REPRESENTATION_CONTEXT() REPRESENTATION_CONTEXT('2D SPACE',''
  ) );
#10283 = ORIENTED_EDGE('',*,*,#10284,.T.);
#10284 = EDGE_CURVE('',#10262,#5001,#10285,.T.);
#10285 = SURFACE_CURVE('',#10286,(#10290,#10297),.PCURVE_S1.);
#10286 = LINE('',#10287,#10288);
#10287 = CARTESIAN_POINT('',(-0.823974609375,15.289794921875,17.8));
#10288 = VECTOR('',#10289,1.);
#10289 = DIRECTION('',(0.,0.,1.));
#10290 = PCURVE('',#5081,#10291);
#10291 = DEFINITIONAL_REPRESENTATION('',(#10292),#10296);
#10292 = LINE('',#10293,#10294);
#10293 = CARTESIAN_POINT('',(0.,0.));
#10294 = VECTOR('',#10295,1.);
#10295 = DIRECTION('',(0.,-1.));
#10296 = ( GEOMETRIC_REPRESENTATION_CONTEXT(2) 
PARAMETRIC_REPRESENTATION_CONTEXT() REPRESENTATION_CONTEXT('2D SPACE',''
  ) );
#10297 = PCURVE('',#5030,#10298);
#10298 = DEFINITIONAL_REPRESENTATION('',(#10299),#10303);
#10299 = LINE('',#10300,#10301);
#10300 = CARTESIAN_POINT('',(1.,0.));
#10301 = VECTOR('',#10302,1.);
#10302 = DIRECTION('',(0.,-1.));
#10303 = ( GEOMETRIC_REPRESENTATION_CONTEXT(2) 
PARAMETRIC_REPRESENTATION_CONTEXT() REPRESENTATION_CONTEXT('2D SPACE',''
  ) );
#10304 = ORIENTED_EDGE('',*,*,#5051,.F.);
#10305 = ORIENTED_EDGE('',*,*,#10186,.F.);
#10306 = ADVANCED_FACE('',(#10307),#4590,.F.);
#10307 = FACE_BOUND('',#10308,.F.);
#10308 = EDGE_LOOP('',(#10309,#10332,#10333,#10334));
#10309 = ORIENTED_EDGE('',*,*,#10310,.F.);
#10310 = EDGE_CURVE('',#10213,#10311,#10313,.T.);
#10311 = VERTEX_POINT('',#10312);
#10312 = CARTESIAN_POINT('',(-0.42626953125,16.942138671875,17.8));
#10313 = SURFACE_CURVE('',#10314,(#10318,#10325),.PCURVE_S1.);
#10314 = B_SPLINE_CURVE_WITH_KNOTS('',2,(#10315,#10316,#10317),
  .UNSPECIFIED.,.F.,.F.,(3,3),(0.,1.),.PIECEWISE_BEZIER_KNOTS.);
#10315 = CARTESIAN_POINT('',(-1.5205078125,15.803955078125,17.8));
#10316 = CARTESIAN_POINT('',(-1.135986328125,16.55322265625,17.8));
#10317 = CARTESIAN_POINT('',(-0.42626953125,16.942138671875,17.8));
#10318 = PCURVE('',#4590,#10319);
#10319 = DEFINITIONAL_REPRESENTATION('',(#10320),#10324);
#10320 = LINE('',#10321,#10322);
#10321 = CARTESIAN_POINT('',(0.,0.));
#10322 = VECTOR('',#10323,1.);
#10323 = DIRECTION('',(1.,0.));
#10324 = ( GEOMETRIC_REPRESENTATION_CONTEXT(2) 
PARAMETRIC_REPRESENTATION_CONTEXT() REPRESENTATION_CONTEXT('2D SPACE',''
  ) );
#10325 = PCURVE('',#9664,#10326);
#10326 = DEFINITIONAL_REPRESENTATION('',(#10327),#10331);
#10327 = B_SPLINE_CURVE_WITH_KNOTS('',2,(#10328,#10329,#10330),
  .UNSPECIFIED.,.F.,.F.,(3,3),(0.,1.),.PIECEWISE_BEZIER_KNOTS.);
#10328 = CARTESIAN_POINT('',(0.832763671875,5.025146484375));
#10329 = CARTESIAN_POINT('',(1.21728515625,5.7744140625));
#10330 = CARTESIAN_POINT('',(1.927001953125,6.163330078125));
#10331 = ( GEOMETRIC_REPRESENTATION_CONTEXT(2) 
PARAMETRIC_REPRESENTATION_CONTEXT() REPRESENTATION_CONTEXT('2D SPACE',''
  ) );
#10332 = ORIENTED_EDGE('',*,*,#10237,.T.);
#10333 = ORIENTED_EDGE('',*,*,#4560,.F.);
#10334 = ORIENTED_EDGE('',*,*,#10335,.F.);
#10335 = EDGE_CURVE('',#10311,#4561,#10336,.T.);
#10336 = SURFACE_CURVE('',#10337,(#10341,#10348),.PCURVE_S1.);
#10337 = LINE('',#10338,#10339);
#10338 = CARTESIAN_POINT('',(-0.42626953125,16.942138671875,17.8));
#10339 = VECTOR('',#10340,1.);
#10340 = DIRECTION('',(0.,0.,1.));
#10341 = PCURVE('',#4590,#10342);
#10342 = DEFINITIONAL_REPRESENTATION('',(#10343),#10347);
#10343 = LINE('',#10344,#10345);
#10344 = CARTESIAN_POINT('',(1.,0.));
#10345 = VECTOR('',#10346,1.);
#10346 = DIRECTION('',(0.,-1.));
#10347 = ( GEOMETRIC_REPRESENTATION_CONTEXT(2) 
PARAMETRIC_REPRESENTATION_CONTEXT() REPRESENTATION_CONTEXT('2D SPACE',''
  ) );
#10348 = PCURVE('',#4641,#10349);
#10349 = DEFINITIONAL_REPRESENTATION('',(#10350),#10354);
#10350 = LINE('',#10351,#10352);
#10351 = CARTESIAN_POINT('',(0.,0.));
#10352 = VECTOR('',#10353,1.);
#10353 = DIRECTION('',(0.,-1.));
#10354 = ( GEOMETRIC_REPRESENTATION_CONTEXT(2) 
PARAMETRIC_REPRESENTATION_CONTEXT() REPRESENTATION_CONTEXT('2D SPACE',''
  ) );
#10355 = ADVANCED_FACE('',(#10356),#5030,.F.);
#10356 = FACE_BOUND('',#10357,.F.);
#10357 = EDGE_LOOP('',(#10358,#10381,#10402,#10403));
#10358 = ORIENTED_EDGE('',*,*,#10359,.F.);
#10359 = EDGE_CURVE('',#10360,#10262,#10362,.T.);
#10360 = VERTEX_POINT('',#10361);
#10361 = CARTESIAN_POINT('',(-0.123046875,16.24560546875,17.8));
#10362 = SURFACE_CURVE('',#10363,(#10367,#10374),.PCURVE_S1.);
#10363 = B_SPLINE_CURVE_WITH_KNOTS('',2,(#10364,#10365,#10366),
  .UNSPECIFIED.,.F.,.F.,(3,3),(0.,1.),.PIECEWISE_BEZIER_KNOTS.);
#10364 = CARTESIAN_POINT('',(-0.123046875,16.24560546875,17.8));
#10365 = CARTESIAN_POINT('',(-0.621826171875,15.8896484375,17.8));
#10366 = CARTESIAN_POINT('',(-0.823974609375,15.289794921875,17.8));
#10367 = PCURVE('',#5030,#10368);
#10368 = DEFINITIONAL_REPRESENTATION('',(#10369),#10373);
#10369 = LINE('',#10370,#10371);
#10370 = CARTESIAN_POINT('',(0.,0.));
#10371 = VECTOR('',#10372,1.);
#10372 = DIRECTION('',(1.,0.));
#10373 = ( GEOMETRIC_REPRESENTATION_CONTEXT(2) 
PARAMETRIC_REPRESENTATION_CONTEXT() REPRESENTATION_CONTEXT('2D SPACE',''
  ) );
#10374 = PCURVE('',#9664,#10375);
#10375 = DEFINITIONAL_REPRESENTATION('',(#10376),#10380);
#10376 = B_SPLINE_CURVE_WITH_KNOTS('',2,(#10377,#10378,#10379),
  .UNSPECIFIED.,.F.,.F.,(3,3),(0.,1.),.PIECEWISE_BEZIER_KNOTS.);
#10377 = CARTESIAN_POINT('',(2.230224609375,5.466796875));
#10378 = CARTESIAN_POINT('',(1.7314453125,5.11083984375));
#10379 = CARTESIAN_POINT('',(1.529296875,4.510986328125));
#10380 = ( GEOMETRIC_REPRESENTATION_CONTEXT(2) 
PARAMETRIC_REPRESENTATION_CONTEXT() REPRESENTATION_CONTEXT('2D SPACE',''
  ) );
#10381 = ORIENTED_EDGE('',*,*,#10382,.T.);
#10382 = EDGE_CURVE('',#10360,#4944,#10383,.T.);
#10383 = SURFACE_CURVE('',#10384,(#10388,#10395),.PCURVE_S1.);
#10384 = LINE('',#10385,#10386);
#10385 = CARTESIAN_POINT('',(-0.123046875,16.24560546875,17.8));
#10386 = VECTOR('',#10387,1.);
#10387 = DIRECTION('',(0.,0.,1.));
#10388 = PCURVE('',#5030,#10389);
#10389 = DEFINITIONAL_REPRESENTATION('',(#10390),#10394);
#10390 = LINE('',#10391,#10392);
#10391 = CARTESIAN_POINT('',(0.,0.));
#10392 = VECTOR('',#10393,1.);
#10393 = DIRECTION('',(0.,-1.));
#10394 = ( GEOMETRIC_REPRESENTATION_CONTEXT(2) 
PARAMETRIC_REPRESENTATION_CONTEXT() REPRESENTATION_CONTEXT('2D SPACE',''
  ) );
#10395 = PCURVE('',#4977,#10396);
#10396 = DEFINITIONAL_REPRESENTATION('',(#10397),#10401);
#10397 = LINE('',#10398,#10399);
#10398 = CARTESIAN_POINT('',(1.,0.));
#10399 = VECTOR('',#10400,1.);
#10400 = DIRECTION('',(0.,-1.));
#10401 = ( GEOMETRIC_REPRESENTATION_CONTEXT(2) 
PARAMETRIC_REPRESENTATION_CONTEXT() REPRESENTATION_CONTEXT('2D SPACE',''
  ) );
#10402 = ORIENTED_EDGE('',*,*,#5000,.F.);
#10403 = ORIENTED_EDGE('',*,*,#10284,.F.);
#10404 = ADVANCED_FACE('',(#10405),#4641,.F.);
#10405 = FACE_BOUND('',#10406,.F.);
#10406 = EDGE_LOOP('',(#10407,#10430,#10431,#10432));
#10407 = ORIENTED_EDGE('',*,*,#10408,.F.);
#10408 = EDGE_CURVE('',#10311,#10409,#10411,.T.);
#10409 = VERTEX_POINT('',#10410);
#10410 = CARTESIAN_POINT('',(1.135986328125,17.3310546875,17.8));
#10411 = SURFACE_CURVE('',#10412,(#10416,#10423),.PCURVE_S1.);
#10412 = B_SPLINE_CURVE_WITH_KNOTS('',2,(#10413,#10414,#10415),
  .UNSPECIFIED.,.F.,.F.,(3,3),(0.,1.),.PIECEWISE_BEZIER_KNOTS.);
#10413 = CARTESIAN_POINT('',(-0.42626953125,16.942138671875,17.8));
#10414 = CARTESIAN_POINT('',(0.283447265625,17.3310546875,17.8));
#10415 = CARTESIAN_POINT('',(1.135986328125,17.3310546875,17.8));
#10416 = PCURVE('',#4641,#10417);
#10417 = DEFINITIONAL_REPRESENTATION('',(#10418),#10422);
#10418 = LINE('',#10419,#10420);
#10419 = CARTESIAN_POINT('',(0.,0.));
#10420 = VECTOR('',#10421,1.);
#10421 = DIRECTION('',(1.,0.));
#10422 = ( GEOMETRIC_REPRESENTATION_CONTEXT(2) 
PARAMETRIC_REPRESENTATION_CONTEXT() REPRESENTATION_CONTEXT('2D SPACE',''
  ) );
#10423 = PCURVE('',#9664,#10424);
#10424 = DEFINITIONAL_REPRESENTATION('',(#10425),#10429);
#10425 = B_SPLINE_CURVE_WITH_KNOTS('',2,(#10426,#10427,#10428),
  .UNSPECIFIED.,.F.,.F.,(3,3),(0.,1.),.PIECEWISE_BEZIER_KNOTS.);
#10426 = CARTESIAN_POINT('',(1.927001953125,6.163330078125));
#10427 = CARTESIAN_POINT('',(2.63671875,6.55224609375));
#10428 = CARTESIAN_POINT('',(3.4892578125,6.55224609375));
#10429 = ( GEOMETRIC_REPRESENTATION_CONTEXT(2) 
PARAMETRIC_REPRESENTATION_CONTEXT() REPRESENTATION_CONTEXT('2D SPACE',''
  ) );
#10430 = ORIENTED_EDGE('',*,*,#10335,.T.);
#10431 = ORIENTED_EDGE('',*,*,#4611,.F.);
#10432 = ORIENTED_EDGE('',*,*,#10433,.F.);
#10433 = EDGE_CURVE('',#10409,#4612,#10434,.T.);
#10434 = SURFACE_CURVE('',#10435,(#10439,#10446),.PCURVE_S1.);
#10435 = LINE('',#10436,#10437);
#10436 = CARTESIAN_POINT('',(1.135986328125,17.3310546875,17.8));
#10437 = VECTOR('',#10438,1.);
#10438 = DIRECTION('',(0.,0.,1.));
#10439 = PCURVE('',#4641,#10440);
#10440 = DEFINITIONAL_REPRESENTATION('',(#10441),#10445);
#10441 = LINE('',#10442,#10443);
#10442 = CARTESIAN_POINT('',(1.,0.));
#10443 = VECTOR('',#10444,1.);
#10444 = DIRECTION('',(0.,-1.));
#10445 = ( GEOMETRIC_REPRESENTATION_CONTEXT(2) 
PARAMETRIC_REPRESENTATION_CONTEXT() REPRESENTATION_CONTEXT('2D SPACE',''
  ) );
#10446 = PCURVE('',#4706,#10447);
#10447 = DEFINITIONAL_REPRESENTATION('',(#10448),#10452);
#10448 = LINE('',#10449,#10450);
#10449 = CARTESIAN_POINT('',(0.,0.));
#10450 = VECTOR('',#10451,1.);
#10451 = DIRECTION('',(0.,-1.));
#10452 = ( GEOMETRIC_REPRESENTATION_CONTEXT(2) 
PARAMETRIC_REPRESENTATION_CONTEXT() REPRESENTATION_CONTEXT('2D SPACE',''
  ) );
#10453 = ADVANCED_FACE('',(#10454),#4977,.F.);
#10454 = FACE_BOUND('',#10455,.F.);
#10455 = EDGE_LOOP('',(#10456,#10479,#10500,#10501));
#10456 = ORIENTED_EDGE('',*,*,#10457,.F.);
#10457 = EDGE_CURVE('',#10458,#10360,#10460,.T.);
#10458 = VERTEX_POINT('',#10459);
#10459 = CARTESIAN_POINT('',(1.118408203125,16.6015625,17.8));
#10460 = SURFACE_CURVE('',#10461,(#10465,#10472),.PCURVE_S1.);
#10461 = B_SPLINE_CURVE_WITH_KNOTS('',2,(#10462,#10463,#10464),
  .UNSPECIFIED.,.F.,.F.,(3,3),(0.,1.),.PIECEWISE_BEZIER_KNOTS.);
#10462 = CARTESIAN_POINT('',(1.118408203125,16.6015625,17.8));
#10463 = CARTESIAN_POINT('',(0.375732421875,16.6015625,17.8));
#10464 = CARTESIAN_POINT('',(-0.123046875,16.24560546875,17.8));
#10465 = PCURVE('',#4977,#10466);
#10466 = DEFINITIONAL_REPRESENTATION('',(#10467),#10471);
#10467 = LINE('',#10468,#10469);
#10468 = CARTESIAN_POINT('',(0.,0.));
#10469 = VECTOR('',#10470,1.);
#10470 = DIRECTION('',(1.,0.));
#10471 = ( GEOMETRIC_REPRESENTATION_CONTEXT(2) 
PARAMETRIC_REPRESENTATION_CONTEXT() REPRESENTATION_CONTEXT('2D SPACE',''
  ) );
#10472 = PCURVE('',#9664,#10473);
#10473 = DEFINITIONAL_REPRESENTATION('',(#10474),#10478);
#10474 = B_SPLINE_CURVE_WITH_KNOTS('',2,(#10475,#10476,#10477),
  .UNSPECIFIED.,.F.,.F.,(3,3),(0.,1.),.PIECEWISE_BEZIER_KNOTS.);
#10475 = CARTESIAN_POINT('',(3.4716796875,5.82275390625));
#10476 = CARTESIAN_POINT('',(2.72900390625,5.82275390625));
#10477 = CARTESIAN_POINT('',(2.230224609375,5.466796875));
#10478 = ( GEOMETRIC_REPRESENTATION_CONTEXT(2) 
PARAMETRIC_REPRESENTATION_CONTEXT() REPRESENTATION_CONTEXT('2D SPACE',''
  ) );
#10479 = ORIENTED_EDGE('',*,*,#10480,.T.);
#10480 = EDGE_CURVE('',#10458,#4881,#10481,.T.);
#10481 = SURFACE_CURVE('',#10482,(#10486,#10493),.PCURVE_S1.);
#10482 = LINE('',#10483,#10484);
#10483 = CARTESIAN_POINT('',(1.118408203125,16.6015625,17.8));
#10484 = VECTOR('',#10485,1.);
#10485 = DIRECTION('',(0.,0.,1.));
#10486 = PCURVE('',#4977,#10487);
#10487 = DEFINITIONAL_REPRESENTATION('',(#10488),#10492);
#10488 = LINE('',#10489,#10490);
#10489 = CARTESIAN_POINT('',(0.,0.));
#10490 = VECTOR('',#10491,1.);
#10491 = DIRECTION('',(0.,-1.));
#10492 = ( GEOMETRIC_REPRESENTATION_CONTEXT(2) 
PARAMETRIC_REPRESENTATION_CONTEXT() REPRESENTATION_CONTEXT('2D SPACE',''
  ) );
#10493 = PCURVE('',#4918,#10494);
#10494 = DEFINITIONAL_REPRESENTATION('',(#10495),#10499);
#10495 = LINE('',#10496,#10497);
#10496 = CARTESIAN_POINT('',(1.,0.));
#10497 = VECTOR('',#10498,1.);
#10498 = DIRECTION('',(0.,-1.));
#10499 = ( GEOMETRIC_REPRESENTATION_CONTEXT(2) 
PARAMETRIC_REPRESENTATION_CONTEXT() REPRESENTATION_CONTEXT('2D SPACE',''
  ) );
#10500 = ORIENTED_EDGE('',*,*,#4943,.F.);
#10501 = ORIENTED_EDGE('',*,*,#10382,.F.);
#10502 = ADVANCED_FACE('',(#10503),#4706,.F.);
#10503 = FACE_BOUND('',#10504,.F.);
#10504 = EDGE_LOOP('',(#10505,#10528,#10529,#10530));
#10505 = ORIENTED_EDGE('',*,*,#10506,.F.);
#10506 = EDGE_CURVE('',#10409,#10507,#10509,.T.);
#10507 = VERTEX_POINT('',#10508);
#10508 = CARTESIAN_POINT('',(2.761962890625,16.8388671875,17.8));
#10509 = SURFACE_CURVE('',#10510,(#10514,#10521),.PCURVE_S1.);
#10510 = B_SPLINE_CURVE_WITH_KNOTS('',2,(#10511,#10512,#10513),
  .UNSPECIFIED.,.F.,.F.,(3,3),(0.,1.),.PIECEWISE_BEZIER_KNOTS.);
#10511 = CARTESIAN_POINT('',(1.135986328125,17.3310546875,17.8));
#10512 = CARTESIAN_POINT('',(2.102783203125,17.3310546875,17.8));
#10513 = CARTESIAN_POINT('',(2.761962890625,16.8388671875,17.8));
#10514 = PCURVE('',#4706,#10515);
#10515 = DEFINITIONAL_REPRESENTATION('',(#10516),#10520);
#10516 = LINE('',#10517,#10518);
#10517 = CARTESIAN_POINT('',(0.,0.));
#10518 = VECTOR('',#10519,1.);
#10519 = DIRECTION('',(1.,0.));
#10520 = ( GEOMETRIC_REPRESENTATION_CONTEXT(2) 
PARAMETRIC_REPRESENTATION_CONTEXT() REPRESENTATION_CONTEXT('2D SPACE',''
  ) );
#10521 = PCURVE('',#9664,#10522);
#10522 = DEFINITIONAL_REPRESENTATION('',(#10523),#10527);
#10523 = B_SPLINE_CURVE_WITH_KNOTS('',2,(#10524,#10525,#10526),
  .UNSPECIFIED.,.F.,.F.,(3,3),(0.,1.),.PIECEWISE_BEZIER_KNOTS.);
#10524 = CARTESIAN_POINT('',(3.4892578125,6.55224609375));
#10525 = CARTESIAN_POINT('',(4.4560546875,6.55224609375));
#10526 = CARTESIAN_POINT('',(5.115234375,6.06005859375));
#10527 = ( GEOMETRIC_REPRESENTATION_CONTEXT(2) 
PARAMETRIC_REPRESENTATION_CONTEXT() REPRESENTATION_CONTEXT('2D SPACE',''
  ) );
#10528 = ORIENTED_EDGE('',*,*,#10433,.T.);
#10529 = ORIENTED_EDGE('',*,*,#4662,.F.);
#10530 = ORIENTED_EDGE('',*,*,#10531,.F.);
#10531 = EDGE_CURVE('',#10507,#4663,#10532,.T.);
#10532 = SURFACE_CURVE('',#10533,(#10537,#10544),.PCURVE_S1.);
#10533 = LINE('',#10534,#10535);
#10534 = CARTESIAN_POINT('',(2.761962890625,16.8388671875,17.8));
#10535 = VECTOR('',#10536,1.);
#10536 = DIRECTION('',(0.,0.,1.));
#10537 = PCURVE('',#4706,#10538);
#10538 = DEFINITIONAL_REPRESENTATION('',(#10539),#10543);
#10539 = LINE('',#10540,#10541);
#10540 = CARTESIAN_POINT('',(1.,0.));
#10541 = VECTOR('',#10542,1.);
#10542 = DIRECTION('',(0.,-1.));
#10543 = ( GEOMETRIC_REPRESENTATION_CONTEXT(2) 
PARAMETRIC_REPRESENTATION_CONTEXT() REPRESENTATION_CONTEXT('2D SPACE',''
  ) );
#10544 = PCURVE('',#4772,#10545);
#10545 = DEFINITIONAL_REPRESENTATION('',(#10546),#10550);
#10546 = LINE('',#10547,#10548);
#10547 = CARTESIAN_POINT('',(0.,0.));
#10548 = VECTOR('',#10549,1.);
#10549 = DIRECTION('',(0.,-1.));
#10550 = ( GEOMETRIC_REPRESENTATION_CONTEXT(2) 
PARAMETRIC_REPRESENTATION_CONTEXT() REPRESENTATION_CONTEXT('2D SPACE',''
  ) );
#10551 = ADVANCED_FACE('',(#10552),#4918,.F.);
#10552 = FACE_BOUND('',#10553,.F.);
#10553 = EDGE_LOOP('',(#10554,#10577,#10598,#10599));
#10554 = ORIENTED_EDGE('',*,*,#10555,.F.);
#10555 = EDGE_CURVE('',#10556,#10458,#10558,.T.);
#10556 = VERTEX_POINT('',#10557);
#10557 = CARTESIAN_POINT('',(2.190673828125,16.28076171875,17.8));
#10558 = SURFACE_CURVE('',#10559,(#10563,#10570),.PCURVE_S1.);
#10559 = B_SPLINE_CURVE_WITH_KNOTS('',2,(#10560,#10561,#10562),
  .UNSPECIFIED.,.F.,.F.,(3,3),(0.,1.),.PIECEWISE_BEZIER_KNOTS.);
#10560 = CARTESIAN_POINT('',(2.190673828125,16.28076171875,17.8));
#10561 = CARTESIAN_POINT('',(1.764404296875,16.6015625,17.8));
#10562 = CARTESIAN_POINT('',(1.118408203125,16.6015625,17.8));
#10563 = PCURVE('',#4918,#10564);
#10564 = DEFINITIONAL_REPRESENTATION('',(#10565),#10569);
#10565 = LINE('',#10566,#10567);
#10566 = CARTESIAN_POINT('',(0.,0.));
#10567 = VECTOR('',#10568,1.);
#10568 = DIRECTION('',(1.,0.));
#10569 = ( GEOMETRIC_REPRESENTATION_CONTEXT(2) 
PARAMETRIC_REPRESENTATION_CONTEXT() REPRESENTATION_CONTEXT('2D SPACE',''
  ) );
#10570 = PCURVE('',#9664,#10571);
#10571 = DEFINITIONAL_REPRESENTATION('',(#10572),#10576);
#10572 = B_SPLINE_CURVE_WITH_KNOTS('',2,(#10573,#10574,#10575),
  .UNSPECIFIED.,.F.,.F.,(3,3),(0.,1.),.PIECEWISE_BEZIER_KNOTS.);
#10573 = CARTESIAN_POINT('',(4.5439453125,5.501953125));
#10574 = CARTESIAN_POINT('',(4.11767578125,5.82275390625));
#10575 = CARTESIAN_POINT('',(3.4716796875,5.82275390625));
#10576 = ( GEOMETRIC_REPRESENTATION_CONTEXT(2) 
PARAMETRIC_REPRESENTATION_CONTEXT() REPRESENTATION_CONTEXT('2D SPACE',''
  ) );
#10577 = ORIENTED_EDGE('',*,*,#10578,.T.);
#10578 = EDGE_CURVE('',#10556,#4824,#10579,.T.);
#10579 = SURFACE_CURVE('',#10580,(#10584,#10591),.PCURVE_S1.);
#10580 = LINE('',#10581,#10582);
#10581 = CARTESIAN_POINT('',(2.190673828125,16.28076171875,17.8));
#10582 = VECTOR('',#10583,1.);
#10583 = DIRECTION('',(0.,0.,1.));
#10584 = PCURVE('',#4918,#10585);
#10585 = DEFINITIONAL_REPRESENTATION('',(#10586),#10590);
#10586 = LINE('',#10587,#10588);
#10587 = CARTESIAN_POINT('',(0.,0.));
#10588 = VECTOR('',#10589,1.);
#10589 = DIRECTION('',(0.,-1.));
#10590 = ( GEOMETRIC_REPRESENTATION_CONTEXT(2) 
PARAMETRIC_REPRESENTATION_CONTEXT() REPRESENTATION_CONTEXT('2D SPACE',''
  ) );
#10591 = PCURVE('',#4857,#10592);
#10592 = DEFINITIONAL_REPRESENTATION('',(#10593),#10597);
#10593 = LINE('',#10594,#10595);
#10594 = CARTESIAN_POINT('',(1.,0.));
#10595 = VECTOR('',#10596,1.);
#10596 = DIRECTION('',(0.,-1.));
#10597 = ( GEOMETRIC_REPRESENTATION_CONTEXT(2) 
PARAMETRIC_REPRESENTATION_CONTEXT() REPRESENTATION_CONTEXT('2D SPACE',''
  ) );
#10598 = ORIENTED_EDGE('',*,*,#4880,.F.);
#10599 = ORIENTED_EDGE('',*,*,#10480,.F.);
#10600 = ADVANCED_FACE('',(#10601),#4772,.F.);
#10601 = FACE_BOUND('',#10602,.F.);
#10602 = EDGE_LOOP('',(#10603,#10626,#10627,#10628));
#10603 = ORIENTED_EDGE('',*,*,#10604,.F.);
#10604 = EDGE_CURVE('',#10507,#10605,#10607,.T.);
#10605 = VERTEX_POINT('',#10606);
#10606 = CARTESIAN_POINT('',(3.680419921875,15.45458984375,17.8));
#10607 = SURFACE_CURVE('',#10608,(#10612,#10619),.PCURVE_S1.);
#10608 = B_SPLINE_CURVE_WITH_KNOTS('',2,(#10609,#10610,#10611),
  .UNSPECIFIED.,.F.,.F.,(3,3),(0.,1.),.PIECEWISE_BEZIER_KNOTS.);
#10609 = CARTESIAN_POINT('',(2.761962890625,16.8388671875,17.8));
#10610 = CARTESIAN_POINT('',(3.421142578125,16.3466796875,17.8));
#10611 = CARTESIAN_POINT('',(3.680419921875,15.45458984375,17.8));
#10612 = PCURVE('',#4772,#10613);
#10613 = DEFINITIONAL_REPRESENTATION('',(#10614),#10618);
#10614 = LINE('',#10615,#10616);
#10615 = CARTESIAN_POINT('',(0.,0.));
#10616 = VECTOR('',#10617,1.);
#10617 = DIRECTION('',(1.,0.));
#10618 = ( GEOMETRIC_REPRESENTATION_CONTEXT(2) 
PARAMETRIC_REPRESENTATION_CONTEXT() REPRESENTATION_CONTEXT('2D SPACE',''
  ) );
#10619 = PCURVE('',#9664,#10620);
#10620 = DEFINITIONAL_REPRESENTATION('',(#10621),#10625);
#10621 = B_SPLINE_CURVE_WITH_KNOTS('',2,(#10622,#10623,#10624),
  .UNSPECIFIED.,.F.,.F.,(3,3),(0.,1.),.PIECEWISE_BEZIER_KNOTS.);
#10622 = CARTESIAN_POINT('',(5.115234375,6.06005859375));
#10623 = CARTESIAN_POINT('',(5.7744140625,5.56787109375));
#10624 = CARTESIAN_POINT('',(6.03369140625,4.67578125));
#10625 = ( GEOMETRIC_REPRESENTATION_CONTEXT(2) 
PARAMETRIC_REPRESENTATION_CONTEXT() REPRESENTATION_CONTEXT('2D SPACE',''
  ) );
#10626 = ORIENTED_EDGE('',*,*,#10531,.T.);
#10627 = ORIENTED_EDGE('',*,*,#4734,.F.);
#10628 = ORIENTED_EDGE('',*,*,#10629,.F.);
#10629 = EDGE_CURVE('',#10605,#4735,#10630,.T.);
#10630 = SURFACE_CURVE('',#10631,(#10635,#10642),.PCURVE_S1.);
#10631 = LINE('',#10632,#10633);
#10632 = CARTESIAN_POINT('',(3.680419921875,15.45458984375,17.8));
#10633 = VECTOR('',#10634,1.);
#10634 = DIRECTION('',(0.,0.,1.));
#10635 = PCURVE('',#4772,#10636);
#10636 = DEFINITIONAL_REPRESENTATION('',(#10637),#10641);
#10637 = LINE('',#10638,#10639);
#10638 = CARTESIAN_POINT('',(1.,0.));
#10639 = VECTOR('',#10640,1.);
#10640 = DIRECTION('',(0.,-1.));
#10641 = ( GEOMETRIC_REPRESENTATION_CONTEXT(2) 
PARAMETRIC_REPRESENTATION_CONTEXT() REPRESENTATION_CONTEXT('2D SPACE',''
  ) );
#10642 = PCURVE('',#4812,#10643);
#10643 = DEFINITIONAL_REPRESENTATION('',(#10644),#10648);
#10644 = LINE('',#10645,#10646);
#10645 = CARTESIAN_POINT('',(0.,0.));
#10646 = VECTOR('',#10647,1.);
#10647 = DIRECTION('',(0.,-1.));
#10648 = ( GEOMETRIC_REPRESENTATION_CONTEXT(2) 
PARAMETRIC_REPRESENTATION_CONTEXT() REPRESENTATION_CONTEXT('2D SPACE',''
  ) );
#10649 = ADVANCED_FACE('',(#10650),#4857,.F.);
#10650 = FACE_BOUND('',#10651,.F.);
#10651 = EDGE_LOOP('',(#10652,#10675,#10696,#10697));
#10652 = ORIENTED_EDGE('',*,*,#10653,.F.);
#10653 = EDGE_CURVE('',#10654,#10556,#10656,.T.);
#10654 = VERTEX_POINT('',#10655);
#10655 = CARTESIAN_POINT('',(2.841064453125,15.2568359375,17.8));
#10656 = SURFACE_CURVE('',#10657,(#10661,#10668),.PCURVE_S1.);
#10657 = B_SPLINE_CURVE_WITH_KNOTS('',2,(#10658,#10659,#10660),
  .UNSPECIFIED.,.F.,.F.,(3,3),(0.,1.),.PIECEWISE_BEZIER_KNOTS.);
#10658 = CARTESIAN_POINT('',(2.841064453125,15.2568359375,17.8));
#10659 = CARTESIAN_POINT('',(2.616943359375,15.9599609375,17.8));
#10660 = CARTESIAN_POINT('',(2.190673828125,16.28076171875,17.8));
#10661 = PCURVE('',#4857,#10662);
#10662 = DEFINITIONAL_REPRESENTATION('',(#10663),#10667);
#10663 = LINE('',#10664,#10665);
#10664 = CARTESIAN_POINT('',(0.,0.));
#10665 = VECTOR('',#10666,1.);
#10666 = DIRECTION('',(1.,0.));
#10667 = ( GEOMETRIC_REPRESENTATION_CONTEXT(2) 
PARAMETRIC_REPRESENTATION_CONTEXT() REPRESENTATION_CONTEXT('2D SPACE',''
  ) );
#10668 = PCURVE('',#9664,#10669);
#10669 = DEFINITIONAL_REPRESENTATION('',(#10670),#10674);
#10670 = B_SPLINE_CURVE_WITH_KNOTS('',2,(#10671,#10672,#10673),
  .UNSPECIFIED.,.F.,.F.,(3,3),(0.,1.),.PIECEWISE_BEZIER_KNOTS.);
#10671 = CARTESIAN_POINT('',(5.1943359375,4.47802734375));
#10672 = CARTESIAN_POINT('',(4.97021484375,5.18115234375));
#10673 = CARTESIAN_POINT('',(4.5439453125,5.501953125));
#10674 = ( GEOMETRIC_REPRESENTATION_CONTEXT(2) 
PARAMETRIC_REPRESENTATION_CONTEXT() REPRESENTATION_CONTEXT('2D SPACE',''
  ) );
#10675 = ORIENTED_EDGE('',*,*,#10676,.T.);
#10676 = EDGE_CURVE('',#10654,#4798,#10677,.T.);
#10677 = SURFACE_CURVE('',#10678,(#10682,#10689),.PCURVE_S1.);
#10678 = LINE('',#10679,#10680);
#10679 = CARTESIAN_POINT('',(2.841064453125,15.2568359375,17.8));
#10680 = VECTOR('',#10681,1.);
#10681 = DIRECTION('',(0.,0.,1.));
#10682 = PCURVE('',#4857,#10683);
#10683 = DEFINITIONAL_REPRESENTATION('',(#10684),#10688);
#10684 = LINE('',#10685,#10686);
#10685 = CARTESIAN_POINT('',(0.,0.));
#10686 = VECTOR('',#10687,1.);
#10687 = DIRECTION('',(0.,-1.));
#10688 = ( GEOMETRIC_REPRESENTATION_CONTEXT(2) 
PARAMETRIC_REPRESENTATION_CONTEXT() REPRESENTATION_CONTEXT('2D SPACE',''
  ) );
#10689 = PCURVE('',#4812,#10690);
#10690 = DEFINITIONAL_REPRESENTATION('',(#10691),#10695);
#10691 = LINE('',#10692,#10693);
#10692 = CARTESIAN_POINT('',(0.862336483258,0.));
#10693 = VECTOR('',#10694,1.);
#10694 = DIRECTION('',(0.,-1.));
#10695 = ( GEOMETRIC_REPRESENTATION_CONTEXT(2) 
PARAMETRIC_REPRESENTATION_CONTEXT() REPRESENTATION_CONTEXT('2D SPACE',''
  ) );
#10696 = ORIENTED_EDGE('',*,*,#4823,.F.);
#10697 = ORIENTED_EDGE('',*,*,#10578,.F.);
#10698 = ADVANCED_FACE('',(#10699),#4812,.F.);
#10699 = FACE_BOUND('',#10700,.F.);
#10700 = EDGE_LOOP('',(#10701,#10722,#10723,#10724));
#10701 = ORIENTED_EDGE('',*,*,#10702,.F.);
#10702 = EDGE_CURVE('',#10605,#10654,#10703,.T.);
#10703 = SURFACE_CURVE('',#10704,(#10708,#10715),.PCURVE_S1.);
#10704 = LINE('',#10705,#10706);
#10705 = CARTESIAN_POINT('',(3.680419921875,15.45458984375,17.8));
#10706 = VECTOR('',#10707,1.);
#10707 = DIRECTION('',(-0.973350293123,-0.22932336749,0.));
#10708 = PCURVE('',#4812,#10709);
#10709 = DEFINITIONAL_REPRESENTATION('',(#10710),#10714);
#10710 = LINE('',#10711,#10712);
#10711 = CARTESIAN_POINT('',(0.,0.));
#10712 = VECTOR('',#10713,1.);
#10713 = DIRECTION('',(1.,0.));
#10714 = ( GEOMETRIC_REPRESENTATION_CONTEXT(2) 
PARAMETRIC_REPRESENTATION_CONTEXT() REPRESENTATION_CONTEXT('2D SPACE',''
  ) );
#10715 = PCURVE('',#9664,#10716);
#10716 = DEFINITIONAL_REPRESENTATION('',(#10717),#10721);
#10717 = LINE('',#10718,#10719);
#10718 = CARTESIAN_POINT('',(6.03369140625,4.67578125));
#10719 = VECTOR('',#10720,1.);
#10720 = DIRECTION('',(-0.973350293123,-0.22932336749));
#10721 = ( GEOMETRIC_REPRESENTATION_CONTEXT(2) 
PARAMETRIC_REPRESENTATION_CONTEXT() REPRESENTATION_CONTEXT('2D SPACE',''
  ) );
#10722 = ORIENTED_EDGE('',*,*,#10629,.T.);
#10723 = ORIENTED_EDGE('',*,*,#4797,.F.);
#10724 = ORIENTED_EDGE('',*,*,#10676,.F.);
#10725 = ADVANCED_FACE('',(#10726),#5392,.F.);
#10726 = FACE_BOUND('',#10727,.F.);
#10727 = EDGE_LOOP('',(#10728,#10758,#10779,#10780));
#10728 = ORIENTED_EDGE('',*,*,#10729,.F.);
#10729 = EDGE_CURVE('',#10730,#10732,#10734,.T.);
#10730 = VERTEX_POINT('',#10731);
#10731 = CARTESIAN_POINT('',(5.038330078125,10.77880859375,17.8));
#10732 = VERTEX_POINT('',#10733);
#10733 = CARTESIAN_POINT('',(4.133056640625,10.77880859375,17.8));
#10734 = SURFACE_CURVE('',#10735,(#10739,#10746),.PCURVE_S1.);
#10735 = LINE('',#10736,#10737);
#10736 = CARTESIAN_POINT('',(5.038330078125,10.77880859375,17.8));
#10737 = VECTOR('',#10738,1.);
#10738 = DIRECTION('',(-1.,0.,0.));
#10739 = PCURVE('',#5392,#10740);
#10740 = DEFINITIONAL_REPRESENTATION('',(#10741),#10745);
#10741 = LINE('',#10742,#10743);
#10742 = CARTESIAN_POINT('',(0.,-0.));
#10743 = VECTOR('',#10744,1.);
#10744 = DIRECTION('',(1.,0.));
#10745 = ( GEOMETRIC_REPRESENTATION_CONTEXT(2) 
PARAMETRIC_REPRESENTATION_CONTEXT() REPRESENTATION_CONTEXT('2D SPACE',''
  ) );
#10746 = PCURVE('',#10747,#10752);
#10747 = PLANE('',#10748);
#10748 = AXIS2_PLACEMENT_3D('',#10749,#10750,#10751);
#10749 = CARTESIAN_POINT('',(4.146240234375,10.77880859375,17.8));
#10750 = DIRECTION('',(0.,0.,1.));
#10751 = DIRECTION('',(1.,0.,0.));
#10752 = DEFINITIONAL_REPRESENTATION('',(#10753),#10757);
#10753 = LINE('',#10754,#10755);
#10754 = CARTESIAN_POINT('',(0.89208984375,0.));
#10755 = VECTOR('',#10756,1.);
#10756 = DIRECTION('',(-1.,0.));
#10757 = ( GEOMETRIC_REPRESENTATION_CONTEXT(2) 
PARAMETRIC_REPRESENTATION_CONTEXT() REPRESENTATION_CONTEXT('2D SPACE',''
  ) );
#10758 = ORIENTED_EDGE('',*,*,#10759,.T.);
#10759 = EDGE_CURVE('',#10730,#5378,#10760,.T.);
#10760 = SURFACE_CURVE('',#10761,(#10765,#10772),.PCURVE_S1.);
#10761 = LINE('',#10762,#10763);
#10762 = CARTESIAN_POINT('',(5.038330078125,10.77880859375,17.8));
#10763 = VECTOR('',#10764,1.);
#10764 = DIRECTION('',(0.,0.,1.));
#10765 = PCURVE('',#5392,#10766);
#10766 = DEFINITIONAL_REPRESENTATION('',(#10767),#10771);
#10767 = LINE('',#10768,#10769);
#10768 = CARTESIAN_POINT('',(0.,-0.));
#10769 = VECTOR('',#10770,1.);
#10770 = DIRECTION('',(0.,-1.));
#10771 = ( GEOMETRIC_REPRESENTATION_CONTEXT(2) 
PARAMETRIC_REPRESENTATION_CONTEXT() REPRESENTATION_CONTEXT('2D SPACE',''
  ) );
#10772 = PCURVE('',#5572,#10773);
#10773 = DEFINITIONAL_REPRESENTATION('',(#10774),#10778);
#10774 = LINE('',#10775,#10776);
#10775 = CARTESIAN_POINT('',(2.075489236997,0.));
#10776 = VECTOR('',#10777,1.);
#10777 = DIRECTION('',(0.,-1.));
#10778 = ( GEOMETRIC_REPRESENTATION_CONTEXT(2) 
PARAMETRIC_REPRESENTATION_CONTEXT() REPRESENTATION_CONTEXT('2D SPACE',''
  ) );
#10779 = ORIENTED_EDGE('',*,*,#5375,.F.);
#10780 = ORIENTED_EDGE('',*,*,#10781,.F.);
#10781 = EDGE_CURVE('',#10732,#5376,#10782,.T.);
#10782 = SURFACE_CURVE('',#10783,(#10787,#10794),.PCURVE_S1.);
#10783 = LINE('',#10784,#10785);
#10784 = CARTESIAN_POINT('',(4.133056640625,10.77880859375,17.8));
#10785 = VECTOR('',#10786,1.);
#10786 = DIRECTION('',(0.,0.,1.));
#10787 = PCURVE('',#5392,#10788);
#10788 = DEFINITIONAL_REPRESENTATION('',(#10789),#10793);
#10789 = LINE('',#10790,#10791);
#10790 = CARTESIAN_POINT('',(0.9052734375,0.));
#10791 = VECTOR('',#10792,1.);
#10792 = DIRECTION('',(0.,-1.));
#10793 = ( GEOMETRIC_REPRESENTATION_CONTEXT(2) 
PARAMETRIC_REPRESENTATION_CONTEXT() REPRESENTATION_CONTEXT('2D SPACE',''
  ) );
#10794 = PCURVE('',#5418,#10795);
#10795 = DEFINITIONAL_REPRESENTATION('',(#10796),#10800);
#10796 = LINE('',#10797,#10798);
#10797 = CARTESIAN_POINT('',(0.,0.));
#10798 = VECTOR('',#10799,1.);
#10799 = DIRECTION('',(0.,-1.));
#10800 = ( GEOMETRIC_REPRESENTATION_CONTEXT(2) 
PARAMETRIC_REPRESENTATION_CONTEXT() REPRESENTATION_CONTEXT('2D SPACE',''
  ) );
#10801 = ADVANCED_FACE('',(#10802),#5418,.F.);
#10802 = FACE_BOUND('',#10803,.F.);
#10803 = EDGE_LOOP('',(#10804,#10827,#10828,#10829));
#10804 = ORIENTED_EDGE('',*,*,#10805,.F.);
#10805 = EDGE_CURVE('',#10732,#10806,#10808,.T.);
#10806 = VERTEX_POINT('',#10807);
#10807 = CARTESIAN_POINT('',(6.607177734375,17.22119140625,17.8));
#10808 = SURFACE_CURVE('',#10809,(#10813,#10820),.PCURVE_S1.);
#10809 = LINE('',#10810,#10811);
#10810 = CARTESIAN_POINT('',(4.133056640625,10.77880859375,17.8));
#10811 = VECTOR('',#10812,1.);
#10812 = DIRECTION('',(0.358509651553,0.933526019853,0.));
#10813 = PCURVE('',#5418,#10814);
#10814 = DEFINITIONAL_REPRESENTATION('',(#10815),#10819);
#10815 = LINE('',#10816,#10817);
#10816 = CARTESIAN_POINT('',(0.,0.));
#10817 = VECTOR('',#10818,1.);
#10818 = DIRECTION('',(1.,0.));
#10819 = ( GEOMETRIC_REPRESENTATION_CONTEXT(2) 
PARAMETRIC_REPRESENTATION_CONTEXT() REPRESENTATION_CONTEXT('2D SPACE',''
  ) );
#10820 = PCURVE('',#10747,#10821);
#10821 = DEFINITIONAL_REPRESENTATION('',(#10822),#10826);
#10822 = LINE('',#10823,#10824);
#10823 = CARTESIAN_POINT('',(-1.318359375E-02,0.));
#10824 = VECTOR('',#10825,1.);
#10825 = DIRECTION('',(0.358509651553,0.933526019853));
#10826 = ( GEOMETRIC_REPRESENTATION_CONTEXT(2) 
PARAMETRIC_REPRESENTATION_CONTEXT() REPRESENTATION_CONTEXT('2D SPACE',''
  ) );
#10827 = ORIENTED_EDGE('',*,*,#10781,.T.);
#10828 = ORIENTED_EDGE('',*,*,#5403,.F.);
#10829 = ORIENTED_EDGE('',*,*,#10830,.F.);
#10830 = EDGE_CURVE('',#10806,#5404,#10831,.T.);
#10831 = SURFACE_CURVE('',#10832,(#10836,#10843),.PCURVE_S1.);
#10832 = LINE('',#10833,#10834);
#10833 = CARTESIAN_POINT('',(6.607177734375,17.22119140625,17.8));
#10834 = VECTOR('',#10835,1.);
#10835 = DIRECTION('',(0.,0.,1.));
#10836 = PCURVE('',#5418,#10837);
#10837 = DEFINITIONAL_REPRESENTATION('',(#10838),#10842);
#10838 = LINE('',#10839,#10840);
#10839 = CARTESIAN_POINT('',(6.901128276545,0.));
#10840 = VECTOR('',#10841,1.);
#10841 = DIRECTION('',(0.,-1.));
#10842 = ( GEOMETRIC_REPRESENTATION_CONTEXT(2) 
PARAMETRIC_REPRESENTATION_CONTEXT() REPRESENTATION_CONTEXT('2D SPACE',''
  ) );
#10843 = PCURVE('',#5444,#10844);
#10844 = DEFINITIONAL_REPRESENTATION('',(#10845),#10849);
#10845 = LINE('',#10846,#10847);
#10846 = CARTESIAN_POINT('',(0.,0.));
#10847 = VECTOR('',#10848,1.);
#10848 = DIRECTION('',(0.,-1.));
#10849 = ( GEOMETRIC_REPRESENTATION_CONTEXT(2) 
PARAMETRIC_REPRESENTATION_CONTEXT() REPRESENTATION_CONTEXT('2D SPACE',''
  ) );
#10850 = ADVANCED_FACE('',(#10851),#5572,.F.);
#10851 = FACE_BOUND('',#10852,.F.);
#10852 = EDGE_LOOP('',(#10853,#10876,#10897,#10898));
#10853 = ORIENTED_EDGE('',*,*,#10854,.F.);
#10854 = EDGE_CURVE('',#10855,#10730,#10857,.T.);
#10855 = VERTEX_POINT('',#10856);
#10856 = CARTESIAN_POINT('',(5.745849609375,12.72998046875,17.8));
#10857 = SURFACE_CURVE('',#10858,(#10862,#10869),.PCURVE_S1.);
#10858 = LINE('',#10859,#10860);
#10859 = CARTESIAN_POINT('',(5.745849609375,12.72998046875,17.8));
#10860 = VECTOR('',#10861,1.);
#10861 = DIRECTION('',(-0.340892893414,-0.940102140844,0.));
#10862 = PCURVE('',#5572,#10863);
#10863 = DEFINITIONAL_REPRESENTATION('',(#10864),#10868);
#10864 = LINE('',#10865,#10866);
#10865 = CARTESIAN_POINT('',(0.,0.));
#10866 = VECTOR('',#10867,1.);
#10867 = DIRECTION('',(1.,0.));
#10868 = ( GEOMETRIC_REPRESENTATION_CONTEXT(2) 
PARAMETRIC_REPRESENTATION_CONTEXT() REPRESENTATION_CONTEXT('2D SPACE',''
  ) );
#10869 = PCURVE('',#10747,#10870);
#10870 = DEFINITIONAL_REPRESENTATION('',(#10871),#10875);
#10871 = LINE('',#10872,#10873);
#10872 = CARTESIAN_POINT('',(1.599609375,1.951171875));
#10873 = VECTOR('',#10874,1.);
#10874 = DIRECTION('',(-0.340892893414,-0.940102140844));
#10875 = ( GEOMETRIC_REPRESENTATION_CONTEXT(2) 
PARAMETRIC_REPRESENTATION_CONTEXT() REPRESENTATION_CONTEXT('2D SPACE',''
  ) );
#10876 = ORIENTED_EDGE('',*,*,#10877,.T.);
#10877 = EDGE_CURVE('',#10855,#5534,#10878,.T.);
#10878 = SURFACE_CURVE('',#10879,(#10883,#10890),.PCURVE_S1.);
#10879 = LINE('',#10880,#10881);
#10880 = CARTESIAN_POINT('',(5.745849609375,12.72998046875,17.8));
#10881 = VECTOR('',#10882,1.);
#10882 = DIRECTION('',(0.,0.,1.));
#10883 = PCURVE('',#5572,#10884);
#10884 = DEFINITIONAL_REPRESENTATION('',(#10885),#10889);
#10885 = LINE('',#10886,#10887);
#10886 = CARTESIAN_POINT('',(0.,0.));
#10887 = VECTOR('',#10888,1.);
#10888 = DIRECTION('',(0.,-1.));
#10889 = ( GEOMETRIC_REPRESENTATION_CONTEXT(2) 
PARAMETRIC_REPRESENTATION_CONTEXT() REPRESENTATION_CONTEXT('2D SPACE',''
  ) );
#10890 = PCURVE('',#5548,#10891);
#10891 = DEFINITIONAL_REPRESENTATION('',(#10892),#10896);
#10892 = LINE('',#10893,#10894);
#10893 = CARTESIAN_POINT('',(2.69384765625,0.));
#10894 = VECTOR('',#10895,1.);
#10895 = DIRECTION('',(0.,-1.));
#10896 = ( GEOMETRIC_REPRESENTATION_CONTEXT(2) 
PARAMETRIC_REPRESENTATION_CONTEXT() REPRESENTATION_CONTEXT('2D SPACE',''
  ) );
#10897 = ORIENTED_EDGE('',*,*,#5559,.F.);
#10898 = ORIENTED_EDGE('',*,*,#10759,.F.);
#10899 = ADVANCED_FACE('',(#10900),#5444,.F.);
#10900 = FACE_BOUND('',#10901,.F.);
#10901 = EDGE_LOOP('',(#10902,#10925,#10926,#10927));
#10902 = ORIENTED_EDGE('',*,*,#10903,.F.);
#10903 = EDGE_CURVE('',#10806,#10904,#10906,.T.);
#10904 = VERTEX_POINT('',#10905);
#10905 = CARTESIAN_POINT('',(7.525634765625,17.22119140625,17.8));
#10906 = SURFACE_CURVE('',#10907,(#10911,#10918),.PCURVE_S1.);
#10907 = LINE('',#10908,#10909);
#10908 = CARTESIAN_POINT('',(6.607177734375,17.22119140625,17.8));
#10909 = VECTOR('',#10910,1.);
#10910 = DIRECTION('',(1.,0.,0.));
#10911 = PCURVE('',#5444,#10912);
#10912 = DEFINITIONAL_REPRESENTATION('',(#10913),#10917);
#10913 = LINE('',#10914,#10915);
#10914 = CARTESIAN_POINT('',(0.,0.));
#10915 = VECTOR('',#10916,1.);
#10916 = DIRECTION('',(1.,0.));
#10917 = ( GEOMETRIC_REPRESENTATION_CONTEXT(2) 
PARAMETRIC_REPRESENTATION_CONTEXT() REPRESENTATION_CONTEXT('2D SPACE',''
  ) );
#10918 = PCURVE('',#10747,#10919);
#10919 = DEFINITIONAL_REPRESENTATION('',(#10920),#10924);
#10920 = LINE('',#10921,#10922);
#10921 = CARTESIAN_POINT('',(2.4609375,6.4423828125));
#10922 = VECTOR('',#10923,1.);
#10923 = DIRECTION('',(1.,0.));
#10924 = ( GEOMETRIC_REPRESENTATION_CONTEXT(2) 
PARAMETRIC_REPRESENTATION_CONTEXT() REPRESENTATION_CONTEXT('2D SPACE',''
  ) );
#10925 = ORIENTED_EDGE('',*,*,#10830,.T.);
#10926 = ORIENTED_EDGE('',*,*,#5429,.F.);
#10927 = ORIENTED_EDGE('',*,*,#10928,.F.);
#10928 = EDGE_CURVE('',#10904,#5430,#10929,.T.);
#10929 = SURFACE_CURVE('',#10930,(#10934,#10941),.PCURVE_S1.);
#10930 = LINE('',#10931,#10932);
#10931 = CARTESIAN_POINT('',(7.525634765625,17.22119140625,17.8));
#10932 = VECTOR('',#10933,1.);
#10933 = DIRECTION('',(0.,0.,1.));
#10934 = PCURVE('',#5444,#10935);
#10935 = DEFINITIONAL_REPRESENTATION('',(#10936),#10940);
#10936 = LINE('',#10937,#10938);
#10937 = CARTESIAN_POINT('',(0.91845703125,0.));
#10938 = VECTOR('',#10939,1.);
#10939 = DIRECTION('',(0.,-1.));
#10940 = ( GEOMETRIC_REPRESENTATION_CONTEXT(2) 
PARAMETRIC_REPRESENTATION_CONTEXT() REPRESENTATION_CONTEXT('2D SPACE',''
  ) );
#10941 = PCURVE('',#5470,#10942);
#10942 = DEFINITIONAL_REPRESENTATION('',(#10943),#10947);
#10943 = LINE('',#10944,#10945);
#10944 = CARTESIAN_POINT('',(0.,0.));
#10945 = VECTOR('',#10946,1.);
#10946 = DIRECTION('',(0.,-1.));
#10947 = ( GEOMETRIC_REPRESENTATION_CONTEXT(2) 
PARAMETRIC_REPRESENTATION_CONTEXT() REPRESENTATION_CONTEXT('2D SPACE',''
  ) );
#10948 = ADVANCED_FACE('',(#10949),#5548,.F.);
#10949 = FACE_BOUND('',#10950,.F.);
#10950 = EDGE_LOOP('',(#10951,#10974,#10995,#10996));
#10951 = ORIENTED_EDGE('',*,*,#10952,.F.);
#10952 = EDGE_CURVE('',#10953,#10855,#10955,.T.);
#10953 = VERTEX_POINT('',#10954);
#10954 = CARTESIAN_POINT('',(8.439697265625,12.72998046875,17.8));
#10955 = SURFACE_CURVE('',#10956,(#10960,#10967),.PCURVE_S1.);
#10956 = LINE('',#10957,#10958);
#10957 = CARTESIAN_POINT('',(8.439697265625,12.72998046875,17.8));
#10958 = VECTOR('',#10959,1.);
#10959 = DIRECTION('',(-1.,0.,0.));
#10960 = PCURVE('',#5548,#10961);
#10961 = DEFINITIONAL_REPRESENTATION('',(#10962),#10966);
#10962 = LINE('',#10963,#10964);
#10963 = CARTESIAN_POINT('',(0.,-0.));
#10964 = VECTOR('',#10965,1.);
#10965 = DIRECTION('',(1.,0.));
#10966 = ( GEOMETRIC_REPRESENTATION_CONTEXT(2) 
PARAMETRIC_REPRESENTATION_CONTEXT() REPRESENTATION_CONTEXT('2D SPACE',''
  ) );
#10967 = PCURVE('',#10747,#10968);
#10968 = DEFINITIONAL_REPRESENTATION('',(#10969),#10973);
#10969 = LINE('',#10970,#10971);
#10970 = CARTESIAN_POINT('',(4.29345703125,1.951171875));
#10971 = VECTOR('',#10972,1.);
#10972 = DIRECTION('',(-1.,0.));
#10973 = ( GEOMETRIC_REPRESENTATION_CONTEXT(2) 
PARAMETRIC_REPRESENTATION_CONTEXT() REPRESENTATION_CONTEXT('2D SPACE',''
  ) );
#10974 = ORIENTED_EDGE('',*,*,#10975,.T.);
#10975 = EDGE_CURVE('',#10953,#5508,#10976,.T.);
#10976 = SURFACE_CURVE('',#10977,(#10981,#10988),.PCURVE_S1.);
#10977 = LINE('',#10978,#10979);
#10978 = CARTESIAN_POINT('',(8.439697265625,12.72998046875,17.8));
#10979 = VECTOR('',#10980,1.);
#10980 = DIRECTION('',(0.,0.,1.));
#10981 = PCURVE('',#5548,#10982);
#10982 = DEFINITIONAL_REPRESENTATION('',(#10983),#10987);
#10983 = LINE('',#10984,#10985);
#10984 = CARTESIAN_POINT('',(0.,-0.));
#10985 = VECTOR('',#10986,1.);
#10986 = DIRECTION('',(0.,-1.));
#10987 = ( GEOMETRIC_REPRESENTATION_CONTEXT(2) 
PARAMETRIC_REPRESENTATION_CONTEXT() REPRESENTATION_CONTEXT('2D SPACE',''
  ) );
#10988 = PCURVE('',#5522,#10989);
#10989 = DEFINITIONAL_REPRESENTATION('',(#10990),#10994);
#10990 = LINE('',#10991,#10992);
#10991 = CARTESIAN_POINT('',(2.090878068464,0.));
#10992 = VECTOR('',#10993,1.);
#10993 = DIRECTION('',(0.,-1.));
#10994 = ( GEOMETRIC_REPRESENTATION_CONTEXT(2) 
PARAMETRIC_REPRESENTATION_CONTEXT() REPRESENTATION_CONTEXT('2D SPACE',''
  ) );
#10995 = ORIENTED_EDGE('',*,*,#5533,.F.);
#10996 = ORIENTED_EDGE('',*,*,#10877,.F.);
#10997 = ADVANCED_FACE('',(#10998),#5470,.F.);
#10998 = FACE_BOUND('',#10999,.F.);
#10999 = EDGE_LOOP('',(#11000,#11023,#11024,#11025));
#11000 = ORIENTED_EDGE('',*,*,#11001,.F.);
#11001 = EDGE_CURVE('',#10904,#11002,#11004,.T.);
#11002 = VERTEX_POINT('',#11003);
#11003 = CARTESIAN_POINT('',(10.162353515625,10.77880859375,17.8));
#11004 = SURFACE_CURVE('',#11005,(#11009,#11016),.PCURVE_S1.);
#11005 = LINE('',#11006,#11007);
#11006 = CARTESIAN_POINT('',(7.525634765625,17.22119140625,17.8));
#11007 = VECTOR('',#11008,1.);
#11008 = DIRECTION('',(0.378780330599,-0.925486607764,0.));
#11009 = PCURVE('',#5470,#11010);
#11010 = DEFINITIONAL_REPRESENTATION('',(#11011),#11015);
#11011 = LINE('',#11012,#11013);
#11012 = CARTESIAN_POINT('',(0.,0.));
#11013 = VECTOR('',#11014,1.);
#11014 = DIRECTION('',(1.,0.));
#11015 = ( GEOMETRIC_REPRESENTATION_CONTEXT(2) 
PARAMETRIC_REPRESENTATION_CONTEXT() REPRESENTATION_CONTEXT('2D SPACE',''
  ) );
#11016 = PCURVE('',#10747,#11017);
#11017 = DEFINITIONAL_REPRESENTATION('',(#11018),#11022);
#11018 = LINE('',#11019,#11020);
#11019 = CARTESIAN_POINT('',(3.37939453125,6.4423828125));
#11020 = VECTOR('',#11021,1.);
#11021 = DIRECTION('',(0.378780330599,-0.925486607764));
#11022 = ( GEOMETRIC_REPRESENTATION_CONTEXT(2) 
PARAMETRIC_REPRESENTATION_CONTEXT() REPRESENTATION_CONTEXT('2D SPACE',''
  ) );
#11023 = ORIENTED_EDGE('',*,*,#10928,.T.);
#11024 = ORIENTED_EDGE('',*,*,#5455,.F.);
#11025 = ORIENTED_EDGE('',*,*,#11026,.F.);
#11026 = EDGE_CURVE('',#11002,#5456,#11027,.T.);
#11027 = SURFACE_CURVE('',#11028,(#11032,#11039),.PCURVE_S1.);
#11028 = LINE('',#11029,#11030);
#11029 = CARTESIAN_POINT('',(10.162353515625,10.77880859375,17.8));
#11030 = VECTOR('',#11031,1.);
#11031 = DIRECTION('',(0.,0.,1.));
#11032 = PCURVE('',#5470,#11033);
#11033 = DEFINITIONAL_REPRESENTATION('',(#11034),#11038);
#11034 = LINE('',#11035,#11036);
#11035 = CARTESIAN_POINT('',(6.961076214882,0.));
#11036 = VECTOR('',#11037,1.);
#11037 = DIRECTION('',(0.,-1.));
#11038 = ( GEOMETRIC_REPRESENTATION_CONTEXT(2) 
PARAMETRIC_REPRESENTATION_CONTEXT() REPRESENTATION_CONTEXT('2D SPACE',''
  ) );
#11039 = PCURVE('',#5496,#11040);
#11040 = DEFINITIONAL_REPRESENTATION('',(#11041),#11045);
#11041 = LINE('',#11042,#11043);
#11042 = CARTESIAN_POINT('',(0.,-0.));
#11043 = VECTOR('',#11044,1.);
#11044 = DIRECTION('',(0.,-1.));
#11045 = ( GEOMETRIC_REPRESENTATION_CONTEXT(2) 
PARAMETRIC_REPRESENTATION_CONTEXT() REPRESENTATION_CONTEXT('2D SPACE',''
  ) );
#11046 = ADVANCED_FACE('',(#11047),#5522,.F.);
#11047 = FACE_BOUND('',#11048,.F.);
#11048 = EDGE_LOOP('',(#11049,#11072,#11093,#11094));
#11049 = ORIENTED_EDGE('',*,*,#11050,.F.);
#11050 = EDGE_CURVE('',#11051,#10953,#11053,.T.);
#11051 = VERTEX_POINT('',#11052);
#11052 = CARTESIAN_POINT('',(9.191162109375,10.77880859375,17.8));
#11053 = SURFACE_CURVE('',#11054,(#11058,#11065),.PCURVE_S1.);
#11054 = LINE('',#11055,#11056);
#11055 = CARTESIAN_POINT('',(9.191162109375,10.77880859375,17.8));
#11056 = VECTOR('',#11057,1.);
#11057 = DIRECTION('',(-0.359401561996,0.933183003078,0.));
#11058 = PCURVE('',#5522,#11059);
#11059 = DEFINITIONAL_REPRESENTATION('',(#11060),#11064);
#11060 = LINE('',#11061,#11062);
#11061 = CARTESIAN_POINT('',(0.,0.));
#11062 = VECTOR('',#11063,1.);
#11063 = DIRECTION('',(1.,0.));
#11064 = ( GEOMETRIC_REPRESENTATION_CONTEXT(2) 
PARAMETRIC_REPRESENTATION_CONTEXT() REPRESENTATION_CONTEXT('2D SPACE',''
  ) );
#11065 = PCURVE('',#10747,#11066);
#11066 = DEFINITIONAL_REPRESENTATION('',(#11067),#11071);
#11067 = LINE('',#11068,#11069);
#11068 = CARTESIAN_POINT('',(5.044921875,0.));
#11069 = VECTOR('',#11070,1.);
#11070 = DIRECTION('',(-0.359401561996,0.933183003078));
#11071 = ( GEOMETRIC_REPRESENTATION_CONTEXT(2) 
PARAMETRIC_REPRESENTATION_CONTEXT() REPRESENTATION_CONTEXT('2D SPACE',''
  ) );
#11072 = ORIENTED_EDGE('',*,*,#11073,.T.);
#11073 = EDGE_CURVE('',#11051,#5482,#11074,.T.);
#11074 = SURFACE_CURVE('',#11075,(#11079,#11086),.PCURVE_S1.);
#11075 = LINE('',#11076,#11077);
#11076 = CARTESIAN_POINT('',(9.191162109375,10.77880859375,17.8));
#11077 = VECTOR('',#11078,1.);
#11078 = DIRECTION('',(0.,0.,1.));
#11079 = PCURVE('',#5522,#11080);
#11080 = DEFINITIONAL_REPRESENTATION('',(#11081),#11085);
#11081 = LINE('',#11082,#11083);
#11082 = CARTESIAN_POINT('',(0.,0.));
#11083 = VECTOR('',#11084,1.);
#11084 = DIRECTION('',(0.,-1.));
#11085 = ( GEOMETRIC_REPRESENTATION_CONTEXT(2) 
PARAMETRIC_REPRESENTATION_CONTEXT() REPRESENTATION_CONTEXT('2D SPACE',''
  ) );
#11086 = PCURVE('',#5496,#11087);
#11087 = DEFINITIONAL_REPRESENTATION('',(#11088),#11092);
#11088 = LINE('',#11089,#11090);
#11089 = CARTESIAN_POINT('',(0.97119140625,0.));
#11090 = VECTOR('',#11091,1.);
#11091 = DIRECTION('',(0.,-1.));
#11092 = ( GEOMETRIC_REPRESENTATION_CONTEXT(2) 
PARAMETRIC_REPRESENTATION_CONTEXT() REPRESENTATION_CONTEXT('2D SPACE',''
  ) );
#11093 = ORIENTED_EDGE('',*,*,#5507,.F.);
#11094 = ORIENTED_EDGE('',*,*,#10975,.F.);
#11095 = ADVANCED_FACE('',(#11096),#5496,.F.);
#11096 = FACE_BOUND('',#11097,.F.);
#11097 = EDGE_LOOP('',(#11098,#11119,#11120,#11121));
#11098 = ORIENTED_EDGE('',*,*,#11099,.F.);
#11099 = EDGE_CURVE('',#11002,#11051,#11100,.T.);
#11100 = SURFACE_CURVE('',#11101,(#11105,#11112),.PCURVE_S1.);
#11101 = LINE('',#11102,#11103);
#11102 = CARTESIAN_POINT('',(10.162353515625,10.77880859375,17.8));
#11103 = VECTOR('',#11104,1.);
#11104 = DIRECTION('',(-1.,0.,0.));
#11105 = PCURVE('',#5496,#11106);
#11106 = DEFINITIONAL_REPRESENTATION('',(#11107),#11111);
#11107 = LINE('',#11108,#11109);
#11108 = CARTESIAN_POINT('',(0.,-0.));
#11109 = VECTOR('',#11110,1.);
#11110 = DIRECTION('',(1.,0.));
#11111 = ( GEOMETRIC_REPRESENTATION_CONTEXT(2) 
PARAMETRIC_REPRESENTATION_CONTEXT() REPRESENTATION_CONTEXT('2D SPACE',''
  ) );
#11112 = PCURVE('',#10747,#11113);
#11113 = DEFINITIONAL_REPRESENTATION('',(#11114),#11118);
#11114 = LINE('',#11115,#11116);
#11115 = CARTESIAN_POINT('',(6.01611328125,0.));
#11116 = VECTOR('',#11117,1.);
#11117 = DIRECTION('',(-1.,0.));
#11118 = ( GEOMETRIC_REPRESENTATION_CONTEXT(2) 
PARAMETRIC_REPRESENTATION_CONTEXT() REPRESENTATION_CONTEXT('2D SPACE',''
  ) );
#11119 = ORIENTED_EDGE('',*,*,#11026,.T.);
#11120 = ORIENTED_EDGE('',*,*,#5481,.F.);
#11121 = ORIENTED_EDGE('',*,*,#11073,.F.);
#11122 = ADVANCED_FACE('',(#11123,#11126),#5626,.F.);
#11123 = FACE_BOUND('',#11124,.F.);
#11124 = EDGE_LOOP('',(#11125));
#11125 = ORIENTED_EDGE('',*,*,#5611,.T.);
#11126 = FACE_BOUND('',#11127,.F.);
#11127 = EDGE_LOOP('',(#11128));
#11128 = ORIENTED_EDGE('',*,*,#11129,.F.);
#11129 = EDGE_CURVE('',#11130,#11130,#11132,.T.);
#11130 = VERTEX_POINT('',#11131);
#11131 = CARTESIAN_POINT('',(11.15,-2.730962362099E-15,0.));
#11132 = SURFACE_CURVE('',#11133,(#11138,#11145),.PCURVE_S1.);
#11133 = CIRCLE('',#11134,11.15);
#11134 = AXIS2_PLACEMENT_3D('',#11135,#11136,#11137);
#11135 = CARTESIAN_POINT('',(0.,0.,0.));
#11136 = DIRECTION('',(0.,0.,1.));
#11137 = DIRECTION('',(1.,0.,-0.));
#11138 = PCURVE('',#5626,#11139);
#11139 = DEFINITIONAL_REPRESENTATION('',(#11140),#11144);
#11140 = CIRCLE('',#11141,11.15);
#11141 = AXIS2_PLACEMENT_2D('',#11142,#11143);
#11142 = CARTESIAN_POINT('',(0.,0.));
#11143 = DIRECTION('',(1.,0.));
#11144 = ( GEOMETRIC_REPRESENTATION_CONTEXT(2) 
PARAMETRIC_REPRESENTATION_CONTEXT() REPRESENTATION_CONTEXT('2D SPACE',''
  ) );
#11145 = PCURVE('',#11146,#11151);
#11146 = CYLINDRICAL_SURFACE('',#11147,11.15);
#11147 = AXIS2_PLACEMENT_3D('',#11148,#11149,#11150);
#11148 = CARTESIAN_POINT('',(0.,0.,-1.E-02));
#11149 = DIRECTION('',(0.,0.,1.));
#11150 = DIRECTION('',(1.,0.,-0.));
#11151 = DEFINITIONAL_REPRESENTATION('',(#11152),#11156);
#11152 = LINE('',#11153,#11154);
#11153 = CARTESIAN_POINT('',(0.,1.E-02));
#11154 = VECTOR('',#11155,1.);
#11155 = DIRECTION('',(1.,0.));
#11156 = ( GEOMETRIC_REPRESENTATION_CONTEXT(2) 
PARAMETRIC_REPRESENTATION_CONTEXT() REPRESENTATION_CONTEXT('2D SPACE',''
  ) );
#11157 = ADVANCED_FACE('',(#11158),#5659,.T.);
#11158 = FACE_BOUND('',#11159,.F.);
#11159 = EDGE_LOOP('',(#11160,#11161,#11162,#11163,#11164,#11165,#11166,
    #11167));
#11160 = ORIENTED_EDGE('',*,*,#5641,.T.);
#11161 = ORIENTED_EDGE('',*,*,#6011,.T.);
#11162 = ORIENTED_EDGE('',*,*,#5962,.T.);
#11163 = ORIENTED_EDGE('',*,*,#5913,.T.);
#11164 = ORIENTED_EDGE('',*,*,#5864,.T.);
#11165 = ORIENTED_EDGE('',*,*,#5815,.T.);
#11166 = ORIENTED_EDGE('',*,*,#5766,.T.);
#11167 = ORIENTED_EDGE('',*,*,#5717,.T.);
#11168 = ADVANCED_FACE('',(#11169,#11182),#6056,.T.);
#11169 = FACE_BOUND('',#11170,.F.);
#11170 = EDGE_LOOP('',(#11171,#11172,#11173,#11174,#11175,#11176,#11177,
    #11178,#11179,#11180,#11181));
#11171 = ORIENTED_EDGE('',*,*,#6038,.T.);
#11172 = ORIENTED_EDGE('',*,*,#6555,.T.);
#11173 = ORIENTED_EDGE('',*,*,#6506,.T.);
#11174 = ORIENTED_EDGE('',*,*,#6457,.T.);
#11175 = ORIENTED_EDGE('',*,*,#6408,.T.);
#11176 = ORIENTED_EDGE('',*,*,#6359,.T.);
#11177 = ORIENTED_EDGE('',*,*,#6310,.T.);
#11178 = ORIENTED_EDGE('',*,*,#6261,.T.);
#11179 = ORIENTED_EDGE('',*,*,#6212,.T.);
#11180 = ORIENTED_EDGE('',*,*,#6163,.T.);
#11181 = ORIENTED_EDGE('',*,*,#6114,.T.);
#11182 = FACE_BOUND('',#11183,.F.);
#11183 = EDGE_LOOP('',(#11184,#11216,#11246,#11276,#11306,#11336,#11366,
    #11396,#11426));
#11184 = ORIENTED_EDGE('',*,*,#11185,.T.);
#11185 = EDGE_CURVE('',#11186,#11188,#11190,.T.);
#11186 = VERTEX_POINT('',#11187);
#11187 = CARTESIAN_POINT('',(-5.39208989375,-14.09887695312,17.8));
#11188 = VERTEX_POINT('',#11189);
#11189 = CARTESIAN_POINT('',(-4.765869190625,-15.93359375,17.8));
#11190 = SURFACE_CURVE('',#11191,(#11195,#11202),.PCURVE_S1.);
#11191 = B_SPLINE_CURVE_WITH_KNOTS('',2,(#11192,#11193,#11194),
  .UNSPECIFIED.,.F.,.F.,(3,3),(0.,1.),.PIECEWISE_BEZIER_KNOTS.);
#11192 = CARTESIAN_POINT('',(-5.39208989375,-14.09887695312,17.8));
#11193 = CARTESIAN_POINT('',(-5.39208989375,-15.26342773437,17.8));
#11194 = CARTESIAN_POINT('',(-4.765869190625,-15.93359375,17.8));
#11195 = PCURVE('',#6056,#11196);
#11196 = DEFINITIONAL_REPRESENTATION('',(#11197),#11201);
#11197 = B_SPLINE_CURVE_WITH_KNOTS('',2,(#11198,#11199,#11200),
  .UNSPECIFIED.,.F.,.F.,(3,3),(0.,1.),.PIECEWISE_BEZIER_KNOTS.);
#11198 = CARTESIAN_POINT('',(1.31396484375,3.12451171875));
#11199 = CARTESIAN_POINT('',(1.31396484375,1.9599609375));
#11200 = CARTESIAN_POINT('',(1.940185546875,1.289794921875));
#11201 = ( GEOMETRIC_REPRESENTATION_CONTEXT(2) 
PARAMETRIC_REPRESENTATION_CONTEXT() REPRESENTATION_CONTEXT('2D SPACE',''
  ) );
#11202 = PCURVE('',#11203,#11210);
#11203 = SURFACE_OF_LINEAR_EXTRUSION('',#11204,#11208);
#11204 = B_SPLINE_CURVE_WITH_KNOTS('',2,(#11205,#11206,#11207),
  .UNSPECIFIED.,.F.,.F.,(3,3),(0.,1.),.PIECEWISE_BEZIER_KNOTS.);
#11205 = CARTESIAN_POINT('',(-5.39208989375,-14.09887695312,17.8));
#11206 = CARTESIAN_POINT('',(-5.39208989375,-15.26342773437,17.8));
#11207 = CARTESIAN_POINT('',(-4.765869190625,-15.93359375,17.8));
#11208 = VECTOR('',#11209,1.);
#11209 = DIRECTION('',(-0.,-0.,-1.));
#11210 = DEFINITIONAL_REPRESENTATION('',(#11211),#11215);
#11211 = LINE('',#11212,#11213);
#11212 = CARTESIAN_POINT('',(0.,0.));
#11213 = VECTOR('',#11214,1.);
#11214 = DIRECTION('',(1.,0.));
#11215 = ( GEOMETRIC_REPRESENTATION_CONTEXT(2) 
PARAMETRIC_REPRESENTATION_CONTEXT() REPRESENTATION_CONTEXT('2D SPACE',''
  ) );
#11216 = ORIENTED_EDGE('',*,*,#11217,.T.);
#11217 = EDGE_CURVE('',#11188,#11218,#11220,.T.);
#11218 = VERTEX_POINT('',#11219);
#11219 = CARTESIAN_POINT('',(-3.19482426875,-16.60375976562,17.8));
#11220 = SURFACE_CURVE('',#11221,(#11225,#11232),.PCURVE_S1.);
#11221 = B_SPLINE_CURVE_WITH_KNOTS('',2,(#11222,#11223,#11224),
  .UNSPECIFIED.,.F.,.F.,(3,3),(0.,1.),.PIECEWISE_BEZIER_KNOTS.);
#11222 = CARTESIAN_POINT('',(-4.765869190625,-15.93359375,17.8));
#11223 = CARTESIAN_POINT('',(-4.1396484875,-16.60375976562,17.8));
#11224 = CARTESIAN_POINT('',(-3.19482426875,-16.60375976562,17.8));
#11225 = PCURVE('',#6056,#11226);
#11226 = DEFINITIONAL_REPRESENTATION('',(#11227),#11231);
#11227 = B_SPLINE_CURVE_WITH_KNOTS('',2,(#11228,#11229,#11230),
  .UNSPECIFIED.,.F.,.F.,(3,3),(0.,1.),.PIECEWISE_BEZIER_KNOTS.);
#11228 = CARTESIAN_POINT('',(1.940185546875,1.289794921875));
#11229 = CARTESIAN_POINT('',(2.56640625,0.61962890625));
#11230 = CARTESIAN_POINT('',(3.51123046875,0.61962890625));
#11231 = ( GEOMETRIC_REPRESENTATION_CONTEXT(2) 
PARAMETRIC_REPRESENTATION_CONTEXT() REPRESENTATION_CONTEXT('2D SPACE',''
  ) );
#11232 = PCURVE('',#11233,#11240);
#11233 = SURFACE_OF_LINEAR_EXTRUSION('',#11234,#11238);
#11234 = B_SPLINE_CURVE_WITH_KNOTS('',2,(#11235,#11236,#11237),
  .UNSPECIFIED.,.F.,.F.,(3,3),(0.,1.),.PIECEWISE_BEZIER_KNOTS.);
#11235 = CARTESIAN_POINT('',(-4.765869190625,-15.93359375,17.8));
#11236 = CARTESIAN_POINT('',(-4.1396484875,-16.60375976562,17.8));
#11237 = CARTESIAN_POINT('',(-3.19482426875,-16.60375976562,17.8));
#11238 = VECTOR('',#11239,1.);
#11239 = DIRECTION('',(-0.,-0.,-1.));
#11240 = DEFINITIONAL_REPRESENTATION('',(#11241),#11245);
#11241 = LINE('',#11242,#11243);
#11242 = CARTESIAN_POINT('',(0.,0.));
#11243 = VECTOR('',#11244,1.);
#11244 = DIRECTION('',(1.,0.));
#11245 = ( GEOMETRIC_REPRESENTATION_CONTEXT(2) 
PARAMETRIC_REPRESENTATION_CONTEXT() REPRESENTATION_CONTEXT('2D SPACE',''
  ) );
#11246 = ORIENTED_EDGE('',*,*,#11247,.T.);
#11247 = EDGE_CURVE('',#11218,#11248,#11250,.T.);
#11248 = VERTEX_POINT('',#11249);
#11249 = CARTESIAN_POINT('',(-1.610595753125,-15.92700195312,17.8));
#11250 = SURFACE_CURVE('',#11251,(#11255,#11262),.PCURVE_S1.);
#11251 = B_SPLINE_CURVE_WITH_KNOTS('',2,(#11252,#11253,#11254),
  .UNSPECIFIED.,.F.,.F.,(3,3),(0.,1.),.PIECEWISE_BEZIER_KNOTS.);
#11252 = CARTESIAN_POINT('',(-3.19482426875,-16.60375976562,17.8));
#11253 = CARTESIAN_POINT('',(-2.232421925,-16.60375976562,17.8));
#11254 = CARTESIAN_POINT('',(-1.610595753125,-15.92700195312,17.8));
#11255 = PCURVE('',#6056,#11256);
#11256 = DEFINITIONAL_REPRESENTATION('',(#11257),#11261);
#11257 = B_SPLINE_CURVE_WITH_KNOTS('',2,(#11258,#11259,#11260),
  .UNSPECIFIED.,.F.,.F.,(3,3),(0.,1.),.PIECEWISE_BEZIER_KNOTS.);
#11258 = CARTESIAN_POINT('',(3.51123046875,0.61962890625));
#11259 = CARTESIAN_POINT('',(4.4736328125,0.61962890625));
#11260 = CARTESIAN_POINT('',(5.095458984375,1.29638671875));
#11261 = ( GEOMETRIC_REPRESENTATION_CONTEXT(2) 
PARAMETRIC_REPRESENTATION_CONTEXT() REPRESENTATION_CONTEXT('2D SPACE',''
  ) );
#11262 = PCURVE('',#11263,#11270);
#11263 = SURFACE_OF_LINEAR_EXTRUSION('',#11264,#11268);
#11264 = B_SPLINE_CURVE_WITH_KNOTS('',2,(#11265,#11266,#11267),
  .UNSPECIFIED.,.F.,.F.,(3,3),(0.,1.),.PIECEWISE_BEZIER_KNOTS.);
#11265 = CARTESIAN_POINT('',(-3.19482426875,-16.60375976562,17.8));
#11266 = CARTESIAN_POINT('',(-2.232421925,-16.60375976562,17.8));
#11267 = CARTESIAN_POINT('',(-1.610595753125,-15.92700195312,17.8));
#11268 = VECTOR('',#11269,1.);
#11269 = DIRECTION('',(-0.,-0.,-1.));
#11270 = DEFINITIONAL_REPRESENTATION('',(#11271),#11275);
#11271 = LINE('',#11272,#11273);
#11272 = CARTESIAN_POINT('',(0.,0.));
#11273 = VECTOR('',#11274,1.);
#11274 = DIRECTION('',(1.,0.));
#11275 = ( GEOMETRIC_REPRESENTATION_CONTEXT(2) 
PARAMETRIC_REPRESENTATION_CONTEXT() REPRESENTATION_CONTEXT('2D SPACE',''
  ) );
#11276 = ORIENTED_EDGE('',*,*,#11277,.T.);
#11277 = EDGE_CURVE('',#11248,#11278,#11280,.T.);
#11278 = VERTEX_POINT('',#11279);
#11279 = CARTESIAN_POINT('',(-0.98876958125,-14.00659179687,17.8));
#11280 = SURFACE_CURVE('',#11281,(#11285,#11292),.PCURVE_S1.);
#11281 = B_SPLINE_CURVE_WITH_KNOTS('',2,(#11282,#11283,#11284),
  .UNSPECIFIED.,.F.,.F.,(3,3),(0.,1.),.PIECEWISE_BEZIER_KNOTS.);
#11282 = CARTESIAN_POINT('',(-1.610595753125,-15.92700195312,17.8));
#11283 = CARTESIAN_POINT('',(-0.98876958125,-15.25024414062,17.8));
#11284 = CARTESIAN_POINT('',(-0.98876958125,-14.00659179687,17.8));
#11285 = PCURVE('',#6056,#11286);
#11286 = DEFINITIONAL_REPRESENTATION('',(#11287),#11291);
#11287 = B_SPLINE_CURVE_WITH_KNOTS('',2,(#11288,#11289,#11290),
  .UNSPECIFIED.,.F.,.F.,(3,3),(0.,1.),.PIECEWISE_BEZIER_KNOTS.);
#11288 = CARTESIAN_POINT('',(5.095458984375,1.29638671875));
#11289 = CARTESIAN_POINT('',(5.71728515625,1.97314453125));
#11290 = CARTESIAN_POINT('',(5.71728515625,3.216796875));
#11291 = ( GEOMETRIC_REPRESENTATION_CONTEXT(2) 
PARAMETRIC_REPRESENTATION_CONTEXT() REPRESENTATION_CONTEXT('2D SPACE',''
  ) );
#11292 = PCURVE('',#11293,#11300);
#11293 = SURFACE_OF_LINEAR_EXTRUSION('',#11294,#11298);
#11294 = B_SPLINE_CURVE_WITH_KNOTS('',2,(#11295,#11296,#11297),
  .UNSPECIFIED.,.F.,.F.,(3,3),(0.,1.),.PIECEWISE_BEZIER_KNOTS.);
#11295 = CARTESIAN_POINT('',(-1.610595753125,-15.92700195312,17.8));
#11296 = CARTESIAN_POINT('',(-0.98876958125,-15.25024414062,17.8));
#11297 = CARTESIAN_POINT('',(-0.98876958125,-14.00659179687,17.8));
#11298 = VECTOR('',#11299,1.);
#11299 = DIRECTION('',(-0.,-0.,-1.));
#11300 = DEFINITIONAL_REPRESENTATION('',(#11301),#11305);
#11301 = LINE('',#11302,#11303);
#11302 = CARTESIAN_POINT('',(0.,0.));
#11303 = VECTOR('',#11304,1.);
#11304 = DIRECTION('',(1.,0.));
#11305 = ( GEOMETRIC_REPRESENTATION_CONTEXT(2) 
PARAMETRIC_REPRESENTATION_CONTEXT() REPRESENTATION_CONTEXT('2D SPACE',''
  ) );
#11306 = ORIENTED_EDGE('',*,*,#11307,.T.);
#11307 = EDGE_CURVE('',#11278,#11308,#11310,.T.);
#11308 = VERTEX_POINT('',#11309);
#11309 = CARTESIAN_POINT('',(-1.254638721875,-12.63330078125,17.8));
#11310 = SURFACE_CURVE('',#11311,(#11315,#11322),.PCURVE_S1.);
#11311 = B_SPLINE_CURVE_WITH_KNOTS('',2,(#11312,#11313,#11314),
  .UNSPECIFIED.,.F.,.F.,(3,3),(0.,1.),.PIECEWISE_BEZIER_KNOTS.);
#11312 = CARTESIAN_POINT('',(-0.98876958125,-14.00659179687,17.8));
#11313 = CARTESIAN_POINT('',(-0.98876958125,-13.21997070312,17.8));
#11314 = CARTESIAN_POINT('',(-1.254638721875,-12.63330078125,17.8));
#11315 = PCURVE('',#6056,#11316);
#11316 = DEFINITIONAL_REPRESENTATION('',(#11317),#11321);
#11317 = B_SPLINE_CURVE_WITH_KNOTS('',2,(#11318,#11319,#11320),
  .UNSPECIFIED.,.F.,.F.,(3,3),(0.,1.),.PIECEWISE_BEZIER_KNOTS.);
#11318 = CARTESIAN_POINT('',(5.71728515625,3.216796875));
#11319 = CARTESIAN_POINT('',(5.71728515625,4.00341796875));
#11320 = CARTESIAN_POINT('',(5.451416015625,4.590087890625));
#11321 = ( GEOMETRIC_REPRESENTATION_CONTEXT(2) 
PARAMETRIC_REPRESENTATION_CONTEXT() REPRESENTATION_CONTEXT('2D SPACE',''
  ) );
#11322 = PCURVE('',#11323,#11330);
#11323 = SURFACE_OF_LINEAR_EXTRUSION('',#11324,#11328);
#11324 = B_SPLINE_CURVE_WITH_KNOTS('',2,(#11325,#11326,#11327),
  .UNSPECIFIED.,.F.,.F.,(3,3),(0.,1.),.PIECEWISE_BEZIER_KNOTS.);
#11325 = CARTESIAN_POINT('',(-0.98876958125,-14.00659179687,17.8));
#11326 = CARTESIAN_POINT('',(-0.98876958125,-13.21997070312,17.8));
#11327 = CARTESIAN_POINT('',(-1.254638721875,-12.63330078125,17.8));
#11328 = VECTOR('',#11329,1.);
#11329 = DIRECTION('',(-0.,-0.,-1.));
#11330 = DEFINITIONAL_REPRESENTATION('',(#11331),#11335);
#11331 = LINE('',#11332,#11333);
#11332 = CARTESIAN_POINT('',(0.,0.));
#11333 = VECTOR('',#11334,1.);
#11334 = DIRECTION('',(1.,0.));
#11335 = ( GEOMETRIC_REPRESENTATION_CONTEXT(2) 
PARAMETRIC_REPRESENTATION_CONTEXT() REPRESENTATION_CONTEXT('2D SPACE',''
  ) );
#11336 = ORIENTED_EDGE('',*,*,#11337,.T.);
#11337 = EDGE_CURVE('',#11308,#11338,#11340,.T.);
#11338 = VERTEX_POINT('',#11339);
#11339 = CARTESIAN_POINT('',(-2.032470753125,-11.7236328125,17.8));
#11340 = SURFACE_CURVE('',#11341,(#11345,#11352),.PCURVE_S1.);
#11341 = B_SPLINE_CURVE_WITH_KNOTS('',2,(#11342,#11343,#11344),
  .UNSPECIFIED.,.F.,.F.,(3,3),(0.,1.),.PIECEWISE_BEZIER_KNOTS.);
#11342 = CARTESIAN_POINT('',(-1.254638721875,-12.63330078125,17.8));
#11343 = CARTESIAN_POINT('',(-1.5205078625,-12.04663085937,17.8));
#11344 = CARTESIAN_POINT('',(-2.032470753125,-11.7236328125,17.8));
#11345 = PCURVE('',#6056,#11346);
#11346 = DEFINITIONAL_REPRESENTATION('',(#11347),#11351);
#11347 = B_SPLINE_CURVE_WITH_KNOTS('',2,(#11348,#11349,#11350),
  .UNSPECIFIED.,.F.,.F.,(3,3),(0.,1.),.PIECEWISE_BEZIER_KNOTS.);
#11348 = CARTESIAN_POINT('',(5.451416015625,4.590087890625));
#11349 = CARTESIAN_POINT('',(5.185546875,5.1767578125));
#11350 = CARTESIAN_POINT('',(4.673583984375,5.499755859375));
#11351 = ( GEOMETRIC_REPRESENTATION_CONTEXT(2) 
PARAMETRIC_REPRESENTATION_CONTEXT() REPRESENTATION_CONTEXT('2D SPACE',''
  ) );
#11352 = PCURVE('',#11353,#11360);
#11353 = SURFACE_OF_LINEAR_EXTRUSION('',#11354,#11358);
#11354 = B_SPLINE_CURVE_WITH_KNOTS('',2,(#11355,#11356,#11357),
  .UNSPECIFIED.,.F.,.F.,(3,3),(0.,1.),.PIECEWISE_BEZIER_KNOTS.);
#11355 = CARTESIAN_POINT('',(-1.254638721875,-12.63330078125,17.8));
#11356 = CARTESIAN_POINT('',(-1.5205078625,-12.04663085937,17.8));
#11357 = CARTESIAN_POINT('',(-2.032470753125,-11.7236328125,17.8));
#11358 = VECTOR('',#11359,1.);
#11359 = DIRECTION('',(-0.,-0.,-1.));
#11360 = DEFINITIONAL_REPRESENTATION('',(#11361),#11365);
#11361 = LINE('',#11362,#11363);
#11362 = CARTESIAN_POINT('',(0.,0.));
#11363 = VECTOR('',#11364,1.);
#11364 = DIRECTION('',(1.,0.));
#11365 = ( GEOMETRIC_REPRESENTATION_CONTEXT(2) 
PARAMETRIC_REPRESENTATION_CONTEXT() REPRESENTATION_CONTEXT('2D SPACE',''
  ) );
#11366 = ORIENTED_EDGE('',*,*,#11367,.T.);
#11367 = EDGE_CURVE('',#11338,#11368,#11370,.T.);
#11368 = VERTEX_POINT('',#11369);
#11369 = CARTESIAN_POINT('',(-3.181640675,-11.40063476562,17.8));
#11370 = SURFACE_CURVE('',#11371,(#11375,#11382),.PCURVE_S1.);
#11371 = B_SPLINE_CURVE_WITH_KNOTS('',2,(#11372,#11373,#11374),
  .UNSPECIFIED.,.F.,.F.,(3,3),(0.,1.),.PIECEWISE_BEZIER_KNOTS.);
#11372 = CARTESIAN_POINT('',(-2.032470753125,-11.7236328125,17.8));
#11373 = CARTESIAN_POINT('',(-2.54443364375,-11.40063476562,17.8));
#11374 = CARTESIAN_POINT('',(-3.181640675,-11.40063476562,17.8));
#11375 = PCURVE('',#6056,#11376);
#11376 = DEFINITIONAL_REPRESENTATION('',(#11377),#11381);
#11377 = B_SPLINE_CURVE_WITH_KNOTS('',2,(#11378,#11379,#11380),
  .UNSPECIFIED.,.F.,.F.,(3,3),(0.,1.),.PIECEWISE_BEZIER_KNOTS.);
#11378 = CARTESIAN_POINT('',(4.673583984375,5.499755859375));
#11379 = CARTESIAN_POINT('',(4.16162109375,5.82275390625));
#11380 = CARTESIAN_POINT('',(3.5244140625,5.82275390625));
#11381 = ( GEOMETRIC_REPRESENTATION_CONTEXT(2) 
PARAMETRIC_REPRESENTATION_CONTEXT() REPRESENTATION_CONTEXT('2D SPACE',''
  ) );
#11382 = PCURVE('',#11383,#11390);
#11383 = SURFACE_OF_LINEAR_EXTRUSION('',#11384,#11388);
#11384 = B_SPLINE_CURVE_WITH_KNOTS('',2,(#11385,#11386,#11387),
  .UNSPECIFIED.,.F.,.F.,(3,3),(0.,1.),.PIECEWISE_BEZIER_KNOTS.);
#11385 = CARTESIAN_POINT('',(-2.032470753125,-11.7236328125,17.8));
#11386 = CARTESIAN_POINT('',(-2.54443364375,-11.40063476562,17.8));
#11387 = CARTESIAN_POINT('',(-3.181640675,-11.40063476562,17.8));
#11388 = VECTOR('',#11389,1.);
#11389 = DIRECTION('',(-0.,-0.,-1.));
#11390 = DEFINITIONAL_REPRESENTATION('',(#11391),#11395);
#11391 = LINE('',#11392,#11393);
#11392 = CARTESIAN_POINT('',(0.,0.));
#11393 = VECTOR('',#11394,1.);
#11394 = DIRECTION('',(1.,0.));
#11395 = ( GEOMETRIC_REPRESENTATION_CONTEXT(2) 
PARAMETRIC_REPRESENTATION_CONTEXT() REPRESENTATION_CONTEXT('2D SPACE',''
  ) );
#11396 = ORIENTED_EDGE('',*,*,#11397,.T.);
#11397 = EDGE_CURVE('',#11368,#11398,#11400,.T.);
#11398 = VERTEX_POINT('',#11399);
#11399 = CARTESIAN_POINT('',(-4.739502003125,-12.0224609375,17.8));
#11400 = SURFACE_CURVE('',#11401,(#11405,#11412),.PCURVE_S1.);
#11401 = B_SPLINE_CURVE_WITH_KNOTS('',2,(#11402,#11403,#11404),
  .UNSPECIFIED.,.F.,.F.,(3,3),(0.,1.),.PIECEWISE_BEZIER_KNOTS.);
#11402 = CARTESIAN_POINT('',(-3.181640675,-11.40063476562,17.8));
#11403 = CARTESIAN_POINT('',(-4.0869141125,-11.40063476562,17.8));
#11404 = CARTESIAN_POINT('',(-4.739502003125,-12.0224609375,17.8));
#11405 = PCURVE('',#6056,#11406);
#11406 = DEFINITIONAL_REPRESENTATION('',(#11407),#11411);
#11407 = B_SPLINE_CURVE_WITH_KNOTS('',2,(#11408,#11409,#11410),
  .UNSPECIFIED.,.F.,.F.,(3,3),(0.,1.),.PIECEWISE_BEZIER_KNOTS.);
#11408 = CARTESIAN_POINT('',(3.5244140625,5.82275390625));
#11409 = CARTESIAN_POINT('',(2.619140625,5.82275390625));
#11410 = CARTESIAN_POINT('',(1.966552734375,5.200927734375));
#11411 = ( GEOMETRIC_REPRESENTATION_CONTEXT(2) 
PARAMETRIC_REPRESENTATION_CONTEXT() REPRESENTATION_CONTEXT('2D SPACE',''
  ) );
#11412 = PCURVE('',#11413,#11420);
#11413 = SURFACE_OF_LINEAR_EXTRUSION('',#11414,#11418);
#11414 = B_SPLINE_CURVE_WITH_KNOTS('',2,(#11415,#11416,#11417),
  .UNSPECIFIED.,.F.,.F.,(3,3),(0.,1.),.PIECEWISE_BEZIER_KNOTS.);
#11415 = CARTESIAN_POINT('',(-3.181640675,-11.40063476562,17.8));
#11416 = CARTESIAN_POINT('',(-4.0869141125,-11.40063476562,17.8));
#11417 = CARTESIAN_POINT('',(-4.739502003125,-12.0224609375,17.8));
#11418 = VECTOR('',#11419,1.);
#11419 = DIRECTION('',(-0.,-0.,-1.));
#11420 = DEFINITIONAL_REPRESENTATION('',(#11421),#11425);
#11421 = LINE('',#11422,#11423);
#11422 = CARTESIAN_POINT('',(0.,0.));
#11423 = VECTOR('',#11424,1.);
#11424 = DIRECTION('',(1.,0.));
#11425 = ( GEOMETRIC_REPRESENTATION_CONTEXT(2) 
PARAMETRIC_REPRESENTATION_CONTEXT() REPRESENTATION_CONTEXT('2D SPACE',''
  ) );
#11426 = ORIENTED_EDGE('',*,*,#11427,.T.);
#11427 = EDGE_CURVE('',#11398,#11186,#11428,.T.);
#11428 = SURFACE_CURVE('',#11429,(#11433,#11440),.PCURVE_S1.);
#11429 = B_SPLINE_CURVE_WITH_KNOTS('',2,(#11430,#11431,#11432),
  .UNSPECIFIED.,.F.,.F.,(3,3),(0.,1.),.PIECEWISE_BEZIER_KNOTS.);
#11430 = CARTESIAN_POINT('',(-4.739502003125,-12.0224609375,17.8));
#11431 = CARTESIAN_POINT('',(-5.39208989375,-12.64428710937,17.8));
#11432 = CARTESIAN_POINT('',(-5.39208989375,-14.09887695312,17.8));
#11433 = PCURVE('',#6056,#11434);
#11434 = DEFINITIONAL_REPRESENTATION('',(#11435),#11439);
#11435 = B_SPLINE_CURVE_WITH_KNOTS('',2,(#11436,#11437,#11438),
  .UNSPECIFIED.,.F.,.F.,(3,3),(0.,1.),.PIECEWISE_BEZIER_KNOTS.);
#11436 = CARTESIAN_POINT('',(1.966552734375,5.200927734375));
#11437 = CARTESIAN_POINT('',(1.31396484375,4.5791015625));
#11438 = CARTESIAN_POINT('',(1.31396484375,3.12451171875));
#11439 = ( GEOMETRIC_REPRESENTATION_CONTEXT(2) 
PARAMETRIC_REPRESENTATION_CONTEXT() REPRESENTATION_CONTEXT('2D SPACE',''
  ) );
#11440 = PCURVE('',#11441,#11448);
#11441 = SURFACE_OF_LINEAR_EXTRUSION('',#11442,#11446);
#11442 = B_SPLINE_CURVE_WITH_KNOTS('',2,(#11443,#11444,#11445),
  .UNSPECIFIED.,.F.,.F.,(3,3),(0.,1.),.PIECEWISE_BEZIER_KNOTS.);
#11443 = CARTESIAN_POINT('',(-4.739502003125,-12.0224609375,17.8));
#11444 = CARTESIAN_POINT('',(-5.39208989375,-12.64428710937,17.8));
#11445 = CARTESIAN_POINT('',(-5.39208989375,-14.09887695312,17.8));
#11446 = VECTOR('',#11447,1.);
#11447 = DIRECTION('',(-0.,-0.,-1.));
#11448 = DEFINITIONAL_REPRESENTATION('',(#11449),#11453);
#11449 = LINE('',#11450,#11451);
#11450 = CARTESIAN_POINT('',(0.,0.));
#11451 = VECTOR('',#11452,1.);
#11452 = DIRECTION('',(1.,0.));
#11453 = ( GEOMETRIC_REPRESENTATION_CONTEXT(2) 
PARAMETRIC_REPRESENTATION_CONTEXT() REPRESENTATION_CONTEXT('2D SPACE',''
  ) );
#11454 = ADVANCED_FACE('',(#11455),#6600,.T.);
#11455 = FACE_BOUND('',#11456,.F.);
#11456 = EDGE_LOOP('',(#11457,#11458,#11459,#11460,#11461,#11462,#11463,
    #11464,#11465,#11466,#11467));
#11457 = ORIENTED_EDGE('',*,*,#6582,.T.);
#11458 = ORIENTED_EDGE('',*,*,#7099,.T.);
#11459 = ORIENTED_EDGE('',*,*,#7050,.T.);
#11460 = ORIENTED_EDGE('',*,*,#7001,.T.);
#11461 = ORIENTED_EDGE('',*,*,#6952,.T.);
#11462 = ORIENTED_EDGE('',*,*,#6903,.T.);
#11463 = ORIENTED_EDGE('',*,*,#6854,.T.);
#11464 = ORIENTED_EDGE('',*,*,#6805,.T.);
#11465 = ORIENTED_EDGE('',*,*,#6756,.T.);
#11466 = ORIENTED_EDGE('',*,*,#6707,.T.);
#11467 = ORIENTED_EDGE('',*,*,#6658,.T.);
#11468 = ADVANCED_FACE('',(#11469),#7144,.T.);
#11469 = FACE_BOUND('',#11470,.F.);
#11470 = EDGE_LOOP('',(#11471,#11472,#11473,#11474,#11475,#11476,#11477,
    #11478,#11479,#11480,#11481,#11482,#11483,#11484,#11485,#11486,
    #11487,#11488,#11489,#11490,#11491,#11492,#11493,#11494,#11495,
    #11496,#11497,#11498,#11499,#11500,#11501,#11502,#11503,#11504,
    #11505));
#11471 = ORIENTED_EDGE('',*,*,#7126,.T.);
#11472 = ORIENTED_EDGE('',*,*,#8819,.T.);
#11473 = ORIENTED_EDGE('',*,*,#8770,.T.);
#11474 = ORIENTED_EDGE('',*,*,#8721,.T.);
#11475 = ORIENTED_EDGE('',*,*,#8672,.T.);
#11476 = ORIENTED_EDGE('',*,*,#8623,.T.);
#11477 = ORIENTED_EDGE('',*,*,#8574,.T.);
#11478 = ORIENTED_EDGE('',*,*,#8525,.T.);
#11479 = ORIENTED_EDGE('',*,*,#8476,.T.);
#11480 = ORIENTED_EDGE('',*,*,#8427,.T.);
#11481 = ORIENTED_EDGE('',*,*,#8378,.T.);
#11482 = ORIENTED_EDGE('',*,*,#8329,.T.);
#11483 = ORIENTED_EDGE('',*,*,#8280,.T.);
#11484 = ORIENTED_EDGE('',*,*,#8231,.T.);
#11485 = ORIENTED_EDGE('',*,*,#8182,.T.);
#11486 = ORIENTED_EDGE('',*,*,#8133,.T.);
#11487 = ORIENTED_EDGE('',*,*,#8084,.T.);
#11488 = ORIENTED_EDGE('',*,*,#8035,.T.);
#11489 = ORIENTED_EDGE('',*,*,#7986,.T.);
#11490 = ORIENTED_EDGE('',*,*,#7937,.T.);
#11491 = ORIENTED_EDGE('',*,*,#7888,.T.);
#11492 = ORIENTED_EDGE('',*,*,#7839,.T.);
#11493 = ORIENTED_EDGE('',*,*,#7790,.T.);
#11494 = ORIENTED_EDGE('',*,*,#7741,.T.);
#11495 = ORIENTED_EDGE('',*,*,#7692,.T.);
#11496 = ORIENTED_EDGE('',*,*,#7643,.T.);
#11497 = ORIENTED_EDGE('',*,*,#7594,.T.);
#11498 = ORIENTED_EDGE('',*,*,#7545,.T.);
#11499 = ORIENTED_EDGE('',*,*,#7496,.T.);
#11500 = ORIENTED_EDGE('',*,*,#7447,.T.);
#11501 = ORIENTED_EDGE('',*,*,#7398,.T.);
#11502 = ORIENTED_EDGE('',*,*,#7349,.T.);
#11503 = ORIENTED_EDGE('',*,*,#7300,.T.);
#11504 = ORIENTED_EDGE('',*,*,#7251,.T.);
#11505 = ORIENTED_EDGE('',*,*,#7202,.T.);
#11506 = ADVANCED_FACE('',(#11507,#11520),#8864,.T.);
#11507 = FACE_BOUND('',#11508,.F.);
#11508 = EDGE_LOOP('',(#11509,#11510,#11511,#11512,#11513,#11514,#11515,
    #11516,#11517,#11518,#11519));
#11509 = ORIENTED_EDGE('',*,*,#8846,.T.);
#11510 = ORIENTED_EDGE('',*,*,#8922,.T.);
#11511 = ORIENTED_EDGE('',*,*,#9020,.T.);
#11512 = ORIENTED_EDGE('',*,*,#9118,.T.);
#11513 = ORIENTED_EDGE('',*,*,#9216,.T.);
#11514 = ORIENTED_EDGE('',*,*,#9314,.T.);
#11515 = ORIENTED_EDGE('',*,*,#9363,.T.);
#11516 = ORIENTED_EDGE('',*,*,#9265,.T.);
#11517 = ORIENTED_EDGE('',*,*,#9167,.T.);
#11518 = ORIENTED_EDGE('',*,*,#9069,.T.);
#11519 = ORIENTED_EDGE('',*,*,#8971,.T.);
#11520 = FACE_BOUND('',#11521,.F.);
#11521 = EDGE_LOOP('',(#11522,#11552,#11580,#11610,#11640,#11670,#11700,
    #11730));
#11522 = ORIENTED_EDGE('',*,*,#11523,.T.);
#11523 = EDGE_CURVE('',#11524,#11526,#11528,.T.);
#11524 = VERTEX_POINT('',#11525);
#11525 = CARTESIAN_POINT('',(-9.309814453125,16.4609375,17.8));
#11526 = VERTEX_POINT('',#11527);
#11527 = CARTESIAN_POINT('',(-9.309814453125,14.158203125,17.8));
#11528 = SURFACE_CURVE('',#11529,(#11533,#11540),.PCURVE_S1.);
#11529 = LINE('',#11530,#11531);
#11530 = CARTESIAN_POINT('',(-9.309814453125,16.4609375,17.8));
#11531 = VECTOR('',#11532,1.);
#11532 = DIRECTION('',(0.,-1.,0.));
#11533 = PCURVE('',#8864,#11534);
#11534 = DEFINITIONAL_REPRESENTATION('',(#11535),#11539);
#11535 = LINE('',#11536,#11537);
#11536 = CARTESIAN_POINT('',(1.546875,5.68212890625));
#11537 = VECTOR('',#11538,1.);
#11538 = DIRECTION('',(0.,-1.));
#11539 = ( GEOMETRIC_REPRESENTATION_CONTEXT(2) 
PARAMETRIC_REPRESENTATION_CONTEXT() REPRESENTATION_CONTEXT('2D SPACE',''
  ) );
#11540 = PCURVE('',#11541,#11546);
#11541 = PLANE('',#11542);
#11542 = AXIS2_PLACEMENT_3D('',#11543,#11544,#11545);
#11543 = CARTESIAN_POINT('',(-9.309814453125,16.4609375,17.8));
#11544 = DIRECTION('',(1.,0.,-0.));
#11545 = DIRECTION('',(0.,-1.,0.));
#11546 = DEFINITIONAL_REPRESENTATION('',(#11547),#11551);
#11547 = LINE('',#11548,#11549);
#11548 = CARTESIAN_POINT('',(0.,0.));
#11549 = VECTOR('',#11550,1.);
#11550 = DIRECTION('',(1.,0.));
#11551 = ( GEOMETRIC_REPRESENTATION_CONTEXT(2) 
PARAMETRIC_REPRESENTATION_CONTEXT() REPRESENTATION_CONTEXT('2D SPACE',''
  ) );
#11552 = ORIENTED_EDGE('',*,*,#11553,.T.);
#11553 = EDGE_CURVE('',#11526,#11554,#11556,.T.);
#11554 = VERTEX_POINT('',#11555);
#11555 = CARTESIAN_POINT('',(-7.644287109375,14.158203125,17.8));
#11556 = SURFACE_CURVE('',#11557,(#11561,#11568),.PCURVE_S1.);
#11557 = LINE('',#11558,#11559);
#11558 = CARTESIAN_POINT('',(-9.309814453125,14.158203125,17.8));
#11559 = VECTOR('',#11560,1.);
#11560 = DIRECTION('',(1.,0.,0.));
#11561 = PCURVE('',#8864,#11562);
#11562 = DEFINITIONAL_REPRESENTATION('',(#11563),#11567);
#11563 = LINE('',#11564,#11565);
#11564 = CARTESIAN_POINT('',(1.546875,3.37939453125));
#11565 = VECTOR('',#11566,1.);
#11566 = DIRECTION('',(1.,0.));
#11567 = ( GEOMETRIC_REPRESENTATION_CONTEXT(2) 
PARAMETRIC_REPRESENTATION_CONTEXT() REPRESENTATION_CONTEXT('2D SPACE',''
  ) );
#11568 = PCURVE('',#11569,#11574);
#11569 = PLANE('',#11570);
#11570 = AXIS2_PLACEMENT_3D('',#11571,#11572,#11573);
#11571 = CARTESIAN_POINT('',(-9.309814453125,14.158203125,17.8));
#11572 = DIRECTION('',(0.,1.,0.));
#11573 = DIRECTION('',(1.,0.,0.));
#11574 = DEFINITIONAL_REPRESENTATION('',(#11575),#11579);
#11575 = LINE('',#11576,#11577);
#11576 = CARTESIAN_POINT('',(0.,0.));
#11577 = VECTOR('',#11578,1.);
#11578 = DIRECTION('',(1.,0.));
#11579 = ( GEOMETRIC_REPRESENTATION_CONTEXT(2) 
PARAMETRIC_REPRESENTATION_CONTEXT() REPRESENTATION_CONTEXT('2D SPACE',''
  ) );
#11580 = ORIENTED_EDGE('',*,*,#11581,.T.);
#11581 = EDGE_CURVE('',#11554,#11582,#11584,.T.);
#11582 = VERTEX_POINT('',#11583);
#11583 = CARTESIAN_POINT('',(-6.470947265625,14.4658203125,17.8));
#11584 = SURFACE_CURVE('',#11585,(#11589,#11596),.PCURVE_S1.);
#11585 = B_SPLINE_CURVE_WITH_KNOTS('',2,(#11586,#11587,#11588),
  .UNSPECIFIED.,.F.,.F.,(3,3),(0.,1.),.PIECEWISE_BEZIER_KNOTS.);
#11586 = CARTESIAN_POINT('',(-7.644287109375,14.158203125,17.8));
#11587 = CARTESIAN_POINT('',(-6.818115234375,14.158203125,17.8));
#11588 = CARTESIAN_POINT('',(-6.470947265625,14.4658203125,17.8));
#11589 = PCURVE('',#8864,#11590);
#11590 = DEFINITIONAL_REPRESENTATION('',(#11591),#11595);
#11591 = B_SPLINE_CURVE_WITH_KNOTS('',2,(#11592,#11593,#11594),
  .UNSPECIFIED.,.F.,.F.,(3,3),(0.,1.),.PIECEWISE_BEZIER_KNOTS.);
#11592 = CARTESIAN_POINT('',(3.21240234375,3.37939453125));
#11593 = CARTESIAN_POINT('',(4.03857421875,3.37939453125));
#11594 = CARTESIAN_POINT('',(4.3857421875,3.68701171875));
#11595 = ( GEOMETRIC_REPRESENTATION_CONTEXT(2) 
PARAMETRIC_REPRESENTATION_CONTEXT() REPRESENTATION_CONTEXT('2D SPACE',''
  ) );
#11596 = PCURVE('',#11597,#11604);
#11597 = SURFACE_OF_LINEAR_EXTRUSION('',#11598,#11602);
#11598 = B_SPLINE_CURVE_WITH_KNOTS('',2,(#11599,#11600,#11601),
  .UNSPECIFIED.,.F.,.F.,(3,3),(0.,1.),.PIECEWISE_BEZIER_KNOTS.);
#11599 = CARTESIAN_POINT('',(-7.644287109375,14.158203125,17.8));
#11600 = CARTESIAN_POINT('',(-6.818115234375,14.158203125,17.8));
#11601 = CARTESIAN_POINT('',(-6.470947265625,14.4658203125,17.8));
#11602 = VECTOR('',#11603,1.);
#11603 = DIRECTION('',(-0.,-0.,-1.));
#11604 = DEFINITIONAL_REPRESENTATION('',(#11605),#11609);
#11605 = LINE('',#11606,#11607);
#11606 = CARTESIAN_POINT('',(0.,0.));
#11607 = VECTOR('',#11608,1.);
#11608 = DIRECTION('',(1.,0.));
#11609 = ( GEOMETRIC_REPRESENTATION_CONTEXT(2) 
PARAMETRIC_REPRESENTATION_CONTEXT() REPRESENTATION_CONTEXT('2D SPACE',''
  ) );
#11610 = ORIENTED_EDGE('',*,*,#11611,.T.);
#11611 = EDGE_CURVE('',#11582,#11612,#11614,.T.);
#11612 = VERTEX_POINT('',#11613);
#11613 = CARTESIAN_POINT('',(-6.123779296875,15.33154296875,17.8));
#11614 = SURFACE_CURVE('',#11615,(#11619,#11626),.PCURVE_S1.);
#11615 = B_SPLINE_CURVE_WITH_KNOTS('',2,(#11616,#11617,#11618),
  .UNSPECIFIED.,.F.,.F.,(3,3),(0.,1.),.PIECEWISE_BEZIER_KNOTS.);
#11616 = CARTESIAN_POINT('',(-6.470947265625,14.4658203125,17.8));
#11617 = CARTESIAN_POINT('',(-6.123779296875,14.7734375,17.8));
#11618 = CARTESIAN_POINT('',(-6.123779296875,15.33154296875,17.8));
#11619 = PCURVE('',#8864,#11620);
#11620 = DEFINITIONAL_REPRESENTATION('',(#11621),#11625);
#11621 = B_SPLINE_CURVE_WITH_KNOTS('',2,(#11622,#11623,#11624),
  .UNSPECIFIED.,.F.,.F.,(3,3),(0.,1.),.PIECEWISE_BEZIER_KNOTS.);
#11622 = CARTESIAN_POINT('',(4.3857421875,3.68701171875));
#11623 = CARTESIAN_POINT('',(4.73291015625,3.99462890625));
#11624 = CARTESIAN_POINT('',(4.73291015625,4.552734375));
#11625 = ( GEOMETRIC_REPRESENTATION_CONTEXT(2) 
PARAMETRIC_REPRESENTATION_CONTEXT() REPRESENTATION_CONTEXT('2D SPACE',''
  ) );
#11626 = PCURVE('',#11627,#11634);
#11627 = SURFACE_OF_LINEAR_EXTRUSION('',#11628,#11632);
#11628 = B_SPLINE_CURVE_WITH_KNOTS('',2,(#11629,#11630,#11631),
  .UNSPECIFIED.,.F.,.F.,(3,3),(0.,1.),.PIECEWISE_BEZIER_KNOTS.);
#11629 = CARTESIAN_POINT('',(-6.470947265625,14.4658203125,17.8));
#11630 = CARTESIAN_POINT('',(-6.123779296875,14.7734375,17.8));
#11631 = CARTESIAN_POINT('',(-6.123779296875,15.33154296875,17.8));
#11632 = VECTOR('',#11633,1.);
#11633 = DIRECTION('',(-0.,-0.,-1.));
#11634 = DEFINITIONAL_REPRESENTATION('',(#11635),#11639);
#11635 = LINE('',#11636,#11637);
#11636 = CARTESIAN_POINT('',(0.,0.));
#11637 = VECTOR('',#11638,1.);
#11638 = DIRECTION('',(1.,0.));
#11639 = ( GEOMETRIC_REPRESENTATION_CONTEXT(2) 
PARAMETRIC_REPRESENTATION_CONTEXT() REPRESENTATION_CONTEXT('2D SPACE',''
  ) );
#11640 = ORIENTED_EDGE('',*,*,#11641,.T.);
#11641 = EDGE_CURVE('',#11612,#11642,#11644,.T.);
#11642 = VERTEX_POINT('',#11643);
#11643 = CARTESIAN_POINT('',(-6.328125,16.023681640625,17.8));
#11644 = SURFACE_CURVE('',#11645,(#11649,#11656),.PCURVE_S1.);
#11645 = B_SPLINE_CURVE_WITH_KNOTS('',2,(#11646,#11647,#11648),
  .UNSPECIFIED.,.F.,.F.,(3,3),(0.,1.),.PIECEWISE_BEZIER_KNOTS.);
#11646 = CARTESIAN_POINT('',(-6.123779296875,15.33154296875,17.8));
#11647 = CARTESIAN_POINT('',(-6.123779296875,15.73583984375,17.8));
#11648 = CARTESIAN_POINT('',(-6.328125,16.023681640625,17.8));
#11649 = PCURVE('',#8864,#11650);
#11650 = DEFINITIONAL_REPRESENTATION('',(#11651),#11655);
#11651 = B_SPLINE_CURVE_WITH_KNOTS('',2,(#11652,#11653,#11654),
  .UNSPECIFIED.,.F.,.F.,(3,3),(0.,1.),.PIECEWISE_BEZIER_KNOTS.);
#11652 = CARTESIAN_POINT('',(4.73291015625,4.552734375));
#11653 = CARTESIAN_POINT('',(4.73291015625,4.95703125));
#11654 = CARTESIAN_POINT('',(4.528564453125,5.244873046875));
#11655 = ( GEOMETRIC_REPRESENTATION_CONTEXT(2) 
PARAMETRIC_REPRESENTATION_CONTEXT() REPRESENTATION_CONTEXT('2D SPACE',''
  ) );
#11656 = PCURVE('',#11657,#11664);
#11657 = SURFACE_OF_LINEAR_EXTRUSION('',#11658,#11662);
#11658 = B_SPLINE_CURVE_WITH_KNOTS('',2,(#11659,#11660,#11661),
  .UNSPECIFIED.,.F.,.F.,(3,3),(0.,1.),.PIECEWISE_BEZIER_KNOTS.);
#11659 = CARTESIAN_POINT('',(-6.123779296875,15.33154296875,17.8));
#11660 = CARTESIAN_POINT('',(-6.123779296875,15.73583984375,17.8));
#11661 = CARTESIAN_POINT('',(-6.328125,16.023681640625,17.8));
#11662 = VECTOR('',#11663,1.);
#11663 = DIRECTION('',(-0.,-0.,-1.));
#11664 = DEFINITIONAL_REPRESENTATION('',(#11665),#11669);
#11665 = LINE('',#11666,#11667);
#11666 = CARTESIAN_POINT('',(0.,0.));
#11667 = VECTOR('',#11668,1.);
#11668 = DIRECTION('',(1.,0.));
#11669 = ( GEOMETRIC_REPRESENTATION_CONTEXT(2) 
PARAMETRIC_REPRESENTATION_CONTEXT() REPRESENTATION_CONTEXT('2D SPACE',''
  ) );
#11670 = ORIENTED_EDGE('',*,*,#11671,.T.);
#11671 = EDGE_CURVE('',#11642,#11672,#11674,.T.);
#11672 = VERTEX_POINT('',#11673);
#11673 = CARTESIAN_POINT('',(-6.866455078125,16.40380859375,17.8));
#11674 = SURFACE_CURVE('',#11675,(#11679,#11686),.PCURVE_S1.);
#11675 = B_SPLINE_CURVE_WITH_KNOTS('',2,(#11676,#11677,#11678),
  .UNSPECIFIED.,.F.,.F.,(3,3),(0.,1.),.PIECEWISE_BEZIER_KNOTS.);
#11676 = CARTESIAN_POINT('',(-6.328125,16.023681640625,17.8));
#11677 = CARTESIAN_POINT('',(-6.532470703125,16.3115234375,17.8));
#11678 = CARTESIAN_POINT('',(-6.866455078125,16.40380859375,17.8));
#11679 = PCURVE('',#8864,#11680);
#11680 = DEFINITIONAL_REPRESENTATION('',(#11681),#11685);
#11681 = B_SPLINE_CURVE_WITH_KNOTS('',2,(#11682,#11683,#11684),
  .UNSPECIFIED.,.F.,.F.,(3,3),(0.,1.),.PIECEWISE_BEZIER_KNOTS.);
#11682 = CARTESIAN_POINT('',(4.528564453125,5.244873046875));
#11683 = CARTESIAN_POINT('',(4.32421875,5.53271484375));
#11684 = CARTESIAN_POINT('',(3.990234375,5.625));
#11685 = ( GEOMETRIC_REPRESENTATION_CONTEXT(2) 
PARAMETRIC_REPRESENTATION_CONTEXT() REPRESENTATION_CONTEXT('2D SPACE',''
  ) );
#11686 = PCURVE('',#11687,#11694);
#11687 = SURFACE_OF_LINEAR_EXTRUSION('',#11688,#11692);
#11688 = B_SPLINE_CURVE_WITH_KNOTS('',2,(#11689,#11690,#11691),
  .UNSPECIFIED.,.F.,.F.,(3,3),(0.,1.),.PIECEWISE_BEZIER_KNOTS.);
#11689 = CARTESIAN_POINT('',(-6.328125,16.023681640625,17.8));
#11690 = CARTESIAN_POINT('',(-6.532470703125,16.3115234375,17.8));
#11691 = CARTESIAN_POINT('',(-6.866455078125,16.40380859375,17.8));
#11692 = VECTOR('',#11693,1.);
#11693 = DIRECTION('',(-0.,-0.,-1.));
#11694 = DEFINITIONAL_REPRESENTATION('',(#11695),#11699);
#11695 = LINE('',#11696,#11697);
#11696 = CARTESIAN_POINT('',(0.,0.));
#11697 = VECTOR('',#11698,1.);
#11698 = DIRECTION('',(1.,0.));
#11699 = ( GEOMETRIC_REPRESENTATION_CONTEXT(2) 
PARAMETRIC_REPRESENTATION_CONTEXT() REPRESENTATION_CONTEXT('2D SPACE',''
  ) );
#11700 = ORIENTED_EDGE('',*,*,#11701,.T.);
#11701 = EDGE_CURVE('',#11672,#11702,#11704,.T.);
#11702 = VERTEX_POINT('',#11703);
#11703 = CARTESIAN_POINT('',(-7.661865234375,16.4609375,17.8));
#11704 = SURFACE_CURVE('',#11705,(#11709,#11716),.PCURVE_S1.);
#11705 = B_SPLINE_CURVE_WITH_KNOTS('',2,(#11706,#11707,#11708),
  .UNSPECIFIED.,.F.,.F.,(3,3),(0.,1.),.PIECEWISE_BEZIER_KNOTS.);
#11706 = CARTESIAN_POINT('',(-6.866455078125,16.40380859375,17.8));
#11707 = CARTESIAN_POINT('',(-7.081787109375,16.4609375,17.8));
#11708 = CARTESIAN_POINT('',(-7.661865234375,16.4609375,17.8));
#11709 = PCURVE('',#8864,#11710);
#11710 = DEFINITIONAL_REPRESENTATION('',(#11711),#11715);
#11711 = B_SPLINE_CURVE_WITH_KNOTS('',2,(#11712,#11713,#11714),
  .UNSPECIFIED.,.F.,.F.,(3,3),(0.,1.),.PIECEWISE_BEZIER_KNOTS.);
#11712 = CARTESIAN_POINT('',(3.990234375,5.625));
#11713 = CARTESIAN_POINT('',(3.77490234375,5.68212890625));
#11714 = CARTESIAN_POINT('',(3.19482421875,5.68212890625));
#11715 = ( GEOMETRIC_REPRESENTATION_CONTEXT(2) 
PARAMETRIC_REPRESENTATION_CONTEXT() REPRESENTATION_CONTEXT('2D SPACE',''
  ) );
#11716 = PCURVE('',#11717,#11724);
#11717 = SURFACE_OF_LINEAR_EXTRUSION('',#11718,#11722);
#11718 = B_SPLINE_CURVE_WITH_KNOTS('',2,(#11719,#11720,#11721),
  .UNSPECIFIED.,.F.,.F.,(3,3),(0.,1.),.PIECEWISE_BEZIER_KNOTS.);
#11719 = CARTESIAN_POINT('',(-6.866455078125,16.40380859375,17.8));
#11720 = CARTESIAN_POINT('',(-7.081787109375,16.4609375,17.8));
#11721 = CARTESIAN_POINT('',(-7.661865234375,16.4609375,17.8));
#11722 = VECTOR('',#11723,1.);
#11723 = DIRECTION('',(-0.,-0.,-1.));
#11724 = DEFINITIONAL_REPRESENTATION('',(#11725),#11729);
#11725 = LINE('',#11726,#11727);
#11726 = CARTESIAN_POINT('',(0.,0.));
#11727 = VECTOR('',#11728,1.);
#11728 = DIRECTION('',(1.,0.));
#11729 = ( GEOMETRIC_REPRESENTATION_CONTEXT(2) 
PARAMETRIC_REPRESENTATION_CONTEXT() REPRESENTATION_CONTEXT('2D SPACE',''
  ) );
#11730 = ORIENTED_EDGE('',*,*,#11731,.T.);
#11731 = EDGE_CURVE('',#11702,#11524,#11732,.T.);
#11732 = SURFACE_CURVE('',#11733,(#11737,#11744),.PCURVE_S1.);
#11733 = LINE('',#11734,#11735);
#11734 = CARTESIAN_POINT('',(-7.661865234375,16.4609375,17.8));
#11735 = VECTOR('',#11736,1.);
#11736 = DIRECTION('',(-1.,0.,0.));
#11737 = PCURVE('',#8864,#11738);
#11738 = DEFINITIONAL_REPRESENTATION('',(#11739),#11743);
#11739 = LINE('',#11740,#11741);
#11740 = CARTESIAN_POINT('',(3.19482421875,5.68212890625));
#11741 = VECTOR('',#11742,1.);
#11742 = DIRECTION('',(-1.,0.));
#11743 = ( GEOMETRIC_REPRESENTATION_CONTEXT(2) 
PARAMETRIC_REPRESENTATION_CONTEXT() REPRESENTATION_CONTEXT('2D SPACE',''
  ) );
#11744 = PCURVE('',#11745,#11750);
#11745 = PLANE('',#11746);
#11746 = AXIS2_PLACEMENT_3D('',#11747,#11748,#11749);
#11747 = CARTESIAN_POINT('',(-7.661865234375,16.4609375,17.8));
#11748 = DIRECTION('',(0.,-1.,0.));
#11749 = DIRECTION('',(-1.,0.,0.));
#11750 = DEFINITIONAL_REPRESENTATION('',(#11751),#11755);
#11751 = LINE('',#11752,#11753);
#11752 = CARTESIAN_POINT('',(0.,-0.));
#11753 = VECTOR('',#11754,1.);
#11754 = DIRECTION('',(1.,0.));
#11755 = ( GEOMETRIC_REPRESENTATION_CONTEXT(2) 
PARAMETRIC_REPRESENTATION_CONTEXT() REPRESENTATION_CONTEXT('2D SPACE',''
  ) );
#11756 = ADVANCED_FACE('',(#11757),#9408,.T.);
#11757 = FACE_BOUND('',#11758,.F.);
#11758 = EDGE_LOOP('',(#11759,#11760,#11761,#11762));
#11759 = ORIENTED_EDGE('',*,*,#9390,.T.);
#11760 = ORIENTED_EDGE('',*,*,#9466,.T.);
#11761 = ORIENTED_EDGE('',*,*,#9564,.T.);
#11762 = ORIENTED_EDGE('',*,*,#9515,.T.);
#11763 = ADVANCED_FACE('',(#11764,#11767),#9630,.T.);
#11764 = FACE_BOUND('',#11765,.T.);
#11765 = EDGE_LOOP('',(#11766));
#11766 = ORIENTED_EDGE('',*,*,#9615,.T.);
#11767 = FACE_BOUND('',#11768,.T.);
#11768 = EDGE_LOOP('',(#11769));
#11769 = ORIENTED_EDGE('',*,*,#11770,.F.);
#11770 = EDGE_CURVE('',#11771,#11771,#11773,.T.);
#11771 = VERTEX_POINT('',#11772);
#11772 = CARTESIAN_POINT('',(4.1,-1.004210375301E-15,15.9));
#11773 = SURFACE_CURVE('',#11774,(#11779,#11786),.PCURVE_S1.);
#11774 = CIRCLE('',#11775,4.1);
#11775 = AXIS2_PLACEMENT_3D('',#11776,#11777,#11778);
#11776 = CARTESIAN_POINT('',(0.,0.,15.9));
#11777 = DIRECTION('',(0.,0.,1.));
#11778 = DIRECTION('',(1.,0.,-0.));
#11779 = PCURVE('',#9630,#11780);
#11780 = DEFINITIONAL_REPRESENTATION('',(#11781),#11785);
#11781 = CIRCLE('',#11782,4.1);
#11782 = AXIS2_PLACEMENT_2D('',#11783,#11784);
#11783 = CARTESIAN_POINT('',(0.,0.));
#11784 = DIRECTION('',(1.,0.));
#11785 = ( GEOMETRIC_REPRESENTATION_CONTEXT(2) 
PARAMETRIC_REPRESENTATION_CONTEXT() REPRESENTATION_CONTEXT('2D SPACE',''
  ) );
#11786 = PCURVE('',#11787,#11792);
#11787 = CYLINDRICAL_SURFACE('',#11788,4.1);
#11788 = AXIS2_PLACEMENT_3D('',#11789,#11790,#11791);
#11789 = CARTESIAN_POINT('',(0.,0.,-1.));
#11790 = DIRECTION('',(0.,0.,1.));
#11791 = DIRECTION('',(1.,0.,-0.));
#11792 = DEFINITIONAL_REPRESENTATION('',(#11793),#11797);
#11793 = LINE('',#11794,#11795);
#11794 = CARTESIAN_POINT('',(0.,16.9));
#11795 = VECTOR('',#11796,1.);
#11796 = DIRECTION('',(1.,0.));
#11797 = ( GEOMETRIC_REPRESENTATION_CONTEXT(2) 
PARAMETRIC_REPRESENTATION_CONTEXT() REPRESENTATION_CONTEXT('2D SPACE',''
  ) );
#11798 = ADVANCED_FACE('',(#11799),#9664,.T.);
#11799 = FACE_BOUND('',#11800,.F.);
#11800 = EDGE_LOOP('',(#11801,#11802,#11803,#11804,#11805,#11806,#11807,
    #11808,#11809,#11810,#11811,#11812,#11813,#11814,#11815,#11816,
    #11817,#11818,#11819,#11820,#11821,#11822));
#11801 = ORIENTED_EDGE('',*,*,#9646,.T.);
#11802 = ORIENTED_EDGE('',*,*,#9722,.T.);
#11803 = ORIENTED_EDGE('',*,*,#9820,.T.);
#11804 = ORIENTED_EDGE('',*,*,#9918,.T.);
#11805 = ORIENTED_EDGE('',*,*,#10016,.T.);
#11806 = ORIENTED_EDGE('',*,*,#10114,.T.);
#11807 = ORIENTED_EDGE('',*,*,#10212,.T.);
#11808 = ORIENTED_EDGE('',*,*,#10310,.T.);
#11809 = ORIENTED_EDGE('',*,*,#10408,.T.);
#11810 = ORIENTED_EDGE('',*,*,#10506,.T.);
#11811 = ORIENTED_EDGE('',*,*,#10604,.T.);
#11812 = ORIENTED_EDGE('',*,*,#10702,.T.);
#11813 = ORIENTED_EDGE('',*,*,#10653,.T.);
#11814 = ORIENTED_EDGE('',*,*,#10555,.T.);
#11815 = ORIENTED_EDGE('',*,*,#10457,.T.);
#11816 = ORIENTED_EDGE('',*,*,#10359,.T.);
#11817 = ORIENTED_EDGE('',*,*,#10261,.T.);
#11818 = ORIENTED_EDGE('',*,*,#10163,.T.);
#11819 = ORIENTED_EDGE('',*,*,#10065,.T.);
#11820 = ORIENTED_EDGE('',*,*,#9967,.T.);
#11821 = ORIENTED_EDGE('',*,*,#9869,.T.);
#11822 = ORIENTED_EDGE('',*,*,#9771,.T.);
#11823 = ADVANCED_FACE('',(#11824,#11834),#10747,.T.);
#11824 = FACE_BOUND('',#11825,.F.);
#11825 = EDGE_LOOP('',(#11826,#11827,#11828,#11829,#11830,#11831,#11832,
    #11833));
#11826 = ORIENTED_EDGE('',*,*,#10729,.T.);
#11827 = ORIENTED_EDGE('',*,*,#10805,.T.);
#11828 = ORIENTED_EDGE('',*,*,#10903,.T.);
#11829 = ORIENTED_EDGE('',*,*,#11001,.T.);
#11830 = ORIENTED_EDGE('',*,*,#11099,.T.);
#11831 = ORIENTED_EDGE('',*,*,#11050,.T.);
#11832 = ORIENTED_EDGE('',*,*,#10952,.T.);
#11833 = ORIENTED_EDGE('',*,*,#10854,.T.);
#11834 = FACE_BOUND('',#11835,.F.);
#11835 = EDGE_LOOP('',(#11836,#11866,#11894,#11922,#11952));
#11836 = ORIENTED_EDGE('',*,*,#11837,.T.);
#11837 = EDGE_CURVE('',#11838,#11840,#11842,.T.);
#11838 = VERTEX_POINT('',#11839);
#11839 = CARTESIAN_POINT('',(6.699462890625,15.31396484375,17.8));
#11840 = VERTEX_POINT('',#11841);
#11841 = CARTESIAN_POINT('',(5.991943359375,13.42431640625,17.8));
#11842 = SURFACE_CURVE('',#11843,(#11847,#11854),.PCURVE_S1.);
#11843 = LINE('',#11844,#11845);
#11844 = CARTESIAN_POINT('',(6.699462890625,15.31396484375,17.8));
#11845 = VECTOR('',#11846,1.);
#11846 = DIRECTION('',(-0.350646042374,-0.936508063482,0.));
#11847 = PCURVE('',#10747,#11848);
#11848 = DEFINITIONAL_REPRESENTATION('',(#11849),#11853);
#11849 = LINE('',#11850,#11851);
#11850 = CARTESIAN_POINT('',(2.55322265625,4.53515625));
#11851 = VECTOR('',#11852,1.);
#11852 = DIRECTION('',(-0.350646042374,-0.936508063482));
#11853 = ( GEOMETRIC_REPRESENTATION_CONTEXT(2) 
PARAMETRIC_REPRESENTATION_CONTEXT() REPRESENTATION_CONTEXT('2D SPACE',''
  ) );
#11854 = PCURVE('',#11855,#11860);
#11855 = PLANE('',#11856);
#11856 = AXIS2_PLACEMENT_3D('',#11857,#11858,#11859);
#11857 = CARTESIAN_POINT('',(6.699462890625,15.31396484375,17.8));
#11858 = DIRECTION('',(0.936508063482,-0.350646042374,0.));
#11859 = DIRECTION('',(-0.350646042374,-0.936508063482,0.));
#11860 = DEFINITIONAL_REPRESENTATION('',(#11861),#11865);
#11861 = LINE('',#11862,#11863);
#11862 = CARTESIAN_POINT('',(0.,0.));
#11863 = VECTOR('',#11864,1.);
#11864 = DIRECTION('',(1.,0.));
#11865 = ( GEOMETRIC_REPRESENTATION_CONTEXT(2) 
PARAMETRIC_REPRESENTATION_CONTEXT() REPRESENTATION_CONTEXT('2D SPACE',''
  ) );
#11866 = ORIENTED_EDGE('',*,*,#11867,.T.);
#11867 = EDGE_CURVE('',#11840,#11868,#11870,.T.);
#11868 = VERTEX_POINT('',#11869);
#11869 = CARTESIAN_POINT('',(8.176025390625,13.42431640625,17.8));
#11870 = SURFACE_CURVE('',#11871,(#11875,#11882),.PCURVE_S1.);
#11871 = LINE('',#11872,#11873);
#11872 = CARTESIAN_POINT('',(5.991943359375,13.42431640625,17.8));
#11873 = VECTOR('',#11874,1.);
#11874 = DIRECTION('',(1.,0.,0.));
#11875 = PCURVE('',#10747,#11876);
#11876 = DEFINITIONAL_REPRESENTATION('',(#11877),#11881);
#11877 = LINE('',#11878,#11879);
#11878 = CARTESIAN_POINT('',(1.845703125,2.6455078125));
#11879 = VECTOR('',#11880,1.);
#11880 = DIRECTION('',(1.,0.));
#11881 = ( GEOMETRIC_REPRESENTATION_CONTEXT(2) 
PARAMETRIC_REPRESENTATION_CONTEXT() REPRESENTATION_CONTEXT('2D SPACE',''
  ) );
#11882 = PCURVE('',#11883,#11888);
#11883 = PLANE('',#11884);
#11884 = AXIS2_PLACEMENT_3D('',#11885,#11886,#11887);
#11885 = CARTESIAN_POINT('',(5.991943359375,13.42431640625,17.8));
#11886 = DIRECTION('',(0.,1.,0.));
#11887 = DIRECTION('',(1.,0.,0.));
#11888 = DEFINITIONAL_REPRESENTATION('',(#11889),#11893);
#11889 = LINE('',#11890,#11891);
#11890 = CARTESIAN_POINT('',(0.,0.));
#11891 = VECTOR('',#11892,1.);
#11892 = DIRECTION('',(1.,0.));
#11893 = ( GEOMETRIC_REPRESENTATION_CONTEXT(2) 
PARAMETRIC_REPRESENTATION_CONTEXT() REPRESENTATION_CONTEXT('2D SPACE',''
  ) );
#11894 = ORIENTED_EDGE('',*,*,#11895,.T.);
#11895 = EDGE_CURVE('',#11868,#11896,#11898,.T.);
#11896 = VERTEX_POINT('',#11897);
#11897 = CARTESIAN_POINT('',(7.503662109375,15.20849609375,17.8));
#11898 = SURFACE_CURVE('',#11899,(#11903,#11910),.PCURVE_S1.);
#11899 = LINE('',#11900,#11901);
#11900 = CARTESIAN_POINT('',(8.176025390625,13.42431640625,17.8));
#11901 = VECTOR('',#11902,1.);
#11902 = DIRECTION('',(-0.352638484148,0.935759637673,0.));
#11903 = PCURVE('',#10747,#11904);
#11904 = DEFINITIONAL_REPRESENTATION('',(#11905),#11909);
#11905 = LINE('',#11906,#11907);
#11906 = CARTESIAN_POINT('',(4.02978515625,2.6455078125));
#11907 = VECTOR('',#11908,1.);
#11908 = DIRECTION('',(-0.352638484148,0.935759637673));
#11909 = ( GEOMETRIC_REPRESENTATION_CONTEXT(2) 
PARAMETRIC_REPRESENTATION_CONTEXT() REPRESENTATION_CONTEXT('2D SPACE',''
  ) );
#11910 = PCURVE('',#11911,#11916);
#11911 = PLANE('',#11912);
#11912 = AXIS2_PLACEMENT_3D('',#11913,#11914,#11915);
#11913 = CARTESIAN_POINT('',(8.176025390625,13.42431640625,17.8));
#11914 = DIRECTION('',(-0.935759637673,-0.352638484148,0.));
#11915 = DIRECTION('',(-0.352638484148,0.935759637673,0.));
#11916 = DEFINITIONAL_REPRESENTATION('',(#11917),#11921);
#11917 = LINE('',#11918,#11919);
#11918 = CARTESIAN_POINT('',(0.,0.));
#11919 = VECTOR('',#11920,1.);
#11920 = DIRECTION('',(1.,0.));
#11921 = ( GEOMETRIC_REPRESENTATION_CONTEXT(2) 
PARAMETRIC_REPRESENTATION_CONTEXT() REPRESENTATION_CONTEXT('2D SPACE',''
  ) );
#11922 = ORIENTED_EDGE('',*,*,#11923,.T.);
#11923 = EDGE_CURVE('',#11896,#11924,#11926,.T.);
#11924 = VERTEX_POINT('',#11925);
#11925 = CARTESIAN_POINT('',(7.046630859375,16.54443359375,17.8));
#11926 = SURFACE_CURVE('',#11927,(#11931,#11938),.PCURVE_S1.);
#11927 = B_SPLINE_CURVE_WITH_KNOTS('',2,(#11928,#11929,#11930),
  .UNSPECIFIED.,.F.,.F.,(3,3),(0.,1.),.PIECEWISE_BEZIER_KNOTS.);
#11928 = CARTESIAN_POINT('',(7.503662109375,15.20849609375,17.8));
#11929 = CARTESIAN_POINT('',(7.196044921875,16.021484375,17.8));
#11930 = CARTESIAN_POINT('',(7.046630859375,16.54443359375,17.8));
#11931 = PCURVE('',#10747,#11932);
#11932 = DEFINITIONAL_REPRESENTATION('',(#11933),#11937);
#11933 = B_SPLINE_CURVE_WITH_KNOTS('',2,(#11934,#11935,#11936),
  .UNSPECIFIED.,.F.,.F.,(3,3),(0.,1.),.PIECEWISE_BEZIER_KNOTS.);
#11934 = CARTESIAN_POINT('',(3.357421875,4.4296875));
#11935 = CARTESIAN_POINT('',(3.0498046875,5.24267578125));
#11936 = CARTESIAN_POINT('',(2.900390625,5.765625));
#11937 = ( GEOMETRIC_REPRESENTATION_CONTEXT(2) 
PARAMETRIC_REPRESENTATION_CONTEXT() REPRESENTATION_CONTEXT('2D SPACE',''
  ) );
#11938 = PCURVE('',#11939,#11946);
#11939 = SURFACE_OF_LINEAR_EXTRUSION('',#11940,#11944);
#11940 = B_SPLINE_CURVE_WITH_KNOTS('',2,(#11941,#11942,#11943),
  .UNSPECIFIED.,.F.,.F.,(3,3),(0.,1.),.PIECEWISE_BEZIER_KNOTS.);
#11941 = CARTESIAN_POINT('',(7.503662109375,15.20849609375,17.8));
#11942 = CARTESIAN_POINT('',(7.196044921875,16.021484375,17.8));
#11943 = CARTESIAN_POINT('',(7.046630859375,16.54443359375,17.8));
#11944 = VECTOR('',#11945,1.);
#11945 = DIRECTION('',(-0.,-0.,-1.));
#11946 = DEFINITIONAL_REPRESENTATION('',(#11947),#11951);
#11947 = LINE('',#11948,#11949);
#11948 = CARTESIAN_POINT('',(0.,0.));
#11949 = VECTOR('',#11950,1.);
#11950 = DIRECTION('',(1.,0.));
#11951 = ( GEOMETRIC_REPRESENTATION_CONTEXT(2) 
PARAMETRIC_REPRESENTATION_CONTEXT() REPRESENTATION_CONTEXT('2D SPACE',''
  ) );
#11952 = ORIENTED_EDGE('',*,*,#11953,.T.);
#11953 = EDGE_CURVE('',#11924,#11838,#11954,.T.);
#11954 = SURFACE_CURVE('',#11955,(#11959,#11966),.PCURVE_S1.);
#11955 = B_SPLINE_CURVE_WITH_KNOTS('',2,(#11956,#11957,#11958),
  .UNSPECIFIED.,.F.,.F.,(3,3),(0.,1.),.PIECEWISE_BEZIER_KNOTS.);
#11956 = CARTESIAN_POINT('',(7.046630859375,16.54443359375,17.8));
#11957 = CARTESIAN_POINT('',(6.923583984375,15.9248046875,17.8));
#11958 = CARTESIAN_POINT('',(6.699462890625,15.31396484375,17.8));
#11959 = PCURVE('',#10747,#11960);
#11960 = DEFINITIONAL_REPRESENTATION('',(#11961),#11965);
#11961 = B_SPLINE_CURVE_WITH_KNOTS('',2,(#11962,#11963,#11964),
  .UNSPECIFIED.,.F.,.F.,(3,3),(0.,1.),.PIECEWISE_BEZIER_KNOTS.);
#11962 = CARTESIAN_POINT('',(2.900390625,5.765625));
#11963 = CARTESIAN_POINT('',(2.77734375,5.14599609375));
#11964 = CARTESIAN_POINT('',(2.55322265625,4.53515625));
#11965 = ( GEOMETRIC_REPRESENTATION_CONTEXT(2) 
PARAMETRIC_REPRESENTATION_CONTEXT() REPRESENTATION_CONTEXT('2D SPACE',''
  ) );
#11966 = PCURVE('',#11967,#11974);
#11967 = SURFACE_OF_LINEAR_EXTRUSION('',#11968,#11972);
#11968 = B_SPLINE_CURVE_WITH_KNOTS('',2,(#11969,#11970,#11971),
  .UNSPECIFIED.,.F.,.F.,(3,3),(0.,1.),.PIECEWISE_BEZIER_KNOTS.);
#11969 = CARTESIAN_POINT('',(7.046630859375,16.54443359375,17.8));
#11970 = CARTESIAN_POINT('',(6.923583984375,15.9248046875,17.8));
#11971 = CARTESIAN_POINT('',(6.699462890625,15.31396484375,17.8));
#11972 = VECTOR('',#11973,1.);
#11973 = DIRECTION('',(-0.,-0.,-1.));
#11974 = DEFINITIONAL_REPRESENTATION('',(#11975),#11979);
#11975 = LINE('',#11976,#11977);
#11976 = CARTESIAN_POINT('',(0.,0.));
#11977 = VECTOR('',#11978,1.);
#11978 = DIRECTION('',(1.,0.));
#11979 = ( GEOMETRIC_REPRESENTATION_CONTEXT(2) 
PARAMETRIC_REPRESENTATION_CONTEXT() REPRESENTATION_CONTEXT('2D SPACE',''
  ) );
#11980 = ADVANCED_FACE('',(#11981),#11146,.F.);
#11981 = FACE_BOUND('',#11982,.F.);
#11982 = EDGE_LOOP('',(#11983,#12006,#12033,#12034));
#11983 = ORIENTED_EDGE('',*,*,#11984,.T.);
#11984 = EDGE_CURVE('',#11130,#11985,#11987,.T.);
#11985 = VERTEX_POINT('',#11986);
#11986 = CARTESIAN_POINT('',(11.15,-2.730962362099E-15,3.6));
#11987 = SEAM_CURVE('',#11988,(#11992,#11999),.PCURVE_S1.);
#11988 = LINE('',#11989,#11990);
#11989 = CARTESIAN_POINT('',(11.15,-2.730962362099E-15,-1.E-02));
#11990 = VECTOR('',#11991,1.);
#11991 = DIRECTION('',(0.,0.,1.));
#11992 = PCURVE('',#11146,#11993);
#11993 = DEFINITIONAL_REPRESENTATION('',(#11994),#11998);
#11994 = LINE('',#11995,#11996);
#11995 = CARTESIAN_POINT('',(6.28318530718,-0.));
#11996 = VECTOR('',#11997,1.);
#11997 = DIRECTION('',(0.,1.));
#11998 = ( GEOMETRIC_REPRESENTATION_CONTEXT(2) 
PARAMETRIC_REPRESENTATION_CONTEXT() REPRESENTATION_CONTEXT('2D SPACE',''
  ) );
#11999 = PCURVE('',#11146,#12000);
#12000 = DEFINITIONAL_REPRESENTATION('',(#12001),#12005);
#12001 = LINE('',#12002,#12003);
#12002 = CARTESIAN_POINT('',(0.,-0.));
#12003 = VECTOR('',#12004,1.);
#12004 = DIRECTION('',(0.,1.));
#12005 = ( GEOMETRIC_REPRESENTATION_CONTEXT(2) 
PARAMETRIC_REPRESENTATION_CONTEXT() REPRESENTATION_CONTEXT('2D SPACE',''
  ) );
#12006 = ORIENTED_EDGE('',*,*,#12007,.F.);
#12007 = EDGE_CURVE('',#11985,#11985,#12008,.T.);
#12008 = SURFACE_CURVE('',#12009,(#12014,#12021),.PCURVE_S1.);
#12009 = CIRCLE('',#12010,11.15);
#12010 = AXIS2_PLACEMENT_3D('',#12011,#12012,#12013);
#12011 = CARTESIAN_POINT('',(0.,0.,3.6));
#12012 = DIRECTION('',(0.,0.,1.));
#12013 = DIRECTION('',(1.,0.,-0.));
#12014 = PCURVE('',#11146,#12015);
#12015 = DEFINITIONAL_REPRESENTATION('',(#12016),#12020);
#12016 = LINE('',#12017,#12018);
#12017 = CARTESIAN_POINT('',(0.,3.61));
#12018 = VECTOR('',#12019,1.);
#12019 = DIRECTION('',(1.,0.));
#12020 = ( GEOMETRIC_REPRESENTATION_CONTEXT(2) 
PARAMETRIC_REPRESENTATION_CONTEXT() REPRESENTATION_CONTEXT('2D SPACE',''
  ) );
#12021 = PCURVE('',#12022,#12027);
#12022 = PLANE('',#12023);
#12023 = AXIS2_PLACEMENT_3D('',#12024,#12025,#12026);
#12024 = CARTESIAN_POINT('',(0.,0.,3.6));
#12025 = DIRECTION('',(0.,0.,1.));
#12026 = DIRECTION('',(1.,0.,-0.));
#12027 = DEFINITIONAL_REPRESENTATION('',(#12028),#12032);
#12028 = CIRCLE('',#12029,11.15);
#12029 = AXIS2_PLACEMENT_2D('',#12030,#12031);
#12030 = CARTESIAN_POINT('',(0.,0.));
#12031 = DIRECTION('',(1.,0.));
#12032 = ( GEOMETRIC_REPRESENTATION_CONTEXT(2) 
PARAMETRIC_REPRESENTATION_CONTEXT() REPRESENTATION_CONTEXT('2D SPACE',''
  ) );
#12033 = ORIENTED_EDGE('',*,*,#11984,.F.);
#12034 = ORIENTED_EDGE('',*,*,#11129,.T.);
#12035 = ADVANCED_FACE('',(#12036),#11203,.F.);
#12036 = FACE_BOUND('',#12037,.F.);
#12037 = EDGE_LOOP('',(#12038,#12039,#12062,#12147));
#12038 = ORIENTED_EDGE('',*,*,#11185,.F.);
#12039 = ORIENTED_EDGE('',*,*,#12040,.T.);
#12040 = EDGE_CURVE('',#11186,#12041,#12043,.T.);
#12041 = VERTEX_POINT('',#12042);
#12042 = CARTESIAN_POINT('',(-5.39208989375,-14.09887695312,18.4));
#12043 = SURFACE_CURVE('',#12044,(#12048,#12055),.PCURVE_S1.);
#12044 = LINE('',#12045,#12046);
#12045 = CARTESIAN_POINT('',(-5.39208989375,-14.09887695312,17.8));
#12046 = VECTOR('',#12047,1.);
#12047 = DIRECTION('',(0.,0.,1.));
#12048 = PCURVE('',#11203,#12049);
#12049 = DEFINITIONAL_REPRESENTATION('',(#12050),#12054);
#12050 = LINE('',#12051,#12052);
#12051 = CARTESIAN_POINT('',(0.,0.));
#12052 = VECTOR('',#12053,1.);
#12053 = DIRECTION('',(0.,-1.));
#12054 = ( GEOMETRIC_REPRESENTATION_CONTEXT(2) 
PARAMETRIC_REPRESENTATION_CONTEXT() REPRESENTATION_CONTEXT('2D SPACE',''
  ) );
#12055 = PCURVE('',#11441,#12056);
#12056 = DEFINITIONAL_REPRESENTATION('',(#12057),#12061);
#12057 = LINE('',#12058,#12059);
#12058 = CARTESIAN_POINT('',(1.,0.));
#12059 = VECTOR('',#12060,1.);
#12060 = DIRECTION('',(0.,-1.));
#12061 = ( GEOMETRIC_REPRESENTATION_CONTEXT(2) 
PARAMETRIC_REPRESENTATION_CONTEXT() REPRESENTATION_CONTEXT('2D SPACE',''
  ) );
#12062 = ORIENTED_EDGE('',*,*,#12063,.F.);
#12063 = EDGE_CURVE('',#12064,#12041,#12066,.T.);
#12064 = VERTEX_POINT('',#12065);
#12065 = CARTESIAN_POINT('',(-4.765869190625,-15.93359375,18.4));
#12066 = SURFACE_CURVE('',#12067,(#12090,#12116),.PCURVE_S1.);
#12067 = B_SPLINE_CURVE_WITH_KNOTS('',6,(#12068,#12069,#12070,#12071,
    #12072,#12073,#12074,#12075,#12076,#12077,#12078,#12079,#12080,
    #12081,#12082,#12083,#12084,#12085,#12086,#12087,#12088,#12089),
  .UNSPECIFIED.,.F.,.F.,(7,5,5,5,7),(0.,8.997280413636E-02,
    0.353204349825,0.626983890458,1.),.UNSPECIFIED.);
#12068 = CARTESIAN_POINT('',(-4.765869190625,-15.93359375,18.4));
#12069 = CARTESIAN_POINT('',(-4.785872545097,-15.91218665135,18.4));
#12070 = CARTESIAN_POINT('',(-4.805513913455,-15.89045399552,18.4));
#12071 = CARTESIAN_POINT('',(-4.824786463728,-15.8684002152,18.4));
#12072 = CARTESIAN_POINT('',(-4.843683992564,-15.84603035448,18.4));
#12073 = CARTESIAN_POINT('',(-4.862200925233,-15.8233500688,18.4));
#12074 = CARTESIAN_POINT('',(-4.93337894415,-15.7331205199,18.4));
#12075 = CARTESIAN_POINT('',(-4.983128570086,-15.66326811552,18.4));
#12076 = CARTESIAN_POINT('',(-5.029450814417,-15.59097254313,18.4));
#12077 = CARTESIAN_POINT('',(-5.072280968704,-15.51642581823,18.4));
#12078 = CARTESIAN_POINT('',(-5.111609645972,-15.43984117163,18.4));
#12079 = CARTESIAN_POINT('',(-5.184772280844,-15.27991021891,18.4));
#12080 = CARTESIAN_POINT('',(-5.218325428065,-15.19641000151,18.4));
#12081 = CARTESIAN_POINT('',(-5.248175496959,-15.11119329824,18.4));
#12082 = CARTESIAN_POINT('',(-5.274424247145,-15.02449978903,18.4));
#12083 = CARTESIAN_POINT('',(-5.297210203433,-14.9365521301,18.4));
#12084 = CARTESIAN_POINT('',(-5.343224203149,-14.72627985322,18.4));
#12085 = CARTESIAN_POINT('',(-5.363617868993,-14.60305495803,18.4));
#12086 = CARTESIAN_POINT('',(-5.37826571075,-14.47834740349,18.4));
#12087 = CARTESIAN_POINT('',(-5.387613053214,-14.35255719685,18.4));
#12088 = CARTESIAN_POINT('',(-5.39208989375,-14.2259948635,18.4));
#12089 = CARTESIAN_POINT('',(-5.39208989375,-14.09887695312,18.4));
#12090 = PCURVE('',#11203,#12091);
#12091 = DEFINITIONAL_REPRESENTATION('',(#12092),#12115);
#12092 = B_SPLINE_CURVE_WITH_KNOTS('',6,(#12093,#12094,#12095,#12096,
    #12097,#12098,#12099,#12100,#12101,#12102,#12103,#12104,#12105,
    #12106,#12107,#12108,#12109,#12110,#12111,#12112,#12113,#12114),
  .UNSPECIFIED.,.F.,.F.,(7,5,5,5,7),(0.,8.997280413636E-02,
    0.353204349825,0.626983890458,1.),.UNSPECIFIED.);
#12093 = CARTESIAN_POINT('',(1.,-0.6));
#12094 = CARTESIAN_POINT('',(0.984028510738,-0.6));
#12095 = CARTESIAN_POINT('',(0.968039942496,-0.6));
#12096 = CARTESIAN_POINT('',(0.952038514226,-0.6));
#12097 = CARTESIAN_POINT('',(0.936028494296,-0.6));
#12098 = CARTESIAN_POINT('',(0.920014200488,-0.6));
#12099 = CARTESIAN_POINT('',(0.857147589566,-0.6));
#12100 = CARTESIAN_POINT('',(0.810293288913,-0.6));
#12101 = CARTESIAN_POINT('',(0.763551761178,-0.6));
#12102 = CARTESIAN_POINT('',(0.717027381843,-0.6));
#12103 = CARTESIAN_POINT('',(0.670814883399,-0.6));
#12104 = CARTESIAN_POINT('',(0.577349260807,-0.6));
#12105 = CARTESIAN_POINT('',(0.530125238493,-0.6));
#12106 = CARTESIAN_POINT('',(0.483419440478,-0.6));
#12107 = CARTESIAN_POINT('',(0.437300280864,-0.6));
#12108 = CARTESIAN_POINT('',(0.391816402659,-0.6));
#12109 = CARTESIAN_POINT('',(0.285939045171,-0.6));
#12110 = CARTESIAN_POINT('',(0.226119774108,-0.6));
#12111 = CARTESIAN_POINT('',(0.167611531133,-0.6));
#12112 = CARTESIAN_POINT('',(0.110435111831,-0.6));
#12113 = CARTESIAN_POINT('',(5.457808814416E-02,-0.6));
#12114 = CARTESIAN_POINT('',(0.,-0.6));
#12115 = ( GEOMETRIC_REPRESENTATION_CONTEXT(2) 
PARAMETRIC_REPRESENTATION_CONTEXT() REPRESENTATION_CONTEXT('2D SPACE',''
  ) );
#12116 = PCURVE('',#12117,#12122);
#12117 = PLANE('',#12118);
#12118 = AXIS2_PLACEMENT_3D('',#12119,#12120,#12121);
#12119 = CARTESIAN_POINT('',(0.,0.,18.4));
#12120 = DIRECTION('',(0.,0.,1.));
#12121 = DIRECTION('',(1.,0.,-0.));
#12122 = DEFINITIONAL_REPRESENTATION('',(#12123),#12146);
#12123 = B_SPLINE_CURVE_WITH_KNOTS('',6,(#12124,#12125,#12126,#12127,
    #12128,#12129,#12130,#12131,#12132,#12133,#12134,#12135,#12136,
    #12137,#12138,#12139,#12140,#12141,#12142,#12143,#12144,#12145),
  .UNSPECIFIED.,.F.,.F.,(7,5,5,5,7),(0.,8.997280413636E-02,
    0.353204349825,0.626983890458,1.),.UNSPECIFIED.);
#12124 = CARTESIAN_POINT('',(-4.765869190625,-15.93359375));
#12125 = CARTESIAN_POINT('',(-4.785872545097,-15.91218665135));
#12126 = CARTESIAN_POINT('',(-4.805513913455,-15.89045399552));
#12127 = CARTESIAN_POINT('',(-4.824786463728,-15.8684002152));
#12128 = CARTESIAN_POINT('',(-4.843683992564,-15.84603035448));
#12129 = CARTESIAN_POINT('',(-4.862200925233,-15.8233500688));
#12130 = CARTESIAN_POINT('',(-4.93337894415,-15.7331205199));
#12131 = CARTESIAN_POINT('',(-4.983128570086,-15.66326811552));
#12132 = CARTESIAN_POINT('',(-5.029450814417,-15.59097254313));
#12133 = CARTESIAN_POINT('',(-5.072280968704,-15.51642581823));
#12134 = CARTESIAN_POINT('',(-5.111609645972,-15.43984117163));
#12135 = CARTESIAN_POINT('',(-5.184772280844,-15.27991021891));
#12136 = CARTESIAN_POINT('',(-5.218325428065,-15.19641000151));
#12137 = CARTESIAN_POINT('',(-5.248175496959,-15.11119329824));
#12138 = CARTESIAN_POINT('',(-5.274424247145,-15.02449978903));
#12139 = CARTESIAN_POINT('',(-5.297210203433,-14.9365521301));
#12140 = CARTESIAN_POINT('',(-5.343224203149,-14.72627985322));
#12141 = CARTESIAN_POINT('',(-5.363617868993,-14.60305495803));
#12142 = CARTESIAN_POINT('',(-5.37826571075,-14.47834740349));
#12143 = CARTESIAN_POINT('',(-5.387613053214,-14.35255719685));
#12144 = CARTESIAN_POINT('',(-5.39208989375,-14.2259948635));
#12145 = CARTESIAN_POINT('',(-5.39208989375,-14.09887695312));
#12146 = ( GEOMETRIC_REPRESENTATION_CONTEXT(2) 
PARAMETRIC_REPRESENTATION_CONTEXT() REPRESENTATION_CONTEXT('2D SPACE',''
  ) );
#12147 = ORIENTED_EDGE('',*,*,#12148,.F.);
#12148 = EDGE_CURVE('',#11188,#12064,#12149,.T.);
#12149 = SURFACE_CURVE('',#12150,(#12154,#12161),.PCURVE_S1.);
#12150 = LINE('',#12151,#12152);
#12151 = CARTESIAN_POINT('',(-4.765869190625,-15.93359375,17.8));
#12152 = VECTOR('',#12153,1.);
#12153 = DIRECTION('',(0.,0.,1.));
#12154 = PCURVE('',#11203,#12155);
#12155 = DEFINITIONAL_REPRESENTATION('',(#12156),#12160);
#12156 = LINE('',#12157,#12158);
#12157 = CARTESIAN_POINT('',(1.,0.));
#12158 = VECTOR('',#12159,1.);
#12159 = DIRECTION('',(0.,-1.));
#12160 = ( GEOMETRIC_REPRESENTATION_CONTEXT(2) 
PARAMETRIC_REPRESENTATION_CONTEXT() REPRESENTATION_CONTEXT('2D SPACE',''
  ) );
#12161 = PCURVE('',#11233,#12162);
#12162 = DEFINITIONAL_REPRESENTATION('',(#12163),#12167);
#12163 = LINE('',#12164,#12165);
#12164 = CARTESIAN_POINT('',(0.,0.));
#12165 = VECTOR('',#12166,1.);
#12166 = DIRECTION('',(0.,-1.));
#12167 = ( GEOMETRIC_REPRESENTATION_CONTEXT(2) 
PARAMETRIC_REPRESENTATION_CONTEXT() REPRESENTATION_CONTEXT('2D SPACE',''
  ) );
#12168 = ADVANCED_FACE('',(#12169),#11233,.F.);
#12169 = FACE_BOUND('',#12170,.F.);
#12170 = EDGE_LOOP('',(#12171,#12172,#12173,#12241));
#12171 = ORIENTED_EDGE('',*,*,#11217,.F.);
#12172 = ORIENTED_EDGE('',*,*,#12148,.T.);
#12173 = ORIENTED_EDGE('',*,*,#12174,.F.);
#12174 = EDGE_CURVE('',#12175,#12064,#12177,.T.);
#12175 = VERTEX_POINT('',#12176);
#12176 = CARTESIAN_POINT('',(-3.19482426875,-16.60375976562,18.4));
#12177 = SURFACE_CURVE('',#12178,(#12197,#12219),.PCURVE_S1.);
#12178 = B_SPLINE_CURVE_WITH_KNOTS('',5,(#12179,#12180,#12181,#12182,
    #12183,#12184,#12185,#12186,#12187,#12188,#12189,#12190,#12191,
    #12192,#12193,#12194,#12195,#12196),.UNSPECIFIED.,.F.,.F.,(6,4,4,4,6
    ),(0.,0.186013469466,0.549028182391,0.771875707859,1.),
  .UNSPECIFIED.);
#12179 = CARTESIAN_POINT('',(-3.19482426875,-16.60375976562,18.4));
#12180 = CARTESIAN_POINT('',(-3.26139546758,-16.60375976562,18.4));
#12181 = CARTESIAN_POINT('',(-3.327750578885,-16.60168037183,18.4));
#12182 = CARTESIAN_POINT('',(-3.393808233203,-16.59742518013,18.4));
#12183 = CARTESIAN_POINT('',(-3.459473120815,-16.59090393732,18.4));
#12184 = CARTESIAN_POINT('',(-3.651811253785,-16.56476042779,18.4));
#12185 = CARTESIAN_POINT('',(-3.777107741374,-16.53857283729,18.4));
#12186 = CARTESIAN_POINT('',(-3.899667383685,-16.50296407443,18.4));
#12187 = CARTESIAN_POINT('',(-4.018609738445,-16.45772336147,18.4));
#12188 = CARTESIAN_POINT('',(-4.203436435246,-16.36979384649,18.4));
#12189 = CARTESIAN_POINT('',(-4.272083733647,-16.33286025318,18.4));
#12190 = CARTESIAN_POINT('',(-4.338896630654,-16.29252363742,18.4));
#12191 = CARTESIAN_POINT('',(-4.403746419913,-16.24893177508,18.4));
#12192 = CARTESIAN_POINT('',(-4.530829442455,-16.15452233073,18.4));
#12193 = CARTESIAN_POINT('',(-4.592967223193,-16.103555898,18.4));
#12194 = CARTESIAN_POINT('',(-4.652865664761,-16.04958617368,18.4));
#12195 = CARTESIAN_POINT('',(-4.710496374461,-15.99285237782,18.4));
#12196 = CARTESIAN_POINT('',(-4.765869190625,-15.93359375,18.4));
#12197 = PCURVE('',#11233,#12198);
#12198 = DEFINITIONAL_REPRESENTATION('',(#12199),#12218);
#12199 = B_SPLINE_CURVE_WITH_KNOTS('',5,(#12200,#12201,#12202,#12203,
    #12204,#12205,#12206,#12207,#12208,#12209,#12210,#12211,#12212,
    #12213,#12214,#12215,#12216,#12217),.UNSPECIFIED.,.F.,.F.,(6,4,4,4,6
    ),(0.,0.186013469466,0.549028182391,0.771875707859,1.),
  .UNSPECIFIED.);
#12200 = CARTESIAN_POINT('',(1.,-0.6));
#12201 = CARTESIAN_POINT('',(0.964770590386,-0.6));
#12202 = CARTESIAN_POINT('',(0.929132386883,-0.6));
#12203 = CARTESIAN_POINT('',(0.893104196158,-0.6));
#12204 = CARTESIAN_POINT('',(0.856713749545,-0.6));
#12205 = CARTESIAN_POINT('',(0.74835125709,-0.6));
#12206 = CARTESIAN_POINT('',(0.675456043905,-0.6));
#12207 = CARTESIAN_POINT('',(0.601638927632,-0.6));
#12208 = CARTESIAN_POINT('',(0.527312808603,-0.6));
#12209 = CARTESIAN_POINT('',(0.407380842103,-0.6));
#12210 = CARTESIAN_POINT('',(0.361760773189,-0.6));
#12211 = CARTESIAN_POINT('',(0.31625531345,-0.6));
#12212 = CARTESIAN_POINT('',(0.270969752553,-0.6));
#12213 = CARTESIAN_POINT('',(0.179965416724,-0.6));
#12214 = CARTESIAN_POINT('',(0.134259706366,-0.6));
#12215 = CARTESIAN_POINT('',(8.898346467726E-02,-0.6));
#12216 = CARTESIAN_POINT('',(4.421190156074E-02,-0.6));
#12217 = CARTESIAN_POINT('',(0.,-0.6));
#12218 = ( GEOMETRIC_REPRESENTATION_CONTEXT(2) 
PARAMETRIC_REPRESENTATION_CONTEXT() REPRESENTATION_CONTEXT('2D SPACE',''
  ) );
#12219 = PCURVE('',#12117,#12220);
#12220 = DEFINITIONAL_REPRESENTATION('',(#12221),#12240);
#12221 = B_SPLINE_CURVE_WITH_KNOTS('',5,(#12222,#12223,#12224,#12225,
    #12226,#12227,#12228,#12229,#12230,#12231,#12232,#12233,#12234,
    #12235,#12236,#12237,#12238,#12239),.UNSPECIFIED.,.F.,.F.,(6,4,4,4,6
    ),(0.,0.186013469466,0.549028182391,0.771875707859,1.),
  .UNSPECIFIED.);
#12222 = CARTESIAN_POINT('',(-3.19482426875,-16.60375976562));
#12223 = CARTESIAN_POINT('',(-3.26139546758,-16.60375976562));
#12224 = CARTESIAN_POINT('',(-3.327750578885,-16.60168037183));
#12225 = CARTESIAN_POINT('',(-3.393808233203,-16.59742518013));
#12226 = CARTESIAN_POINT('',(-3.459473120815,-16.59090393732));
#12227 = CARTESIAN_POINT('',(-3.651811253785,-16.56476042779));
#12228 = CARTESIAN_POINT('',(-3.777107741374,-16.53857283729));
#12229 = CARTESIAN_POINT('',(-3.899667383685,-16.50296407443));
#12230 = CARTESIAN_POINT('',(-4.018609738445,-16.45772336147));
#12231 = CARTESIAN_POINT('',(-4.203436435246,-16.36979384649));
#12232 = CARTESIAN_POINT('',(-4.272083733647,-16.33286025318));
#12233 = CARTESIAN_POINT('',(-4.338896630654,-16.29252363742));
#12234 = CARTESIAN_POINT('',(-4.403746419913,-16.24893177508));
#12235 = CARTESIAN_POINT('',(-4.530829442455,-16.15452233073));
#12236 = CARTESIAN_POINT('',(-4.592967223193,-16.103555898));
#12237 = CARTESIAN_POINT('',(-4.652865664761,-16.04958617368));
#12238 = CARTESIAN_POINT('',(-4.710496374461,-15.99285237782));
#12239 = CARTESIAN_POINT('',(-4.765869190625,-15.93359375));
#12240 = ( GEOMETRIC_REPRESENTATION_CONTEXT(2) 
PARAMETRIC_REPRESENTATION_CONTEXT() REPRESENTATION_CONTEXT('2D SPACE',''
  ) );
#12241 = ORIENTED_EDGE('',*,*,#12242,.F.);
#12242 = EDGE_CURVE('',#11218,#12175,#12243,.T.);
#12243 = SURFACE_CURVE('',#12244,(#12248,#12255),.PCURVE_S1.);
#12244 = LINE('',#12245,#12246);
#12245 = CARTESIAN_POINT('',(-3.19482426875,-16.60375976562,17.8));
#12246 = VECTOR('',#12247,1.);
#12247 = DIRECTION('',(0.,0.,1.));
#12248 = PCURVE('',#11233,#12249);
#12249 = DEFINITIONAL_REPRESENTATION('',(#12250),#12254);
#12250 = LINE('',#12251,#12252);
#12251 = CARTESIAN_POINT('',(1.,0.));
#12252 = VECTOR('',#12253,1.);
#12253 = DIRECTION('',(0.,-1.));
#12254 = ( GEOMETRIC_REPRESENTATION_CONTEXT(2) 
PARAMETRIC_REPRESENTATION_CONTEXT() REPRESENTATION_CONTEXT('2D SPACE',''
  ) );
#12255 = PCURVE('',#11263,#12256);
#12256 = DEFINITIONAL_REPRESENTATION('',(#12257),#12261);
#12257 = LINE('',#12258,#12259);
#12258 = CARTESIAN_POINT('',(0.,0.));
#12259 = VECTOR('',#12260,1.);
#12260 = DIRECTION('',(0.,-1.));
#12261 = ( GEOMETRIC_REPRESENTATION_CONTEXT(2) 
PARAMETRIC_REPRESENTATION_CONTEXT() REPRESENTATION_CONTEXT('2D SPACE',''
  ) );
#12262 = ADVANCED_FACE('',(#12263),#11263,.F.);
#12263 = FACE_BOUND('',#12264,.F.);
#12264 = EDGE_LOOP('',(#12265,#12266,#12267,#12323));
#12265 = ORIENTED_EDGE('',*,*,#11247,.F.);
#12266 = ORIENTED_EDGE('',*,*,#12242,.T.);
#12267 = ORIENTED_EDGE('',*,*,#12268,.F.);
#12268 = EDGE_CURVE('',#12269,#12175,#12271,.T.);
#12269 = VERTEX_POINT('',#12270);
#12270 = CARTESIAN_POINT('',(-1.610595753125,-15.92700195312,18.4));
#12271 = SURFACE_CURVE('',#12272,(#12287,#12305),.PCURVE_S1.);
#12272 = B_SPLINE_CURVE_WITH_KNOTS('',5,(#12273,#12274,#12275,#12276,
    #12277,#12278,#12279,#12280,#12281,#12282,#12283,#12284,#12285,
    #12286),.UNSPECIFIED.,.F.,.F.,(6,4,4,6),(0.,0.425842305209,
    0.802684969058,1.),.UNSPECIFIED.);
#12273 = CARTESIAN_POINT('',(-1.610595753125,-15.92700195312,18.4));
#12274 = CARTESIAN_POINT('',(-1.713789047688,-16.0393112631,18.4));
#12275 = CARTESIAN_POINT('',(-1.825293205625,-16.14263590338,18.4));
#12276 = CARTESIAN_POINT('',(-1.945093518312,-16.23525520894,18.4));
#12277 = CARTESIAN_POINT('',(-2.07272195935,-16.31563878763,18.4));
#12278 = CARTESIAN_POINT('',(-2.325455198428,-16.4428156837,18.4));
#12279 = CARTESIAN_POINT('',(-2.449212050754,-16.49243598823,18.4));
#12280 = CARTESIAN_POINT('',(-2.577141620617,-16.53149220774,18.4));
#12281 = CARTESIAN_POINT('',(-2.708207333375,-16.56024963497,18.4));
#12282 = CARTESIAN_POINT('',(-2.911149167926,-16.58931867464,18.4));
#12283 = CARTESIAN_POINT('',(-2.981486282093,-16.59665653196,18.4));
#12284 = CARTESIAN_POINT('',(-3.052285445109,-16.60143207093,18.4));
#12285 = CARTESIAN_POINT('',(-3.123430465784,-16.60375976562,18.4));
#12286 = CARTESIAN_POINT('',(-3.19482426875,-16.60375976562,18.4));
#12287 = PCURVE('',#11263,#12288);
#12288 = DEFINITIONAL_REPRESENTATION('',(#12289),#12304);
#12289 = B_SPLINE_CURVE_WITH_KNOTS('',5,(#12290,#12291,#12292,#12293,
    #12294,#12295,#12296,#12297,#12298,#12299,#12300,#12301,#12302,
    #12303),.UNSPECIFIED.,.F.,.F.,(6,4,4,6),(0.,0.425842305209,
    0.802684969058,1.),.UNSPECIFIED.);
#12290 = CARTESIAN_POINT('',(1.,-0.6));
#12291 = CARTESIAN_POINT('',(0.917024001859,-0.6));
#12292 = CARTESIAN_POINT('',(0.832079306562,-0.6));
#12293 = CARTESIAN_POINT('',(0.745623429464,-0.6));
#12294 = CARTESIAN_POINT('',(0.658299652085,-0.6));
#12295 = CARTESIAN_POINT('',(0.493745502167,-0.6));
#12296 = CARTESIAN_POINT('',(0.416476306782,-0.6));
#12297 = CARTESIAN_POINT('',(0.339801262044,-0.6));
#12298 = CARTESIAN_POINT('',(0.264189541236,-0.6));
#12299 = CARTESIAN_POINT('',(0.151154314442,-0.6));
#12300 = CARTESIAN_POINT('',(0.112693338364,-0.6));
#12301 = CARTESIAN_POINT('',(7.46622394311E-02,-0.6));
#12302 = CARTESIAN_POINT('',(3.709145318993E-02,-0.6));
#12303 = CARTESIAN_POINT('',(0.,-0.6));
#12304 = ( GEOMETRIC_REPRESENTATION_CONTEXT(2) 
PARAMETRIC_REPRESENTATION_CONTEXT() REPRESENTATION_CONTEXT('2D SPACE',''
  ) );
#12305 = PCURVE('',#12117,#12306);
#12306 = DEFINITIONAL_REPRESENTATION('',(#12307),#12322);
#12307 = B_SPLINE_CURVE_WITH_KNOTS('',5,(#12308,#12309,#12310,#12311,
    #12312,#12313,#12314,#12315,#12316,#12317,#12318,#12319,#12320,
    #12321),.UNSPECIFIED.,.F.,.F.,(6,4,4,6),(0.,0.425842305209,
    0.802684969058,1.),.UNSPECIFIED.);
#12308 = CARTESIAN_POINT('',(-1.610595753125,-15.92700195312));
#12309 = CARTESIAN_POINT('',(-1.713789047688,-16.0393112631));
#12310 = CARTESIAN_POINT('',(-1.825293205625,-16.14263590338));
#12311 = CARTESIAN_POINT('',(-1.945093518312,-16.23525520894));
#12312 = CARTESIAN_POINT('',(-2.07272195935,-16.31563878763));
#12313 = CARTESIAN_POINT('',(-2.325455198428,-16.4428156837));
#12314 = CARTESIAN_POINT('',(-2.449212050754,-16.49243598823));
#12315 = CARTESIAN_POINT('',(-2.577141620617,-16.53149220774));
#12316 = CARTESIAN_POINT('',(-2.708207333375,-16.56024963497));
#12317 = CARTESIAN_POINT('',(-2.911149167926,-16.58931867464));
#12318 = CARTESIAN_POINT('',(-2.981486282093,-16.59665653196));
#12319 = CARTESIAN_POINT('',(-3.052285445109,-16.60143207093));
#12320 = CARTESIAN_POINT('',(-3.123430465784,-16.60375976562));
#12321 = CARTESIAN_POINT('',(-3.19482426875,-16.60375976562));
#12322 = ( GEOMETRIC_REPRESENTATION_CONTEXT(2) 
PARAMETRIC_REPRESENTATION_CONTEXT() REPRESENTATION_CONTEXT('2D SPACE',''
  ) );
#12323 = ORIENTED_EDGE('',*,*,#12324,.F.);
#12324 = EDGE_CURVE('',#11248,#12269,#12325,.T.);
#12325 = SURFACE_CURVE('',#12326,(#12330,#12337),.PCURVE_S1.);
#12326 = LINE('',#12327,#12328);
#12327 = CARTESIAN_POINT('',(-1.610595753125,-15.92700195312,17.8));
#12328 = VECTOR('',#12329,1.);
#12329 = DIRECTION('',(0.,0.,1.));
#12330 = PCURVE('',#11263,#12331);
#12331 = DEFINITIONAL_REPRESENTATION('',(#12332),#12336);
#12332 = LINE('',#12333,#12334);
#12333 = CARTESIAN_POINT('',(1.,0.));
#12334 = VECTOR('',#12335,1.);
#12335 = DIRECTION('',(0.,-1.));
#12336 = ( GEOMETRIC_REPRESENTATION_CONTEXT(2) 
PARAMETRIC_REPRESENTATION_CONTEXT() REPRESENTATION_CONTEXT('2D SPACE',''
  ) );
#12337 = PCURVE('',#11293,#12338);
#12338 = DEFINITIONAL_REPRESENTATION('',(#12339),#12343);
#12339 = LINE('',#12340,#12341);
#12340 = CARTESIAN_POINT('',(0.,0.));
#12341 = VECTOR('',#12342,1.);
#12342 = DIRECTION('',(0.,-1.));
#12343 = ( GEOMETRIC_REPRESENTATION_CONTEXT(2) 
PARAMETRIC_REPRESENTATION_CONTEXT() REPRESENTATION_CONTEXT('2D SPACE',''
  ) );
#12344 = ADVANCED_FACE('',(#12345),#11293,.F.);
#12345 = FACE_BOUND('',#12346,.F.);
#12346 = EDGE_LOOP('',(#12347,#12348,#12349,#12414));
#12347 = ORIENTED_EDGE('',*,*,#11277,.F.);
#12348 = ORIENTED_EDGE('',*,*,#12324,.T.);
#12349 = ORIENTED_EDGE('',*,*,#12350,.F.);
#12350 = EDGE_CURVE('',#12351,#12269,#12353,.T.);
#12351 = VERTEX_POINT('',#12352);
#12352 = CARTESIAN_POINT('',(-0.98876958125,-14.00659179687,18.4));
#12353 = SURFACE_CURVE('',#12354,(#12372,#12393),.PCURVE_S1.);
#12354 = B_SPLINE_CURVE_WITH_KNOTS('',6,(#12355,#12356,#12357,#12358,
    #12359,#12360,#12361,#12362,#12363,#12364,#12365,#12366,#12367,
    #12368,#12369,#12370,#12371),.UNSPECIFIED.,.F.,.F.,(7,5,5,7),(0.,
    0.440537423106,0.726144630059,1.),.UNSPECIFIED.);
#12355 = CARTESIAN_POINT('',(-0.98876958125,-14.00659179687,18.4));
#12356 = CARTESIAN_POINT('',(-0.98876958125,-14.16310762411,18.4));
#12357 = CARTESIAN_POINT('',(-0.994678792289,-14.31885387364,18.4));
#12358 = CARTESIAN_POINT('',(-1.007151851183,-14.47352709198,18.4));
#12359 = CARTESIAN_POINT('',(-1.026945574989,-14.62661615191,18.4));
#12360 = CARTESIAN_POINT('',(-1.054893213128,-14.77740783111,18.4));
#12361 = CARTESIAN_POINT('',(-1.115685149166,-15.02071807987,18.4));
#12362 = CARTESIAN_POINT('',(-1.143348560912,-15.11507035102,18.4));
#12363 = CARTESIAN_POINT('',(-1.174969747091,-15.20781955566,18.4));
#12364 = CARTESIAN_POINT('',(-1.210739130467,-15.29866450193,18.4));
#12365 = CARTESIAN_POINT('',(-1.250798667453,-15.38727571487,18.4));
#12366 = CARTESIAN_POINT('',(-1.337790040245,-15.55580776125,18.4));
#12367 = CARTESIAN_POINT('',(-1.384375077373,-15.63594420182,18.4));
#12368 = CARTESIAN_POINT('',(-1.435008516942,-15.71340579381,18.4));
#12369 = CARTESIAN_POINT('',(-1.489672429494,-15.78789950285,18.4));
#12370 = CARTESIAN_POINT('',(-1.548267630313,-15.85916781239,18.4));
#12371 = CARTESIAN_POINT('',(-1.610595753125,-15.92700195312,18.4));
#12372 = PCURVE('',#11293,#12373);
#12373 = DEFINITIONAL_REPRESENTATION('',(#12374),#12392);
#12374 = B_SPLINE_CURVE_WITH_KNOTS('',6,(#12375,#12376,#12377,#12378,
    #12379,#12380,#12381,#12382,#12383,#12384,#12385,#12386,#12387,
    #12388,#12389,#12390,#12391),.UNSPECIFIED.,.F.,.F.,(7,5,5,7),(0.,
    0.440537423106,0.726144630059,1.),.UNSPECIFIED.);
#12375 = CARTESIAN_POINT('',(1.,-0.6));
#12376 = CARTESIAN_POINT('',(0.937074123638,-0.6));
#12377 = CARTESIAN_POINT('',(0.872291772578,-0.6));
#12378 = CARTESIAN_POINT('',(0.805535006613,-0.6));
#12379 = CARTESIAN_POINT('',(0.736731927351,-0.6));
#12380 = CARTESIAN_POINT('',(0.665863872624,-0.6));
#12381 = CARTESIAN_POINT('',(0.545761227409,-0.6));
#12382 = CARTESIAN_POINT('',(0.497688339834,-0.6));
#12383 = CARTESIAN_POINT('',(0.448809326167,-0.6));
#12384 = CARTESIAN_POINT('',(0.399175483258,-0.6));
#12385 = CARTESIAN_POINT('',(0.348867243098,-0.6));
#12386 = CARTESIAN_POINT('',(0.249225783743,-0.6));
#12387 = CARTESIAN_POINT('',(0.199932992092,-0.6));
#12388 = CARTESIAN_POINT('',(0.150231757865,-0.6));
#12389 = CARTESIAN_POINT('',(0.100246464678,-0.6));
#12390 = CARTESIAN_POINT('',(5.011699863294E-02,-0.6));
#12391 = CARTESIAN_POINT('',(0.,-0.6));
#12392 = ( GEOMETRIC_REPRESENTATION_CONTEXT(2) 
PARAMETRIC_REPRESENTATION_CONTEXT() REPRESENTATION_CONTEXT('2D SPACE',''
  ) );
#12393 = PCURVE('',#12117,#12394);
#12394 = DEFINITIONAL_REPRESENTATION('',(#12395),#12413);
#12395 = B_SPLINE_CURVE_WITH_KNOTS('',6,(#12396,#12397,#12398,#12399,
    #12400,#12401,#12402,#12403,#12404,#12405,#12406,#12407,#12408,
    #12409,#12410,#12411,#12412),.UNSPECIFIED.,.F.,.F.,(7,5,5,7),(0.,
    0.440537423106,0.726144630059,1.),.UNSPECIFIED.);
#12396 = CARTESIAN_POINT('',(-0.98876958125,-14.00659179687));
#12397 = CARTESIAN_POINT('',(-0.98876958125,-14.16310762411));
#12398 = CARTESIAN_POINT('',(-0.994678792289,-14.31885387364));
#12399 = CARTESIAN_POINT('',(-1.007151851183,-14.47352709198));
#12400 = CARTESIAN_POINT('',(-1.026945574989,-14.62661615191));
#12401 = CARTESIAN_POINT('',(-1.054893213128,-14.77740783111));
#12402 = CARTESIAN_POINT('',(-1.115685149166,-15.02071807987));
#12403 = CARTESIAN_POINT('',(-1.143348560912,-15.11507035102));
#12404 = CARTESIAN_POINT('',(-1.174969747091,-15.20781955566));
#12405 = CARTESIAN_POINT('',(-1.210739130467,-15.29866450193));
#12406 = CARTESIAN_POINT('',(-1.250798667453,-15.38727571487));
#12407 = CARTESIAN_POINT('',(-1.337790040245,-15.55580776125));
#12408 = CARTESIAN_POINT('',(-1.384375077373,-15.63594420182));
#12409 = CARTESIAN_POINT('',(-1.435008516942,-15.71340579381));
#12410 = CARTESIAN_POINT('',(-1.489672429494,-15.78789950285));
#12411 = CARTESIAN_POINT('',(-1.548267630313,-15.85916781239));
#12412 = CARTESIAN_POINT('',(-1.610595753125,-15.92700195312));
#12413 = ( GEOMETRIC_REPRESENTATION_CONTEXT(2) 
PARAMETRIC_REPRESENTATION_CONTEXT() REPRESENTATION_CONTEXT('2D SPACE',''
  ) );
#12414 = ORIENTED_EDGE('',*,*,#12415,.F.);
#12415 = EDGE_CURVE('',#11278,#12351,#12416,.T.);
#12416 = SURFACE_CURVE('',#12417,(#12421,#12428),.PCURVE_S1.);
#12417 = LINE('',#12418,#12419);
#12418 = CARTESIAN_POINT('',(-0.98876958125,-14.00659179687,17.8));
#12419 = VECTOR('',#12420,1.);
#12420 = DIRECTION('',(0.,0.,1.));
#12421 = PCURVE('',#11293,#12422);
#12422 = DEFINITIONAL_REPRESENTATION('',(#12423),#12427);
#12423 = LINE('',#12424,#12425);
#12424 = CARTESIAN_POINT('',(1.,0.));
#12425 = VECTOR('',#12426,1.);
#12426 = DIRECTION('',(0.,-1.));
#12427 = ( GEOMETRIC_REPRESENTATION_CONTEXT(2) 
PARAMETRIC_REPRESENTATION_CONTEXT() REPRESENTATION_CONTEXT('2D SPACE',''
  ) );
#12428 = PCURVE('',#11323,#12429);
#12429 = DEFINITIONAL_REPRESENTATION('',(#12430),#12434);
#12430 = LINE('',#12431,#12432);
#12431 = CARTESIAN_POINT('',(0.,0.));
#12432 = VECTOR('',#12433,1.);
#12433 = DIRECTION('',(0.,-1.));
#12434 = ( GEOMETRIC_REPRESENTATION_CONTEXT(2) 
PARAMETRIC_REPRESENTATION_CONTEXT() REPRESENTATION_CONTEXT('2D SPACE',''
  ) );
#12435 = ADVANCED_FACE('',(#12436),#11323,.F.);
#12436 = FACE_BOUND('',#12437,.F.);
#12437 = EDGE_LOOP('',(#12438,#12439,#12440,#12484));
#12438 = ORIENTED_EDGE('',*,*,#11307,.F.);
#12439 = ORIENTED_EDGE('',*,*,#12415,.T.);
#12440 = ORIENTED_EDGE('',*,*,#12441,.F.);
#12441 = EDGE_CURVE('',#12442,#12351,#12444,.T.);
#12442 = VERTEX_POINT('',#12443);
#12443 = CARTESIAN_POINT('',(-1.254638721875,-12.63330078125,18.4));
#12444 = SURFACE_CURVE('',#12445,(#12456,#12470),.PCURVE_S1.);
#12445 = B_SPLINE_CURVE_WITH_KNOTS('',5,(#12446,#12447,#12448,#12449,
    #12450,#12451,#12452,#12453,#12454,#12455),.UNSPECIFIED.,.F.,.F.,(6,
    4,6),(0.,0.484975135071,1.),.UNSPECIFIED.);
#12446 = CARTESIAN_POINT('',(-1.254638721875,-12.63330078125,18.4));
#12447 = CARTESIAN_POINT('',(-1.199961799943,-12.75395150981,18.4));
#12448 = CARTESIAN_POINT('',(-1.152804726424,-12.87880250536,18.4));
#12449 = CARTESIAN_POINT('',(-1.113094428524,-13.00726293921,18.4));
#12450 = CARTESIAN_POINT('',(-1.080523440922,-13.1387387839,18.4));
#12451 = CARTESIAN_POINT('',(-1.027289269821,-13.41497375831,18.4));
#12452 = CARTESIAN_POINT('',(-1.007488693982,-13.56005296497,18.4));
#12453 = CARTESIAN_POINT('',(-0.994835227224,-13.70733422524,18.4));
#12454 = CARTESIAN_POINT('',(-0.98876958125,-13.85630578023,18.4));
#12455 = CARTESIAN_POINT('',(-0.98876958125,-14.00659179687,18.4));
#12456 = PCURVE('',#11323,#12457);
#12457 = DEFINITIONAL_REPRESENTATION('',(#12458),#12469);
#12458 = B_SPLINE_CURVE_WITH_KNOTS('',5,(#12459,#12460,#12461,#12462,
    #12463,#12464,#12465,#12466,#12467,#12468),.UNSPECIFIED.,.F.,.F.,(6,
    4,6),(0.,0.484975135071,1.),.UNSPECIFIED.);
#12459 = CARTESIAN_POINT('',(1.,-0.6));
#12460 = CARTESIAN_POINT('',(0.897173245072,-0.6));
#12461 = CARTESIAN_POINT('',(0.795271431136,-0.6));
#12462 = CARTESIAN_POINT('',(0.694635175255,-0.6));
#12463 = CARTESIAN_POINT('',(0.59549507969,-0.6));
#12464 = CARTESIAN_POINT('',(0.394463990383,-0.6));
#12465 = CARTESIAN_POINT('',(0.292781903488,-0.6));
#12466 = CARTESIAN_POINT('',(0.193116699289,-0.6));
#12467 = CARTESIAN_POINT('',(9.552630728466E-02,-0.6));
#12468 = CARTESIAN_POINT('',(0.,-0.6));
#12469 = ( GEOMETRIC_REPRESENTATION_CONTEXT(2) 
PARAMETRIC_REPRESENTATION_CONTEXT() REPRESENTATION_CONTEXT('2D SPACE',''
  ) );
#12470 = PCURVE('',#12117,#12471);
#12471 = DEFINITIONAL_REPRESENTATION('',(#12472),#12483);
#12472 = B_SPLINE_CURVE_WITH_KNOTS('',5,(#12473,#12474,#12475,#12476,
    #12477,#12478,#12479,#12480,#12481,#12482),.UNSPECIFIED.,.F.,.F.,(6,
    4,6),(0.,0.484975135071,1.),.UNSPECIFIED.);
#12473 = CARTESIAN_POINT('',(-1.254638721875,-12.63330078125));
#12474 = CARTESIAN_POINT('',(-1.199961799943,-12.75395150981));
#12475 = CARTESIAN_POINT('',(-1.152804726424,-12.87880250536));
#12476 = CARTESIAN_POINT('',(-1.113094428524,-13.00726293921));
#12477 = CARTESIAN_POINT('',(-1.080523440922,-13.1387387839));
#12478 = CARTESIAN_POINT('',(-1.027289269821,-13.41497375831));
#12479 = CARTESIAN_POINT('',(-1.007488693982,-13.56005296497));
#12480 = CARTESIAN_POINT('',(-0.994835227224,-13.70733422524));
#12481 = CARTESIAN_POINT('',(-0.98876958125,-13.85630578023));
#12482 = CARTESIAN_POINT('',(-0.98876958125,-14.00659179687));
#12483 = ( GEOMETRIC_REPRESENTATION_CONTEXT(2) 
PARAMETRIC_REPRESENTATION_CONTEXT() REPRESENTATION_CONTEXT('2D SPACE',''
  ) );
#12484 = ORIENTED_EDGE('',*,*,#12485,.F.);
#12485 = EDGE_CURVE('',#11308,#12442,#12486,.T.);
#12486 = SURFACE_CURVE('',#12487,(#12491,#12498),.PCURVE_S1.);
#12487 = LINE('',#12488,#12489);
#12488 = CARTESIAN_POINT('',(-1.254638721875,-12.63330078125,17.8));
#12489 = VECTOR('',#12490,1.);
#12490 = DIRECTION('',(0.,0.,1.));
#12491 = PCURVE('',#11323,#12492);
#12492 = DEFINITIONAL_REPRESENTATION('',(#12493),#12497);
#12493 = LINE('',#12494,#12495);
#12494 = CARTESIAN_POINT('',(1.,0.));
#12495 = VECTOR('',#12496,1.);
#12496 = DIRECTION('',(0.,-1.));
#12497 = ( GEOMETRIC_REPRESENTATION_CONTEXT(2) 
PARAMETRIC_REPRESENTATION_CONTEXT() REPRESENTATION_CONTEXT('2D SPACE',''
  ) );
#12498 = PCURVE('',#11353,#12499);
#12499 = DEFINITIONAL_REPRESENTATION('',(#12500),#12504);
#12500 = LINE('',#12501,#12502);
#12501 = CARTESIAN_POINT('',(0.,0.));
#12502 = VECTOR('',#12503,1.);
#12503 = DIRECTION('',(0.,-1.));
#12504 = ( GEOMETRIC_REPRESENTATION_CONTEXT(2) 
PARAMETRIC_REPRESENTATION_CONTEXT() REPRESENTATION_CONTEXT('2D SPACE',''
  ) );
#12505 = ADVANCED_FACE('',(#12506),#11353,.F.);
#12506 = FACE_BOUND('',#12507,.F.);
#12507 = EDGE_LOOP('',(#12508,#12509,#12510,#12554));
#12508 = ORIENTED_EDGE('',*,*,#11337,.F.);
#12509 = ORIENTED_EDGE('',*,*,#12485,.T.);
#12510 = ORIENTED_EDGE('',*,*,#12511,.F.);
#12511 = EDGE_CURVE('',#12512,#12442,#12514,.T.);
#12512 = VERTEX_POINT('',#12513);
#12513 = CARTESIAN_POINT('',(-2.032470753125,-11.7236328125,18.4));
#12514 = SURFACE_CURVE('',#12515,(#12526,#12540),.PCURVE_S1.);
#12515 = B_SPLINE_CURVE_WITH_KNOTS('',5,(#12516,#12517,#12518,#12519,
    #12520,#12521,#12522,#12523,#12524,#12525),.UNSPECIFIED.,.F.,.F.,(6,
    4,6),(0.,0.311212262042,1.),.UNSPECIFIED.);
#12516 = CARTESIAN_POINT('',(-2.032470753125,-11.7236328125,18.4));
#12517 = CARTESIAN_POINT('',(-1.968615970863,-11.76391887684,18.4));
#12518 = CARTESIAN_POINT('',(-1.906823092332,-11.80697726231,18.4));
#12519 = CARTESIAN_POINT('',(-1.847244955647,-11.85279599191,18.4));
#12520 = CARTESIAN_POINT('',(-1.790011154526,-11.90132576491,18.4));
#12521 = CARTESIAN_POINT('',(-1.613960130768,-12.06567280213,18.4));
#12522 = CARTESIAN_POINT('',(-1.504637919783,-12.19172575693,18.4));
#12523 = CARTESIAN_POINT('',(-1.408435866526,-12.32954945517,18.4));
#12524 = CARTESIAN_POINT('',(-1.325303576333,-12.47737089579,18.4));
#12525 = CARTESIAN_POINT('',(-1.254638721875,-12.63330078125,18.4));
#12526 = PCURVE('',#11353,#12527);
#12527 = DEFINITIONAL_REPRESENTATION('',(#12528),#12539);
#12528 = B_SPLINE_CURVE_WITH_KNOTS('',5,(#12529,#12530,#12531,#12532,
    #12533,#12534,#12535,#12536,#12537,#12538),.UNSPECIFIED.,.F.,.F.,(6,
    4,6),(0.,0.311212262042,1.),.UNSPECIFIED.);
#12529 = CARTESIAN_POINT('',(1.,-0.6));
#12530 = CARTESIAN_POINT('',(0.937637294196,-0.6));
#12531 = CARTESIAN_POINT('',(0.874951513602,-0.6));
#12532 = CARTESIAN_POINT('',(0.812043476426,-0.6));
#12533 = CARTESIAN_POINT('',(0.749021125708,-0.6));
#12534 = CARTESIAN_POINT('',(0.546519060736,-0.6));
#12535 = CARTESIAN_POINT('',(0.407003510754,-0.6));
#12536 = CARTESIAN_POINT('',(0.268799773995,-0.6));
#12537 = CARTESIAN_POINT('',(0.132894051358,-0.6));
#12538 = CARTESIAN_POINT('',(0.,-0.6));
#12539 = ( GEOMETRIC_REPRESENTATION_CONTEXT(2) 
PARAMETRIC_REPRESENTATION_CONTEXT() REPRESENTATION_CONTEXT('2D SPACE',''
  ) );
#12540 = PCURVE('',#12117,#12541);
#12541 = DEFINITIONAL_REPRESENTATION('',(#12542),#12553);
#12542 = B_SPLINE_CURVE_WITH_KNOTS('',5,(#12543,#12544,#12545,#12546,
    #12547,#12548,#12549,#12550,#12551,#12552),.UNSPECIFIED.,.F.,.F.,(6,
    4,6),(0.,0.311212262042,1.),.UNSPECIFIED.);
#12543 = CARTESIAN_POINT('',(-2.032470753125,-11.7236328125));
#12544 = CARTESIAN_POINT('',(-1.968615970863,-11.76391887684));
#12545 = CARTESIAN_POINT('',(-1.906823092332,-11.80697726231));
#12546 = CARTESIAN_POINT('',(-1.847244955647,-11.85279599191));
#12547 = CARTESIAN_POINT('',(-1.790011154526,-11.90132576491));
#12548 = CARTESIAN_POINT('',(-1.613960130768,-12.06567280213));
#12549 = CARTESIAN_POINT('',(-1.504637919783,-12.19172575693));
#12550 = CARTESIAN_POINT('',(-1.408435866526,-12.32954945517));
#12551 = CARTESIAN_POINT('',(-1.325303576333,-12.47737089579));
#12552 = CARTESIAN_POINT('',(-1.254638721875,-12.63330078125));
#12553 = ( GEOMETRIC_REPRESENTATION_CONTEXT(2) 
PARAMETRIC_REPRESENTATION_CONTEXT() REPRESENTATION_CONTEXT('2D SPACE',''
  ) );
#12554 = ORIENTED_EDGE('',*,*,#12555,.F.);
#12555 = EDGE_CURVE('',#11338,#12512,#12556,.T.);
#12556 = SURFACE_CURVE('',#12557,(#12561,#12568),.PCURVE_S1.);
#12557 = LINE('',#12558,#12559);
#12558 = CARTESIAN_POINT('',(-2.032470753125,-11.7236328125,17.8));
#12559 = VECTOR('',#12560,1.);
#12560 = DIRECTION('',(0.,0.,1.));
#12561 = PCURVE('',#11353,#12562);
#12562 = DEFINITIONAL_REPRESENTATION('',(#12563),#12567);
#12563 = LINE('',#12564,#12565);
#12564 = CARTESIAN_POINT('',(1.,0.));
#12565 = VECTOR('',#12566,1.);
#12566 = DIRECTION('',(0.,-1.));
#12567 = ( GEOMETRIC_REPRESENTATION_CONTEXT(2) 
PARAMETRIC_REPRESENTATION_CONTEXT() REPRESENTATION_CONTEXT('2D SPACE',''
  ) );
#12568 = PCURVE('',#11383,#12569);
#12569 = DEFINITIONAL_REPRESENTATION('',(#12570),#12574);
#12570 = LINE('',#12571,#12572);
#12571 = CARTESIAN_POINT('',(0.,0.));
#12572 = VECTOR('',#12573,1.);
#12573 = DIRECTION('',(0.,-1.));
#12574 = ( GEOMETRIC_REPRESENTATION_CONTEXT(2) 
PARAMETRIC_REPRESENTATION_CONTEXT() REPRESENTATION_CONTEXT('2D SPACE',''
  ) );
#12575 = ADVANCED_FACE('',(#12576),#11383,.F.);
#12576 = FACE_BOUND('',#12577,.F.);
#12577 = EDGE_LOOP('',(#12578,#12579,#12580,#12624));
#12578 = ORIENTED_EDGE('',*,*,#11367,.F.);
#12579 = ORIENTED_EDGE('',*,*,#12555,.T.);
#12580 = ORIENTED_EDGE('',*,*,#12581,.F.);
#12581 = EDGE_CURVE('',#12582,#12512,#12584,.T.);
#12582 = VERTEX_POINT('',#12583);
#12583 = CARTESIAN_POINT('',(-3.181640675,-11.40063476562,18.4));
#12584 = SURFACE_CURVE('',#12585,(#12596,#12610),.PCURVE_S1.);
#12585 = B_SPLINE_CURVE_WITH_KNOTS('',5,(#12586,#12587,#12588,#12589,
    #12590,#12591,#12592,#12593,#12594,#12595),.UNSPECIFIED.,.F.,.F.,(6,
    4,6),(0.,0.666377234207,1.),.UNSPECIFIED.);
#12586 = CARTESIAN_POINT('',(-3.181640675,-11.40063476562,18.4));
#12587 = CARTESIAN_POINT('',(-3.017046962724,-11.40063476562,18.4));
#12588 = CARTESIAN_POINT('',(-2.854398262169,-11.4141043895,18.4));
#12589 = CARTESIAN_POINT('',(-2.69492442327,-11.44211444464,18.4));
#12590 = CARTESIAN_POINT('',(-2.539932599699,-11.48525580063,18.4));
#12591 = CARTESIAN_POINT('',(-2.315910508441,-11.57197471733,18.4));
#12592 = CARTESIAN_POINT('',(-2.24259345317,-11.60458065073,18.4));
#12593 = CARTESIAN_POINT('',(-2.170843600822,-11.64080547709,18.4));
#12594 = CARTESIAN_POINT('',(-2.10077410324,-11.68054014096,18.4));
#12595 = CARTESIAN_POINT('',(-2.032470753125,-11.7236328125,18.4));
#12596 = PCURVE('',#11383,#12597);
#12597 = DEFINITIONAL_REPRESENTATION('',(#12598),#12609);
#12598 = B_SPLINE_CURVE_WITH_KNOTS('',5,(#12599,#12600,#12601,#12602,
    #12603,#12604,#12605,#12606,#12607,#12608),.UNSPECIFIED.,.F.,.F.,(6,
    4,6),(0.,0.666377234207,1.),.UNSPECIFIED.);
#12599 = CARTESIAN_POINT('',(1.,-0.6));
#12600 = CARTESIAN_POINT('',(0.870847539179,-0.6));
#12601 = CARTESIAN_POINT('',(0.739122991503,-0.6));
#12602 = CARTESIAN_POINT('',(0.605465583206,-0.6));
#12603 = CARTESIAN_POINT('',(0.470721225374,-0.6));
#12604 = CARTESIAN_POINT('',(0.268551615642,-0.6));
#12605 = CARTESIAN_POINT('',(0.201100875075,-0.6));
#12606 = CARTESIAN_POINT('',(0.133778788704,-0.6));
#12607 = CARTESIAN_POINT('',(6.670732524356E-02,-0.6));
#12608 = CARTESIAN_POINT('',(0.,-0.6));
#12609 = ( GEOMETRIC_REPRESENTATION_CONTEXT(2) 
PARAMETRIC_REPRESENTATION_CONTEXT() REPRESENTATION_CONTEXT('2D SPACE',''
  ) );
#12610 = PCURVE('',#12117,#12611);
#12611 = DEFINITIONAL_REPRESENTATION('',(#12612),#12623);
#12612 = B_SPLINE_CURVE_WITH_KNOTS('',5,(#12613,#12614,#12615,#12616,
    #12617,#12618,#12619,#12620,#12621,#12622),.UNSPECIFIED.,.F.,.F.,(6,
    4,6),(0.,0.666377234207,1.),.UNSPECIFIED.);
#12613 = CARTESIAN_POINT('',(-3.181640675,-11.40063476562));
#12614 = CARTESIAN_POINT('',(-3.017046962724,-11.40063476562));
#12615 = CARTESIAN_POINT('',(-2.854398262169,-11.4141043895));
#12616 = CARTESIAN_POINT('',(-2.69492442327,-11.44211444464));
#12617 = CARTESIAN_POINT('',(-2.539932599699,-11.48525580063));
#12618 = CARTESIAN_POINT('',(-2.315910508441,-11.57197471733));
#12619 = CARTESIAN_POINT('',(-2.24259345317,-11.60458065073));
#12620 = CARTESIAN_POINT('',(-2.170843600822,-11.64080547709));
#12621 = CARTESIAN_POINT('',(-2.10077410324,-11.68054014096));
#12622 = CARTESIAN_POINT('',(-2.032470753125,-11.7236328125));
#12623 = ( GEOMETRIC_REPRESENTATION_CONTEXT(2) 
PARAMETRIC_REPRESENTATION_CONTEXT() REPRESENTATION_CONTEXT('2D SPACE',''
  ) );
#12624 = ORIENTED_EDGE('',*,*,#12625,.F.);
#12625 = EDGE_CURVE('',#11368,#12582,#12626,.T.);
#12626 = SURFACE_CURVE('',#12627,(#12631,#12638),.PCURVE_S1.);
#12627 = LINE('',#12628,#12629);
#12628 = CARTESIAN_POINT('',(-3.181640675,-11.40063476562,17.8));
#12629 = VECTOR('',#12630,1.);
#12630 = DIRECTION('',(0.,0.,1.));
#12631 = PCURVE('',#11383,#12632);
#12632 = DEFINITIONAL_REPRESENTATION('',(#12633),#12637);
#12633 = LINE('',#12634,#12635);
#12634 = CARTESIAN_POINT('',(1.,0.));
#12635 = VECTOR('',#12636,1.);
#12636 = DIRECTION('',(0.,-1.));
#12637 = ( GEOMETRIC_REPRESENTATION_CONTEXT(2) 
PARAMETRIC_REPRESENTATION_CONTEXT() REPRESENTATION_CONTEXT('2D SPACE',''
  ) );
#12638 = PCURVE('',#11413,#12639);
#12639 = DEFINITIONAL_REPRESENTATION('',(#12640),#12644);
#12640 = LINE('',#12641,#12642);
#12641 = CARTESIAN_POINT('',(0.,0.));
#12642 = VECTOR('',#12643,1.);
#12643 = DIRECTION('',(0.,-1.));
#12644 = ( GEOMETRIC_REPRESENTATION_CONTEXT(2) 
PARAMETRIC_REPRESENTATION_CONTEXT() REPRESENTATION_CONTEXT('2D SPACE',''
  ) );
#12645 = ADVANCED_FACE('',(#12646),#11413,.F.);
#12646 = FACE_BOUND('',#12647,.F.);
#12647 = EDGE_LOOP('',(#12648,#12649,#12650,#12718));
#12648 = ORIENTED_EDGE('',*,*,#11397,.F.);
#12649 = ORIENTED_EDGE('',*,*,#12625,.T.);
#12650 = ORIENTED_EDGE('',*,*,#12651,.F.);
#12651 = EDGE_CURVE('',#12652,#12582,#12654,.T.);
#12652 = VERTEX_POINT('',#12653);
#12653 = CARTESIAN_POINT('',(-4.739502003125,-12.0224609375,18.4));
#12654 = SURFACE_CURVE('',#12655,(#12674,#12696),.PCURVE_S1.);
#12655 = B_SPLINE_CURVE_WITH_KNOTS('',5,(#12656,#12657,#12658,#12659,
    #12660,#12661,#12662,#12663,#12664,#12665,#12666,#12667,#12668,
    #12669,#12670,#12671,#12672,#12673),.UNSPECIFIED.,.F.,.F.,(6,4,4,4,6
    ),(0.,0.249242250103,0.491717109001,0.834305490299,1.),
  .UNSPECIFIED.);
#12656 = CARTESIAN_POINT('',(-4.739502003125,-12.0224609375,18.4));
#12657 = CARTESIAN_POINT('',(-4.676680843911,-11.96260104505,18.4));
#12658 = CARTESIAN_POINT('',(-4.611606162574,-11.90558993608,18.4));
#12659 = CARTESIAN_POINT('',(-4.544282772639,-11.85168308609,18.4));
#12660 = CARTESIAN_POINT('',(-4.474756134378,-11.8011330725,18.4));
#12661 = CARTESIAN_POINT('',(-4.333462936667,-11.70844831394,18.4));
#12662 = CARTESIAN_POINT('',(-4.261805475924,-11.666120329,18.4));
#12663 = CARTESIAN_POINT('',(-4.188270045411,-11.62736755768,18.4));
#12664 = CARTESIAN_POINT('',(-4.113000769809,-11.59233684603,18.4));
#12665 = CARTESIAN_POINT('',(-3.927664100041,-11.51697980946,18.4));
#12666 = CARTESIAN_POINT('',(-3.816045157051,-11.48043254367,18.4));
#12667 = CARTESIAN_POINT('',(-3.701887532715,-11.4516935974,18.4));
#12668 = CARTESIAN_POINT('',(-3.585782509858,-11.43064410458,18.4));
#12669 = CARTESIAN_POINT('',(-3.411505415139,-11.4103326734,18.4));
#12670 = CARTESIAN_POINT('',(-3.354371589367,-11.40543278827,18.4));
#12671 = CARTESIAN_POINT('',(-3.296979008762,-11.40221575499,18.4));
#12672 = CARTESIAN_POINT('',(-3.239384831077,-11.40063476562,18.4));
#12673 = CARTESIAN_POINT('',(-3.181640675,-11.40063476562,18.4));
#12674 = PCURVE('',#11413,#12675);
#12675 = DEFINITIONAL_REPRESENTATION('',(#12676),#12695);
#12676 = B_SPLINE_CURVE_WITH_KNOTS('',5,(#12677,#12678,#12679,#12680,
    #12681,#12682,#12683,#12684,#12685,#12686,#12687,#12688,#12689,
    #12690,#12691,#12692,#12693,#12694),.UNSPECIFIED.,.F.,.F.,(6,4,4,4,6
    ),(0.,0.249242250103,0.491717109001,0.834305490299,1.),
  .UNSPECIFIED.);
#12677 = CARTESIAN_POINT('',(1.,-0.6));
#12678 = CARTESIAN_POINT('',(0.951867664022,-0.6));
#12679 = CARTESIAN_POINT('',(0.903130047245,-0.6));
#12680 = CARTESIAN_POINT('',(0.853847147373,-0.6));
#12681 = CARTESIAN_POINT('',(0.804100761647,-0.6));
#12682 = CARTESIAN_POINT('',(0.705259567324,-0.6));
#12683 = CARTESIAN_POINT('',(0.656181645136,-0.6));
#12684 = CARTESIAN_POINT('',(0.606868907458,-0.6));
#12685 = CARTESIAN_POINT('',(0.55743391537,-0.6));
#12686 = CARTESIAN_POINT('',(0.438155707174,-0.6));
#12687 = CARTESIAN_POINT('',(0.368303715403,-0.6));
#12688 = CARTESIAN_POINT('',(0.298802065672,-0.6));
#12689 = CARTESIAN_POINT('',(0.229950656518,-0.6));
#12690 = CARTESIAN_POINT('',(0.129135339871,-0.6));
#12691 = CARTESIAN_POINT('',(9.647949097487E-02,-0.6));
#12692 = CARTESIAN_POINT('',(6.40584272484E-02,-0.6));
#12693 = CARTESIAN_POINT('',(3.189321241785E-02,-0.6));
#12694 = CARTESIAN_POINT('',(0.,-0.6));
#12695 = ( GEOMETRIC_REPRESENTATION_CONTEXT(2) 
PARAMETRIC_REPRESENTATION_CONTEXT() REPRESENTATION_CONTEXT('2D SPACE',''
  ) );
#12696 = PCURVE('',#12117,#12697);
#12697 = DEFINITIONAL_REPRESENTATION('',(#12698),#12717);
#12698 = B_SPLINE_CURVE_WITH_KNOTS('',5,(#12699,#12700,#12701,#12702,
    #12703,#12704,#12705,#12706,#12707,#12708,#12709,#12710,#12711,
    #12712,#12713,#12714,#12715,#12716),.UNSPECIFIED.,.F.,.F.,(6,4,4,4,6
    ),(0.,0.249242250103,0.491717109001,0.834305490299,1.),
  .UNSPECIFIED.);
#12699 = CARTESIAN_POINT('',(-4.739502003125,-12.0224609375));
#12700 = CARTESIAN_POINT('',(-4.676680843911,-11.96260104505));
#12701 = CARTESIAN_POINT('',(-4.611606162574,-11.90558993608));
#12702 = CARTESIAN_POINT('',(-4.544282772639,-11.85168308609));
#12703 = CARTESIAN_POINT('',(-4.474756134378,-11.8011330725));
#12704 = CARTESIAN_POINT('',(-4.333462936667,-11.70844831394));
#12705 = CARTESIAN_POINT('',(-4.261805475924,-11.666120329));
#12706 = CARTESIAN_POINT('',(-4.188270045411,-11.62736755768));
#12707 = CARTESIAN_POINT('',(-4.113000769809,-11.59233684603));
#12708 = CARTESIAN_POINT('',(-3.927664100041,-11.51697980946));
#12709 = CARTESIAN_POINT('',(-3.816045157051,-11.48043254367));
#12710 = CARTESIAN_POINT('',(-3.701887532715,-11.4516935974));
#12711 = CARTESIAN_POINT('',(-3.585782509858,-11.43064410458));
#12712 = CARTESIAN_POINT('',(-3.411505415139,-11.4103326734));
#12713 = CARTESIAN_POINT('',(-3.354371589367,-11.40543278827));
#12714 = CARTESIAN_POINT('',(-3.296979008762,-11.40221575499));
#12715 = CARTESIAN_POINT('',(-3.239384831077,-11.40063476562));
#12716 = CARTESIAN_POINT('',(-3.181640675,-11.40063476562));
#12717 = ( GEOMETRIC_REPRESENTATION_CONTEXT(2) 
PARAMETRIC_REPRESENTATION_CONTEXT() REPRESENTATION_CONTEXT('2D SPACE',''
  ) );
#12718 = ORIENTED_EDGE('',*,*,#12719,.F.);
#12719 = EDGE_CURVE('',#11398,#12652,#12720,.T.);
#12720 = SURFACE_CURVE('',#12721,(#12725,#12732),.PCURVE_S1.);
#12721 = LINE('',#12722,#12723);
#12722 = CARTESIAN_POINT('',(-4.739502003125,-12.0224609375,17.8));
#12723 = VECTOR('',#12724,1.);
#12724 = DIRECTION('',(0.,0.,1.));
#12725 = PCURVE('',#11413,#12726);
#12726 = DEFINITIONAL_REPRESENTATION('',(#12727),#12731);
#12727 = LINE('',#12728,#12729);
#12728 = CARTESIAN_POINT('',(1.,0.));
#12729 = VECTOR('',#12730,1.);
#12730 = DIRECTION('',(0.,-1.));
#12731 = ( GEOMETRIC_REPRESENTATION_CONTEXT(2) 
PARAMETRIC_REPRESENTATION_CONTEXT() REPRESENTATION_CONTEXT('2D SPACE',''
  ) );
#12732 = PCURVE('',#11441,#12733);
#12733 = DEFINITIONAL_REPRESENTATION('',(#12734),#12738);
#12734 = LINE('',#12735,#12736);
#12735 = CARTESIAN_POINT('',(0.,0.));
#12736 = VECTOR('',#12737,1.);
#12737 = DIRECTION('',(0.,-1.));
#12738 = ( GEOMETRIC_REPRESENTATION_CONTEXT(2) 
PARAMETRIC_REPRESENTATION_CONTEXT() REPRESENTATION_CONTEXT('2D SPACE',''
  ) );
#12739 = ADVANCED_FACE('',(#12740),#11441,.F.);
#12740 = FACE_BOUND('',#12741,.F.);
#12741 = EDGE_LOOP('',(#12742,#12743,#12744,#12810));
#12742 = ORIENTED_EDGE('',*,*,#11427,.F.);
#12743 = ORIENTED_EDGE('',*,*,#12719,.T.);
#12744 = ORIENTED_EDGE('',*,*,#12745,.F.);
#12745 = EDGE_CURVE('',#12041,#12652,#12746,.T.);
#12746 = SURFACE_CURVE('',#12747,(#12766,#12788),.PCURVE_S1.);
#12747 = B_SPLINE_CURVE_WITH_KNOTS('',5,(#12748,#12749,#12750,#12751,
    #12752,#12753,#12754,#12755,#12756,#12757,#12758,#12759,#12760,
    #12761,#12762,#12763,#12764,#12765),.UNSPECIFIED.,.F.,.F.,(6,4,4,4,6
    ),(0.,0.303029515056,0.568149848176,0.791582997749,1.),
  .UNSPECIFIED.);
#12748 = CARTESIAN_POINT('',(-5.39208989375,-14.09887695312,18.4));
#12749 = CARTESIAN_POINT('',(-5.39208989375,-13.95828653575,18.4));
#12750 = CARTESIAN_POINT('',(-5.388279862946,-13.81821998271,18.4));
#12751 = CARTESIAN_POINT('',(-5.380188373705,-13.67885799929,18.4));
#12752 = CARTESIAN_POINT('',(-5.367228721736,-13.5405332277,18.4));
#12753 = CARTESIAN_POINT('',(-5.332397425495,-13.28406095586,18.4));
#12754 = CARTESIAN_POINT('',(-5.311845473748,-13.16557202877,18.4));
#12755 = CARTESIAN_POINT('',(-5.286495367047,-13.0485969213,18.4));
#12756 = CARTESIAN_POINT('',(-5.255754799181,-12.93367173727,18.4));
#12757 = CARTESIAN_POINT('',(-5.188037876355,-12.72700130918,18.4));
#12758 = CARTESIAN_POINT('',(-5.152804864133,-12.63446218485,18.4));
#12759 = CARTESIAN_POINT('',(-5.11294906894,-12.5443433898,18.4));
#12760 = CARTESIAN_POINT('',(-5.068117423979,-12.45724787351,18.4));
#12761 = CARTESIAN_POINT('',(-4.971492496526,-12.29604215533,18.4));
#12762 = CARTESIAN_POINT('',(-4.920366701734,-12.22144728662,18.4));
#12763 = CARTESIAN_POINT('',(-4.864615992315,-12.15062345595,18.4));
#12764 = CARTESIAN_POINT('',(-4.804237124264,-12.08414457144,18.4));
#12765 = CARTESIAN_POINT('',(-4.739502003125,-12.0224609375,18.4));
#12766 = PCURVE('',#11441,#12767);
#12767 = DEFINITIONAL_REPRESENTATION('',(#12768),#12787);
#12768 = B_SPLINE_CURVE_WITH_KNOTS('',5,(#12769,#12770,#12771,#12772,
    #12773,#12774,#12775,#12776,#12777,#12778,#12779,#12780,#12781,
    #12782,#12783,#12784,#12785,#12786),.UNSPECIFIED.,.F.,.F.,(6,4,4,4,6
    ),(0.,0.303029515056,0.568149848176,0.791582997749,1.),
  .UNSPECIFIED.);
#12769 = CARTESIAN_POINT('',(1.,-0.6));
#12770 = CARTESIAN_POINT('',(0.951673518836,-0.6));
#12771 = CARTESIAN_POINT('',(0.90185586331,-0.6));
#12772 = CARTESIAN_POINT('',(0.850402360052,-0.6));
#12773 = CARTESIAN_POINT('',(0.797169997008,-0.6));
#12774 = CARTESIAN_POINT('',(0.693731804137,-0.6));
#12775 = CARTESIAN_POINT('',(0.643987487659,-0.6));
#12776 = CARTESIAN_POINT('',(0.592658848808,-0.6));
#12777 = CARTESIAN_POINT('',(0.539670356077,-0.6));
#12778 = CARTESIAN_POINT('',(0.43892594109,-0.6));
#12779 = CARTESIAN_POINT('',(0.391661837689,-0.6));
#12780 = CARTESIAN_POINT('',(0.343201940981,-0.6));
#12781 = CARTESIAN_POINT('',(0.293598637883,-0.6));
#12782 = CARTESIAN_POINT('',(0.19580191661,-0.6));
#12783 = CARTESIAN_POINT('',(0.14773468879,-0.6));
#12784 = CARTESIAN_POINT('',(9.893502459016E-02,-0.6));
#12785 = CARTESIAN_POINT('',(4.959877594173E-02,-0.6));
#12786 = CARTESIAN_POINT('',(0.,-0.6));
#12787 = ( GEOMETRIC_REPRESENTATION_CONTEXT(2) 
PARAMETRIC_REPRESENTATION_CONTEXT() REPRESENTATION_CONTEXT('2D SPACE',''
  ) );
#12788 = PCURVE('',#12117,#12789);
#12789 = DEFINITIONAL_REPRESENTATION('',(#12790),#12809);
#12790 = B_SPLINE_CURVE_WITH_KNOTS('',5,(#12791,#12792,#12793,#12794,
    #12795,#12796,#12797,#12798,#12799,#12800,#12801,#12802,#12803,
    #12804,#12805,#12806,#12807,#12808),.UNSPECIFIED.,.F.,.F.,(6,4,4,4,6
    ),(0.,0.303029515056,0.568149848176,0.791582997749,1.),
  .UNSPECIFIED.);
#12791 = CARTESIAN_POINT('',(-5.39208989375,-14.09887695312));
#12792 = CARTESIAN_POINT('',(-5.39208989375,-13.95828653575));
#12793 = CARTESIAN_POINT('',(-5.388279862946,-13.81821998271));
#12794 = CARTESIAN_POINT('',(-5.380188373705,-13.67885799929));
#12795 = CARTESIAN_POINT('',(-5.367228721736,-13.5405332277));
#12796 = CARTESIAN_POINT('',(-5.332397425495,-13.28406095586));
#12797 = CARTESIAN_POINT('',(-5.311845473748,-13.16557202877));
#12798 = CARTESIAN_POINT('',(-5.286495367047,-13.0485969213));
#12799 = CARTESIAN_POINT('',(-5.255754799181,-12.93367173727));
#12800 = CARTESIAN_POINT('',(-5.188037876355,-12.72700130918));
#12801 = CARTESIAN_POINT('',(-5.152804864133,-12.63446218485));
#12802 = CARTESIAN_POINT('',(-5.11294906894,-12.5443433898));
#12803 = CARTESIAN_POINT('',(-5.068117423979,-12.45724787351));
#12804 = CARTESIAN_POINT('',(-4.971492496526,-12.29604215533));
#12805 = CARTESIAN_POINT('',(-4.920366701734,-12.22144728662));
#12806 = CARTESIAN_POINT('',(-4.864615992315,-12.15062345595));
#12807 = CARTESIAN_POINT('',(-4.804237124264,-12.08414457144));
#12808 = CARTESIAN_POINT('',(-4.739502003125,-12.0224609375));
#12809 = ( GEOMETRIC_REPRESENTATION_CONTEXT(2) 
PARAMETRIC_REPRESENTATION_CONTEXT() REPRESENTATION_CONTEXT('2D SPACE',''
  ) );
#12810 = ORIENTED_EDGE('',*,*,#12040,.F.);
#12811 = ADVANCED_FACE('',(#12812),#11541,.F.);
#12812 = FACE_BOUND('',#12813,.F.);
#12813 = EDGE_LOOP('',(#12814,#12815,#12838,#12864));
#12814 = ORIENTED_EDGE('',*,*,#11523,.F.);
#12815 = ORIENTED_EDGE('',*,*,#12816,.T.);
#12816 = EDGE_CURVE('',#11524,#12817,#12819,.T.);
#12817 = VERTEX_POINT('',#12818);
#12818 = CARTESIAN_POINT('',(-9.309814453125,16.4609375,18.4));
#12819 = SURFACE_CURVE('',#12820,(#12824,#12831),.PCURVE_S1.);
#12820 = LINE('',#12821,#12822);
#12821 = CARTESIAN_POINT('',(-9.309814453125,16.4609375,17.8));
#12822 = VECTOR('',#12823,1.);
#12823 = DIRECTION('',(0.,0.,1.));
#12824 = PCURVE('',#11541,#12825);
#12825 = DEFINITIONAL_REPRESENTATION('',(#12826),#12830);
#12826 = LINE('',#12827,#12828);
#12827 = CARTESIAN_POINT('',(0.,0.));
#12828 = VECTOR('',#12829,1.);
#12829 = DIRECTION('',(0.,-1.));
#12830 = ( GEOMETRIC_REPRESENTATION_CONTEXT(2) 
PARAMETRIC_REPRESENTATION_CONTEXT() REPRESENTATION_CONTEXT('2D SPACE',''
  ) );
#12831 = PCURVE('',#11745,#12832);
#12832 = DEFINITIONAL_REPRESENTATION('',(#12833),#12837);
#12833 = LINE('',#12834,#12835);
#12834 = CARTESIAN_POINT('',(1.64794921875,0.));
#12835 = VECTOR('',#12836,1.);
#12836 = DIRECTION('',(0.,-1.));
#12837 = ( GEOMETRIC_REPRESENTATION_CONTEXT(2) 
PARAMETRIC_REPRESENTATION_CONTEXT() REPRESENTATION_CONTEXT('2D SPACE',''
  ) );
#12838 = ORIENTED_EDGE('',*,*,#12839,.F.);
#12839 = EDGE_CURVE('',#12840,#12817,#12842,.T.);
#12840 = VERTEX_POINT('',#12841);
#12841 = CARTESIAN_POINT('',(-9.309814453125,14.158203125,18.4));
#12842 = SURFACE_CURVE('',#12843,(#12847,#12853),.PCURVE_S1.);
#12843 = LINE('',#12844,#12845);
#12844 = CARTESIAN_POINT('',(-9.309814453125,8.23046875,18.4));
#12845 = VECTOR('',#12846,1.);
#12846 = DIRECTION('',(-0.,1.,0.));
#12847 = PCURVE('',#11541,#12848);
#12848 = DEFINITIONAL_REPRESENTATION('',(#12849),#12852);
#12849 = B_SPLINE_CURVE_WITH_KNOTS('',1,(#12850,#12851),.UNSPECIFIED.,
  .F.,.F.,(2,2),(5.927734375,8.23046875),.PIECEWISE_BEZIER_KNOTS.);
#12850 = CARTESIAN_POINT('',(2.302734375,-0.6));
#12851 = CARTESIAN_POINT('',(0.,-0.6));
#12852 = ( GEOMETRIC_REPRESENTATION_CONTEXT(2) 
PARAMETRIC_REPRESENTATION_CONTEXT() REPRESENTATION_CONTEXT('2D SPACE',''
  ) );
#12853 = PCURVE('',#12854,#12859);
#12854 = PLANE('',#12855);
#12855 = AXIS2_PLACEMENT_3D('',#12856,#12857,#12858);
#12856 = CARTESIAN_POINT('',(0.,0.,18.4));
#12857 = DIRECTION('',(0.,0.,1.));
#12858 = DIRECTION('',(1.,0.,-0.));
#12859 = DEFINITIONAL_REPRESENTATION('',(#12860),#12863);
#12860 = B_SPLINE_CURVE_WITH_KNOTS('',1,(#12861,#12862),.UNSPECIFIED.,
  .F.,.F.,(2,2),(5.927734375,8.23046875),.PIECEWISE_BEZIER_KNOTS.);
#12861 = CARTESIAN_POINT('',(-9.309814453125,14.158203125));
#12862 = CARTESIAN_POINT('',(-9.309814453125,16.4609375));
#12863 = ( GEOMETRIC_REPRESENTATION_CONTEXT(2) 
PARAMETRIC_REPRESENTATION_CONTEXT() REPRESENTATION_CONTEXT('2D SPACE',''
  ) );
#12864 = ORIENTED_EDGE('',*,*,#12865,.F.);
#12865 = EDGE_CURVE('',#11526,#12840,#12866,.T.);
#12866 = SURFACE_CURVE('',#12867,(#12871,#12878),.PCURVE_S1.);
#12867 = LINE('',#12868,#12869);
#12868 = CARTESIAN_POINT('',(-9.309814453125,14.158203125,17.8));
#12869 = VECTOR('',#12870,1.);
#12870 = DIRECTION('',(0.,0.,1.));
#12871 = PCURVE('',#11541,#12872);
#12872 = DEFINITIONAL_REPRESENTATION('',(#12873),#12877);
#12873 = LINE('',#12874,#12875);
#12874 = CARTESIAN_POINT('',(2.302734375,0.));
#12875 = VECTOR('',#12876,1.);
#12876 = DIRECTION('',(0.,-1.));
#12877 = ( GEOMETRIC_REPRESENTATION_CONTEXT(2) 
PARAMETRIC_REPRESENTATION_CONTEXT() REPRESENTATION_CONTEXT('2D SPACE',''
  ) );
#12878 = PCURVE('',#11569,#12879);
#12879 = DEFINITIONAL_REPRESENTATION('',(#12880),#12884);
#12880 = LINE('',#12881,#12882);
#12881 = CARTESIAN_POINT('',(0.,0.));
#12882 = VECTOR('',#12883,1.);
#12883 = DIRECTION('',(0.,-1.));
#12884 = ( GEOMETRIC_REPRESENTATION_CONTEXT(2) 
PARAMETRIC_REPRESENTATION_CONTEXT() REPRESENTATION_CONTEXT('2D SPACE',''
  ) );
#12885 = ADVANCED_FACE('',(#12886),#11569,.F.);
#12886 = FACE_BOUND('',#12887,.F.);
#12887 = EDGE_LOOP('',(#12888,#12889,#12890,#12911));
#12888 = ORIENTED_EDGE('',*,*,#11553,.F.);
#12889 = ORIENTED_EDGE('',*,*,#12865,.T.);
#12890 = ORIENTED_EDGE('',*,*,#12891,.F.);
#12891 = EDGE_CURVE('',#12892,#12840,#12894,.T.);
#12892 = VERTEX_POINT('',#12893);
#12893 = CARTESIAN_POINT('',(-7.644287109375,14.158203125,18.4));
#12894 = SURFACE_CURVE('',#12895,(#12899,#12905),.PCURVE_S1.);
#12895 = LINE('',#12896,#12897);
#12896 = CARTESIAN_POINT('',(-4.654907226562,14.158203125,18.4));
#12897 = VECTOR('',#12898,1.);
#12898 = DIRECTION('',(-1.,0.,0.));
#12899 = PCURVE('',#11569,#12900);
#12900 = DEFINITIONAL_REPRESENTATION('',(#12901),#12904);
#12901 = B_SPLINE_CURVE_WITH_KNOTS('',1,(#12902,#12903),.UNSPECIFIED.,
  .F.,.F.,(2,2),(2.989379882812,4.654907226562),
  .PIECEWISE_BEZIER_KNOTS.);
#12902 = CARTESIAN_POINT('',(1.66552734375,-0.6));
#12903 = CARTESIAN_POINT('',(0.,-0.6));
#12904 = ( GEOMETRIC_REPRESENTATION_CONTEXT(2) 
PARAMETRIC_REPRESENTATION_CONTEXT() REPRESENTATION_CONTEXT('2D SPACE',''
  ) );
#12905 = PCURVE('',#12854,#12906);
#12906 = DEFINITIONAL_REPRESENTATION('',(#12907),#12910);
#12907 = B_SPLINE_CURVE_WITH_KNOTS('',1,(#12908,#12909),.UNSPECIFIED.,
  .F.,.F.,(2,2),(2.989379882812,4.654907226562),
  .PIECEWISE_BEZIER_KNOTS.);
#12908 = CARTESIAN_POINT('',(-7.644287109375,14.158203125));
#12909 = CARTESIAN_POINT('',(-9.309814453125,14.158203125));
#12910 = ( GEOMETRIC_REPRESENTATION_CONTEXT(2) 
PARAMETRIC_REPRESENTATION_CONTEXT() REPRESENTATION_CONTEXT('2D SPACE',''
  ) );
#12911 = ORIENTED_EDGE('',*,*,#12912,.F.);
#12912 = EDGE_CURVE('',#11554,#12892,#12913,.T.);
#12913 = SURFACE_CURVE('',#12914,(#12918,#12925),.PCURVE_S1.);
#12914 = LINE('',#12915,#12916);
#12915 = CARTESIAN_POINT('',(-7.644287109375,14.158203125,17.8));
#12916 = VECTOR('',#12917,1.);
#12917 = DIRECTION('',(0.,0.,1.));
#12918 = PCURVE('',#11569,#12919);
#12919 = DEFINITIONAL_REPRESENTATION('',(#12920),#12924);
#12920 = LINE('',#12921,#12922);
#12921 = CARTESIAN_POINT('',(1.66552734375,0.));
#12922 = VECTOR('',#12923,1.);
#12923 = DIRECTION('',(0.,-1.));
#12924 = ( GEOMETRIC_REPRESENTATION_CONTEXT(2) 
PARAMETRIC_REPRESENTATION_CONTEXT() REPRESENTATION_CONTEXT('2D SPACE',''
  ) );
#12925 = PCURVE('',#11597,#12926);
#12926 = DEFINITIONAL_REPRESENTATION('',(#12927),#12931);
#12927 = LINE('',#12928,#12929);
#12928 = CARTESIAN_POINT('',(0.,0.));
#12929 = VECTOR('',#12930,1.);
#12930 = DIRECTION('',(0.,-1.));
#12931 = ( GEOMETRIC_REPRESENTATION_CONTEXT(2) 
PARAMETRIC_REPRESENTATION_CONTEXT() REPRESENTATION_CONTEXT('2D SPACE',''
  ) );
#12932 = ADVANCED_FACE('',(#12933),#11597,.F.);
#12933 = FACE_BOUND('',#12934,.F.);
#12934 = EDGE_LOOP('',(#12935,#12936,#12937,#12987));
#12935 = ORIENTED_EDGE('',*,*,#11581,.F.);
#12936 = ORIENTED_EDGE('',*,*,#12912,.T.);
#12937 = ORIENTED_EDGE('',*,*,#12938,.F.);
#12938 = EDGE_CURVE('',#12939,#12892,#12941,.T.);
#12939 = VERTEX_POINT('',#12940);
#12940 = CARTESIAN_POINT('',(-6.470947265625,14.4658203125,18.4));
#12941 = SURFACE_CURVE('',#12942,(#12955,#12971),.PCURVE_S1.);
#12942 = B_SPLINE_CURVE_WITH_KNOTS('',6,(#12943,#12944,#12945,#12946,
    #12947,#12948,#12949,#12950,#12951,#12952,#12953,#12954),
  .UNSPECIFIED.,.F.,.F.,(7,5,7),(0.,0.425110863915,1.),.UNSPECIFIED.);
#12943 = CARTESIAN_POINT('',(-6.470947265625,14.4658203125,18.4));
#12944 = CARTESIAN_POINT('',(-6.52856549138,14.414766188413,18.4));
#12945 = CARTESIAN_POINT('',(-6.593207991114,14.369586829416,18.4));
#12946 = CARTESIAN_POINT('',(-6.663980559333,14.330370083694,18.4));
#12947 = CARTESIAN_POINT('',(-6.739815788244,14.296777057837,18.4));
#12948 = CARTESIAN_POINT('',(-6.819767783054,14.268351703886,18.4));
#12949 = CARTESIAN_POINT('',(-7.015785676643,14.21251000956,18.4));
#12950 = CARTESIAN_POINT('',(-7.134607158731,14.188990755765,18.4));
#12951 = CARTESIAN_POINT('',(-7.257909022258,14.172802085716,18.4));
#12952 = CARTESIAN_POINT('',(-7.384434451203,14.162838375323,18.4));
#12953 = CARTESIAN_POINT('',(-7.513359168371,14.158203125,18.4));
#12954 = CARTESIAN_POINT('',(-7.644287109375,14.158203125,18.4));
#12955 = PCURVE('',#11597,#12956);
#12956 = DEFINITIONAL_REPRESENTATION('',(#12957),#12970);
#12957 = B_SPLINE_CURVE_WITH_KNOTS('',6,(#12958,#12959,#12960,#12961,
    #12962,#12963,#12964,#12965,#12966,#12967,#12968,#12969),
  .UNSPECIFIED.,.F.,.F.,(7,5,7),(0.,0.425110863915,1.),.UNSPECIFIED.);
#12958 = CARTESIAN_POINT('',(1.,-0.6));
#12959 = CARTESIAN_POINT('',(0.917016788786,-0.6));
#12960 = CARTESIAN_POINT('',(0.835318766878,-0.6));
#12961 = CARTESIAN_POINT('',(0.75552989504,-0.6));
#12962 = CARTESIAN_POINT('',(0.67797680164,-0.6));
#12963 = CARTESIAN_POINT('',(0.602802170649,-0.6));
#12964 = CARTESIAN_POINT('',(0.431547618417,-0.6));
#12965 = CARTESIAN_POINT('',(0.337472568876,-0.6));
#12966 = CARTESIAN_POINT('',(0.2475942155,-0.6));
#12967 = CARTESIAN_POINT('',(0.161631261717,-0.6));
#12968 = CARTESIAN_POINT('',(7.923771370434E-02,-0.6));
#12969 = CARTESIAN_POINT('',(0.,-0.6));
#12970 = ( GEOMETRIC_REPRESENTATION_CONTEXT(2) 
PARAMETRIC_REPRESENTATION_CONTEXT() REPRESENTATION_CONTEXT('2D SPACE',''
  ) );
#12971 = PCURVE('',#12854,#12972);
#12972 = DEFINITIONAL_REPRESENTATION('',(#12973),#12986);
#12973 = B_SPLINE_CURVE_WITH_KNOTS('',6,(#12974,#12975,#12976,#12977,
    #12978,#12979,#12980,#12981,#12982,#12983,#12984,#12985),
  .UNSPECIFIED.,.F.,.F.,(7,5,7),(0.,0.425110863915,1.),.UNSPECIFIED.);
#12974 = CARTESIAN_POINT('',(-6.470947265625,14.4658203125));
#12975 = CARTESIAN_POINT('',(-6.52856549138,14.414766188413));
#12976 = CARTESIAN_POINT('',(-6.593207991114,14.369586829416));
#12977 = CARTESIAN_POINT('',(-6.663980559333,14.330370083694));
#12978 = CARTESIAN_POINT('',(-6.739815788244,14.296777057837));
#12979 = CARTESIAN_POINT('',(-6.819767783054,14.268351703886));
#12980 = CARTESIAN_POINT('',(-7.015785676643,14.21251000956));
#12981 = CARTESIAN_POINT('',(-7.134607158731,14.188990755765));
#12982 = CARTESIAN_POINT('',(-7.257909022258,14.172802085716));
#12983 = CARTESIAN_POINT('',(-7.384434451203,14.162838375323));
#12984 = CARTESIAN_POINT('',(-7.513359168371,14.158203125));
#12985 = CARTESIAN_POINT('',(-7.644287109375,14.158203125));
#12986 = ( GEOMETRIC_REPRESENTATION_CONTEXT(2) 
PARAMETRIC_REPRESENTATION_CONTEXT() REPRESENTATION_CONTEXT('2D SPACE',''
  ) );
#12987 = ORIENTED_EDGE('',*,*,#12988,.F.);
#12988 = EDGE_CURVE('',#11582,#12939,#12989,.T.);
#12989 = SURFACE_CURVE('',#12990,(#12994,#13001),.PCURVE_S1.);
#12990 = LINE('',#12991,#12992);
#12991 = CARTESIAN_POINT('',(-6.470947265625,14.4658203125,17.8));
#12992 = VECTOR('',#12993,1.);
#12993 = DIRECTION('',(0.,0.,1.));
#12994 = PCURVE('',#11597,#12995);
#12995 = DEFINITIONAL_REPRESENTATION('',(#12996),#13000);
#12996 = LINE('',#12997,#12998);
#12997 = CARTESIAN_POINT('',(1.,0.));
#12998 = VECTOR('',#12999,1.);
#12999 = DIRECTION('',(0.,-1.));
#13000 = ( GEOMETRIC_REPRESENTATION_CONTEXT(2) 
PARAMETRIC_REPRESENTATION_CONTEXT() REPRESENTATION_CONTEXT('2D SPACE',''
  ) );
#13001 = PCURVE('',#11627,#13002);
#13002 = DEFINITIONAL_REPRESENTATION('',(#13003),#13007);
#13003 = LINE('',#13004,#13005);
#13004 = CARTESIAN_POINT('',(0.,0.));
#13005 = VECTOR('',#13006,1.);
#13006 = DIRECTION('',(0.,-1.));
#13007 = ( GEOMETRIC_REPRESENTATION_CONTEXT(2) 
PARAMETRIC_REPRESENTATION_CONTEXT() REPRESENTATION_CONTEXT('2D SPACE',''
  ) );
#13008 = ADVANCED_FACE('',(#13009),#11627,.F.);
#13009 = FACE_BOUND('',#13010,.F.);
#13010 = EDGE_LOOP('',(#13011,#13012,#13013,#13063));
#13011 = ORIENTED_EDGE('',*,*,#11611,.F.);
#13012 = ORIENTED_EDGE('',*,*,#12988,.T.);
#13013 = ORIENTED_EDGE('',*,*,#13014,.F.);
#13014 = EDGE_CURVE('',#13015,#12939,#13017,.T.);
#13015 = VERTEX_POINT('',#13016);
#13016 = CARTESIAN_POINT('',(-6.123779296875,15.33154296875,18.4));
#13017 = SURFACE_CURVE('',#13018,(#13031,#13047),.PCURVE_S1.);
#13018 = B_SPLINE_CURVE_WITH_KNOTS('',6,(#13019,#13020,#13021,#13022,
    #13023,#13024,#13025,#13026,#13027,#13028,#13029,#13030),
  .UNSPECIFIED.,.F.,.F.,(7,5,7),(0.,0.768006768101,1.),.UNSPECIFIED.);
#13019 = CARTESIAN_POINT('',(-6.123779296875,15.33154296875,18.4));
#13020 = CARTESIAN_POINT('',(-6.123779296875,15.199188643065,18.4));
#13021 = CARTESIAN_POINT('',(-6.135494166522,15.070435790461,18.4));
#13022 = CARTESIAN_POINT('',(-6.160533669345,14.946913108006,18.4));
#13023 = CARTESIAN_POINT('',(-6.200330871777,14.830537266084,18.4));
#13024 = CARTESIAN_POINT('',(-6.255622968091,14.723243108609,18.4));
#13025 = CARTESIAN_POINT('',(-6.346425978855,14.597191671725,18.4));
#13026 = CARTESIAN_POINT('',(-6.368813319485,14.568900898226,18.4));
#13027 = CARTESIAN_POINT('',(-6.392496986972,14.541596673876,18.4));
#13028 = CARTESIAN_POINT('',(-6.417443292372,14.5153048806,18.4));
#13029 = CARTESIAN_POINT('',(-6.44361018764,14.490043039828,18.4));
#13030 = CARTESIAN_POINT('',(-6.470947265625,14.4658203125,18.4));
#13031 = PCURVE('',#11627,#13032);
#13032 = DEFINITIONAL_REPRESENTATION('',(#13033),#13046);
#13033 = B_SPLINE_CURVE_WITH_KNOTS('',6,(#13034,#13035,#13036,#13037,
    #13038,#13039,#13040,#13041,#13042,#13043,#13044,#13045),
  .UNSPECIFIED.,.F.,.F.,(7,5,7),(0.,0.768006768101,1.),.UNSPECIFIED.);
#13034 = CARTESIAN_POINT('',(1.,-0.6));
#13035 = CARTESIAN_POINT('',(0.881425346018,-0.6));
#13036 = CARTESIAN_POINT('',(0.75850471437,-0.6));
#13037 = CARTESIAN_POINT('',(0.631656683754,-0.6));
#13038 = CARTESIAN_POINT('',(0.501672041743,-0.6));
#13039 = CARTESIAN_POINT('',(0.369807669275,-0.6));
#13040 = CARTESIAN_POINT('',(0.198184612357,-0.6));
#13041 = CARTESIAN_POINT('',(0.15836806573,-0.6));
#13042 = CARTESIAN_POINT('',(0.118597410704,-0.6));
#13043 = CARTESIAN_POINT('',(7.891761112554E-02,-0.6));
#13044 = CARTESIAN_POINT('',(3.937154410212E-02,-0.6));
#13045 = CARTESIAN_POINT('',(0.,-0.6));
#13046 = ( GEOMETRIC_REPRESENTATION_CONTEXT(2) 
PARAMETRIC_REPRESENTATION_CONTEXT() REPRESENTATION_CONTEXT('2D SPACE',''
  ) );
#13047 = PCURVE('',#12854,#13048);
#13048 = DEFINITIONAL_REPRESENTATION('',(#13049),#13062);
#13049 = B_SPLINE_CURVE_WITH_KNOTS('',6,(#13050,#13051,#13052,#13053,
    #13054,#13055,#13056,#13057,#13058,#13059,#13060,#13061),
  .UNSPECIFIED.,.F.,.F.,(7,5,7),(0.,0.768006768101,1.),.UNSPECIFIED.);
#13050 = CARTESIAN_POINT('',(-6.123779296875,15.33154296875));
#13051 = CARTESIAN_POINT('',(-6.123779296875,15.199188643065));
#13052 = CARTESIAN_POINT('',(-6.135494166522,15.070435790461));
#13053 = CARTESIAN_POINT('',(-6.160533669345,14.946913108006));
#13054 = CARTESIAN_POINT('',(-6.200330871777,14.830537266084));
#13055 = CARTESIAN_POINT('',(-6.255622968091,14.723243108609));
#13056 = CARTESIAN_POINT('',(-6.346425978855,14.597191671725));
#13057 = CARTESIAN_POINT('',(-6.368813319485,14.568900898226));
#13058 = CARTESIAN_POINT('',(-6.392496986972,14.541596673876));
#13059 = CARTESIAN_POINT('',(-6.417443292372,14.5153048806));
#13060 = CARTESIAN_POINT('',(-6.44361018764,14.490043039828));
#13061 = CARTESIAN_POINT('',(-6.470947265625,14.4658203125));
#13062 = ( GEOMETRIC_REPRESENTATION_CONTEXT(2) 
PARAMETRIC_REPRESENTATION_CONTEXT() REPRESENTATION_CONTEXT('2D SPACE',''
  ) );
#13063 = ORIENTED_EDGE('',*,*,#13064,.F.);
#13064 = EDGE_CURVE('',#11612,#13015,#13065,.T.);
#13065 = SURFACE_CURVE('',#13066,(#13070,#13077),.PCURVE_S1.);
#13066 = LINE('',#13067,#13068);
#13067 = CARTESIAN_POINT('',(-6.123779296875,15.33154296875,17.8));
#13068 = VECTOR('',#13069,1.);
#13069 = DIRECTION('',(0.,0.,1.));
#13070 = PCURVE('',#11627,#13071);
#13071 = DEFINITIONAL_REPRESENTATION('',(#13072),#13076);
#13072 = LINE('',#13073,#13074);
#13073 = CARTESIAN_POINT('',(1.,0.));
#13074 = VECTOR('',#13075,1.);
#13075 = DIRECTION('',(0.,-1.));
#13076 = ( GEOMETRIC_REPRESENTATION_CONTEXT(2) 
PARAMETRIC_REPRESENTATION_CONTEXT() REPRESENTATION_CONTEXT('2D SPACE',''
  ) );
#13077 = PCURVE('',#11657,#13078);
#13078 = DEFINITIONAL_REPRESENTATION('',(#13079),#13083);
#13079 = LINE('',#13080,#13081);
#13080 = CARTESIAN_POINT('',(0.,0.));
#13081 = VECTOR('',#13082,1.);
#13082 = DIRECTION('',(0.,-1.));
#13083 = ( GEOMETRIC_REPRESENTATION_CONTEXT(2) 
PARAMETRIC_REPRESENTATION_CONTEXT() REPRESENTATION_CONTEXT('2D SPACE',''
  ) );
#13084 = ADVANCED_FACE('',(#13085),#11657,.F.);
#13085 = FACE_BOUND('',#13086,.F.);
#13086 = EDGE_LOOP('',(#13087,#13088,#13089,#13133));
#13087 = ORIENTED_EDGE('',*,*,#11641,.F.);
#13088 = ORIENTED_EDGE('',*,*,#13064,.T.);
#13089 = ORIENTED_EDGE('',*,*,#13090,.F.);
#13090 = EDGE_CURVE('',#13091,#13015,#13093,.T.);
#13091 = VERTEX_POINT('',#13092);
#13092 = CARTESIAN_POINT('',(-6.328125,16.023681640625,18.4));
#13093 = SURFACE_CURVE('',#13094,(#13105,#13119),.PCURVE_S1.);
#13094 = B_SPLINE_CURVE_WITH_KNOTS('',5,(#13095,#13096,#13097,#13098,
    #13099,#13100,#13101,#13102,#13103,#13104),.UNSPECIFIED.,.F.,.F.,(6,
    4,6),(0.,0.145888508491,1.),.UNSPECIFIED.);
#13095 = CARTESIAN_POINT('',(-6.328125,16.023681640625,18.4));
#13096 = CARTESIAN_POINT('',(-6.316040905217,16.006659958726,18.4));
#13097 = CARTESIAN_POINT('',(-6.304393608543,15.989369909965,18.4));
#13098 = CARTESIAN_POINT('',(-6.293187790987,15.971815202132,18.4));
#13099 = CARTESIAN_POINT('',(-6.282427202136,15.954000142279,18.4));
#13100 = CARTESIAN_POINT('',(-6.211739372873,15.830134967787,18.4));
#13101 = CARTESIAN_POINT('',(-6.166704820894,15.715554849851,18.4));
#13102 = CARTESIAN_POINT('',(-6.137648361337,15.593269567789,18.4));
#13103 = CARTESIAN_POINT('',(-6.123779296875,15.464769156408,18.4));
#13104 = CARTESIAN_POINT('',(-6.123779296875,15.33154296875,18.4));
#13105 = PCURVE('',#11657,#13106);
#13106 = DEFINITIONAL_REPRESENTATION('',(#13107),#13118);
#13107 = B_SPLINE_CURVE_WITH_KNOTS('',5,(#13108,#13109,#13110,#13111,
    #13112,#13113,#13114,#13115,#13116,#13117),.UNSPECIFIED.,.F.,.F.,(6,
    4,6),(0.,0.145888508491,1.),.UNSPECIFIED.);
#13108 = CARTESIAN_POINT('',(1.,-0.6));
#13109 = CARTESIAN_POINT('',(0.970432226863,-0.6));
#13110 = CARTESIAN_POINT('',(0.940840413338,-0.6));
#13111 = CARTESIAN_POINT('',(0.911232444054,-0.6));
#13112 = CARTESIAN_POINT('',(0.881616288295,-0.6));
#13113 = CARTESIAN_POINT('',(0.678609974766,-0.6));
#13114 = CARTESIAN_POINT('',(0.505166919907,-0.6));
#13115 = CARTESIAN_POINT('',(0.33345604574,-0.6));
#13116 = CARTESIAN_POINT('',(0.164762821452,-0.6));
#13117 = CARTESIAN_POINT('',(0.,-0.6));
#13118 = ( GEOMETRIC_REPRESENTATION_CONTEXT(2) 
PARAMETRIC_REPRESENTATION_CONTEXT() REPRESENTATION_CONTEXT('2D SPACE',''
  ) );
#13119 = PCURVE('',#12854,#13120);
#13120 = DEFINITIONAL_REPRESENTATION('',(#13121),#13132);
#13121 = B_SPLINE_CURVE_WITH_KNOTS('',5,(#13122,#13123,#13124,#13125,
    #13126,#13127,#13128,#13129,#13130,#13131),.UNSPECIFIED.,.F.,.F.,(6,
    4,6),(0.,0.145888508491,1.),.UNSPECIFIED.);
#13122 = CARTESIAN_POINT('',(-6.328125,16.023681640625));
#13123 = CARTESIAN_POINT('',(-6.316040905217,16.006659958726));
#13124 = CARTESIAN_POINT('',(-6.304393608543,15.989369909965));
#13125 = CARTESIAN_POINT('',(-6.293187790987,15.971815202132));
#13126 = CARTESIAN_POINT('',(-6.282427202136,15.954000142279));
#13127 = CARTESIAN_POINT('',(-6.211739372873,15.830134967787));
#13128 = CARTESIAN_POINT('',(-6.166704820894,15.715554849851));
#13129 = CARTESIAN_POINT('',(-6.137648361337,15.593269567789));
#13130 = CARTESIAN_POINT('',(-6.123779296875,15.464769156408));
#13131 = CARTESIAN_POINT('',(-6.123779296875,15.33154296875));
#13132 = ( GEOMETRIC_REPRESENTATION_CONTEXT(2) 
PARAMETRIC_REPRESENTATION_CONTEXT() REPRESENTATION_CONTEXT('2D SPACE',''
  ) );
#13133 = ORIENTED_EDGE('',*,*,#13134,.F.);
#13134 = EDGE_CURVE('',#11642,#13091,#13135,.T.);
#13135 = SURFACE_CURVE('',#13136,(#13140,#13147),.PCURVE_S1.);
#13136 = LINE('',#13137,#13138);
#13137 = CARTESIAN_POINT('',(-6.328125,16.023681640625,17.8));
#13138 = VECTOR('',#13139,1.);
#13139 = DIRECTION('',(0.,0.,1.));
#13140 = PCURVE('',#11657,#13141);
#13141 = DEFINITIONAL_REPRESENTATION('',(#13142),#13146);
#13142 = LINE('',#13143,#13144);
#13143 = CARTESIAN_POINT('',(1.,0.));
#13144 = VECTOR('',#13145,1.);
#13145 = DIRECTION('',(0.,-1.));
#13146 = ( GEOMETRIC_REPRESENTATION_CONTEXT(2) 
PARAMETRIC_REPRESENTATION_CONTEXT() REPRESENTATION_CONTEXT('2D SPACE',''
  ) );
#13147 = PCURVE('',#11687,#13148);
#13148 = DEFINITIONAL_REPRESENTATION('',(#13149),#13153);
#13149 = LINE('',#13150,#13151);
#13150 = CARTESIAN_POINT('',(0.,0.));
#13151 = VECTOR('',#13152,1.);
#13152 = DIRECTION('',(0.,-1.));
#13153 = ( GEOMETRIC_REPRESENTATION_CONTEXT(2) 
PARAMETRIC_REPRESENTATION_CONTEXT() REPRESENTATION_CONTEXT('2D SPACE',''
  ) );
#13154 = ADVANCED_FACE('',(#13155),#11687,.F.);
#13155 = FACE_BOUND('',#13156,.F.);
#13156 = EDGE_LOOP('',(#13157,#13158,#13159,#13203));
#13157 = ORIENTED_EDGE('',*,*,#11671,.F.);
#13158 = ORIENTED_EDGE('',*,*,#13134,.T.);
#13159 = ORIENTED_EDGE('',*,*,#13160,.F.);
#13160 = EDGE_CURVE('',#13161,#13091,#13163,.T.);
#13161 = VERTEX_POINT('',#13162);
#13162 = CARTESIAN_POINT('',(-6.866455078125,16.40380859375,18.4));
#13163 = SURFACE_CURVE('',#13164,(#13175,#13189),.PCURVE_S1.);
#13164 = B_SPLINE_CURVE_WITH_KNOTS('',5,(#13165,#13166,#13167,#13168,
    #13169,#13170,#13171,#13172,#13173,#13174),.UNSPECIFIED.,.F.,.F.,(6,
    4,6),(0.,0.45749021629,1.),.UNSPECIFIED.);
#13165 = CARTESIAN_POINT('',(-6.866455078125,16.40380859375,18.4));
#13166 = CARTESIAN_POINT('',(-6.805911611813,16.387079478058,18.4));
#13167 = CARTESIAN_POINT('',(-6.74756019891,16.366203989868,18.4));
#13168 = CARTESIAN_POINT('',(-6.691625025461,16.341096287255,18.4));
#13169 = CARTESIAN_POINT('',(-6.638297075525,16.311748138768,18.4));
#13170 = CARTESIAN_POINT('',(-6.527741359289,16.238536756067,18.4));
#13171 = CARTESIAN_POINT('',(-6.471623984786,16.192985248923,18.4));
#13172 = CARTESIAN_POINT('',(-6.419609714022,16.141758050956,18.4));
#13173 = CARTESIAN_POINT('',(-6.371784472618,16.085180467646,18.4));
#13174 = CARTESIAN_POINT('',(-6.328125,16.023681640625,18.4));
#13175 = PCURVE('',#11687,#13176);
#13176 = DEFINITIONAL_REPRESENTATION('',(#13177),#13188);
#13177 = B_SPLINE_CURVE_WITH_KNOTS('',5,(#13178,#13179,#13180,#13181,
    #13182,#13183,#13184,#13185,#13186,#13187),.UNSPECIFIED.,.F.,.F.,(6,
    4,6),(0.,0.45749021629,1.),.UNSPECIFIED.);
#13178 = CARTESIAN_POINT('',(1.,-0.6));
#13179 = CARTESIAN_POINT('',(0.909361828211,-0.6));
#13180 = CARTESIAN_POINT('',(0.818019305813,-0.6));
#13181 = CARTESIAN_POINT('',(0.726184092232,-0.6));
#13182 = CARTESIAN_POINT('',(0.634090935717,-0.6));
#13183 = CARTESIAN_POINT('',(0.432794968202,-0.6));
#13184 = CARTESIAN_POINT('',(0.323581022067,-0.6));
#13185 = CARTESIAN_POINT('',(0.214797996635,-0.6));
#13186 = CARTESIAN_POINT('',(0.106827478998,-0.6));
#13187 = CARTESIAN_POINT('',(0.,-0.6));
#13188 = ( GEOMETRIC_REPRESENTATION_CONTEXT(2) 
PARAMETRIC_REPRESENTATION_CONTEXT() REPRESENTATION_CONTEXT('2D SPACE',''
  ) );
#13189 = PCURVE('',#12854,#13190);
#13190 = DEFINITIONAL_REPRESENTATION('',(#13191),#13202);
#13191 = B_SPLINE_CURVE_WITH_KNOTS('',5,(#13192,#13193,#13194,#13195,
    #13196,#13197,#13198,#13199,#13200,#13201),.UNSPECIFIED.,.F.,.F.,(6,
    4,6),(0.,0.45749021629,1.),.UNSPECIFIED.);
#13192 = CARTESIAN_POINT('',(-6.866455078125,16.40380859375));
#13193 = CARTESIAN_POINT('',(-6.805911611813,16.387079478058));
#13194 = CARTESIAN_POINT('',(-6.74756019891,16.366203989868));
#13195 = CARTESIAN_POINT('',(-6.691625025461,16.341096287255));
#13196 = CARTESIAN_POINT('',(-6.638297075525,16.311748138768));
#13197 = CARTESIAN_POINT('',(-6.527741359289,16.238536756067));
#13198 = CARTESIAN_POINT('',(-6.471623984786,16.192985248923));
#13199 = CARTESIAN_POINT('',(-6.419609714022,16.141758050956));
#13200 = CARTESIAN_POINT('',(-6.371784472618,16.085180467646));
#13201 = CARTESIAN_POINT('',(-6.328125,16.023681640625));
#13202 = ( GEOMETRIC_REPRESENTATION_CONTEXT(2) 
PARAMETRIC_REPRESENTATION_CONTEXT() REPRESENTATION_CONTEXT('2D SPACE',''
  ) );
#13203 = ORIENTED_EDGE('',*,*,#13204,.F.);
#13204 = EDGE_CURVE('',#11672,#13161,#13205,.T.);
#13205 = SURFACE_CURVE('',#13206,(#13210,#13217),.PCURVE_S1.);
#13206 = LINE('',#13207,#13208);
#13207 = CARTESIAN_POINT('',(-6.866455078125,16.40380859375,17.8));
#13208 = VECTOR('',#13209,1.);
#13209 = DIRECTION('',(0.,0.,1.));
#13210 = PCURVE('',#11687,#13211);
#13211 = DEFINITIONAL_REPRESENTATION('',(#13212),#13216);
#13212 = LINE('',#13213,#13214);
#13213 = CARTESIAN_POINT('',(1.,0.));
#13214 = VECTOR('',#13215,1.);
#13215 = DIRECTION('',(0.,-1.));
#13216 = ( GEOMETRIC_REPRESENTATION_CONTEXT(2) 
PARAMETRIC_REPRESENTATION_CONTEXT() REPRESENTATION_CONTEXT('2D SPACE',''
  ) );
#13217 = PCURVE('',#11717,#13218);
#13218 = DEFINITIONAL_REPRESENTATION('',(#13219),#13223);
#13219 = LINE('',#13220,#13221);
#13220 = CARTESIAN_POINT('',(0.,0.));
#13221 = VECTOR('',#13222,1.);
#13222 = DIRECTION('',(0.,-1.));
#13223 = ( GEOMETRIC_REPRESENTATION_CONTEXT(2) 
PARAMETRIC_REPRESENTATION_CONTEXT() REPRESENTATION_CONTEXT('2D SPACE',''
  ) );
#13224 = ADVANCED_FACE('',(#13225),#11717,.F.);
#13225 = FACE_BOUND('',#13226,.F.);
#13226 = EDGE_LOOP('',(#13227,#13228,#13229,#13267));
#13227 = ORIENTED_EDGE('',*,*,#11701,.F.);
#13228 = ORIENTED_EDGE('',*,*,#13204,.T.);
#13229 = ORIENTED_EDGE('',*,*,#13230,.F.);
#13230 = EDGE_CURVE('',#13231,#13161,#13233,.T.);
#13231 = VERTEX_POINT('',#13232);
#13232 = CARTESIAN_POINT('',(-7.661865234375,16.4609375,18.4));
#13233 = SURFACE_CURVE('',#13234,(#13243,#13255),.PCURVE_S1.);
#13234 = B_SPLINE_CURVE_WITH_KNOTS('',7,(#13235,#13236,#13237,#13238,
    #13239,#13240,#13241,#13242),.UNSPECIFIED.,.F.,.F.,(8,8),(0.,1.),
  .PIECEWISE_BEZIER_KNOTS.);
#13235 = CARTESIAN_POINT('',(-7.661865234375,16.4609375,18.4));
#13236 = CARTESIAN_POINT('',(-7.522118345344,16.4609375,18.4));
#13237 = CARTESIAN_POINT('',(-7.388003075043,16.459003150394,18.4));
#13238 = CARTESIAN_POINT('',(-7.260148519096,16.454801322156,18.4));
#13239 = CARTESIAN_POINT('',(-7.140464136077,16.447843122029,18.4));
#13240 = CARTESIAN_POINT('',(-7.031999412301,16.437520150675,18.4));
#13241 = CARTESIAN_POINT('',(-6.939065724283,16.423072642731,18.4));
#13242 = CARTESIAN_POINT('',(-6.866455078125,16.40380859375,18.4));
#13243 = PCURVE('',#11717,#13244);
#13244 = DEFINITIONAL_REPRESENTATION('',(#13245),#13254);
#13245 = B_SPLINE_CURVE_WITH_KNOTS('',7,(#13246,#13247,#13248,#13249,
    #13250,#13251,#13252,#13253),.UNSPECIFIED.,.F.,.F.,(8,8),(0.,1.),
  .PIECEWISE_BEZIER_KNOTS.);
#13246 = CARTESIAN_POINT('',(1.,-0.6));
#13247 = CARTESIAN_POINT('',(0.879544769051,-0.6));
#13248 = CARTESIAN_POINT('',(0.753298542689,-0.6));
#13249 = CARTESIAN_POINT('',(0.619970283534,-0.6));
#13250 = CARTESIAN_POINT('',(0.478515359165,-0.6));
#13251 = CARTESIAN_POINT('',(0.328214116986,-0.6));
#13252 = CARTESIAN_POINT('',(0.168601591079,-0.6));
#13253 = CARTESIAN_POINT('',(0.,-0.6));
#13254 = ( GEOMETRIC_REPRESENTATION_CONTEXT(2) 
PARAMETRIC_REPRESENTATION_CONTEXT() REPRESENTATION_CONTEXT('2D SPACE',''
  ) );
#13255 = PCURVE('',#12854,#13256);
#13256 = DEFINITIONAL_REPRESENTATION('',(#13257),#13266);
#13257 = B_SPLINE_CURVE_WITH_KNOTS('',7,(#13258,#13259,#13260,#13261,
    #13262,#13263,#13264,#13265),.UNSPECIFIED.,.F.,.F.,(8,8),(0.,1.),
  .PIECEWISE_BEZIER_KNOTS.);
#13258 = CARTESIAN_POINT('',(-7.661865234375,16.4609375));
#13259 = CARTESIAN_POINT('',(-7.522118345344,16.4609375));
#13260 = CARTESIAN_POINT('',(-7.388003075043,16.459003150394));
#13261 = CARTESIAN_POINT('',(-7.260148519096,16.454801322156));
#13262 = CARTESIAN_POINT('',(-7.140464136077,16.447843122029));
#13263 = CARTESIAN_POINT('',(-7.031999412301,16.437520150675));
#13264 = CARTESIAN_POINT('',(-6.939065724283,16.423072642731));
#13265 = CARTESIAN_POINT('',(-6.866455078125,16.40380859375));
#13266 = ( GEOMETRIC_REPRESENTATION_CONTEXT(2) 
PARAMETRIC_REPRESENTATION_CONTEXT() REPRESENTATION_CONTEXT('2D SPACE',''
  ) );
#13267 = ORIENTED_EDGE('',*,*,#13268,.F.);
#13268 = EDGE_CURVE('',#11702,#13231,#13269,.T.);
#13269 = SURFACE_CURVE('',#13270,(#13274,#13281),.PCURVE_S1.);
#13270 = LINE('',#13271,#13272);
#13271 = CARTESIAN_POINT('',(-7.661865234375,16.4609375,17.8));
#13272 = VECTOR('',#13273,1.);
#13273 = DIRECTION('',(0.,0.,1.));
#13274 = PCURVE('',#11717,#13275);
#13275 = DEFINITIONAL_REPRESENTATION('',(#13276),#13280);
#13276 = LINE('',#13277,#13278);
#13277 = CARTESIAN_POINT('',(1.,0.));
#13278 = VECTOR('',#13279,1.);
#13279 = DIRECTION('',(0.,-1.));
#13280 = ( GEOMETRIC_REPRESENTATION_CONTEXT(2) 
PARAMETRIC_REPRESENTATION_CONTEXT() REPRESENTATION_CONTEXT('2D SPACE',''
  ) );
#13281 = PCURVE('',#11745,#13282);
#13282 = DEFINITIONAL_REPRESENTATION('',(#13283),#13287);
#13283 = LINE('',#13284,#13285);
#13284 = CARTESIAN_POINT('',(0.,-0.));
#13285 = VECTOR('',#13286,1.);
#13286 = DIRECTION('',(0.,-1.));
#13287 = ( GEOMETRIC_REPRESENTATION_CONTEXT(2) 
PARAMETRIC_REPRESENTATION_CONTEXT() REPRESENTATION_CONTEXT('2D SPACE',''
  ) );
#13288 = ADVANCED_FACE('',(#13289),#11745,.F.);
#13289 = FACE_BOUND('',#13290,.F.);
#13290 = EDGE_LOOP('',(#13291,#13292,#13293,#13312));
#13291 = ORIENTED_EDGE('',*,*,#11731,.F.);
#13292 = ORIENTED_EDGE('',*,*,#13268,.T.);
#13293 = ORIENTED_EDGE('',*,*,#13294,.F.);
#13294 = EDGE_CURVE('',#12817,#13231,#13295,.T.);
#13295 = SURFACE_CURVE('',#13296,(#13300,#13306),.PCURVE_S1.);
#13296 = LINE('',#13297,#13298);
#13297 = CARTESIAN_POINT('',(-3.830932617188,16.4609375,18.4));
#13298 = VECTOR('',#13299,1.);
#13299 = DIRECTION('',(1.,0.,-0.));
#13300 = PCURVE('',#11745,#13301);
#13301 = DEFINITIONAL_REPRESENTATION('',(#13302),#13305);
#13302 = B_SPLINE_CURVE_WITH_KNOTS('',1,(#13303,#13304),.UNSPECIFIED.,
  .F.,.F.,(2,2),(-5.478881835938,-3.830932617188),
  .PIECEWISE_BEZIER_KNOTS.);
#13303 = CARTESIAN_POINT('',(1.64794921875,-0.6));
#13304 = CARTESIAN_POINT('',(0.,-0.6));
#13305 = ( GEOMETRIC_REPRESENTATION_CONTEXT(2) 
PARAMETRIC_REPRESENTATION_CONTEXT() REPRESENTATION_CONTEXT('2D SPACE',''
  ) );
#13306 = PCURVE('',#12854,#13307);
#13307 = DEFINITIONAL_REPRESENTATION('',(#13308),#13311);
#13308 = B_SPLINE_CURVE_WITH_KNOTS('',1,(#13309,#13310),.UNSPECIFIED.,
  .F.,.F.,(2,2),(-5.478881835938,-3.830932617188),
  .PIECEWISE_BEZIER_KNOTS.);
#13309 = CARTESIAN_POINT('',(-9.309814453125,16.4609375));
#13310 = CARTESIAN_POINT('',(-7.661865234375,16.4609375));
#13311 = ( GEOMETRIC_REPRESENTATION_CONTEXT(2) 
PARAMETRIC_REPRESENTATION_CONTEXT() REPRESENTATION_CONTEXT('2D SPACE',''
  ) );
#13312 = ORIENTED_EDGE('',*,*,#12816,.F.);
#13313 = ADVANCED_FACE('',(#13314),#11787,.F.);
#13314 = FACE_BOUND('',#13315,.F.);
#13315 = EDGE_LOOP('',(#13316,#13339,#13340,#13341));
#13316 = ORIENTED_EDGE('',*,*,#13317,.T.);
#13317 = EDGE_CURVE('',#13318,#11771,#13320,.T.);
#13318 = VERTEX_POINT('',#13319);
#13319 = CARTESIAN_POINT('',(4.1,-1.004210375301E-15,3.6));
#13320 = SEAM_CURVE('',#13321,(#13325,#13332),.PCURVE_S1.);
#13321 = LINE('',#13322,#13323);
#13322 = CARTESIAN_POINT('',(4.1,-1.004210375301E-15,-1.));
#13323 = VECTOR('',#13324,1.);
#13324 = DIRECTION('',(0.,0.,1.));
#13325 = PCURVE('',#11787,#13326);
#13326 = DEFINITIONAL_REPRESENTATION('',(#13327),#13331);
#13327 = LINE('',#13328,#13329);
#13328 = CARTESIAN_POINT('',(6.28318530718,-0.));
#13329 = VECTOR('',#13330,1.);
#13330 = DIRECTION('',(0.,1.));
#13331 = ( GEOMETRIC_REPRESENTATION_CONTEXT(2) 
PARAMETRIC_REPRESENTATION_CONTEXT() REPRESENTATION_CONTEXT('2D SPACE',''
  ) );
#13332 = PCURVE('',#11787,#13333);
#13333 = DEFINITIONAL_REPRESENTATION('',(#13334),#13338);
#13334 = LINE('',#13335,#13336);
#13335 = CARTESIAN_POINT('',(0.,-0.));
#13336 = VECTOR('',#13337,1.);
#13337 = DIRECTION('',(0.,1.));
#13338 = ( GEOMETRIC_REPRESENTATION_CONTEXT(2) 
PARAMETRIC_REPRESENTATION_CONTEXT() REPRESENTATION_CONTEXT('2D SPACE',''
  ) );
#13339 = ORIENTED_EDGE('',*,*,#11770,.F.);
#13340 = ORIENTED_EDGE('',*,*,#13317,.F.);
#13341 = ORIENTED_EDGE('',*,*,#13342,.T.);
#13342 = EDGE_CURVE('',#13318,#13318,#13343,.T.);
#13343 = SURFACE_CURVE('',#13344,(#13349,#13356),.PCURVE_S1.);
#13344 = CIRCLE('',#13345,4.1);
#13345 = AXIS2_PLACEMENT_3D('',#13346,#13347,#13348);
#13346 = CARTESIAN_POINT('',(0.,0.,3.6));
#13347 = DIRECTION('',(0.,0.,1.));
#13348 = DIRECTION('',(1.,0.,-0.));
#13349 = PCURVE('',#11787,#13350);
#13350 = DEFINITIONAL_REPRESENTATION('',(#13351),#13355);
#13351 = LINE('',#13352,#13353);
#13352 = CARTESIAN_POINT('',(0.,4.6));
#13353 = VECTOR('',#13354,1.);
#13354 = DIRECTION('',(1.,0.));
#13355 = ( GEOMETRIC_REPRESENTATION_CONTEXT(2) 
PARAMETRIC_REPRESENTATION_CONTEXT() REPRESENTATION_CONTEXT('2D SPACE',''
  ) );
#13356 = PCURVE('',#12022,#13357);
#13357 = DEFINITIONAL_REPRESENTATION('',(#13358),#13362);
#13358 = CIRCLE('',#13359,4.1);
#13359 = AXIS2_PLACEMENT_2D('',#13360,#13361);
#13360 = CARTESIAN_POINT('',(0.,0.));
#13361 = DIRECTION('',(1.,0.));
#13362 = ( GEOMETRIC_REPRESENTATION_CONTEXT(2) 
PARAMETRIC_REPRESENTATION_CONTEXT() REPRESENTATION_CONTEXT('2D SPACE',''
  ) );
#13363 = ADVANCED_FACE('',(#13364),#11855,.F.);
#13364 = FACE_BOUND('',#13365,.F.);
#13365 = EDGE_LOOP('',(#13366,#13367,#13390,#13416));
#13366 = ORIENTED_EDGE('',*,*,#11837,.F.);
#13367 = ORIENTED_EDGE('',*,*,#13368,.T.);
#13368 = EDGE_CURVE('',#11838,#13369,#13371,.T.);
#13369 = VERTEX_POINT('',#13370);
#13370 = CARTESIAN_POINT('',(6.699462890625,15.31396484375,18.4));
#13371 = SURFACE_CURVE('',#13372,(#13376,#13383),.PCURVE_S1.);
#13372 = LINE('',#13373,#13374);
#13373 = CARTESIAN_POINT('',(6.699462890625,15.31396484375,17.8));
#13374 = VECTOR('',#13375,1.);
#13375 = DIRECTION('',(0.,0.,1.));
#13376 = PCURVE('',#11855,#13377);
#13377 = DEFINITIONAL_REPRESENTATION('',(#13378),#13382);
#13378 = LINE('',#13379,#13380);
#13379 = CARTESIAN_POINT('',(0.,0.));
#13380 = VECTOR('',#13381,1.);
#13381 = DIRECTION('',(0.,-1.));
#13382 = ( GEOMETRIC_REPRESENTATION_CONTEXT(2) 
PARAMETRIC_REPRESENTATION_CONTEXT() REPRESENTATION_CONTEXT('2D SPACE',''
  ) );
#13383 = PCURVE('',#11967,#13384);
#13384 = DEFINITIONAL_REPRESENTATION('',(#13385),#13389);
#13385 = LINE('',#13386,#13387);
#13386 = CARTESIAN_POINT('',(1.,0.));
#13387 = VECTOR('',#13388,1.);
#13388 = DIRECTION('',(0.,-1.));
#13389 = ( GEOMETRIC_REPRESENTATION_CONTEXT(2) 
PARAMETRIC_REPRESENTATION_CONTEXT() REPRESENTATION_CONTEXT('2D SPACE',''
  ) );
#13390 = ORIENTED_EDGE('',*,*,#13391,.F.);
#13391 = EDGE_CURVE('',#13392,#13369,#13394,.T.);
#13392 = VERTEX_POINT('',#13393);
#13393 = CARTESIAN_POINT('',(5.991943359375,13.42431640625,18.4));
#13394 = SURFACE_CURVE('',#13395,(#13399,#13405),.PCURVE_S1.);
#13395 = LINE('',#13396,#13397);
#13396 = CARTESIAN_POINT('',(3.773182862258,7.498434333205,18.4));
#13397 = VECTOR('',#13398,1.);
#13398 = DIRECTION('',(0.350646042374,0.936508063482,-0.));
#13399 = PCURVE('',#11855,#13400);
#13400 = DEFINITIONAL_REPRESENTATION('',(#13401),#13404);
#13401 = B_SPLINE_CURVE_WITH_KNOTS('',1,(#13402,#13403),.UNSPECIFIED.,
  .F.,.F.,(2,2),(6.327635931942,8.345395854343),
  .PIECEWISE_BEZIER_KNOTS.);
#13402 = CARTESIAN_POINT('',(2.017759922401,-0.6));
#13403 = CARTESIAN_POINT('',(0.,-0.6));
#13404 = ( GEOMETRIC_REPRESENTATION_CONTEXT(2) 
PARAMETRIC_REPRESENTATION_CONTEXT() REPRESENTATION_CONTEXT('2D SPACE',''
  ) );
#13405 = PCURVE('',#13406,#13411);
#13406 = PLANE('',#13407);
#13407 = AXIS2_PLACEMENT_3D('',#13408,#13409,#13410);
#13408 = CARTESIAN_POINT('',(0.,0.,18.4));
#13409 = DIRECTION('',(0.,0.,1.));
#13410 = DIRECTION('',(1.,0.,-0.));
#13411 = DEFINITIONAL_REPRESENTATION('',(#13412),#13415);
#13412 = B_SPLINE_CURVE_WITH_KNOTS('',1,(#13413,#13414),.UNSPECIFIED.,
  .F.,.F.,(2,2),(6.327635931942,8.345395854343),
  .PIECEWISE_BEZIER_KNOTS.);
#13413 = CARTESIAN_POINT('',(5.991943359375,13.42431640625));
#13414 = CARTESIAN_POINT('',(6.699462890625,15.31396484375));
#13415 = ( GEOMETRIC_REPRESENTATION_CONTEXT(2) 
PARAMETRIC_REPRESENTATION_CONTEXT() REPRESENTATION_CONTEXT('2D SPACE',''
  ) );
#13416 = ORIENTED_EDGE('',*,*,#13417,.F.);
#13417 = EDGE_CURVE('',#11840,#13392,#13418,.T.);
#13418 = SURFACE_CURVE('',#13419,(#13423,#13430),.PCURVE_S1.);
#13419 = LINE('',#13420,#13421);
#13420 = CARTESIAN_POINT('',(5.991943359375,13.42431640625,17.8));
#13421 = VECTOR('',#13422,1.);
#13422 = DIRECTION('',(0.,0.,1.));
#13423 = PCURVE('',#11855,#13424);
#13424 = DEFINITIONAL_REPRESENTATION('',(#13425),#13429);
#13425 = LINE('',#13426,#13427);
#13426 = CARTESIAN_POINT('',(2.017759922401,0.));
#13427 = VECTOR('',#13428,1.);
#13428 = DIRECTION('',(0.,-1.));
#13429 = ( GEOMETRIC_REPRESENTATION_CONTEXT(2) 
PARAMETRIC_REPRESENTATION_CONTEXT() REPRESENTATION_CONTEXT('2D SPACE',''
  ) );
#13430 = PCURVE('',#11883,#13431);
#13431 = DEFINITIONAL_REPRESENTATION('',(#13432),#13436);
#13432 = LINE('',#13433,#13434);
#13433 = CARTESIAN_POINT('',(0.,0.));
#13434 = VECTOR('',#13435,1.);
#13435 = DIRECTION('',(0.,-1.));
#13436 = ( GEOMETRIC_REPRESENTATION_CONTEXT(2) 
PARAMETRIC_REPRESENTATION_CONTEXT() REPRESENTATION_CONTEXT('2D SPACE',''
  ) );
#13437 = ADVANCED_FACE('',(#13438),#11883,.F.);
#13438 = FACE_BOUND('',#13439,.F.);
#13439 = EDGE_LOOP('',(#13440,#13441,#13442,#13463));
#13440 = ORIENTED_EDGE('',*,*,#11867,.F.);
#13441 = ORIENTED_EDGE('',*,*,#13417,.T.);
#13442 = ORIENTED_EDGE('',*,*,#13443,.F.);
#13443 = EDGE_CURVE('',#13444,#13392,#13446,.T.);
#13444 = VERTEX_POINT('',#13445);
#13445 = CARTESIAN_POINT('',(8.176025390625,13.42431640625,18.4));
#13446 = SURFACE_CURVE('',#13447,(#13451,#13457),.PCURVE_S1.);
#13447 = LINE('',#13448,#13449);
#13448 = CARTESIAN_POINT('',(2.995971679688,13.42431640625,18.4));
#13449 = VECTOR('',#13450,1.);
#13450 = DIRECTION('',(-1.,0.,0.));
#13451 = PCURVE('',#11883,#13452);
#13452 = DEFINITIONAL_REPRESENTATION('',(#13453),#13456);
#13453 = B_SPLINE_CURVE_WITH_KNOTS('',1,(#13454,#13455),.UNSPECIFIED.,
  .F.,.F.,(2,2),(-5.180053710938,-2.995971679688),
  .PIECEWISE_BEZIER_KNOTS.);
#13454 = CARTESIAN_POINT('',(2.18408203125,-0.6));
#13455 = CARTESIAN_POINT('',(0.,-0.6));
#13456 = ( GEOMETRIC_REPRESENTATION_CONTEXT(2) 
PARAMETRIC_REPRESENTATION_CONTEXT() REPRESENTATION_CONTEXT('2D SPACE',''
  ) );
#13457 = PCURVE('',#13406,#13458);
#13458 = DEFINITIONAL_REPRESENTATION('',(#13459),#13462);
#13459 = B_SPLINE_CURVE_WITH_KNOTS('',1,(#13460,#13461),.UNSPECIFIED.,
  .F.,.F.,(2,2),(-5.180053710938,-2.995971679688),
  .PIECEWISE_BEZIER_KNOTS.);
#13460 = CARTESIAN_POINT('',(8.176025390625,13.42431640625));
#13461 = CARTESIAN_POINT('',(5.991943359375,13.42431640625));
#13462 = ( GEOMETRIC_REPRESENTATION_CONTEXT(2) 
PARAMETRIC_REPRESENTATION_CONTEXT() REPRESENTATION_CONTEXT('2D SPACE',''
  ) );
#13463 = ORIENTED_EDGE('',*,*,#13464,.F.);
#13464 = EDGE_CURVE('',#11868,#13444,#13465,.T.);
#13465 = SURFACE_CURVE('',#13466,(#13470,#13477),.PCURVE_S1.);
#13466 = LINE('',#13467,#13468);
#13467 = CARTESIAN_POINT('',(8.176025390625,13.42431640625,17.8));
#13468 = VECTOR('',#13469,1.);
#13469 = DIRECTION('',(0.,0.,1.));
#13470 = PCURVE('',#11883,#13471);
#13471 = DEFINITIONAL_REPRESENTATION('',(#13472),#13476);
#13472 = LINE('',#13473,#13474);
#13473 = CARTESIAN_POINT('',(2.18408203125,0.));
#13474 = VECTOR('',#13475,1.);
#13475 = DIRECTION('',(0.,-1.));
#13476 = ( GEOMETRIC_REPRESENTATION_CONTEXT(2) 
PARAMETRIC_REPRESENTATION_CONTEXT() REPRESENTATION_CONTEXT('2D SPACE',''
  ) );
#13477 = PCURVE('',#11911,#13478);
#13478 = DEFINITIONAL_REPRESENTATION('',(#13479),#13483);
#13479 = LINE('',#13480,#13481);
#13480 = CARTESIAN_POINT('',(0.,0.));
#13481 = VECTOR('',#13482,1.);
#13482 = DIRECTION('',(0.,-1.));
#13483 = ( GEOMETRIC_REPRESENTATION_CONTEXT(2) 
PARAMETRIC_REPRESENTATION_CONTEXT() REPRESENTATION_CONTEXT('2D SPACE',''
  ) );
#13484 = ADVANCED_FACE('',(#13485),#11911,.F.);
#13485 = FACE_BOUND('',#13486,.F.);
#13486 = EDGE_LOOP('',(#13487,#13488,#13489,#13510));
#13487 = ORIENTED_EDGE('',*,*,#11895,.F.);
#13488 = ORIENTED_EDGE('',*,*,#13464,.T.);
#13489 = ORIENTED_EDGE('',*,*,#13490,.F.);
#13490 = EDGE_CURVE('',#13491,#13444,#13493,.T.);
#13491 = VERTEX_POINT('',#13492);
#13492 = CARTESIAN_POINT('',(7.503662109375,15.20849609375,18.4));
#13493 = SURFACE_CURVE('',#13494,(#13498,#13504),.PCURVE_S1.);
#13494 = LINE('',#13495,#13496);
#13495 = CARTESIAN_POINT('',(9.882575652662,8.895823554047,18.4));
#13496 = VECTOR('',#13497,1.);
#13497 = DIRECTION('',(0.352638484148,-0.935759637673,0.));
#13498 = PCURVE('',#11911,#13499);
#13499 = DEFINITIONAL_REPRESENTATION('',(#13500),#13503);
#13500 = B_SPLINE_CURVE_WITH_KNOTS('',1,(#13501,#13502),.UNSPECIFIED.,
  .F.,.F.,(2,2),(-6.746040634324,-4.839376128109),
  .PIECEWISE_BEZIER_KNOTS.);
#13501 = CARTESIAN_POINT('',(1.906664506215,-0.6));
#13502 = CARTESIAN_POINT('',(0.,-0.6));
#13503 = ( GEOMETRIC_REPRESENTATION_CONTEXT(2) 
PARAMETRIC_REPRESENTATION_CONTEXT() REPRESENTATION_CONTEXT('2D SPACE',''
  ) );
#13504 = PCURVE('',#13406,#13505);
#13505 = DEFINITIONAL_REPRESENTATION('',(#13506),#13509);
#13506 = B_SPLINE_CURVE_WITH_KNOTS('',1,(#13507,#13508),.UNSPECIFIED.,
  .F.,.F.,(2,2),(-6.746040634324,-4.839376128109),
  .PIECEWISE_BEZIER_KNOTS.);
#13507 = CARTESIAN_POINT('',(7.503662109375,15.20849609375));
#13508 = CARTESIAN_POINT('',(8.176025390625,13.42431640625));
#13509 = ( GEOMETRIC_REPRESENTATION_CONTEXT(2) 
PARAMETRIC_REPRESENTATION_CONTEXT() REPRESENTATION_CONTEXT('2D SPACE',''
  ) );
#13510 = ORIENTED_EDGE('',*,*,#13511,.F.);
#13511 = EDGE_CURVE('',#11896,#13491,#13512,.T.);
#13512 = SURFACE_CURVE('',#13513,(#13517,#13524),.PCURVE_S1.);
#13513 = LINE('',#13514,#13515);
#13514 = CARTESIAN_POINT('',(7.503662109375,15.20849609375,17.8));
#13515 = VECTOR('',#13516,1.);
#13516 = DIRECTION('',(0.,0.,1.));
#13517 = PCURVE('',#11911,#13518);
#13518 = DEFINITIONAL_REPRESENTATION('',(#13519),#13523);
#13519 = LINE('',#13520,#13521);
#13520 = CARTESIAN_POINT('',(1.906664506215,0.));
#13521 = VECTOR('',#13522,1.);
#13522 = DIRECTION('',(0.,-1.));
#13523 = ( GEOMETRIC_REPRESENTATION_CONTEXT(2) 
PARAMETRIC_REPRESENTATION_CONTEXT() REPRESENTATION_CONTEXT('2D SPACE',''
  ) );
#13524 = PCURVE('',#11939,#13525);
#13525 = DEFINITIONAL_REPRESENTATION('',(#13526),#13530);
#13526 = LINE('',#13527,#13528);
#13527 = CARTESIAN_POINT('',(0.,0.));
#13528 = VECTOR('',#13529,1.);
#13529 = DIRECTION('',(0.,-1.));
#13530 = ( GEOMETRIC_REPRESENTATION_CONTEXT(2) 
PARAMETRIC_REPRESENTATION_CONTEXT() REPRESENTATION_CONTEXT('2D SPACE',''
  ) );
#13531 = ADVANCED_FACE('',(#13532),#11939,.F.);
#13532 = FACE_BOUND('',#13533,.F.);
#13533 = EDGE_LOOP('',(#13534,#13535,#13536,#13574));
#13534 = ORIENTED_EDGE('',*,*,#11923,.F.);
#13535 = ORIENTED_EDGE('',*,*,#13511,.T.);
#13536 = ORIENTED_EDGE('',*,*,#13537,.F.);
#13537 = EDGE_CURVE('',#13538,#13491,#13540,.T.);
#13538 = VERTEX_POINT('',#13539);
#13539 = CARTESIAN_POINT('',(7.046630859375,16.54443359375,18.4));
#13540 = SURFACE_CURVE('',#13541,(#13550,#13562),.PCURVE_S1.);
#13541 = B_SPLINE_CURVE_WITH_KNOTS('',7,(#13542,#13543,#13544,#13545,
    #13546,#13547,#13548,#13549),.UNSPECIFIED.,.F.,.F.,(8,8),(0.,1.),
  .PIECEWISE_BEZIER_KNOTS.);
#13542 = CARTESIAN_POINT('',(7.046630859375,16.54443359375,18.4));
#13543 = CARTESIAN_POINT('',(7.096737804692,16.369059285141,18.4));
#13544 = CARTESIAN_POINT('',(7.15403483591,16.185816258522,18.4));
#13545 = CARTESIAN_POINT('',(7.216739728278,15.996990752329,18.4));
#13546 = CARTESIAN_POINT('',(7.283750594841,15.804034390972,18.4));
#13547 = CARTESIAN_POINT('',(7.354233323989,15.607976181017,18.4));
#13548 = CARTESIAN_POINT('',(7.427646994648,15.409393182672,18.4));
#13549 = CARTESIAN_POINT('',(7.503662109375,15.20849609375,18.4));
#13550 = PCURVE('',#11939,#13551);
#13551 = DEFINITIONAL_REPRESENTATION('',(#13552),#13561);
#13552 = B_SPLINE_CURVE_WITH_KNOTS('',7,(#13553,#13554,#13555,#13556,
    #13557,#13558,#13559,#13560),.UNSPECIFIED.,.F.,.F.,(8,8),(0.,1.),
  .PIECEWISE_BEZIER_KNOTS.);
#13553 = CARTESIAN_POINT('',(1.,-0.6));
#13554 = CARTESIAN_POINT('',(0.832321856195,-0.6));
#13555 = CARTESIAN_POINT('',(0.675311596093,-0.6));
#13556 = CARTESIAN_POINT('',(0.526999177005,-0.6));
#13557 = CARTESIAN_POINT('',(0.386243136737,-0.6));
#13558 = CARTESIAN_POINT('',(0.252039156074,-0.6));
#13559 = CARTESIAN_POINT('',(0.12355472616,-0.6));
#13560 = CARTESIAN_POINT('',(0.,-0.6));
#13561 = ( GEOMETRIC_REPRESENTATION_CONTEXT(2) 
PARAMETRIC_REPRESENTATION_CONTEXT() REPRESENTATION_CONTEXT('2D SPACE',''
  ) );
#13562 = PCURVE('',#13406,#13563);
#13563 = DEFINITIONAL_REPRESENTATION('',(#13564),#13573);
#13564 = B_SPLINE_CURVE_WITH_KNOTS('',7,(#13565,#13566,#13567,#13568,
    #13569,#13570,#13571,#13572),.UNSPECIFIED.,.F.,.F.,(8,8),(0.,1.),
  .PIECEWISE_BEZIER_KNOTS.);
#13565 = CARTESIAN_POINT('',(7.046630859375,16.54443359375));
#13566 = CARTESIAN_POINT('',(7.096737804692,16.369059285141));
#13567 = CARTESIAN_POINT('',(7.15403483591,16.185816258522));
#13568 = CARTESIAN_POINT('',(7.216739728278,15.996990752329));
#13569 = CARTESIAN_POINT('',(7.283750594841,15.804034390972));
#13570 = CARTESIAN_POINT('',(7.354233323989,15.607976181017));
#13571 = CARTESIAN_POINT('',(7.427646994648,15.409393182672));
#13572 = CARTESIAN_POINT('',(7.503662109375,15.20849609375));
#13573 = ( GEOMETRIC_REPRESENTATION_CONTEXT(2) 
PARAMETRIC_REPRESENTATION_CONTEXT() REPRESENTATION_CONTEXT('2D SPACE',''
  ) );
#13574 = ORIENTED_EDGE('',*,*,#13575,.F.);
#13575 = EDGE_CURVE('',#11924,#13538,#13576,.T.);
#13576 = SURFACE_CURVE('',#13577,(#13581,#13588),.PCURVE_S1.);
#13577 = LINE('',#13578,#13579);
#13578 = CARTESIAN_POINT('',(7.046630859375,16.54443359375,17.8));
#13579 = VECTOR('',#13580,1.);
#13580 = DIRECTION('',(0.,0.,1.));
#13581 = PCURVE('',#11939,#13582);
#13582 = DEFINITIONAL_REPRESENTATION('',(#13583),#13587);
#13583 = LINE('',#13584,#13585);
#13584 = CARTESIAN_POINT('',(1.,0.));
#13585 = VECTOR('',#13586,1.);
#13586 = DIRECTION('',(0.,-1.));
#13587 = ( GEOMETRIC_REPRESENTATION_CONTEXT(2) 
PARAMETRIC_REPRESENTATION_CONTEXT() REPRESENTATION_CONTEXT('2D SPACE',''
  ) );
#13588 = PCURVE('',#11967,#13589);
#13589 = DEFINITIONAL_REPRESENTATION('',(#13590),#13594);
#13590 = LINE('',#13591,#13592);
#13591 = CARTESIAN_POINT('',(0.,0.));
#13592 = VECTOR('',#13593,1.);
#13593 = DIRECTION('',(0.,-1.));
#13594 = ( GEOMETRIC_REPRESENTATION_CONTEXT(2) 
PARAMETRIC_REPRESENTATION_CONTEXT() REPRESENTATION_CONTEXT('2D SPACE',''
  ) );
#13595 = ADVANCED_FACE('',(#13596),#11967,.F.);
#13596 = FACE_BOUND('',#13597,.F.);
#13597 = EDGE_LOOP('',(#13598,#13599,#13600,#13630));
#13598 = ORIENTED_EDGE('',*,*,#11953,.F.);
#13599 = ORIENTED_EDGE('',*,*,#13575,.T.);
#13600 = ORIENTED_EDGE('',*,*,#13601,.F.);
#13601 = EDGE_CURVE('',#13369,#13538,#13602,.T.);
#13602 = SURFACE_CURVE('',#13603,(#13610,#13620),.PCURVE_S1.);
#13603 = B_SPLINE_CURVE_WITH_KNOTS('',5,(#13604,#13605,#13606,#13607,
    #13608,#13609),.UNSPECIFIED.,.F.,.F.,(6,6),(0.,1.),
  .PIECEWISE_BEZIER_KNOTS.);
#13604 = CARTESIAN_POINT('',(6.699462890625,15.31396484375,18.4));
#13605 = CARTESIAN_POINT('',(6.788182909014,15.555770384066,18.4));
#13606 = CARTESIAN_POINT('',(6.867567962868,15.799974442964,18.4));
#13607 = CARTESIAN_POINT('',(6.937272671698,16.046343736384,18.4));
#13608 = CARTESIAN_POINT('',(6.997019323551,16.294604074067,18.4));
#13609 = CARTESIAN_POINT('',(7.046630859375,16.54443359375,18.4));
#13610 = PCURVE('',#11967,#13611);
#13611 = DEFINITIONAL_REPRESENTATION('',(#13612),#13619);
#13612 = B_SPLINE_CURVE_WITH_KNOTS('',5,(#13613,#13614,#13615,#13616,
    #13617,#13618),.UNSPECIFIED.,.F.,.F.,(6,6),(0.,1.),
  .PIECEWISE_BEZIER_KNOTS.);
#13613 = CARTESIAN_POINT('',(1.,-0.6));
#13614 = CARTESIAN_POINT('',(0.802071244378,-0.6));
#13615 = CARTESIAN_POINT('',(0.602883794125,-0.6));
#13616 = CARTESIAN_POINT('',(0.402646522146,-0.6));
#13617 = CARTESIAN_POINT('',(0.201596082077,-0.6));
#13618 = CARTESIAN_POINT('',(0.,-0.6));
#13619 = ( GEOMETRIC_REPRESENTATION_CONTEXT(2) 
PARAMETRIC_REPRESENTATION_CONTEXT() REPRESENTATION_CONTEXT('2D SPACE',''
  ) );
#13620 = PCURVE('',#13406,#13621);
#13621 = DEFINITIONAL_REPRESENTATION('',(#13622),#13629);
#13622 = B_SPLINE_CURVE_WITH_KNOTS('',5,(#13623,#13624,#13625,#13626,
    #13627,#13628),.UNSPECIFIED.,.F.,.F.,(6,6),(0.,1.),
  .PIECEWISE_BEZIER_KNOTS.);
#13623 = CARTESIAN_POINT('',(6.699462890625,15.31396484375));
#13624 = CARTESIAN_POINT('',(6.788182909014,15.555770384066));
#13625 = CARTESIAN_POINT('',(6.867567962868,15.799974442964));
#13626 = CARTESIAN_POINT('',(6.937272671698,16.046343736384));
#13627 = CARTESIAN_POINT('',(6.997019323551,16.294604074067));
#13628 = CARTESIAN_POINT('',(7.046630859375,16.54443359375));
#13629 = ( GEOMETRIC_REPRESENTATION_CONTEXT(2) 
PARAMETRIC_REPRESENTATION_CONTEXT() REPRESENTATION_CONTEXT('2D SPACE',''
  ) );
#13630 = ORIENTED_EDGE('',*,*,#13368,.F.);
#13631 = ADVANCED_FACE('',(#13632,#13635),#12022,.F.);
#13632 = FACE_BOUND('',#13633,.F.);
#13633 = EDGE_LOOP('',(#13634));
#13634 = ORIENTED_EDGE('',*,*,#12007,.T.);
#13635 = FACE_BOUND('',#13636,.F.);
#13636 = EDGE_LOOP('',(#13637));
#13637 = ORIENTED_EDGE('',*,*,#13342,.F.);
#13638 = ADVANCED_FACE('',(#13639),#12117,.T.);
#13639 = FACE_BOUND('',#13640,.T.);
#13640 = EDGE_LOOP('',(#13641,#13642,#13643,#13644,#13645,#13646,#13647,
    #13648,#13649));
#13641 = ORIENTED_EDGE('',*,*,#12063,.F.);
#13642 = ORIENTED_EDGE('',*,*,#12174,.F.);
#13643 = ORIENTED_EDGE('',*,*,#12268,.F.);
#13644 = ORIENTED_EDGE('',*,*,#12350,.F.);
#13645 = ORIENTED_EDGE('',*,*,#12441,.F.);
#13646 = ORIENTED_EDGE('',*,*,#12511,.F.);
#13647 = ORIENTED_EDGE('',*,*,#12581,.F.);
#13648 = ORIENTED_EDGE('',*,*,#12651,.F.);
#13649 = ORIENTED_EDGE('',*,*,#12745,.F.);
#13650 = ADVANCED_FACE('',(#13651),#12854,.T.);
#13651 = FACE_BOUND('',#13652,.T.);
#13652 = EDGE_LOOP('',(#13653,#13654,#13655,#13656,#13657,#13658,#13659,
    #13660));
#13653 = ORIENTED_EDGE('',*,*,#12839,.F.);
#13654 = ORIENTED_EDGE('',*,*,#12891,.F.);
#13655 = ORIENTED_EDGE('',*,*,#12938,.F.);
#13656 = ORIENTED_EDGE('',*,*,#13014,.F.);
#13657 = ORIENTED_EDGE('',*,*,#13090,.F.);
#13658 = ORIENTED_EDGE('',*,*,#13160,.F.);
#13659 = ORIENTED_EDGE('',*,*,#13230,.F.);
#13660 = ORIENTED_EDGE('',*,*,#13294,.F.);
#13661 = ADVANCED_FACE('',(#13662),#13406,.T.);
#13662 = FACE_BOUND('',#13663,.T.);
#13663 = EDGE_LOOP('',(#13664,#13665,#13666,#13667,#13668));
#13664 = ORIENTED_EDGE('',*,*,#13391,.F.);
#13665 = ORIENTED_EDGE('',*,*,#13443,.F.);
#13666 = ORIENTED_EDGE('',*,*,#13490,.F.);
#13667 = ORIENTED_EDGE('',*,*,#13537,.F.);
#13668 = ORIENTED_EDGE('',*,*,#13601,.F.);
#13669 = ( GEOMETRIC_REPRESENTATION_CONTEXT(3) 
GLOBAL_UNCERTAINTY_ASSIGNED_CONTEXT((#13673)) 
GLOBAL_UNIT_ASSIGNED_CONTEXT((#13670,#13671,#13672)) 
REPRESENTATION_CONTEXT('Context #1',
  '3D Context with UNIT and UNCERTAINTY') );
#13670 = ( LENGTH_UNIT() NAMED_UNIT(*) SI_UNIT(.MILLI.,.METRE.) );
#13671 = ( NAMED_UNIT(*) PLANE_ANGLE_UNIT() SI_UNIT($,.RADIAN.) );
#13672 = ( NAMED_UNIT(*) SI_UNIT($,.STERADIAN.) SOLID_ANGLE_UNIT() );
#13673 = UNCERTAINTY_MEASURE_WITH_UNIT(LENGTH_MEASURE(2.E-06),#13670,
  'distance_accuracy_value','confusion accuracy');
#13674 = PRODUCT_RELATED_PRODUCT_CATEGORY('part',$,(#7));
ENDSEC;
END-ISO-10303-21;
